target,seed,selector,evaluator,design,w,cluster
1IC7_HLY,1,afll,BA-DDG,c0,-0.162,0
1IC7_HLY,1,afll,H3,c0,-0.3944,0
1IC7_HLY,1,afll,Pythia,c0,-1.4707915782928467,0
1IC7_HLY,1,afll,FoldX,c0,0.13570999999999955,0
1IC7_HLY,1,afll,MM-GBSA,c0,14.862216190070285,0
1IC7_HLY,2,afll,BA-DDG,c0,-0.162,0
1IC7_HLY,2,afll,H3,c0,-0.3944,0
1IC7_HLY,2,afll,Pythia,c0,-1.4707915782928467,0
1IC7_HLY,2,afll,FoldX,c0,0.13570999999999955,0
1IC7_HLY,2,afll,MM-GBSA,c0,14.862216190070285,0
1IC7_HLY,3,afll,BA-DDG,c0,-0.162,0
1IC7_HLY,3,afll,H3,c0,-0.3944,0
1IC7_HLY,3,afll,Pythia,c0,-1.4707915782928467,0
1IC7_HLY,3,afll,FoldX,c0,0.13570999999999955,0
1IC7_HLY,3,afll,MM-GBSA,c0,14.862216190070285,0
1IC7_HLY,4,afll,BA-DDG,c0,-0.162,0
1IC7_HLY,4,afll,H3,c0,-0.3944,0
1IC7_HLY,4,afll,Pythia,c0,-1.4707915782928467,0
1IC7_HLY,4,afll,FoldX,c0,0.13570999999999955,0
1IC7_HLY,4,afll,MM-GBSA,c0,14.862216190070285,0
1IC7_HLY,5,afll,BA-DDG,c0,-0.162,0
1IC7_HLY,5,afll,H3,c0,-0.3944,0
1IC7_HLY,5,afll,Pythia,c0,-1.4707915782928467,0
1IC7_HLY,5,afll,FoldX,c0,0.13570999999999955,0
1IC7_HLY,5,afll,MM-GBSA,c0,14.862216190070285,0
1IC7_HLY,1,random,BA-DDG,c1,-0.765,0
1IC7_HLY,1,random,H3,c1,-1.342,0
1IC7_HLY,1,random,Pythia,c1,-1.9057967513799667,0
1IC7_HLY,1,random,FoldX,c1,-2.008350000000002,0
1IC7_HLY,1,random,MM-GBSA,c1,7.669207609833393,0
1IC7_HLY,2,random,BA-DDG,c2,0.702,0
1IC7_HLY,2,random,H3,c2,-0.0121,0
1IC7_HLY,2,random,Pythia,c2,-2.1099391728639603,0
1IC7_HLY,2,random,FoldX,c2,2.8119200000000024,0
1IC7_HLY,2,random,MM-GBSA,c2,10.553760448165121,0
1IC7_HLY,3,random,BA-DDG,c3,0.539,0
1IC7_HLY,3,random,H3,c3,0.2171,0
1IC7_HLY,3,random,Pythia,c3,-1.541336178779602,0
1IC7_HLY,3,random,FoldX,c3,0.7245000000000008,0
1IC7_HLY,3,random,MM-GBSA,c3,12.991006959302467,0
1IC7_HLY,4,random,BA-DDG,c4,-0.855,0
1IC7_HLY,4,random,H3,c4,-1.3832,0
1IC7_HLY,4,random,Pythia,c4,-2.3653361052274704,0
1IC7_HLY,4,random,FoldX,c4,0.003960000000001074,0
1IC7_HLY,4,random,MM-GBSA,c4,7.227175915922999,0
1IC7_HLY,5,random,BA-DDG,c5,-0.813,0
1IC7_HLY,5,random,H3,c5,-1.2094,0
1IC7_HLY,5,random,Pythia,c5,-2.1516780704259872,0
1IC7_HLY,5,random,FoldX,c5,-0.45504999999999995,0
1IC7_HLY,5,random,MM-GBSA,c5,8.331086686128401,0
1IC7_HLY,1,wt,BA-DDG,c6,-1.024,0
1IC7_HLY,1,wt,H3,c6,-1.4701,0
1IC7_HLY,1,wt,Pythia,c6,-2.273783430457115,0
1IC7_HLY,1,wt,FoldX,c6,-0.5455799999999975,0
1IC7_HLY,1,wt,MM-GBSA,c6,8.689140270113967,0
1IC7_HLY,2,wt,BA-DDG,c7,-1.008,0
1IC7_HLY,2,wt,H3,c7,-1.4922,0
1IC7_HLY,2,wt,Pythia,c7,-0.6674020141363144,0
1IC7_HLY,2,wt,FoldX,c7,-0.22548999999999886,0
1IC7_HLY,2,wt,MM-GBSA,c7,5.233294260913681,0
1IC7_HLY,3,wt,BA-DDG,c8,-1.358,0
1IC7_HLY,3,wt,H3,c8,-1.4017,0
1IC7_HLY,3,wt,Pythia,c8,-0.6674020141363144,0
1IC7_HLY,3,wt,FoldX,c8,-1.5710200000000007,0
1IC7_HLY,3,wt,MM-GBSA,c8,2.3884411118842763,0
1IC7_HLY,4,wt,BA-DDG,c9,-0.98,0
1IC7_HLY,4,wt,H3,c9,-1.4441,0
1IC7_HLY,4,wt,Pythia,c9,-1.9057967513799667,0
1IC7_HLY,4,wt,FoldX,c9,-1.989700000000001,0
1IC7_HLY,4,wt,MM-GBSA,c9,8.541588346687604,0
1IC7_HLY,5,wt,BA-DDG,c10,-0.953,0
1IC7_HLY,5,wt,H3,c10,-1.4953,0
1IC7_HLY,5,wt,Pythia,c10,-1.9057967513799667,0
1IC7_HLY,5,wt,FoldX,c10,-1.9714500000000008,0
1IC7_HLY,5,wt,MM-GBSA,c10,7.2431158664039685,0
1IC7_HLY,1,mean,BA-DDG,c7,-1.008,0
1IC7_HLY,1,mean,H3,c7,-1.4922,0
1IC7_HLY,1,mean,Pythia,c7,-0.6674020141363144,0
1IC7_HLY,1,mean,FoldX,c7,-0.22548999999999886,0
1IC7_HLY,1,mean,MM-GBSA,c7,5.233294260913681,0
1IC7_HLY,2,mean,BA-DDG,c11,-1.146,0
1IC7_HLY,2,mean,H3,c11,-1.5198,0
1IC7_HLY,2,mean,Pythia,c11,-1.9057967513799667,0
1IC7_HLY,2,mean,FoldX,c11,-0.5409500000000005,0
1IC7_HLY,2,mean,MM-GBSA,c11,7.2982729789346195,0
1IC7_HLY,3,mean,BA-DDG,c8,-1.358,0
1IC7_HLY,3,mean,H3,c8,-1.4017,0
1IC7_HLY,3,mean,Pythia,c8,-0.6674020141363144,0
1IC7_HLY,3,mean,FoldX,c8,-1.5710200000000007,0
1IC7_HLY,3,mean,MM-GBSA,c8,2.3884411118842763,0
1IC7_HLY,4,mean,BA-DDG,c12,-1.618,0
1IC7_HLY,4,mean,H3,c12,-1.5117,0
1IC7_HLY,4,mean,Pythia,c12,-1.997349426150322,0
1IC7_HLY,4,mean,FoldX,c12,-0.5121899999999986,0
1IC7_HLY,4,mean,MM-GBSA,c12,8.12007797381466,0
1IC7_HLY,5,mean,BA-DDG,c13,-1.592,0
1IC7_HLY,5,mean,H3,c13,-1.6136,0
1IC7_HLY,5,mean,Pythia,c13,-0.6674020141363144,0
1IC7_HLY,5,mean,FoldX,c13,-1.39724,0
1IC7_HLY,5,mean,MM-GBSA,c13,4.539664001921665,0
1IC7_HLY,1,cvar50,BA-DDG,c7,-1.008,0
1IC7_HLY,1,cvar50,H3,c7,-1.4922,0
1IC7_HLY,1,cvar50,Pythia,c7,-0.6674020141363144,0
1IC7_HLY,1,cvar50,FoldX,c7,-0.22548999999999886,0
1IC7_HLY,1,cvar50,MM-GBSA,c7,5.233294260913681,0
1IC7_HLY,2,cvar50,BA-DDG,c14,-1.361,0
1IC7_HLY,2,cvar50,H3,c14,-1.5193,0
1IC7_HLY,2,cvar50,Pythia,c14,-1.0401441901922226,0
1IC7_HLY,2,cvar50,FoldX,c14,-0.2198499999999992,0
1IC7_HLY,2,cvar50,MM-GBSA,c14,9.471899156143081,0
1IC7_HLY,3,cvar50,BA-DDG,c15,-1.01,0
1IC7_HLY,3,cvar50,H3,c15,-1.4888,0
1IC7_HLY,3,cvar50,Pythia,c15,-1.9057967513799667,0
1IC7_HLY,3,cvar50,FoldX,c15,-0.9868800000000011,0
1IC7_HLY,3,cvar50,MM-GBSA,c15,7.786786517483961,0
1IC7_HLY,4,cvar50,BA-DDG,c12,-1.618,0
1IC7_HLY,4,cvar50,H3,c12,-1.5117,0
1IC7_HLY,4,cvar50,Pythia,c12,-1.997349426150322,0
1IC7_HLY,4,cvar50,FoldX,c12,-0.5121899999999986,0
1IC7_HLY,4,cvar50,MM-GBSA,c12,8.12007797381466,0
1IC7_HLY,5,cvar50,BA-DDG,c13,-1.592,0
1IC7_HLY,5,cvar50,H3,c13,-1.6136,0
1IC7_HLY,5,cvar50,Pythia,c13,-0.6674020141363144,0
1IC7_HLY,5,cvar50,FoldX,c13,-1.39724,0
1IC7_HLY,5,cvar50,MM-GBSA,c13,4.539664001921665,0
1IC7_HLY,1,cvar20,BA-DDG,c7,-1.008,0
1IC7_HLY,1,cvar20,H3,c7,-1.4922,0
1IC7_HLY,1,cvar20,Pythia,c7,-0.6674020141363144,0
1IC7_HLY,1,cvar20,FoldX,c7,-0.22548999999999886,0
1IC7_HLY,1,cvar20,MM-GBSA,c7,5.233294260913681,0
1IC7_HLY,2,cvar20,BA-DDG,c16,-1.169,0
1IC7_HLY,2,cvar20,H3,c16,-1.3031,0
1IC7_HLY,2,cvar20,Pythia,c16,-0.6674020141363144,0
1IC7_HLY,2,cvar20,FoldX,c16,0.36429000000000045,0
1IC7_HLY,2,cvar20,MM-GBSA,c16,5.994735585812123,0
1IC7_HLY,3,cvar20,BA-DDG,c15,-1.01,0
1IC7_HLY,3,cvar20,H3,c15,-1.4888,0
1IC7_HLY,3,cvar20,Pythia,c15,-1.9057967513799667,0
1IC7_HLY,3,cvar20,FoldX,c15,-0.9868800000000011,0
1IC7_HLY,3,cvar20,MM-GBSA,c15,7.786786517483961,0
1IC7_HLY,4,cvar20,BA-DDG,c12,-1.618,0
1IC7_HLY,4,cvar20,H3,c12,-1.5117,0
1IC7_HLY,4,cvar20,Pythia,c12,-1.997349426150322,0
1IC7_HLY,4,cvar20,FoldX,c12,-0.5121899999999986,0
1IC7_HLY,4,cvar20,MM-GBSA,c12,8.12007797381466,0
1IC7_HLY,5,cvar20,BA-DDG,c17,-1.11,0
1IC7_HLY,5,cvar20,H3,c17,-0.9357,0
1IC7_HLY,5,cvar20,Pythia,c17,-0.004524722695350647,0
1IC7_HLY,5,cvar20,FoldX,c17,-1.3428799999999992,0
1IC7_HLY,5,cvar20,MM-GBSA,c17,7.1676773413501,0
1IC7_HLY,1,max,BA-DDG,c18,-1.187,0
1IC7_HLY,1,max,H3,c18,-0.9687,0
1IC7_HLY,1,max,Pythia,c18,-0.004524722695350647,0
1IC7_HLY,1,max,FoldX,c18,-1.2576199999999993,0
1IC7_HLY,1,max,MM-GBSA,c18,3.754754387907269,0
1IC7_HLY,2,max,BA-DDG,c16,-1.169,0
1IC7_HLY,2,max,H3,c16,-1.3031,0
1IC7_HLY,2,max,Pythia,c16,-0.6674020141363144,0
1IC7_HLY,2,max,FoldX,c16,0.36429000000000045,0
1IC7_HLY,2,max,MM-GBSA,c16,5.994735585812123,0
1IC7_HLY,3,max,BA-DDG,c15,-1.01,0
1IC7_HLY,3,max,H3,c15,-1.4888,0
1IC7_HLY,3,max,Pythia,c15,-1.9057967513799667,0
1IC7_HLY,3,max,FoldX,c15,-0.9868800000000011,0
1IC7_HLY,3,max,MM-GBSA,c15,7.786786517483961,0
1IC7_HLY,4,max,BA-DDG,c12,-1.618,0
1IC7_HLY,4,max,H3,c12,-1.5117,0
1IC7_HLY,4,max,Pythia,c12,-1.997349426150322,0
1IC7_HLY,4,max,FoldX,c12,-0.5121899999999986,0
1IC7_HLY,4,max,MM-GBSA,c12,8.12007797381466,0
1IC7_HLY,5,max,BA-DDG,c19,-0.818,0
1IC7_HLY,5,max,H3,c19,-1.0904,0
1IC7_HLY,5,max,Pythia,c19,-1.997349426150322,0
1IC7_HLY,5,max,FoldX,c19,-1.6714199999999977,0
1IC7_HLY,5,max,MM-GBSA,c19,9.21239941096701,0
1KB5_HLB,1,afll,BA-DDG,c0,0.501,1
1KB5_HLB,1,afll,H3,c0,-0.3227,1
1KB5_HLB,1,afll,Pythia,c0,-0.37727048993110657,1
1KB5_HLB,1,afll,FoldX,c0,0.18693700000000035,1
1KB5_HLB,1,afll,MM-GBSA,c0,23.2753106424434,1
1KB5_HLB,2,afll,BA-DDG,c0,0.501,1
1KB5_HLB,2,afll,H3,c0,-0.3227,1
1KB5_HLB,2,afll,Pythia,c0,-0.37727048993110657,1
1KB5_HLB,2,afll,FoldX,c0,0.18693700000000035,1
1KB5_HLB,2,afll,MM-GBSA,c0,23.2753106424434,1
1KB5_HLB,3,afll,BA-DDG,c0,0.501,1
1KB5_HLB,3,afll,H3,c0,-0.3227,1
1KB5_HLB,3,afll,Pythia,c0,-0.37727048993110657,1
1KB5_HLB,3,afll,FoldX,c0,0.18693700000000035,1
1KB5_HLB,3,afll,MM-GBSA,c0,23.2753106424434,1
1KB5_HLB,4,afll,BA-DDG,c1,1.268,1
1KB5_HLB,4,afll,H3,c1,-0.1032,1
1KB5_HLB,4,afll,Pythia,c1,-0.37727048993110657,1
1KB5_HLB,4,afll,FoldX,c1,0.14578800000000047,1
1KB5_HLB,4,afll,MM-GBSA,c1,18.119972927658637,1
1KB5_HLB,5,afll,BA-DDG,c2,0.822,1
1KB5_HLB,5,afll,H3,c2,-0.1433,1
1KB5_HLB,5,afll,Pythia,c2,-0.37727048993110657,1
1KB5_HLB,5,afll,FoldX,c2,-0.16572099999999956,1
1KB5_HLB,5,afll,MM-GBSA,c2,16.61502221126284,1
1KB5_HLB,1,random,BA-DDG,c3,0.672,1
1KB5_HLB,1,random,H3,c3,0.3421,1
1KB5_HLB,1,random,Pythia,c3,-2.3318466246128082,1
1KB5_HLB,1,random,FoldX,c3,1.7544530000000003,1
1KB5_HLB,1,random,MM-GBSA,c3,20.598865638410643,1
1KB5_HLB,2,random,BA-DDG,c4,1.453,1
1KB5_HLB,2,random,H3,c4,0.1516,1
1KB5_HLB,2,random,Pythia,c4,-0.30689041316509247,1
1KB5_HLB,2,random,FoldX,c4,0.18227700000000002,1
1KB5_HLB,2,random,MM-GBSA,c4,13.275043088871826,1
1KB5_HLB,3,random,BA-DDG,c5,1.304,1
1KB5_HLB,3,random,H3,c5,0.2303,1
1KB5_HLB,3,random,Pythia,c5,-1.5884321630001068,1
1KB5_HLB,3,random,FoldX,c5,2.1174830000000004,1
1KB5_HLB,3,random,MM-GBSA,c5,18.7217358011776,1
1KB5_HLB,4,random,BA-DDG,c6,0.92,1
1KB5_HLB,4,random,H3,c6,0.4048,1
1KB5_HLB,4,random,Pythia,c6,-0.8098815828561783,1
1KB5_HLB,4,random,FoldX,c6,-0.41777,1
1KB5_HLB,4,random,MM-GBSA,c6,21.3102657609752,1
1KB5_HLB,5,random,BA-DDG,c7,1.007,1
1KB5_HLB,5,random,H3,c7,0.0305,1
1KB5_HLB,5,random,Pythia,c7,-0.8648017942905426,1
1KB5_HLB,5,random,FoldX,c7,0.3288390000000003,1
1KB5_HLB,5,random,MM-GBSA,c7,15.829496203163217,1
1KB5_HLB,1,wt,BA-DDG,c8,-0.252,1
1KB5_HLB,1,wt,H3,c8,-0.8444,1
1KB5_HLB,1,wt,Pythia,c8,-2.6969887614250183,1
1KB5_HLB,1,wt,FoldX,c8,-1.36165,1
1KB5_HLB,1,wt,MM-GBSA,c8,12.532459815894981,1
1KB5_HLB,2,wt,BA-DDG,c9,0.341,1
1KB5_HLB,2,wt,H3,c9,-0.4763,1
1KB5_HLB,2,wt,Pythia,c9,-2.7059966325759888,1
1KB5_HLB,2,wt,FoldX,c9,-0.8982000000000001,1
1KB5_HLB,2,wt,MM-GBSA,c9,16.296660865617014,1
1KB5_HLB,3,wt,BA-DDG,c10,0.098,1
1KB5_HLB,3,wt,H3,c10,-0.2623,1
1KB5_HLB,3,wt,Pythia,c10,-3.9135957658290863,1
1KB5_HLB,3,wt,FoldX,c10,0.8632800000000005,1
1KB5_HLB,3,wt,MM-GBSA,c10,14.656569762400068,1
1KB5_HLB,4,wt,BA-DDG,c11,0.766,1
1KB5_HLB,4,wt,H3,c11,-0.3034,1
1KB5_HLB,4,wt,Pythia,c11,-2.3502496778964996,1
1KB5_HLB,4,wt,FoldX,c11,-0.9739399999999998,1
1KB5_HLB,4,wt,MM-GBSA,c11,16.235050498794408,1
1KB5_HLB,5,wt,BA-DDG,c12,0.477,1
1KB5_HLB,5,wt,H3,c12,0.2481,1
1KB5_HLB,5,wt,Pythia,c12,-2.584958326071501,1
1KB5_HLB,5,wt,FoldX,c12,0.24046000000000056,1
1KB5_HLB,5,wt,MM-GBSA,c12,10.558276299887439,1
1KB5_HLB,1,mean,BA-DDG,c8,-0.252,1
1KB5_HLB,1,mean,H3,c8,-0.8444,1
1KB5_HLB,1,mean,Pythia,c8,-2.6969887614250183,1
1KB5_HLB,1,mean,FoldX,c8,-1.36165,1
1KB5_HLB,1,mean,MM-GBSA,c8,12.532459815894981,1
1KB5_HLB,2,mean,BA-DDG,c13,0.846,1
1KB5_HLB,2,mean,H3,c13,-0.1455,1
1KB5_HLB,2,mean,Pythia,c13,-2.5544515252113342,1
1KB5_HLB,2,mean,FoldX,c13,-0.3151099999999998,1
1KB5_HLB,2,mean,MM-GBSA,c13,10.044520441721033,1
1KB5_HLB,3,mean,BA-DDG,c14,0.276,1
1KB5_HLB,3,mean,H3,c14,-0.3811,1
1KB5_HLB,3,mean,Pythia,c14,-3.09809123724699,1
1KB5_HLB,3,mean,FoldX,c14,0.5032400000000004,1
1KB5_HLB,3,mean,MM-GBSA,c14,13.909397419414745,1
1KB5_HLB,4,mean,BA-DDG,c15,0.289,1
1KB5_HLB,4,mean,H3,c15,-0.5542,1
1KB5_HLB,4,mean,Pythia,c15,-2.807470977306366,1
1KB5_HLB,4,mean,FoldX,c15,2.080242,1
1KB5_HLB,4,mean,MM-GBSA,c15,17.872808024928418,1
1KB5_HLB,5,mean,BA-DDG,c16,0.517,1
1KB5_HLB,5,mean,H3,c16,-0.6731,1
1KB5_HLB,5,mean,Pythia,c16,-2.6423067450523376,1
1KB5_HLB,5,mean,FoldX,c16,0.03336999999999968,1
1KB5_HLB,5,mean,MM-GBSA,c16,19.805206840137544,1
1KB5_HLB,1,cvar50,BA-DDG,c17,0.54,1
1KB5_HLB,1,cvar50,H3,c17,-0.238,1
1KB5_HLB,1,cvar50,Pythia,c17,-2.27584345638752,1
1KB5_HLB,1,cvar50,FoldX,c17,-0.60229,1
1KB5_HLB,1,cvar50,MM-GBSA,c17,13.903070445246158,1
1KB5_HLB,2,cvar50,BA-DDG,c13,0.846,1
1KB5_HLB,2,cvar50,H3,c13,-0.1455,1
1KB5_HLB,2,cvar50,Pythia,c13,-2.5544515252113342,1
1KB5_HLB,2,cvar50,FoldX,c13,-0.3151099999999998,1
1KB5_HLB,2,cvar50,MM-GBSA,c13,10.044520441721033,1
1KB5_HLB,3,cvar50,BA-DDG,c18,0.697,1
1KB5_HLB,3,cvar50,H3,c18,-0.3671,1
1KB5_HLB,3,cvar50,Pythia,c18,-2.668694868683815,1
1KB5_HLB,3,cvar50,FoldX,c18,0.04121000000000041,1
1KB5_HLB,3,cvar50,MM-GBSA,c18,21.180666341240794,1
1KB5_HLB,4,cvar50,BA-DDG,c19,0.5,1
1KB5_HLB,4,cvar50,H3,c19,-0.337,1
1KB5_HLB,4,cvar50,Pythia,c19,-2.822159558534622,1
1KB5_HLB,4,cvar50,FoldX,c19,0.3894270000000004,1
1KB5_HLB,4,cvar50,MM-GBSA,c19,16.58380646950627,1
1KB5_HLB,5,cvar50,BA-DDG,c20,-0.197,1
1KB5_HLB,5,cvar50,H3,c20,-0.6539,1
1KB5_HLB,5,cvar50,Pythia,c20,-2.6749482303857803,1
1KB5_HLB,5,cvar50,FoldX,c20,-1.1129300000000004,1
1KB5_HLB,5,cvar50,MM-GBSA,c20,14.533707795531882,1
1KB5_HLB,1,cvar20,BA-DDG,c17,0.54,1
1KB5_HLB,1,cvar20,H3,c17,-0.238,1
1KB5_HLB,1,cvar20,Pythia,c17,-2.27584345638752,1
1KB5_HLB,1,cvar20,FoldX,c17,-0.60229,1
1KB5_HLB,1,cvar20,MM-GBSA,c17,13.903070445246158,1
1KB5_HLB,2,cvar20,BA-DDG,c13,0.846,1
1KB5_HLB,2,cvar20,H3,c13,-0.1455,1
1KB5_HLB,2,cvar20,Pythia,c13,-2.5544515252113342,1
1KB5_HLB,2,cvar20,FoldX,c13,-0.3151099999999998,1
1KB5_HLB,2,cvar20,MM-GBSA,c13,10.044520441721033,1
1KB5_HLB,3,cvar20,BA-DDG,c18,0.697,1
1KB5_HLB,3,cvar20,H3,c18,-0.3671,1
1KB5_HLB,3,cvar20,Pythia,c18,-2.668694868683815,1
1KB5_HLB,3,cvar20,FoldX,c18,0.04121000000000041,1
1KB5_HLB,3,cvar20,MM-GBSA,c18,21.180666341240794,1
1KB5_HLB,4,cvar20,BA-DDG,c19,0.5,1
1KB5_HLB,4,cvar20,H3,c19,-0.337,1
1KB5_HLB,4,cvar20,Pythia,c19,-2.822159558534622,1
1KB5_HLB,4,cvar20,FoldX,c19,0.3894270000000004,1
1KB5_HLB,4,cvar20,MM-GBSA,c19,16.58380646950627,1
1KB5_HLB,5,cvar20,BA-DDG,c21,0.43,1
1KB5_HLB,5,cvar20,H3,c21,-0.5007,1
1KB5_HLB,5,cvar20,Pythia,c21,-2.4757540822029114,1
1KB5_HLB,5,cvar20,FoldX,c21,0.28449000000000035,1
1KB5_HLB,5,cvar20,MM-GBSA,c21,13.991267698054799,1
1KB5_HLB,1,max,BA-DDG,c22,1.126,1
1KB5_HLB,1,max,H3,c22,0.0058,1
1KB5_HLB,1,max,Pythia,c22,-2.546845406293869,1
1KB5_HLB,1,max,FoldX,c22,0.3689880000000003,1
1KB5_HLB,1,max,MM-GBSA,c22,20.6149289257246,1
1KB5_HLB,2,max,BA-DDG,c13,0.846,1
1KB5_HLB,2,max,H3,c13,-0.1455,1
1KB5_HLB,2,max,Pythia,c13,-2.5544515252113342,1
1KB5_HLB,2,max,FoldX,c13,-0.3151099999999998,1
1KB5_HLB,2,max,MM-GBSA,c13,10.044520441721033,1
1KB5_HLB,3,max,BA-DDG,c18,0.697,1
1KB5_HLB,3,max,H3,c18,-0.3671,1
1KB5_HLB,3,max,Pythia,c18,-2.668694868683815,1
1KB5_HLB,3,max,FoldX,c18,0.04121000000000041,1
1KB5_HLB,3,max,MM-GBSA,c18,21.180666341240794,1
1KB5_HLB,4,max,BA-DDG,c23,-0.018,1
1KB5_HLB,4,max,H3,c23,-0.1296,1
1KB5_HLB,4,max,Pythia,c23,-3.9869364798069,1
1KB5_HLB,4,max,FoldX,c23,2.268225,1
1KB5_HLB,4,max,MM-GBSA,c23,23.530538552384314,1
1KB5_HLB,5,max,BA-DDG,c24,0.114,1
1KB5_HLB,5,max,H3,c24,-0.4543,1
1KB5_HLB,5,max,Pythia,c24,-2.4853952527046204,1
1KB5_HLB,5,max,FoldX,c24,-0.32694199999999896,1
1KB5_HLB,5,max,MM-GBSA,c24,19.2170350854185,1
1KXT_DC,1,afll,BA-DDG,c0,-0.284,2
1KXT_DC,1,afll,H3,c0,1.1314,2
1KXT_DC,1,afll,Pythia,c0,2.4524765014648438,2
1KXT_DC,1,afll,FoldX,c0,0.92225,2
1KXT_DC,1,afll,MM-GBSA,c0,10.782520047279831,2
1KXT_DC,2,afll,BA-DDG,c0,-0.284,2
1KXT_DC,2,afll,H3,c0,1.1314,2
1KXT_DC,2,afll,Pythia,c0,2.4524765014648438,2
1KXT_DC,2,afll,FoldX,c0,0.92225,2
1KXT_DC,2,afll,MM-GBSA,c0,10.782520047279831,2
1KXT_DC,3,afll,BA-DDG,c0,-0.284,2
1KXT_DC,3,afll,H3,c0,1.1314,2
1KXT_DC,3,afll,Pythia,c0,2.4524765014648438,2
1KXT_DC,3,afll,FoldX,c0,0.92225,2
1KXT_DC,3,afll,MM-GBSA,c0,10.782520047279831,2
1KXT_DC,4,afll,BA-DDG,c0,-0.284,2
1KXT_DC,4,afll,H3,c0,1.1314,2
1KXT_DC,4,afll,Pythia,c0,2.4524765014648438,2
1KXT_DC,4,afll,FoldX,c0,0.92225,2
1KXT_DC,4,afll,MM-GBSA,c0,10.782520047279831,2
1KXT_DC,5,afll,BA-DDG,c0,-0.284,2
1KXT_DC,5,afll,H3,c0,1.1314,2
1KXT_DC,5,afll,Pythia,c0,2.4524765014648438,2
1KXT_DC,5,afll,FoldX,c0,0.92225,2
1KXT_DC,5,afll,MM-GBSA,c0,10.782520047279831,2
1KXT_DC,1,random,BA-DDG,c1,1.628,2
1KXT_DC,1,random,H3,c1,3.0471,2
1KXT_DC,1,random,Pythia,c1,9.038229759782553,2
1KXT_DC,1,random,FoldX,c1,2.1384499999999997,2
1KXT_DC,1,random,MM-GBSA,c1,21.110131429348257,2
1KXT_DC,2,random,BA-DDG,c2,-0.351,2
1KXT_DC,2,random,H3,c2,1.1101,2
1KXT_DC,2,random,Pythia,c2,1.782661497592926,2
1KXT_DC,2,random,FoldX,c2,1.7576099999999997,2
1KXT_DC,2,random,MM-GBSA,c2,9.126327955222223,2
1KXT_DC,3,random,BA-DDG,c3,0.749,2
1KXT_DC,3,random,H3,c3,1.2802,2
1KXT_DC,3,random,Pythia,c3,5.307988703250885,2
1KXT_DC,3,random,FoldX,c3,2.4592400000000003,2
1KXT_DC,3,random,MM-GBSA,c3,23.59857978945729,2
1KXT_DC,4,random,BA-DDG,c4,1.666,2
1KXT_DC,4,random,H3,c4,3.7728,2
1KXT_DC,4,random,Pythia,c4,11.743034314364195,2
1KXT_DC,4,random,FoldX,c4,5.462154,2
1KXT_DC,4,random,MM-GBSA,c4,21.198722161105252,2
1KXT_DC,5,random,BA-DDG,c5,1.805,2
1KXT_DC,5,random,H3,c5,3.8503,2
1KXT_DC,5,random,Pythia,c5,13.419773526489735,2
1KXT_DC,5,random,FoldX,c5,2.6466499999999993,2
1KXT_DC,5,random,MM-GBSA,c5,26.961284144163074,2
1KXT_DC,1,wt,BA-DDG,c6,-2.043,2
1KXT_DC,1,wt,H3,c6,-0.5998,2
1KXT_DC,1,wt,Pythia,c6,-1.0987435579299927,2
1KXT_DC,1,wt,FoldX,c6,0.5687099999999994,2
1KXT_DC,1,wt,MM-GBSA,c6,16.50293810011499,2
1KXT_DC,2,wt,BA-DDG,c7,-1.313,2
1KXT_DC,2,wt,H3,c7,-0.3606,2
1KXT_DC,2,wt,Pythia,c7,-0.6896667629480362,2
1KXT_DC,2,wt,FoldX,c7,0.8947899999999995,2
1KXT_DC,2,wt,MM-GBSA,c7,11.156991950108932,2
1KXT_DC,3,wt,BA-DDG,c8,-2.911,2
1KXT_DC,3,wt,H3,c8,-1.3034,2
1KXT_DC,3,wt,Pythia,c8,-2.1504958868026733,2
1KXT_DC,3,wt,FoldX,c8,0.7168600000000005,2
1KXT_DC,3,wt,MM-GBSA,c8,19.06152806691898,2
1KXT_DC,4,wt,BA-DDG,c9,-1.88,2
1KXT_DC,4,wt,H3,c9,-0.1394,2
1KXT_DC,4,wt,Pythia,c9,1.7216722816228867,2
1KXT_DC,4,wt,FoldX,c9,1.2429999999999994,2
1KXT_DC,4,wt,MM-GBSA,c9,17.593630784816924,2
1KXT_DC,5,wt,BA-DDG,c10,-1.962,2
1KXT_DC,5,wt,H3,c10,-0.6035,2
1KXT_DC,5,wt,Pythia,c10,5.568378567695618,2
1KXT_DC,5,wt,FoldX,c10,9.569749999999999,2
1KXT_DC,5,wt,MM-GBSA,c10,10.847244739201415,2
1KXT_DC,1,mean,BA-DDG,c6,-2.043,2
1KXT_DC,1,mean,H3,c6,-0.5998,2
1KXT_DC,1,mean,Pythia,c6,-1.0987435579299927,2
1KXT_DC,1,mean,FoldX,c6,0.5687099999999994,2
1KXT_DC,1,mean,MM-GBSA,c6,16.50293810011499,2
1KXT_DC,2,mean,BA-DDG,c11,-2.062,2
1KXT_DC,2,mean,H3,c11,-0.7813,2
1KXT_DC,2,mean,Pythia,c11,-1.2073559761047363,2
1KXT_DC,2,mean,FoldX,c11,0.3488099999999994,2
1KXT_DC,2,mean,MM-GBSA,c11,17.314948590916174,2
1KXT_DC,3,mean,BA-DDG,c8,-2.911,2
1KXT_DC,3,mean,H3,c8,-1.3034,2
1KXT_DC,3,mean,Pythia,c8,-2.1504958868026733,2
1KXT_DC,3,mean,FoldX,c8,0.7168600000000005,2
1KXT_DC,3,mean,MM-GBSA,c8,19.06152806691898,2
1KXT_DC,4,mean,BA-DDG,c9,-1.88,2
1KXT_DC,4,mean,H3,c9,-0.1394,2
1KXT_DC,4,mean,Pythia,c9,1.7216722816228867,2
1KXT_DC,4,mean,FoldX,c9,1.2429999999999994,2
1KXT_DC,4,mean,MM-GBSA,c9,17.593630784816924,2
1KXT_DC,5,mean,BA-DDG,c12,-2.357,2
1KXT_DC,5,mean,H3,c12,-0.9104,2
1KXT_DC,5,mean,Pythia,c12,-2.92872953414917,2
1KXT_DC,5,mean,FoldX,c12,0.5619699999999996,2
1KXT_DC,5,mean,MM-GBSA,c12,6.413802091356047,2
1KXT_DC,1,cvar50,BA-DDG,c13,-1.654,2
1KXT_DC,1,cvar50,H3,c13,0.3117,2
1KXT_DC,1,cvar50,Pythia,c13,8.539505533874035,2
1KXT_DC,1,cvar50,FoldX,c13,12.24986,2
1KXT_DC,1,cvar50,MM-GBSA,c13,11.258554608437407,2
1KXT_DC,2,cvar50,BA-DDG,c11,-2.062,2
1KXT_DC,2,cvar50,H3,c11,-0.7813,2
1KXT_DC,2,cvar50,Pythia,c11,-1.2073559761047363,2
1KXT_DC,2,cvar50,FoldX,c11,0.3488099999999994,2
1KXT_DC,2,cvar50,MM-GBSA,c11,17.314948590916174,2
1KXT_DC,3,cvar50,BA-DDG,c8,-2.911,2
1KXT_DC,3,cvar50,H3,c8,-1.3034,2
1KXT_DC,3,cvar50,Pythia,c8,-2.1504958868026733,2
1KXT_DC,3,cvar50,FoldX,c8,0.7168600000000005,2
1KXT_DC,3,cvar50,MM-GBSA,c8,19.06152806691898,2
1KXT_DC,4,cvar50,BA-DDG,c14,-2.032,2
1KXT_DC,4,cvar50,H3,c14,0.066,2
1KXT_DC,4,cvar50,Pythia,c14,1.1697361320257187,2
1KXT_DC,4,cvar50,FoldX,c14,1.2138699999999991,2
1KXT_DC,4,cvar50,MM-GBSA,c14,12.903175822004414,2
1KXT_DC,5,cvar50,BA-DDG,c12,-2.357,2
1KXT_DC,5,cvar50,H3,c12,-0.9104,2
1KXT_DC,5,cvar50,Pythia,c12,-2.92872953414917,2
1KXT_DC,5,cvar50,FoldX,c12,0.5619699999999996,2
1KXT_DC,5,cvar50,MM-GBSA,c12,6.413802091356047,2
1KXT_DC,1,cvar20,BA-DDG,c13,-1.654,2
1KXT_DC,1,cvar20,H3,c13,0.3117,2
1KXT_DC,1,cvar20,Pythia,c13,8.539505533874035,2
1KXT_DC,1,cvar20,FoldX,c13,12.24986,2
1KXT_DC,1,cvar20,MM-GBSA,c13,11.258554608437407,2
1KXT_DC,2,cvar20,BA-DDG,c11,-2.062,2
1KXT_DC,2,cvar20,H3,c11,-0.7813,2
1KXT_DC,2,cvar20,Pythia,c11,-1.2073559761047363,2
1KXT_DC,2,cvar20,FoldX,c11,0.3488099999999994,2
1KXT_DC,2,cvar20,MM-GBSA,c11,17.314948590916174,2
1KXT_DC,3,cvar20,BA-DDG,c8,-2.911,2
1KXT_DC,3,cvar20,H3,c8,-1.3034,2
1KXT_DC,3,cvar20,Pythia,c8,-2.1504958868026733,2
1KXT_DC,3,cvar20,FoldX,c8,0.7168600000000005,2
1KXT_DC,3,cvar20,MM-GBSA,c8,19.06152806691898,2
1KXT_DC,4,cvar20,BA-DDG,c14,-2.032,2
1KXT_DC,4,cvar20,H3,c14,0.066,2
1KXT_DC,4,cvar20,Pythia,c14,1.1697361320257187,2
1KXT_DC,4,cvar20,FoldX,c14,1.2138699999999991,2
1KXT_DC,4,cvar20,MM-GBSA,c14,12.903175822004414,2
1KXT_DC,5,cvar20,BA-DDG,c12,-2.357,2
1KXT_DC,5,cvar20,H3,c12,-0.9104,2
1KXT_DC,5,cvar20,Pythia,c12,-2.92872953414917,2
1KXT_DC,5,cvar20,FoldX,c12,0.5619699999999996,2
1KXT_DC,5,cvar20,MM-GBSA,c12,6.413802091356047,2
1KXT_DC,1,max,BA-DDG,c13,-1.654,2
1KXT_DC,1,max,H3,c13,0.3117,2
1KXT_DC,1,max,Pythia,c13,8.539505533874035,2
1KXT_DC,1,max,FoldX,c13,12.24986,2
1KXT_DC,1,max,MM-GBSA,c13,11.258554608437407,2
1KXT_DC,2,max,BA-DDG,c11,-2.062,2
1KXT_DC,2,max,H3,c11,-0.7813,2
1KXT_DC,2,max,Pythia,c11,-1.2073559761047363,2
1KXT_DC,2,max,FoldX,c11,0.3488099999999994,2
1KXT_DC,2,max,MM-GBSA,c11,17.314948590916174,2
1KXT_DC,3,max,BA-DDG,c8,-2.911,2
1KXT_DC,3,max,H3,c8,-1.3034,2
1KXT_DC,3,max,Pythia,c8,-2.1504958868026733,2
1KXT_DC,3,max,FoldX,c8,0.7168600000000005,2
1KXT_DC,3,max,MM-GBSA,c8,19.06152806691898,2
1KXT_DC,4,max,BA-DDG,c15,-2.196,2
1KXT_DC,4,max,H3,c15,0.0781,2
1KXT_DC,4,max,Pythia,c15,1.462505280971527,2
1KXT_DC,4,max,FoldX,c15,0.8187300000000004,2
1KXT_DC,4,max,MM-GBSA,c15,12.025798630122154,2
1KXT_DC,5,max,BA-DDG,c16,-2.113,2
1KXT_DC,5,max,H3,c16,-0.685,2
1KXT_DC,5,max,Pythia,c16,-3.399808168411255,2
1KXT_DC,5,max,FoldX,c16,0.8772499999999992,2
1KXT_DC,5,max,MM-GBSA,c16,12.020258255346562,2
1KXT_FE,1,afll,BA-DDG,c0,-0.433,2
1KXT_FE,1,afll,H3,c0,0.5044,2
1KXT_FE,1,afll,Pythia,c0,-8.340891301631927,2
1KXT_FE,1,afll,FoldX,c0,-1.4121499999999996,2
1KXT_FE,1,afll,MM-GBSA,c0,13.330497675822699,2
1KXT_FE,2,afll,BA-DDG,c0,-0.433,2
1KXT_FE,2,afll,H3,c0,0.5044,2
1KXT_FE,2,afll,Pythia,c0,-8.340891301631927,2
1KXT_FE,2,afll,FoldX,c0,-1.4121499999999996,2
1KXT_FE,2,afll,MM-GBSA,c0,13.330497675822699,2
1KXT_FE,3,afll,BA-DDG,c0,-0.433,2
1KXT_FE,3,afll,H3,c0,0.5044,2
1KXT_FE,3,afll,Pythia,c0,-8.340891301631927,2
1KXT_FE,3,afll,FoldX,c0,-1.4121499999999996,2
1KXT_FE,3,afll,MM-GBSA,c0,13.330497675822699,2
1KXT_FE,4,afll,BA-DDG,c0,-0.433,2
1KXT_FE,4,afll,H3,c0,0.5044,2
1KXT_FE,4,afll,Pythia,c0,-8.340891301631927,2
1KXT_FE,4,afll,FoldX,c0,-1.4121499999999996,2
1KXT_FE,4,afll,MM-GBSA,c0,13.330497675822699,2
1KXT_FE,5,afll,BA-DDG,c0,-0.433,2
1KXT_FE,5,afll,H3,c0,0.5044,2
1KXT_FE,5,afll,Pythia,c0,-8.340891301631927,2
1KXT_FE,5,afll,FoldX,c0,-1.4121499999999996,2
1KXT_FE,5,afll,MM-GBSA,c0,13.330497675822699,2
1KXT_FE,1,random,BA-DDG,c1,2.722,2
1KXT_FE,1,random,H3,c1,2.9947,2
1KXT_FE,1,random,Pythia,c1,1.9404661655426025,2
1KXT_FE,1,random,FoldX,c1,0.8378100000000002,2
1KXT_FE,1,random,MM-GBSA,c1,13.481835425856843,2
1KXT_FE,2,random,BA-DDG,c2,0.15,2
1KXT_FE,2,random,H3,c2,1.5211,2
1KXT_FE,2,random,Pythia,c2,-0.2883282657712698,2
1KXT_FE,2,random,FoldX,c2,-1.7378799999999996,2
1KXT_FE,2,random,MM-GBSA,c2,15.004600028594723,2
1KXT_FE,3,random,BA-DDG,c3,1.201,2
1KXT_FE,3,random,H3,c3,1.7799,2
1KXT_FE,3,random,Pythia,c3,5.928743600845337,2
1KXT_FE,3,random,FoldX,c3,0.3280000000000003,2
1KXT_FE,3,random,MM-GBSA,c3,12.286718111699884,2
1KXT_FE,4,random,BA-DDG,c4,3.561,2
1KXT_FE,4,random,H3,c4,4.596,2
1KXT_FE,4,random,Pythia,c4,9.044237062335014,2
1KXT_FE,4,random,FoldX,c4,0.9382900000000003,2
1KXT_FE,4,random,MM-GBSA,c4,16.93157447613339,2
1KXT_FE,5,random,BA-DDG,c5,1.877,2
1KXT_FE,5,random,H3,c5,3.1499,2
1KXT_FE,5,random,Pythia,c5,0.4205678850412369,2
1KXT_FE,5,random,FoldX,c5,-0.08284000000000002,2
1KXT_FE,5,random,MM-GBSA,c5,6.447580329022458,2
1KXT_FE,1,wt,BA-DDG,c6,-0.409,2
1KXT_FE,1,wt,H3,c6,1.5758,2
1KXT_FE,1,wt,Pythia,c6,0.5316763762384653,2
1KXT_FE,1,wt,FoldX,c6,-1.7933899999999996,2
1KXT_FE,1,wt,MM-GBSA,c6,13.30950669718004,2
1KXT_FE,2,wt,BA-DDG,c7,-1.791,2
1KXT_FE,2,wt,H3,c7,-1.0421,2
1KXT_FE,2,wt,Pythia,c7,1.3667465448379517,2
1KXT_FE,2,wt,FoldX,c7,0.1345199999999993,2
1KXT_FE,2,wt,MM-GBSA,c7,14.362277339147113,2
1KXT_FE,3,wt,BA-DDG,c8,-1.164,2
1KXT_FE,3,wt,H3,c8,0.1176,2
1KXT_FE,3,wt,Pythia,c8,6.635757088661194,2
1KXT_FE,3,wt,FoldX,c8,2.4947599999999994,2
1KXT_FE,3,wt,MM-GBSA,c8,13.603195467443584,2
1KXT_FE,4,wt,BA-DDG,c9,-0.779,2
1KXT_FE,4,wt,H3,c9,1.3121,2
1KXT_FE,4,wt,Pythia,c9,-2.120171904563904,2
1KXT_FE,4,wt,FoldX,c9,-2.0124899999999997,2
1KXT_FE,4,wt,MM-GBSA,c9,13.418012780752179,2
1KXT_FE,5,wt,BA-DDG,c10,-1.45,2
1KXT_FE,5,wt,H3,c10,-0.1506,2
1KXT_FE,5,wt,Pythia,c10,-6.350853264331818,2
1KXT_FE,5,wt,FoldX,c10,-2.7472399999999997,2
1KXT_FE,5,wt,MM-GBSA,c10,13.883994901196274,2
1KXT_FE,1,mean,BA-DDG,c11,-1.002,2
1KXT_FE,1,mean,H3,c11,1.3135,2
1KXT_FE,1,mean,Pythia,c11,-6.668864667415619,2
1KXT_FE,1,mean,FoldX,c11,-1.2107399999999995,2
1KXT_FE,1,mean,MM-GBSA,c11,12.481627321561973,2
1KXT_FE,2,mean,BA-DDG,c7,-1.791,2
1KXT_FE,2,mean,H3,c7,-1.0421,2
1KXT_FE,2,mean,Pythia,c7,1.3667465448379517,2
1KXT_FE,2,mean,FoldX,c7,0.1345199999999993,2
1KXT_FE,2,mean,MM-GBSA,c7,14.362277339147113,2
1KXT_FE,3,mean,BA-DDG,c8,-1.164,2
1KXT_FE,3,mean,H3,c8,0.1176,2
1KXT_FE,3,mean,Pythia,c8,6.635757088661194,2
1KXT_FE,3,mean,FoldX,c8,2.4947599999999994,2
1KXT_FE,3,mean,MM-GBSA,c8,13.603195467443584,2
1KXT_FE,4,mean,BA-DDG,c12,-0.605,2
1KXT_FE,4,mean,H3,c12,0.9941,2
1KXT_FE,4,mean,Pythia,c12,-2.0131444931030273,2
1KXT_FE,4,mean,FoldX,c12,-0.6666500000000006,2
1KXT_FE,4,mean,MM-GBSA,c12,10.928608871789038,2
1KXT_FE,5,mean,BA-DDG,c13,-1.528,2
1KXT_FE,5,mean,H3,c13,-0.7823,2
1KXT_FE,5,mean,Pythia,c13,-2.602751284837723,2
1KXT_FE,5,mean,FoldX,c13,-0.12183999999999973,2
1KXT_FE,5,mean,MM-GBSA,c13,10.509623575493606,2
1KXT_FE,1,cvar50,BA-DDG,c11,-1.002,2
1KXT_FE,1,cvar50,H3,c11,1.3135,2
1KXT_FE,1,cvar50,Pythia,c11,-6.668864667415619,2
1KXT_FE,1,cvar50,FoldX,c11,-1.2107399999999995,2
1KXT_FE,1,cvar50,MM-GBSA,c11,12.481627321561973,2
1KXT_FE,2,cvar50,BA-DDG,c14,-1.683,2
1KXT_FE,2,cvar50,H3,c14,-0.0543,2
1KXT_FE,2,cvar50,Pythia,c14,-2.050750970840454,2
1KXT_FE,2,cvar50,FoldX,c14,-2.2439399999999994,2
1KXT_FE,2,cvar50,MM-GBSA,c14,11.071293367753242,2
1KXT_FE,3,cvar50,BA-DDG,c15,-0.513,2
1KXT_FE,3,cvar50,H3,c15,1.3054,2
1KXT_FE,3,cvar50,Pythia,c15,-0.4774070978164673,2
1KXT_FE,3,cvar50,FoldX,c15,-1.61843,2
1KXT_FE,3,cvar50,MM-GBSA,c15,18.926069919703878,2
1KXT_FE,4,cvar50,BA-DDG,c11,-1.002,2
1KXT_FE,4,cvar50,H3,c11,1.3135,2
1KXT_FE,4,cvar50,Pythia,c11,-6.668864667415619,2
1KXT_FE,4,cvar50,FoldX,c11,-1.2107399999999995,2
1KXT_FE,4,cvar50,MM-GBSA,c11,12.481627321561973,2
1KXT_FE,5,cvar50,BA-DDG,c13,-1.528,2
1KXT_FE,5,cvar50,H3,c13,-0.7823,2
1KXT_FE,5,cvar50,Pythia,c13,-2.602751284837723,2
1KXT_FE,5,cvar50,FoldX,c13,-0.12183999999999973,2
1KXT_FE,5,cvar50,MM-GBSA,c13,10.509623575493606,2
1KXT_FE,1,cvar20,BA-DDG,c11,-1.002,2
1KXT_FE,1,cvar20,H3,c11,1.3135,2
1KXT_FE,1,cvar20,Pythia,c11,-6.668864667415619,2
1KXT_FE,1,cvar20,FoldX,c11,-1.2107399999999995,2
1KXT_FE,1,cvar20,MM-GBSA,c11,12.481627321561973,2
1KXT_FE,2,cvar20,BA-DDG,c14,-1.683,2
1KXT_FE,2,cvar20,H3,c14,-0.0543,2
1KXT_FE,2,cvar20,Pythia,c14,-2.050750970840454,2
1KXT_FE,2,cvar20,FoldX,c14,-2.2439399999999994,2
1KXT_FE,2,cvar20,MM-GBSA,c14,11.071293367753242,2
1KXT_FE,3,cvar20,BA-DDG,c15,-0.513,2
1KXT_FE,3,cvar20,H3,c15,1.3054,2
1KXT_FE,3,cvar20,Pythia,c15,-0.4774070978164673,2
1KXT_FE,3,cvar20,FoldX,c15,-1.61843,2
1KXT_FE,3,cvar20,MM-GBSA,c15,18.926069919703878,2
1KXT_FE,4,cvar20,BA-DDG,c16,-0.858,2
1KXT_FE,4,cvar20,H3,c16,1.6438,2
1KXT_FE,4,cvar20,Pythia,c16,0.27520138025283813,2
1KXT_FE,4,cvar20,FoldX,c16,1.7667599999999997,2
1KXT_FE,4,cvar20,MM-GBSA,c16,19.763397498936683,2
1KXT_FE,5,cvar20,BA-DDG,c13,-1.528,2
1KXT_FE,5,cvar20,H3,c13,-0.7823,2
1KXT_FE,5,cvar20,Pythia,c13,-2.602751284837723,2
1KXT_FE,5,cvar20,FoldX,c13,-0.12183999999999973,2
1KXT_FE,5,cvar20,MM-GBSA,c13,10.509623575493606,2
1KXT_FE,1,max,BA-DDG,c11,-1.002,2
1KXT_FE,1,max,H3,c11,1.3135,2
1KXT_FE,1,max,Pythia,c11,-6.668864667415619,2
1KXT_FE,1,max,FoldX,c11,-1.2107399999999995,2
1KXT_FE,1,max,MM-GBSA,c11,12.481627321561973,2
1KXT_FE,2,max,BA-DDG,c14,-1.683,2
1KXT_FE,2,max,H3,c14,-0.0543,2
1KXT_FE,2,max,Pythia,c14,-2.050750970840454,2
1KXT_FE,2,max,FoldX,c14,-2.2439399999999994,2
1KXT_FE,2,max,MM-GBSA,c14,11.071293367753242,2
1KXT_FE,3,max,BA-DDG,c15,-0.513,2
1KXT_FE,3,max,H3,c15,1.3054,2
1KXT_FE,3,max,Pythia,c15,-0.4774070978164673,2
1KXT_FE,3,max,FoldX,c15,-1.61843,2
1KXT_FE,3,max,MM-GBSA,c15,18.926069919703878,2
1KXT_FE,4,max,BA-DDG,c16,-0.858,2
1KXT_FE,4,max,H3,c16,1.6438,2
1KXT_FE,4,max,Pythia,c16,0.27520138025283813,2
1KXT_FE,4,max,FoldX,c16,1.7667599999999997,2
1KXT_FE,4,max,MM-GBSA,c16,19.763397498936683,2
1KXT_FE,5,max,BA-DDG,c13,-1.528,2
1KXT_FE,5,max,H3,c13,-0.7823,2
1KXT_FE,5,max,Pythia,c13,-2.602751284837723,2
1KXT_FE,5,max,FoldX,c13,-0.12183999999999973,2
1KXT_FE,5,max,MM-GBSA,c13,10.509623575493606,2
1RJC_AB,1,afll,BA-DDG,c0,0.325,0
1RJC_AB,1,afll,H3,c0,-0.0048,0
1RJC_AB,1,afll,Pythia,c0,-3.122691836208105,0
1RJC_AB,1,afll,FoldX,c0,6.976697,0
1RJC_AB,1,afll,MM-GBSA,c0,17.125050690113312,0
1RJC_AB,2,afll,BA-DDG,c1,0.558,0
1RJC_AB,2,afll,H3,c1,-0.2502,0
1RJC_AB,2,afll,Pythia,c1,-3.2876254580914974,0
1RJC_AB,2,afll,FoldX,c1,6.023708999999999,0
1RJC_AB,2,afll,MM-GBSA,c1,13.07475167496159,0
1RJC_AB,3,afll,BA-DDG,c1,0.558,0
1RJC_AB,3,afll,H3,c1,-0.2502,0
1RJC_AB,3,afll,Pythia,c1,-3.2876254580914974,0
1RJC_AB,3,afll,FoldX,c1,6.023708999999999,0
1RJC_AB,3,afll,MM-GBSA,c1,13.07475167496159,0
1RJC_AB,4,afll,BA-DDG,c1,0.558,0
1RJC_AB,4,afll,H3,c1,-0.2502,0
1RJC_AB,4,afll,Pythia,c1,-3.2876254580914974,0
1RJC_AB,4,afll,FoldX,c1,6.023708999999999,0
1RJC_AB,4,afll,MM-GBSA,c1,13.07475167496159,0
1RJC_AB,5,afll,BA-DDG,c1,0.558,0
1RJC_AB,5,afll,H3,c1,-0.2502,0
1RJC_AB,5,afll,Pythia,c1,-3.2876254580914974,0
1RJC_AB,5,afll,FoldX,c1,6.023708999999999,0
1RJC_AB,5,afll,MM-GBSA,c1,13.07475167496159,0
1RJC_AB,1,random,BA-DDG,c2,1.214,0
1RJC_AB,1,random,H3,c2,2.1932,0
1RJC_AB,1,random,Pythia,c2,8.07252361625433,0
1RJC_AB,1,random,FoldX,c2,1.1893800000000008,0
1RJC_AB,1,random,MM-GBSA,c2,17.62629641903368,0
1RJC_AB,2,random,BA-DDG,c3,0.544,0
1RJC_AB,2,random,H3,c3,0.771,0
1RJC_AB,2,random,Pythia,c3,-0.7142740748822689,0
1RJC_AB,2,random,FoldX,c3,2.7367299999999997,0
1RJC_AB,2,random,MM-GBSA,c3,6562.23516903424,0
1RJC_AB,3,random,BA-DDG,c4,1.981,0
1RJC_AB,3,random,H3,c4,1.7958,0
1RJC_AB,3,random,Pythia,c4,2.4405523277819157,0
1RJC_AB,3,random,FoldX,c4,9.561309999999999,0
1RJC_AB,3,random,MM-GBSA,c4,10.530969719197856,0
1RJC_AB,4,random,BA-DDG,c5,0.773,0
1RJC_AB,4,random,H3,c5,1.4126,0
1RJC_AB,4,random,Pythia,c5,-3.481612048810348,0
1RJC_AB,4,random,FoldX,c5,19.75678,0
1RJC_AB,4,random,MM-GBSA,c5,15.525542552608385,0
1RJC_AB,5,random,BA-DDG,c6,1.616,0
1RJC_AB,5,random,H3,c6,1.6505,0
1RJC_AB,5,random,Pythia,c6,9.041011694818735,0
1RJC_AB,5,random,FoldX,c6,3.097830000000001,0
1RJC_AB,5,random,MM-GBSA,c6,16.13522609348456,0
1RJC_AB,1,wt,BA-DDG,c7,-0.57,0
1RJC_AB,1,wt,H3,c7,-0.8777,0
1RJC_AB,1,wt,Pythia,c7,-2.086370747536421,0
1RJC_AB,1,wt,FoldX,c7,1.0204000000000004,0
1RJC_AB,1,wt,MM-GBSA,c7,12.197045306283144,0
1RJC_AB,2,wt,BA-DDG,c8,-0.203,0
1RJC_AB,2,wt,H3,c8,-0.156,0
1RJC_AB,2,wt,Pythia,c8,-1.2228925747331232,0
1RJC_AB,2,wt,FoldX,c8,5.83852,0
1RJC_AB,2,wt,MM-GBSA,c8,16.51517949563913,0
1RJC_AB,3,wt,BA-DDG,c9,-0.381,0
1RJC_AB,3,wt,H3,c9,0.2023,0
1RJC_AB,3,wt,Pythia,c9,1.5030386671423912,0
1RJC_AB,3,wt,FoldX,c9,-1.1464799999999986,0
1RJC_AB,3,wt,MM-GBSA,c9,25.655108251258753,0
1RJC_AB,4,wt,BA-DDG,c10,-2.328,0
1RJC_AB,4,wt,H3,c10,-2.0407,0
1RJC_AB,4,wt,Pythia,c10,4.240730129182339,0
1RJC_AB,4,wt,FoldX,c10,-3.4864499999999996,0
1RJC_AB,4,wt,MM-GBSA,c10,8.328545591120019,0
1RJC_AB,5,wt,BA-DDG,c11,-1.718,0
1RJC_AB,5,wt,H3,c11,-1.2085,0
1RJC_AB,5,wt,Pythia,c11,-2.012641217559576,0
1RJC_AB,5,wt,FoldX,c11,1.8132799999999998,0
1RJC_AB,5,wt,MM-GBSA,c11,16.983371153594817,0
1RJC_AB,1,mean,BA-DDG,c7,-0.57,0
1RJC_AB,1,mean,H3,c7,-0.8777,0
1RJC_AB,1,mean,Pythia,c7,-2.086370747536421,0
1RJC_AB,1,mean,FoldX,c7,1.0204000000000004,0
1RJC_AB,1,mean,MM-GBSA,c7,12.197045306283144,0
1RJC_AB,2,mean,BA-DDG,c8,-0.203,0
1RJC_AB,2,mean,H3,c8,-0.156,0
1RJC_AB,2,mean,Pythia,c8,-1.2228925747331232,0
1RJC_AB,2,mean,FoldX,c8,5.83852,0
1RJC_AB,2,mean,MM-GBSA,c8,16.51517949563913,0
1RJC_AB,3,mean,BA-DDG,c12,-1.081,0
1RJC_AB,3,mean,H3,c12,-0.8715,0
1RJC_AB,3,mean,Pythia,c12,1.140840981155634,0
1RJC_AB,3,mean,FoldX,c12,0.1846400000000017,0
1RJC_AB,3,mean,MM-GBSA,c12,11.543119337390635,0
1RJC_AB,4,mean,BA-DDG,c10,-2.328,0
1RJC_AB,4,mean,H3,c10,-2.0407,0
1RJC_AB,4,mean,Pythia,c10,4.240730129182339,0
1RJC_AB,4,mean,FoldX,c10,-3.4864499999999996,0
1RJC_AB,4,mean,MM-GBSA,c10,8.328545591120019,0
1RJC_AB,5,mean,BA-DDG,c11,-1.718,0
1RJC_AB,5,mean,H3,c11,-1.2085,0
1RJC_AB,5,mean,Pythia,c11,-2.012641217559576,0
1RJC_AB,5,mean,FoldX,c11,1.8132799999999998,0
1RJC_AB,5,mean,MM-GBSA,c11,16.983371153594817,0
1RJC_AB,1,cvar50,BA-DDG,c7,-0.57,0
1RJC_AB,1,cvar50,H3,c7,-0.8777,0
1RJC_AB,1,cvar50,Pythia,c7,-2.086370747536421,0
1RJC_AB,1,cvar50,FoldX,c7,1.0204000000000004,0
1RJC_AB,1,cvar50,MM-GBSA,c7,12.197045306283144,0
1RJC_AB,2,cvar50,BA-DDG,c8,-0.203,0
1RJC_AB,2,cvar50,H3,c8,-0.156,0
1RJC_AB,2,cvar50,Pythia,c8,-1.2228925747331232,0
1RJC_AB,2,cvar50,FoldX,c8,5.83852,0
1RJC_AB,2,cvar50,MM-GBSA,c8,16.51517949563913,0
1RJC_AB,3,cvar50,BA-DDG,c9,-0.381,0
1RJC_AB,3,cvar50,H3,c9,0.2023,0
1RJC_AB,3,cvar50,Pythia,c9,1.5030386671423912,0
1RJC_AB,3,cvar50,FoldX,c9,-1.1464799999999986,0
1RJC_AB,3,cvar50,MM-GBSA,c9,25.655108251258753,0
1RJC_AB,4,cvar50,BA-DDG,c10,-2.328,0
1RJC_AB,4,cvar50,H3,c10,-2.0407,0
1RJC_AB,4,cvar50,Pythia,c10,4.240730129182339,0
1RJC_AB,4,cvar50,FoldX,c10,-3.4864499999999996,0
1RJC_AB,4,cvar50,MM-GBSA,c10,8.328545591120019,0
1RJC_AB,5,cvar50,BA-DDG,c11,-1.718,0
1RJC_AB,5,cvar50,H3,c11,-1.2085,0
1RJC_AB,5,cvar50,Pythia,c11,-2.012641217559576,0
1RJC_AB,5,cvar50,FoldX,c11,1.8132799999999998,0
1RJC_AB,5,cvar50,MM-GBSA,c11,16.983371153594817,0
1RJC_AB,1,cvar20,BA-DDG,c7,-0.57,0
1RJC_AB,1,cvar20,H3,c7,-0.8777,0
1RJC_AB,1,cvar20,Pythia,c7,-2.086370747536421,0
1RJC_AB,1,cvar20,FoldX,c7,1.0204000000000004,0
1RJC_AB,1,cvar20,MM-GBSA,c7,12.197045306283144,0
1RJC_AB,2,cvar20,BA-DDG,c8,-0.203,0
1RJC_AB,2,cvar20,H3,c8,-0.156,0
1RJC_AB,2,cvar20,Pythia,c8,-1.2228925747331232,0
1RJC_AB,2,cvar20,FoldX,c8,5.83852,0
1RJC_AB,2,cvar20,MM-GBSA,c8,16.51517949563913,0
1RJC_AB,3,cvar20,BA-DDG,c9,-0.381,0
1RJC_AB,3,cvar20,H3,c9,0.2023,0
1RJC_AB,3,cvar20,Pythia,c9,1.5030386671423912,0
1RJC_AB,3,cvar20,FoldX,c9,-1.1464799999999986,0
1RJC_AB,3,cvar20,MM-GBSA,c9,25.655108251258753,0
1RJC_AB,4,cvar20,BA-DDG,c10,-2.328,0
1RJC_AB,4,cvar20,H3,c10,-2.0407,0
1RJC_AB,4,cvar20,Pythia,c10,4.240730129182339,0
1RJC_AB,4,cvar20,FoldX,c10,-3.4864499999999996,0
1RJC_AB,4,cvar20,MM-GBSA,c10,8.328545591120019,0
1RJC_AB,5,cvar20,BA-DDG,c11,-1.718,0
1RJC_AB,5,cvar20,H3,c11,-1.2085,0
1RJC_AB,5,cvar20,Pythia,c11,-2.012641217559576,0
1RJC_AB,5,cvar20,FoldX,c11,1.8132799999999998,0
1RJC_AB,5,cvar20,MM-GBSA,c11,16.983371153594817,0
1RJC_AB,1,max,BA-DDG,c13,-0.751,0
1RJC_AB,1,max,H3,c13,-0.6881,0
1RJC_AB,1,max,Pythia,c13,2.2696836218237877,0
1RJC_AB,1,max,FoldX,c13,2.1932799999999997,0
1RJC_AB,1,max,MM-GBSA,c13,6.798422503819893,0
1RJC_AB,2,max,BA-DDG,c8,-0.203,0
1RJC_AB,2,max,H3,c8,-0.156,0
1RJC_AB,2,max,Pythia,c8,-1.2228925747331232,0
1RJC_AB,2,max,FoldX,c8,5.83852,0
1RJC_AB,2,max,MM-GBSA,c8,16.51517949563913,0
1RJC_AB,3,max,BA-DDG,c9,-0.381,0
1RJC_AB,3,max,H3,c9,0.2023,0
1RJC_AB,3,max,Pythia,c9,1.5030386671423912,0
1RJC_AB,3,max,FoldX,c9,-1.1464799999999986,0
1RJC_AB,3,max,MM-GBSA,c9,25.655108251258753,0
1RJC_AB,4,max,BA-DDG,c10,-2.328,0
1RJC_AB,4,max,H3,c10,-2.0407,0
1RJC_AB,4,max,Pythia,c10,4.240730129182339,0
1RJC_AB,4,max,FoldX,c10,-3.4864499999999996,0
1RJC_AB,4,max,MM-GBSA,c10,8.328545591120019,0
1RJC_AB,5,max,BA-DDG,c11,-1.718,0
1RJC_AB,5,max,H3,c11,-1.2085,0
1RJC_AB,5,max,Pythia,c11,-2.012641217559576,0
1RJC_AB,5,max,FoldX,c11,1.8132799999999998,0
1RJC_AB,5,max,MM-GBSA,c11,16.983371153594817,0
1ZVH_AL,1,afll,BA-DDG,c0,3.181,0
1ZVH_AL,1,afll,H3,c0,2.4445,0
1ZVH_AL,1,afll,Pythia,c0,9.206807047128677,0
1ZVH_AL,1,afll,FoldX,c0,1.4992299999999998,0
1ZVH_AL,1,afll,MM-GBSA,c0,17.764406259309908,0
1ZVH_AL,2,afll,BA-DDG,c1,4.67,0
1ZVH_AL,2,afll,H3,c1,2.9554,0
1ZVH_AL,2,afll,Pythia,c1,9.233995825052261,0
1ZVH_AL,2,afll,FoldX,c1,2.6795799999999996,0
1ZVH_AL,2,afll,MM-GBSA,c1,19.86270850458004,0
1ZVH_AL,3,afll,BA-DDG,c2,3.389,0
1ZVH_AL,3,afll,H3,c2,3.6361,0
1ZVH_AL,3,afll,Pythia,c2,12.168488308787346,0
1ZVH_AL,3,afll,FoldX,c2,3.7769399999999997,0
1ZVH_AL,3,afll,MM-GBSA,c2,21.87687926234321,0
1ZVH_AL,4,afll,BA-DDG,c3,3.086,0
1ZVH_AL,4,afll,H3,c3,1.9705,0
1ZVH_AL,4,afll,Pythia,c3,8.303745433688164,0
1ZVH_AL,4,afll,FoldX,c3,3.3397699999999997,0
1ZVH_AL,4,afll,MM-GBSA,c3,16.049467552245005,0
1ZVH_AL,5,afll,BA-DDG,c4,7.316,0
1ZVH_AL,5,afll,H3,c4,6.3592,0
1ZVH_AL,5,afll,Pythia,c4,11.109880045056343,0
1ZVH_AL,5,afll,FoldX,c4,3.3855399999999998,0
1ZVH_AL,5,afll,MM-GBSA,c4,24.134984484474444,0
1ZVH_AL,1,random,BA-DDG,c5,4.639,0
1ZVH_AL,1,random,H3,c5,5.3446,0
1ZVH_AL,1,random,Pythia,c5,12.01438507437706,0
1ZVH_AL,1,random,FoldX,c5,5.951432,0
1ZVH_AL,1,random,MM-GBSA,c5,30.844033649165794,0
1ZVH_AL,2,random,BA-DDG,c6,3.223,0
1ZVH_AL,2,random,H3,c6,2.5441,0
1ZVH_AL,2,random,Pythia,c6,10.64588950201869,0
1ZVH_AL,2,random,FoldX,c6,4.4895499999999995,0
1ZVH_AL,2,random,MM-GBSA,c6,23.015107740478925,0
1ZVH_AL,3,random,BA-DDG,c7,6.926,0
1ZVH_AL,3,random,H3,c7,6.1782,0
1ZVH_AL,3,random,Pythia,c7,17.001708053052425,0
1ZVH_AL,3,random,FoldX,c7,5.59656,0
1ZVH_AL,3,random,MM-GBSA,c7,23.69082967615668,0
1ZVH_AL,4,random,BA-DDG,c8,6.866,0
1ZVH_AL,4,random,H3,c8,6.9576,0
1ZVH_AL,4,random,Pythia,c8,16.502841852605343,0
1ZVH_AL,4,random,FoldX,c8,3.8174099999999997,0
1ZVH_AL,4,random,MM-GBSA,c8,20.967403354677117,0
1ZVH_AL,5,random,BA-DDG,c9,4.167,0
1ZVH_AL,5,random,H3,c9,4.7713,0
1ZVH_AL,5,random,Pythia,c9,8.607801504433155,0
1ZVH_AL,5,random,FoldX,c9,5.907995,0
1ZVH_AL,5,random,MM-GBSA,c9,23.669068823476664,0
1ZVH_AL,1,wt,BA-DDG,c10,0.144,0
1ZVH_AL,1,wt,H3,c10,2.5133,0
1ZVH_AL,1,wt,Pythia,c10,7.506452803499997,0
1ZVH_AL,1,wt,FoldX,c10,3.29384,0
1ZVH_AL,1,wt,MM-GBSA,c10,24.515079455885825,0
1ZVH_AL,2,wt,BA-DDG,c11,-0.894,0
1ZVH_AL,2,wt,H3,c11,2.3259,0
1ZVH_AL,2,wt,Pythia,c11,10.204282075166702,0
1ZVH_AL,2,wt,FoldX,c11,3.25291,0
1ZVH_AL,2,wt,MM-GBSA,c11,21.80307622289729,0
1ZVH_AL,3,wt,BA-DDG,c12,-0.946,0
1ZVH_AL,3,wt,H3,c12,0.1881,0
1ZVH_AL,3,wt,Pythia,c12,5.633074507117271,0
1ZVH_AL,3,wt,FoldX,c12,2.8870799999999996,0
1ZVH_AL,3,wt,MM-GBSA,c12,12.233491473674803,0
1ZVH_AL,4,wt,BA-DDG,c13,-0.258,0
1ZVH_AL,4,wt,H3,c13,3.0973,0
1ZVH_AL,4,wt,Pythia,c13,5.713485397398472,0
1ZVH_AL,4,wt,FoldX,c13,4.36344,0
1ZVH_AL,4,wt,MM-GBSA,c13,22.996821442800865,0
1ZVH_AL,5,wt,BA-DDG,c14,-0.421,0
1ZVH_AL,5,wt,H3,c14,1.7015,0
1ZVH_AL,5,wt,Pythia,c14,8.074776619672775,0
1ZVH_AL,5,wt,FoldX,c14,2.94971,0
1ZVH_AL,5,wt,MM-GBSA,c14,22.093228822352103,0
1ZVH_AL,1,mean,BA-DDG,c15,-0.52,0
1ZVH_AL,1,mean,H3,c15,1.6104,0
1ZVH_AL,1,mean,Pythia,c15,8.35973846539855,0
1ZVH_AL,1,mean,FoldX,c15,5.44621,0
1ZVH_AL,1,mean,MM-GBSA,c15,20.74905383279838,0
1ZVH_AL,2,mean,BA-DDG,c11,-0.894,0
1ZVH_AL,2,mean,H3,c11,2.3259,0
1ZVH_AL,2,mean,Pythia,c11,10.204282075166702,0
1ZVH_AL,2,mean,FoldX,c11,3.25291,0
1ZVH_AL,2,mean,MM-GBSA,c11,21.80307622289729,0
1ZVH_AL,3,mean,BA-DDG,c12,-0.946,0
1ZVH_AL,3,mean,H3,c12,0.1881,0
1ZVH_AL,3,mean,Pythia,c12,5.633074507117271,0
1ZVH_AL,3,mean,FoldX,c12,2.8870799999999996,0
1ZVH_AL,3,mean,MM-GBSA,c12,12.233491473674803,0
1ZVH_AL,4,mean,BA-DDG,c16,-1.404,0
1ZVH_AL,4,mean,H3,c16,2.198,0
1ZVH_AL,4,mean,Pythia,c16,4.832877144217491,0
1ZVH_AL,4,mean,FoldX,c16,1.6558099999999998,0
1ZVH_AL,4,mean,MM-GBSA,c16,26.58523829643491,0
1ZVH_AL,5,mean,BA-DDG,c14,-0.421,0
1ZVH_AL,5,mean,H3,c14,1.7015,0
1ZVH_AL,5,mean,Pythia,c14,8.074776619672775,0
1ZVH_AL,5,mean,FoldX,c14,2.94971,0
1ZVH_AL,5,mean,MM-GBSA,c14,22.093228822352103,0
1ZVH_AL,1,cvar50,BA-DDG,c17,-0.067,0
1ZVH_AL,1,cvar50,H3,c17,0.7402,0
1ZVH_AL,1,cvar50,Pythia,c17,5.7432815209031105,0
1ZVH_AL,1,cvar50,FoldX,c17,2.9075699999999998,0
1ZVH_AL,1,cvar50,MM-GBSA,c17,11.267972478964111,0
1ZVH_AL,2,cvar50,BA-DDG,c11,-0.894,0
1ZVH_AL,2,cvar50,H3,c11,2.3259,0
1ZVH_AL,2,cvar50,Pythia,c11,10.204282075166702,0
1ZVH_AL,2,cvar50,FoldX,c11,3.25291,0
1ZVH_AL,2,cvar50,MM-GBSA,c11,21.80307622289729,0
1ZVH_AL,3,cvar50,BA-DDG,c12,-0.946,0
1ZVH_AL,3,cvar50,H3,c12,0.1881,0
1ZVH_AL,3,cvar50,Pythia,c12,5.633074507117271,0
1ZVH_AL,3,cvar50,FoldX,c12,2.8870799999999996,0
1ZVH_AL,3,cvar50,MM-GBSA,c12,12.233491473674803,0
1ZVH_AL,4,cvar50,BA-DDG,c16,-1.404,0
1ZVH_AL,4,cvar50,H3,c16,2.198,0
1ZVH_AL,4,cvar50,Pythia,c16,4.832877144217491,0
1ZVH_AL,4,cvar50,FoldX,c16,1.6558099999999998,0
1ZVH_AL,4,cvar50,MM-GBSA,c16,26.58523829643491,0
1ZVH_AL,5,cvar50,BA-DDG,c14,-0.421,0
1ZVH_AL,5,cvar50,H3,c14,1.7015,0
1ZVH_AL,5,cvar50,Pythia,c14,8.074776619672775,0
1ZVH_AL,5,cvar50,FoldX,c14,2.94971,0
1ZVH_AL,5,cvar50,MM-GBSA,c14,22.093228822352103,0
1ZVH_AL,1,cvar20,BA-DDG,c17,-0.067,0
1ZVH_AL,1,cvar20,H3,c17,0.7402,0
1ZVH_AL,1,cvar20,Pythia,c17,5.7432815209031105,0
1ZVH_AL,1,cvar20,FoldX,c17,2.9075699999999998,0
1ZVH_AL,1,cvar20,MM-GBSA,c17,11.267972478964111,0
1ZVH_AL,2,cvar20,BA-DDG,c11,-0.894,0
1ZVH_AL,2,cvar20,H3,c11,2.3259,0
1ZVH_AL,2,cvar20,Pythia,c11,10.204282075166702,0
1ZVH_AL,2,cvar20,FoldX,c11,3.25291,0
1ZVH_AL,2,cvar20,MM-GBSA,c11,21.80307622289729,0
1ZVH_AL,3,cvar20,BA-DDG,c12,-0.946,0
1ZVH_AL,3,cvar20,H3,c12,0.1881,0
1ZVH_AL,3,cvar20,Pythia,c12,5.633074507117271,0
1ZVH_AL,3,cvar20,FoldX,c12,2.8870799999999996,0
1ZVH_AL,3,cvar20,MM-GBSA,c12,12.233491473674803,0
1ZVH_AL,4,cvar20,BA-DDG,c16,-1.404,0
1ZVH_AL,4,cvar20,H3,c16,2.198,0
1ZVH_AL,4,cvar20,Pythia,c16,4.832877144217491,0
1ZVH_AL,4,cvar20,FoldX,c16,1.6558099999999998,0
1ZVH_AL,4,cvar20,MM-GBSA,c16,26.58523829643491,0
1ZVH_AL,5,cvar20,BA-DDG,c14,-0.421,0
1ZVH_AL,5,cvar20,H3,c14,1.7015,0
1ZVH_AL,5,cvar20,Pythia,c14,8.074776619672775,0
1ZVH_AL,5,cvar20,FoldX,c14,2.94971,0
1ZVH_AL,5,cvar20,MM-GBSA,c14,22.093228822352103,0
1ZVH_AL,1,max,BA-DDG,c17,-0.067,0
1ZVH_AL,1,max,H3,c17,0.7402,0
1ZVH_AL,1,max,Pythia,c17,5.7432815209031105,0
1ZVH_AL,1,max,FoldX,c17,2.9075699999999998,0
1ZVH_AL,1,max,MM-GBSA,c17,11.267972478964111,0
1ZVH_AL,2,max,BA-DDG,c11,-0.894,0
1ZVH_AL,2,max,H3,c11,2.3259,0
1ZVH_AL,2,max,Pythia,c11,10.204282075166702,0
1ZVH_AL,2,max,FoldX,c11,3.25291,0
1ZVH_AL,2,max,MM-GBSA,c11,21.80307622289729,0
1ZVH_AL,3,max,BA-DDG,c12,-0.946,0
1ZVH_AL,3,max,H3,c12,0.1881,0
1ZVH_AL,3,max,Pythia,c12,5.633074507117271,0
1ZVH_AL,3,max,FoldX,c12,2.8870799999999996,0
1ZVH_AL,3,max,MM-GBSA,c12,12.233491473674803,0
1ZVH_AL,4,max,BA-DDG,c16,-1.404,0
1ZVH_AL,4,max,H3,c16,2.198,0
1ZVH_AL,4,max,Pythia,c16,4.832877144217491,0
1ZVH_AL,4,max,FoldX,c16,1.6558099999999998,0
1ZVH_AL,4,max,MM-GBSA,c16,26.58523829643491,0
1ZVH_AL,5,max,BA-DDG,c14,-0.421,0
1ZVH_AL,5,max,H3,c14,1.7015,0
1ZVH_AL,5,max,Pythia,c14,8.074776619672775,0
1ZVH_AL,5,max,FoldX,c14,2.94971,0
1ZVH_AL,5,max,MM-GBSA,c14,22.093228822352103,0
3L5W_HLI,1,afll,BA-DDG,c0,0.717,3
3L5W_HLI,1,afll,H3,c0,-0.3304,3
3L5W_HLI,1,afll,Pythia,c0,-0.6160802841186523,3
3L5W_HLI,1,afll,FoldX,c0,1.7304630000000003,3
3L5W_HLI,1,afll,MM-GBSA,c0,4.497241918609234,3
3L5W_HLI,2,afll,BA-DDG,c1,0.693,3
3L5W_HLI,2,afll,H3,c1,-0.2778,3
3L5W_HLI,2,afll,Pythia,c1,-0.669811487197876,3
3L5W_HLI,2,afll,FoldX,c1,0.8319500000000009,3
3L5W_HLI,2,afll,MM-GBSA,c1,4.182703756625415,3
3L5W_HLI,3,afll,BA-DDG,c2,1.135,3
3L5W_HLI,3,afll,H3,c2,-0.2806,3
3L5W_HLI,3,afll,Pythia,c2,-0.6160802841186523,3
3L5W_HLI,3,afll,FoldX,c2,1.5728359999999997,3
3L5W_HLI,3,afll,MM-GBSA,c2,7.132848562294839,3
3L5W_HLI,4,afll,BA-DDG,c3,0.288,3
3L5W_HLI,4,afll,H3,c3,-0.1413,3
3L5W_HLI,4,afll,Pythia,c3,-1.6490480303764343,3
3L5W_HLI,4,afll,FoldX,c3,0.6987330000000007,3
3L5W_HLI,4,afll,MM-GBSA,c3,10.54322110376097,3
3L5W_HLI,5,afll,BA-DDG,c4,1.258,3
3L5W_HLI,5,afll,H3,c4,-0.3495,3
3L5W_HLI,5,afll,Pythia,c4,-0.669811487197876,3
3L5W_HLI,5,afll,FoldX,c4,1.4285930000000011,3
3L5W_HLI,5,afll,MM-GBSA,c4,8.966686929210027,3
3L5W_HLI,1,random,BA-DDG,c5,4.11,3
3L5W_HLI,1,random,H3,c5,1.9565,3
3L5W_HLI,1,random,Pythia,c5,7.400452554225922,3
3L5W_HLI,1,random,FoldX,c5,1.715128,3
3L5W_HLI,1,random,MM-GBSA,c5,7.994752356887602,3
3L5W_HLI,2,random,BA-DDG,c6,2.065,3
3L5W_HLI,2,random,H3,c6,1.9776,3
3L5W_HLI,2,random,Pythia,c6,0.08881131745874882,3
3L5W_HLI,2,random,FoldX,c6,2.5738199999999996,3
3L5W_HLI,2,random,MM-GBSA,c6,15.70440093878642,3
3L5W_HLI,3,random,BA-DDG,c7,3.633,3
3L5W_HLI,3,random,H3,c7,1.9805,3
3L5W_HLI,3,random,Pythia,c7,11.40639691054821,3
3L5W_HLI,3,random,FoldX,c7,4.084509000000001,3
3L5W_HLI,3,random,MM-GBSA,c7,18.96254850015157,3
3L5W_HLI,4,random,BA-DDG,c8,1.266,3
3L5W_HLI,4,random,H3,c8,0.7253,3
3L5W_HLI,4,random,Pythia,c8,5.8023348562419415,3
3L5W_HLI,4,random,FoldX,c8,3.6699850999999994,3
3L5W_HLI,4,random,MM-GBSA,c8,10.319219001873535,3
3L5W_HLI,5,random,BA-DDG,c9,0.588,3
3L5W_HLI,5,random,H3,c9,0.0575,3
3L5W_HLI,5,random,Pythia,c9,-0.5338172912597656,3
3L5W_HLI,5,random,FoldX,c9,1.2228059999999985,3
3L5W_HLI,5,random,MM-GBSA,c9,7.8453319333411855,3
3L5W_HLI,1,wt,BA-DDG,c10,1.018,3
3L5W_HLI,1,wt,H3,c10,-0.2876,3
3L5W_HLI,1,wt,Pythia,c10,-0.1385161429643631,3
3L5W_HLI,1,wt,FoldX,c10,1.5372310000000002,3
3L5W_HLI,1,wt,MM-GBSA,c10,6.561798867976904,3
3L5W_HLI,2,wt,BA-DDG,c11,0.818,3
3L5W_HLI,2,wt,H3,c11,0.2725,3
3L5W_HLI,2,wt,Pythia,c11,1.2186248004436493,3
3L5W_HLI,2,wt,FoldX,c11,3.6224859999999994,3
3L5W_HLI,2,wt,MM-GBSA,c11,15.726969324030051,3
3L5W_HLI,3,wt,BA-DDG,c12,0.691,3
3L5W_HLI,3,wt,H3,c12,-0.379,3
3L5W_HLI,3,wt,Pythia,c12,-0.669811487197876,3
3L5W_HLI,3,wt,FoldX,c12,1.8228099999999996,3
3L5W_HLI,3,wt,MM-GBSA,c12,4.0250185717013665,3
3L5W_HLI,4,wt,BA-DDG,c13,-0.48,3
3L5W_HLI,4,wt,H3,c13,-0.3405,3
3L5W_HLI,4,wt,Pythia,c13,1.7430835962295532,3
3L5W_HLI,4,wt,FoldX,c13,3.3394700000000004,3
3L5W_HLI,4,wt,MM-GBSA,c13,8.323381330856591,3
3L5W_HLI,5,wt,BA-DDG,c14,0.673,3
3L5W_HLI,5,wt,H3,c14,-0.3259,3
3L5W_HLI,5,wt,Pythia,c14,-0.45367622934281826,3
3L5W_HLI,5,wt,FoldX,c14,0.648007999999999,3
3L5W_HLI,5,wt,MM-GBSA,c14,8.91930884830208,3
3L5W_HLI,1,mean,BA-DDG,c15,0.623,3
3L5W_HLI,1,mean,H3,c15,-0.6365,3
3L5W_HLI,1,mean,Pythia,c15,-0.8458030074834824,3
3L5W_HLI,1,mean,FoldX,c15,1.1886880000000009,3
3L5W_HLI,1,mean,MM-GBSA,c15,2.9811665143274695,3
3L5W_HLI,2,mean,BA-DDG,c16,0.388,3
3L5W_HLI,2,mean,H3,c16,-1.1019,3
3L5W_HLI,2,mean,Pythia,c16,0.31869031488895416,3
3L5W_HLI,2,mean,FoldX,c16,2.436311,3
3L5W_HLI,2,mean,MM-GBSA,c16,3.238206587137938,3
3L5W_HLI,3,mean,BA-DDG,c17,-0.176,3
3L5W_HLI,3,mean,H3,c17,-0.9666,3
3L5W_HLI,3,mean,Pythia,c17,-1.4258640855550766,3
3L5W_HLI,3,mean,FoldX,c17,1.8826699999999992,3
3L5W_HLI,3,mean,MM-GBSA,c17,6.498121463463576,3
3L5W_HLI,4,mean,BA-DDG,c13,-0.48,3
3L5W_HLI,4,mean,H3,c13,-0.3405,3
3L5W_HLI,4,mean,Pythia,c13,1.7430835962295532,3
3L5W_HLI,4,mean,FoldX,c13,3.3394700000000004,3
3L5W_HLI,4,mean,MM-GBSA,c13,8.323381330856591,3
3L5W_HLI,5,mean,BA-DDG,c18,1.136,3
3L5W_HLI,5,mean,H3,c18,0.2466,3
3L5W_HLI,5,mean,Pythia,c18,1.866271749138832,3
3L5W_HLI,5,mean,FoldX,c18,2.0514599999999996,3
3L5W_HLI,5,mean,MM-GBSA,c18,11.22377744143705,3
3L5W_HLI,1,cvar50,BA-DDG,c19,0.912,3
3L5W_HLI,1,cvar50,H3,c19,-0.4107,3
3L5W_HLI,1,cvar50,Pythia,c19,-1.5924321413040161,3
3L5W_HLI,1,cvar50,FoldX,c19,1.7593549999999993,3
3L5W_HLI,1,cvar50,MM-GBSA,c19,8.39005362554417,3
3L5W_HLI,2,cvar50,BA-DDG,c16,0.388,3
3L5W_HLI,2,cvar50,H3,c16,-1.1019,3
3L5W_HLI,2,cvar50,Pythia,c16,0.31869031488895416,3
3L5W_HLI,2,cvar50,FoldX,c16,2.436311,3
3L5W_HLI,2,cvar50,MM-GBSA,c16,3.238206587137938,3
3L5W_HLI,3,cvar50,BA-DDG,c17,-0.176,3
3L5W_HLI,3,cvar50,H3,c17,-0.9666,3
3L5W_HLI,3,cvar50,Pythia,c17,-1.4258640855550766,3
3L5W_HLI,3,cvar50,FoldX,c17,1.8826699999999992,3
3L5W_HLI,3,cvar50,MM-GBSA,c17,6.498121463463576,3
3L5W_HLI,4,cvar50,BA-DDG,c20,0.875,3
3L5W_HLI,4,cvar50,H3,c20,0.2857,3
3L5W_HLI,4,cvar50,Pythia,c20,0.9588844925165176,3
3L5W_HLI,4,cvar50,FoldX,c20,1.5992310000000005,3
3L5W_HLI,4,cvar50,MM-GBSA,c20,10.075366237334492,3
3L5W_HLI,5,cvar50,BA-DDG,c18,1.136,3
3L5W_HLI,5,cvar50,H3,c18,0.2466,3
3L5W_HLI,5,cvar50,Pythia,c18,1.866271749138832,3
3L5W_HLI,5,cvar50,FoldX,c18,2.0514599999999996,3
3L5W_HLI,5,cvar50,MM-GBSA,c18,11.22377744143705,3
3L5W_HLI,1,cvar20,BA-DDG,c19,0.912,3
3L5W_HLI,1,cvar20,H3,c19,-0.4107,3
3L5W_HLI,1,cvar20,Pythia,c19,-1.5924321413040161,3
3L5W_HLI,1,cvar20,FoldX,c19,1.7593549999999993,3
3L5W_HLI,1,cvar20,MM-GBSA,c19,8.39005362554417,3
3L5W_HLI,2,cvar20,BA-DDG,c21,0.848,3
3L5W_HLI,2,cvar20,H3,c21,-0.0373,3
3L5W_HLI,2,cvar20,Pythia,c21,-0.5747989863157272,3
3L5W_HLI,2,cvar20,FoldX,c21,1.464700999999998,3
3L5W_HLI,2,cvar20,MM-GBSA,c21,7.521874441329146,3
3L5W_HLI,3,cvar20,BA-DDG,c17,-0.176,3
3L5W_HLI,3,cvar20,H3,c17,-0.9666,3
3L5W_HLI,3,cvar20,Pythia,c17,-1.4258640855550766,3
3L5W_HLI,3,cvar20,FoldX,c17,1.8826699999999992,3
3L5W_HLI,3,cvar20,MM-GBSA,c17,6.498121463463576,3
3L5W_HLI,4,cvar20,BA-DDG,c13,-0.48,3
3L5W_HLI,4,cvar20,H3,c13,-0.3405,3
3L5W_HLI,4,cvar20,Pythia,c13,1.7430835962295532,3
3L5W_HLI,4,cvar20,FoldX,c13,3.3394700000000004,3
3L5W_HLI,4,cvar20,MM-GBSA,c13,8.323381330856591,3
3L5W_HLI,5,cvar20,BA-DDG,c18,1.136,3
3L5W_HLI,5,cvar20,H3,c18,0.2466,3
3L5W_HLI,5,cvar20,Pythia,c18,1.866271749138832,3
3L5W_HLI,5,cvar20,FoldX,c18,2.0514599999999996,3
3L5W_HLI,5,cvar20,MM-GBSA,c18,11.22377744143705,3
3L5W_HLI,1,max,BA-DDG,c19,0.912,3
3L5W_HLI,1,max,H3,c19,-0.4107,3
3L5W_HLI,1,max,Pythia,c19,-1.5924321413040161,3
3L5W_HLI,1,max,FoldX,c19,1.7593549999999993,3
3L5W_HLI,1,max,MM-GBSA,c19,8.39005362554417,3
3L5W_HLI,2,max,BA-DDG,c21,0.848,3
3L5W_HLI,2,max,H3,c21,-0.0373,3
3L5W_HLI,2,max,Pythia,c21,-0.5747989863157272,3
3L5W_HLI,2,max,FoldX,c21,1.464700999999998,3
3L5W_HLI,2,max,MM-GBSA,c21,7.521874441329146,3
3L5W_HLI,3,max,BA-DDG,c17,-0.176,3
3L5W_HLI,3,max,H3,c17,-0.9666,3
3L5W_HLI,3,max,Pythia,c17,-1.4258640855550766,3
3L5W_HLI,3,max,FoldX,c17,1.8826699999999992,3
3L5W_HLI,3,max,MM-GBSA,c17,6.498121463463576,3
3L5W_HLI,4,max,BA-DDG,c13,-0.48,3
3L5W_HLI,4,max,H3,c13,-0.3405,3
3L5W_HLI,4,max,Pythia,c13,1.7430835962295532,3
3L5W_HLI,4,max,FoldX,c13,3.3394700000000004,3
3L5W_HLI,4,max,MM-GBSA,c13,8.323381330856591,3
3L5W_HLI,5,max,BA-DDG,c18,1.136,3
3L5W_HLI,5,max,H3,c18,0.2466,3
3L5W_HLI,5,max,Pythia,c18,1.866271749138832,3
3L5W_HLI,5,max,FoldX,c18,2.0514599999999996,3
3L5W_HLI,5,max,MM-GBSA,c18,11.22377744143705,3
3L5X_HLA,1,afll,BA-DDG,c0,0.601,3
3L5X_HLA,1,afll,H3,c0,-0.7395,3
3L5X_HLA,1,afll,Pythia,c0,-1.5348162949085236,3
3L5X_HLA,1,afll,FoldX,c0,0.137397,3
3L5X_HLA,1,afll,MM-GBSA,c0,8.485436903698883,3
3L5X_HLA,2,afll,BA-DDG,c0,0.601,3
3L5X_HLA,2,afll,H3,c0,-0.7395,3
3L5X_HLA,2,afll,Pythia,c0,-1.5348162949085236,3
3L5X_HLA,2,afll,FoldX,c0,0.137397,3
3L5X_HLA,2,afll,MM-GBSA,c0,8.485436903698883,3
3L5X_HLA,3,afll,BA-DDG,c0,0.601,3
3L5X_HLA,3,afll,H3,c0,-0.7395,3
3L5X_HLA,3,afll,Pythia,c0,-1.5348162949085236,3
3L5X_HLA,3,afll,FoldX,c0,0.137397,3
3L5X_HLA,3,afll,MM-GBSA,c0,8.485436903698883,3
3L5X_HLA,4,afll,BA-DDG,c0,0.601,3
3L5X_HLA,4,afll,H3,c0,-0.7395,3
3L5X_HLA,4,afll,Pythia,c0,-1.5348162949085236,3
3L5X_HLA,4,afll,FoldX,c0,0.137397,3
3L5X_HLA,4,afll,MM-GBSA,c0,8.485436903698883,3
3L5X_HLA,5,afll,BA-DDG,c1,0.624,3
3L5X_HLA,5,afll,H3,c1,-0.242,3
3L5X_HLA,5,afll,Pythia,c1,0.20063792169094086,3
3L5X_HLA,5,afll,FoldX,c1,0.86707,3
3L5X_HLA,5,afll,MM-GBSA,c1,5.961186078884566,3
3L5X_HLA,1,random,BA-DDG,c2,3.479,3
3L5X_HLA,1,random,H3,c2,2.0374,3
3L5X_HLA,1,random,Pythia,c2,4.9148570373654366,3
3L5X_HLA,1,random,FoldX,c2,1.125281000000001,3
3L5X_HLA,1,random,MM-GBSA,c2,6.737102144219989,3
3L5X_HLA,2,random,BA-DDG,c3,1.959,3
3L5X_HLA,2,random,H3,c3,0.1797,3
3L5X_HLA,2,random,Pythia,c3,-1.130064144730568,3
3L5X_HLA,2,random,FoldX,c3,1.4322210000000002,3
3L5X_HLA,2,random,MM-GBSA,c3,12.198373927583361,3
3L5X_HLA,3,random,BA-DDG,c4,2.551,3
3L5X_HLA,3,random,H3,c4,1.2584,3
3L5X_HLA,3,random,Pythia,c4,4.3114437982439995,3
3L5X_HLA,3,random,FoldX,c4,0.3853179999999998,3
3L5X_HLA,3,random,MM-GBSA,c4,13.532043018257355,3
3L5X_HLA,4,random,BA-DDG,c5,2.019,3
3L5X_HLA,4,random,H3,c5,1.1904,3
3L5X_HLA,4,random,Pythia,c5,-1.781056135892868,3
3L5X_HLA,4,random,FoldX,c5,-0.09032000000000018,3
3L5X_HLA,4,random,MM-GBSA,c5,10.950184158170487,3
3L5X_HLA,5,random,BA-DDG,c6,1.729,3
3L5X_HLA,5,random,H3,c6,0.9246,3
3L5X_HLA,5,random,Pythia,c6,0.3057856857776642,3
3L5X_HLA,5,random,FoldX,c6,3.3894100000000007,3
3L5X_HLA,5,random,MM-GBSA,c6,10.631799635568768,3
3L5X_HLA,1,wt,BA-DDG,c7,-0.656,3
3L5X_HLA,1,wt,H3,c7,-0.758,3
3L5X_HLA,1,wt,Pythia,c7,-0.24742811292526312,3
3L5X_HLA,1,wt,FoldX,c7,0.1889099999999999,3
3L5X_HLA,1,wt,MM-GBSA,c7,9.219690692333643,3
3L5X_HLA,2,wt,BA-DDG,c8,1.095,3
3L5X_HLA,2,wt,H3,c8,-0.5493,3
3L5X_HLA,2,wt,Pythia,c8,0.6996107052254956,3
3L5X_HLA,2,wt,FoldX,c8,-0.8944550000000007,3
3L5X_HLA,2,wt,MM-GBSA,c8,11.63826697130935,3
3L5X_HLA,3,wt,BA-DDG,c9,-0.135,3
3L5X_HLA,3,wt,H3,c9,-1.1548,3
3L5X_HLA,3,wt,Pythia,c9,-2.2600599341094494,3
3L5X_HLA,3,wt,FoldX,c9,2.496772,3
3L5X_HLA,3,wt,MM-GBSA,c9,9.03535539655968,3
3L5X_HLA,4,wt,BA-DDG,c10,-0.192,3
3L5X_HLA,4,wt,H3,c10,-0.382,3
3L5X_HLA,4,wt,Pythia,c10,-0.21227332204580307,3
3L5X_HLA,4,wt,FoldX,c10,3.8997200000000003,3
3L5X_HLA,4,wt,MM-GBSA,c10,13.320834780434325,3
3L5X_HLA,5,wt,BA-DDG,c11,-0.099,3
3L5X_HLA,5,wt,H3,c11,-0.1342,3
3L5X_HLA,5,wt,Pythia,c11,0.6033915728330612,3
3L5X_HLA,5,wt,FoldX,c11,0.6615599999999997,3
3L5X_HLA,5,wt,MM-GBSA,c11,10.28163005220813,3
3L5X_HLA,1,mean,BA-DDG,c12,-0.065,3
3L5X_HLA,1,mean,H3,c12,-0.5742,3
3L5X_HLA,1,mean,Pythia,c12,-0.1307627186179161,3
3L5X_HLA,1,mean,FoldX,c12,3.8571040000000014,3
3L5X_HLA,1,mean,MM-GBSA,c12,12.869232343598014,3
3L5X_HLA,2,mean,BA-DDG,c13,0.09,3
3L5X_HLA,2,mean,H3,c13,-0.4713,3
3L5X_HLA,2,mean,Pythia,c13,-0.3778873682022095,3
3L5X_HLA,2,mean,FoldX,c13,0.6577640000000002,3
3L5X_HLA,2,mean,MM-GBSA,c13,8.173339760388444,3
3L5X_HLA,3,mean,BA-DDG,c14,-0.668,3
3L5X_HLA,3,mean,H3,c14,-0.8809,3
3L5X_HLA,3,mean,Pythia,c14,0.876689538359642,3
3L5X_HLA,3,mean,FoldX,c14,1.7052090000000018,3
3L5X_HLA,3,mean,MM-GBSA,c14,10.92003345314697,3
3L5X_HLA,4,mean,BA-DDG,c15,-0.023,3
3L5X_HLA,4,mean,H3,c15,-1.1754,3
3L5X_HLA,4,mean,Pythia,c15,-2.2600599341094494,3
3L5X_HLA,4,mean,FoldX,c15,-0.4931719999999995,3
3L5X_HLA,4,mean,MM-GBSA,c15,7.8415985066562826,3
3L5X_HLA,5,mean,BA-DDG,c16,-0.493,3
3L5X_HLA,5,mean,H3,c16,-0.8457,3
3L5X_HLA,5,mean,Pythia,c16,-2.605601739138365,3
3L5X_HLA,5,mean,FoldX,c16,0.21273300000000006,3
3L5X_HLA,5,mean,MM-GBSA,c16,7.364843753738114,3
3L5X_HLA,1,cvar50,BA-DDG,c17,0.759,3
3L5X_HLA,1,cvar50,H3,c17,-0.5477,3
3L5X_HLA,1,cvar50,Pythia,c17,-0.7648630253970623,3
3L5X_HLA,1,cvar50,FoldX,c17,0.4226559999999999,3
3L5X_HLA,1,cvar50,MM-GBSA,c17,7.409280911844235,3
3L5X_HLA,2,cvar50,BA-DDG,c13,0.09,3
3L5X_HLA,2,cvar50,H3,c13,-0.4713,3
3L5X_HLA,2,cvar50,Pythia,c13,-0.3778873682022095,3
3L5X_HLA,2,cvar50,FoldX,c13,0.6577640000000002,3
3L5X_HLA,2,cvar50,MM-GBSA,c13,8.173339760388444,3
3L5X_HLA,3,cvar50,BA-DDG,c14,-0.668,3
3L5X_HLA,3,cvar50,H3,c14,-0.8809,3
3L5X_HLA,3,cvar50,Pythia,c14,0.876689538359642,3
3L5X_HLA,3,cvar50,FoldX,c14,1.7052090000000018,3
3L5X_HLA,3,cvar50,MM-GBSA,c14,10.92003345314697,3
3L5X_HLA,4,cvar50,BA-DDG,c10,-0.192,3
3L5X_HLA,4,cvar50,H3,c10,-0.382,3
3L5X_HLA,4,cvar50,Pythia,c10,-0.21227332204580307,3
3L5X_HLA,4,cvar50,FoldX,c10,3.8997200000000003,3
3L5X_HLA,4,cvar50,MM-GBSA,c10,13.320834780434325,3
3L5X_HLA,5,cvar50,BA-DDG,c18,-0.062,3
3L5X_HLA,5,cvar50,H3,c18,-0.0333,3
3L5X_HLA,5,cvar50,Pythia,c18,-0.37279664844390936,3
3L5X_HLA,5,cvar50,FoldX,c18,0.49170600000000064,3
3L5X_HLA,5,cvar50,MM-GBSA,c18,8.669048841284166,3
3L5X_HLA,1,cvar20,BA-DDG,c17,0.759,3
3L5X_HLA,1,cvar20,H3,c17,-0.5477,3
3L5X_HLA,1,cvar20,Pythia,c17,-0.7648630253970623,3
3L5X_HLA,1,cvar20,FoldX,c17,0.4226559999999999,3
3L5X_HLA,1,cvar20,MM-GBSA,c17,7.409280911844235,3
3L5X_HLA,2,cvar20,BA-DDG,c13,0.09,3
3L5X_HLA,2,cvar20,H3,c13,-0.4713,3
3L5X_HLA,2,cvar20,Pythia,c13,-0.3778873682022095,3
3L5X_HLA,2,cvar20,FoldX,c13,0.6577640000000002,3
3L5X_HLA,2,cvar20,MM-GBSA,c13,8.173339760388444,3
3L5X_HLA,3,cvar20,BA-DDG,c14,-0.668,3
3L5X_HLA,3,cvar20,H3,c14,-0.8809,3
3L5X_HLA,3,cvar20,Pythia,c14,0.876689538359642,3
3L5X_HLA,3,cvar20,FoldX,c14,1.7052090000000018,3
3L5X_HLA,3,cvar20,MM-GBSA,c14,10.92003345314697,3
3L5X_HLA,4,cvar20,BA-DDG,c10,-0.192,3
3L5X_HLA,4,cvar20,H3,c10,-0.382,3
3L5X_HLA,4,cvar20,Pythia,c10,-0.21227332204580307,3
3L5X_HLA,4,cvar20,FoldX,c10,3.8997200000000003,3
3L5X_HLA,4,cvar20,MM-GBSA,c10,13.320834780434325,3
3L5X_HLA,5,cvar20,BA-DDG,c19,1.262,3
3L5X_HLA,5,cvar20,H3,c19,-0.6173,3
3L5X_HLA,5,cvar20,Pythia,c19,0.8140851110219955,3
3L5X_HLA,5,cvar20,FoldX,c19,0.8506900000000002,3
3L5X_HLA,5,cvar20,MM-GBSA,c19,9.329750592256005,3
3L5X_HLA,1,max,BA-DDG,c17,0.759,3
3L5X_HLA,1,max,H3,c17,-0.5477,3
3L5X_HLA,1,max,Pythia,c17,-0.7648630253970623,3
3L5X_HLA,1,max,FoldX,c17,0.4226559999999999,3
3L5X_HLA,1,max,MM-GBSA,c17,7.409280911844235,3
3L5X_HLA,2,max,BA-DDG,c20,0.604,3
3L5X_HLA,2,max,H3,c20,-0.828,3
3L5X_HLA,2,max,Pythia,c20,-0.26844409108161926,3
3L5X_HLA,2,max,FoldX,c20,1.8469569999999997,3
3L5X_HLA,2,max,MM-GBSA,c20,8.519561523568882,3
3L5X_HLA,3,max,BA-DDG,c14,-0.668,3
3L5X_HLA,3,max,H3,c14,-0.8809,3
3L5X_HLA,3,max,Pythia,c14,0.876689538359642,3
3L5X_HLA,3,max,FoldX,c14,1.7052090000000018,3
3L5X_HLA,3,max,MM-GBSA,c14,10.92003345314697,3
3L5X_HLA,4,max,BA-DDG,c15,-0.023,3
3L5X_HLA,4,max,H3,c15,-1.1754,3
3L5X_HLA,4,max,Pythia,c15,-2.2600599341094494,3
3L5X_HLA,4,max,FoldX,c15,-0.4931719999999995,3
3L5X_HLA,4,max,MM-GBSA,c15,7.8415985066562826,3
3L5X_HLA,5,max,BA-DDG,c19,1.262,3
3L5X_HLA,5,max,H3,c19,-0.6173,3
3L5X_HLA,5,max,Pythia,c19,0.8140851110219955,3
3L5X_HLA,5,max,FoldX,c19,0.8506900000000002,3
3L5X_HLA,5,max,MM-GBSA,c19,9.329750592256005,3
3OGO_FC,1,afll,BA-DDG,c0,1.966,4
3OGO_FC,1,afll,H3,c0,2.0578,4
3OGO_FC,1,afll,Pythia,c0,8.125884383916855,4
3OGO_FC,1,afll,FoldX,c0,4.95629,4
3OGO_FC,1,afll,MM-GBSA,c0,17.2885632479356,4
3OGO_FC,2,afll,BA-DDG,c0,1.966,4
3OGO_FC,2,afll,H3,c0,2.0578,4
3OGO_FC,2,afll,Pythia,c0,8.125884383916855,4
3OGO_FC,2,afll,FoldX,c0,4.95629,4
3OGO_FC,2,afll,MM-GBSA,c0,17.2885632479356,4
3OGO_FC,3,afll,BA-DDG,c0,1.966,4
3OGO_FC,3,afll,H3,c0,2.0578,4
3OGO_FC,3,afll,Pythia,c0,8.125884383916855,4
3OGO_FC,3,afll,FoldX,c0,4.95629,4
3OGO_FC,3,afll,MM-GBSA,c0,17.2885632479356,4
3OGO_FC,4,afll,BA-DDG,c0,1.966,4
3OGO_FC,4,afll,H3,c0,2.0578,4
3OGO_FC,4,afll,Pythia,c0,8.125884383916855,4
3OGO_FC,4,afll,FoldX,c0,4.95629,4
3OGO_FC,4,afll,MM-GBSA,c0,17.2885632479356,4
3OGO_FC,5,afll,BA-DDG,c0,1.966,4
3OGO_FC,5,afll,H3,c0,2.0578,4
3OGO_FC,5,afll,Pythia,c0,8.125884383916855,4
3OGO_FC,5,afll,FoldX,c0,4.95629,4
3OGO_FC,5,afll,MM-GBSA,c0,17.2885632479356,4
3OGO_FC,1,random,BA-DDG,c1,2.314,4
3OGO_FC,1,random,H3,c1,2.8258,4
3OGO_FC,1,random,Pythia,c1,9.548653271049261,4
3OGO_FC,1,random,FoldX,c1,10.07886,4
3OGO_FC,1,random,MM-GBSA,c1,31.451979798994216,4
3OGO_FC,2,random,BA-DDG,c2,2.821,4
3OGO_FC,2,random,H3,c2,1.8313,4
3OGO_FC,2,random,Pythia,c2,2.106837473809719,4
3OGO_FC,2,random,FoldX,c2,3.2042899999999994,4
3OGO_FC,2,random,MM-GBSA,c2,636.5403214129929,4
3OGO_FC,3,random,BA-DDG,c3,2.249,4
3OGO_FC,3,random,H3,c3,1.6609,4
3OGO_FC,3,random,Pythia,c3,8.685176491737366,4
3OGO_FC,3,random,FoldX,c3,3.470700000000001,4
3OGO_FC,3,random,MM-GBSA,c3,511.5110540501828,4
3OGO_FC,4,random,BA-DDG,c4,2.957,4
3OGO_FC,4,random,H3,c4,1.7864,4
3OGO_FC,4,random,Pythia,c4,5.401360120624304,4
3OGO_FC,4,random,FoldX,c4,9.6144,4
3OGO_FC,4,random,MM-GBSA,c4,626.8944486758528,4
3OGO_FC,5,random,BA-DDG,c5,2.122,4
3OGO_FC,5,random,H3,c5,2.1998,4
3OGO_FC,5,random,Pythia,c5,2.2950183860957623,4
3OGO_FC,5,random,FoldX,c5,7.131600000000002,4
3OGO_FC,5,random,MM-GBSA,c5,524.1776601848533,4
3OGO_FC,1,wt,BA-DDG,c6,0.686,4
3OGO_FC,1,wt,H3,c6,0.8646,4
3OGO_FC,1,wt,Pythia,c6,0.42787889763712883,4
3OGO_FC,1,wt,FoldX,c6,7.391090000000001,4
3OGO_FC,1,wt,MM-GBSA,c6,533.9408211698164,4
3OGO_FC,2,wt,BA-DDG,c7,-0.339,4
3OGO_FC,2,wt,H3,c7,0.6796,4
3OGO_FC,2,wt,Pythia,c7,5.416240975260735,4
3OGO_FC,2,wt,FoldX,c7,7.7315114000000005,4
3OGO_FC,2,wt,MM-GBSA,c7,22.617273593429672,4
3OGO_FC,3,wt,BA-DDG,c8,0.019,4
3OGO_FC,3,wt,H3,c8,0.7052,4
3OGO_FC,3,wt,Pythia,c8,6.217065904289484,4
3OGO_FC,3,wt,FoldX,c8,3.9330799999999995,4
3OGO_FC,3,wt,MM-GBSA,c8,648.879107176107,4
3OGO_FC,4,wt,BA-DDG,c9,-0.493,4
3OGO_FC,4,wt,H3,c9,0.1489,4
3OGO_FC,4,wt,Pythia,c9,6.0234165377914906,4
3OGO_FC,4,wt,FoldX,c9,5.59697,4
3OGO_FC,4,wt,MM-GBSA,c9,645.2572101915812,4
3OGO_FC,5,wt,BA-DDG,c10,-0.229,4
3OGO_FC,5,wt,H3,c10,0.2133,4
3OGO_FC,5,wt,Pythia,c10,6.052875954657793,4
3OGO_FC,5,wt,FoldX,c10,6.239590000000001,4
3OGO_FC,5,wt,MM-GBSA,c10,30.873030283824846,4
3OGO_FC,1,mean,BA-DDG,c11,0.143,4
3OGO_FC,1,mean,H3,c11,1.0593,4
3OGO_FC,1,mean,Pythia,c11,4.144567985087633,4
3OGO_FC,1,mean,FoldX,c11,5.665700000000001,4
3OGO_FC,1,mean,MM-GBSA,c11,34.75099111131658,4
3OGO_FC,2,mean,BA-DDG,c12,0.51,4
3OGO_FC,2,mean,H3,c12,1.0251,4
3OGO_FC,2,mean,Pythia,c12,7.676253754645586,4
3OGO_FC,2,mean,FoldX,c12,14.21657,4
3OGO_FC,2,mean,MM-GBSA,c12,22.60544530520656,4
3OGO_FC,3,mean,BA-DDG,c8,0.019,4
3OGO_FC,3,mean,H3,c8,0.7052,4
3OGO_FC,3,mean,Pythia,c8,6.217065904289484,4
3OGO_FC,3,mean,FoldX,c8,3.9330799999999995,4
3OGO_FC,3,mean,MM-GBSA,c8,648.879107176107,4
3OGO_FC,4,mean,BA-DDG,c9,-0.493,4
3OGO_FC,4,mean,H3,c9,0.1489,4
3OGO_FC,4,mean,Pythia,c9,6.0234165377914906,4
3OGO_FC,4,mean,FoldX,c9,5.59697,4
3OGO_FC,4,mean,MM-GBSA,c9,645.2572101915812,4
3OGO_FC,5,mean,BA-DDG,c10,-0.229,4
3OGO_FC,5,mean,H3,c10,0.2133,4
3OGO_FC,5,mean,Pythia,c10,6.052875954657793,4
3OGO_FC,5,mean,FoldX,c10,6.239590000000001,4
3OGO_FC,5,mean,MM-GBSA,c10,30.873030283824846,4
3OGO_FC,1,cvar50,BA-DDG,c11,0.143,4
3OGO_FC,1,cvar50,H3,c11,1.0593,4
3OGO_FC,1,cvar50,Pythia,c11,4.144567985087633,4
3OGO_FC,1,cvar50,FoldX,c11,5.665700000000001,4
3OGO_FC,1,cvar50,MM-GBSA,c11,34.75099111131658,4
3OGO_FC,2,cvar50,BA-DDG,c12,0.51,4
3OGO_FC,2,cvar50,H3,c12,1.0251,4
3OGO_FC,2,cvar50,Pythia,c12,7.676253754645586,4
3OGO_FC,2,cvar50,FoldX,c12,14.21657,4
3OGO_FC,2,cvar50,MM-GBSA,c12,22.60544530520656,4
3OGO_FC,3,cvar50,BA-DDG,c8,0.019,4
3OGO_FC,3,cvar50,H3,c8,0.7052,4
3OGO_FC,3,cvar50,Pythia,c8,6.217065904289484,4
3OGO_FC,3,cvar50,FoldX,c8,3.9330799999999995,4
3OGO_FC,3,cvar50,MM-GBSA,c8,648.879107176107,4
3OGO_FC,4,cvar50,BA-DDG,c9,-0.493,4
3OGO_FC,4,cvar50,H3,c9,0.1489,4
3OGO_FC,4,cvar50,Pythia,c9,6.0234165377914906,4
3OGO_FC,4,cvar50,FoldX,c9,5.59697,4
3OGO_FC,4,cvar50,MM-GBSA,c9,645.2572101915812,4
3OGO_FC,5,cvar50,BA-DDG,c10,-0.229,4
3OGO_FC,5,cvar50,H3,c10,0.2133,4
3OGO_FC,5,cvar50,Pythia,c10,6.052875954657793,4
3OGO_FC,5,cvar50,FoldX,c10,6.239590000000001,4
3OGO_FC,5,cvar50,MM-GBSA,c10,30.873030283824846,4
3OGO_FC,1,cvar20,BA-DDG,c11,0.143,4
3OGO_FC,1,cvar20,H3,c11,1.0593,4
3OGO_FC,1,cvar20,Pythia,c11,4.144567985087633,4
3OGO_FC,1,cvar20,FoldX,c11,5.665700000000001,4
3OGO_FC,1,cvar20,MM-GBSA,c11,34.75099111131658,4
3OGO_FC,2,cvar20,BA-DDG,c12,0.51,4
3OGO_FC,2,cvar20,H3,c12,1.0251,4
3OGO_FC,2,cvar20,Pythia,c12,7.676253754645586,4
3OGO_FC,2,cvar20,FoldX,c12,14.21657,4
3OGO_FC,2,cvar20,MM-GBSA,c12,22.60544530520656,4
3OGO_FC,3,cvar20,BA-DDG,c8,0.019,4
3OGO_FC,3,cvar20,H3,c8,0.7052,4
3OGO_FC,3,cvar20,Pythia,c8,6.217065904289484,4
3OGO_FC,3,cvar20,FoldX,c8,3.9330799999999995,4
3OGO_FC,3,cvar20,MM-GBSA,c8,648.879107176107,4
3OGO_FC,4,cvar20,BA-DDG,c9,-0.493,4
3OGO_FC,4,cvar20,H3,c9,0.1489,4
3OGO_FC,4,cvar20,Pythia,c9,6.0234165377914906,4
3OGO_FC,4,cvar20,FoldX,c9,5.59697,4
3OGO_FC,4,cvar20,MM-GBSA,c9,645.2572101915812,4
3OGO_FC,5,cvar20,BA-DDG,c10,-0.229,4
3OGO_FC,5,cvar20,H3,c10,0.2133,4
3OGO_FC,5,cvar20,Pythia,c10,6.052875954657793,4
3OGO_FC,5,cvar20,FoldX,c10,6.239590000000001,4
3OGO_FC,5,cvar20,MM-GBSA,c10,30.873030283824846,4
3OGO_FC,1,max,BA-DDG,c11,0.143,4
3OGO_FC,1,max,H3,c11,1.0593,4
3OGO_FC,1,max,Pythia,c11,4.144567985087633,4
3OGO_FC,1,max,FoldX,c11,5.665700000000001,4
3OGO_FC,1,max,MM-GBSA,c11,34.75099111131658,4
3OGO_FC,2,max,BA-DDG,c12,0.51,4
3OGO_FC,2,max,H3,c12,1.0251,4
3OGO_FC,2,max,Pythia,c12,7.676253754645586,4
3OGO_FC,2,max,FoldX,c12,14.21657,4
3OGO_FC,2,max,MM-GBSA,c12,22.60544530520656,4
3OGO_FC,3,max,BA-DDG,c8,0.019,4
3OGO_FC,3,max,H3,c8,0.7052,4
3OGO_FC,3,max,Pythia,c8,6.217065904289484,4
3OGO_FC,3,max,FoldX,c8,3.9330799999999995,4
3OGO_FC,3,max,MM-GBSA,c8,648.879107176107,4
3OGO_FC,4,max,BA-DDG,c9,-0.493,4
3OGO_FC,4,max,H3,c9,0.1489,4
3OGO_FC,4,max,Pythia,c9,6.0234165377914906,4
3OGO_FC,4,max,FoldX,c9,5.59697,4
3OGO_FC,4,max,MM-GBSA,c9,645.2572101915812,4
3OGO_FC,5,max,BA-DDG,c10,-0.229,4
3OGO_FC,5,max,H3,c10,0.2133,4
3OGO_FC,5,max,Pythia,c10,6.052875954657793,4
3OGO_FC,5,max,FoldX,c10,6.239590000000001,4
3OGO_FC,5,max,MM-GBSA,c10,30.873030283824846,4
3OGO_GB,1,afll,BA-DDG,c0,3.117,4
3OGO_GB,1,afll,H3,c0,2.5327,4
3OGO_GB,1,afll,Pythia,c0,10.194595158100128,4
3OGO_GB,1,afll,FoldX,c0,7.411649999999999,4
3OGO_GB,1,afll,MM-GBSA,c0,139.16581127410882,4
3OGO_GB,2,afll,BA-DDG,c0,3.117,4
3OGO_GB,2,afll,H3,c0,2.5327,4
3OGO_GB,2,afll,Pythia,c0,10.194595158100128,4
3OGO_GB,2,afll,FoldX,c0,7.411649999999999,4
3OGO_GB,2,afll,MM-GBSA,c0,139.16581127410882,4
3OGO_GB,3,afll,BA-DDG,c0,3.117,4
3OGO_GB,3,afll,H3,c0,2.5327,4
3OGO_GB,3,afll,Pythia,c0,10.194595158100128,4
3OGO_GB,3,afll,FoldX,c0,7.411649999999999,4
3OGO_GB,3,afll,MM-GBSA,c0,139.16581127410882,4
3OGO_GB,4,afll,BA-DDG,c0,3.117,4
3OGO_GB,4,afll,H3,c0,2.5327,4
3OGO_GB,4,afll,Pythia,c0,10.194595158100128,4
3OGO_GB,4,afll,FoldX,c0,7.411649999999999,4
3OGO_GB,4,afll,MM-GBSA,c0,139.16581127410882,4
3OGO_GB,5,afll,BA-DDG,c0,3.117,4
3OGO_GB,5,afll,H3,c0,2.5327,4
3OGO_GB,5,afll,Pythia,c0,10.194595158100128,4
3OGO_GB,5,afll,FoldX,c0,7.411649999999999,4
3OGO_GB,5,afll,MM-GBSA,c0,139.16581127410882,4
3OGO_GB,1,random,BA-DDG,c1,5.019,4
3OGO_GB,1,random,H3,c1,4.766,4
3OGO_GB,1,random,Pythia,c1,14.040180176496506,4
3OGO_GB,1,random,FoldX,c1,8.1613,4
3OGO_GB,1,random,MM-GBSA,c1,638.2738714497882,4
3OGO_GB,2,random,BA-DDG,c2,3.447,4
3OGO_GB,2,random,H3,c2,3.3489,4
3OGO_GB,2,random,Pythia,c2,6.48136842250824,4
3OGO_GB,2,random,FoldX,c2,8.68864,4
3OGO_GB,2,random,MM-GBSA,c2,636.6078055387334,4
3OGO_GB,3,random,BA-DDG,c3,3.643,4
3OGO_GB,3,random,H3,c3,3.4037,4
3OGO_GB,3,random,Pythia,c3,11.048214631155133,4
3OGO_GB,3,random,FoldX,c3,10.32416,4
3OGO_GB,3,random,MM-GBSA,c3,494.33303616352987,4
3OGO_GB,4,random,BA-DDG,c4,3.263,4
3OGO_GB,4,random,H3,c4,1.9566,4
3OGO_GB,4,random,Pythia,c4,9.551551043987274,4
3OGO_GB,4,random,FoldX,c4,11.02958,4
3OGO_GB,4,random,MM-GBSA,c4,21.428502263002883,4
3OGO_GB,5,random,BA-DDG,c5,5.319,4
3OGO_GB,5,random,H3,c5,4.0218,4
3OGO_GB,5,random,Pythia,c5,9.364727038890123,4
3OGO_GB,5,random,FoldX,c5,9.46686,4
3OGO_GB,5,random,MM-GBSA,c5,531.0921676105927,4
3OGO_GB,1,wt,BA-DDG,c6,1.514,4
3OGO_GB,1,wt,H3,c6,1.6266,4
3OGO_GB,1,wt,Pythia,c6,2.456849232316017,4
3OGO_GB,1,wt,FoldX,c6,8.956500000000002,4
3OGO_GB,1,wt,MM-GBSA,c6,151.5793408873369,4
3OGO_GB,2,wt,BA-DDG,c7,0.265,4
3OGO_GB,2,wt,H3,c7,1.1306,4
3OGO_GB,2,wt,Pythia,c7,5.088707093149424,4
3OGO_GB,2,wt,FoldX,c7,8.069690000000001,4
3OGO_GB,2,wt,MM-GBSA,c7,24.99248947660999,4
3OGO_GB,3,wt,BA-DDG,c8,2.42,4
3OGO_GB,3,wt,H3,c8,1.2746,4
3OGO_GB,3,wt,Pythia,c8,8.547564536333084,4
3OGO_GB,3,wt,FoldX,c8,5.3110800000000005,4
3OGO_GB,3,wt,MM-GBSA,c8,621.2814627466942,4
3OGO_GB,4,wt,BA-DDG,c9,1.323,4
3OGO_GB,4,wt,H3,c9,1.2408,4
3OGO_GB,4,wt,Pythia,c9,9.68360099196434,4
3OGO_GB,4,wt,FoldX,c9,10.89493,4
3OGO_GB,4,wt,MM-GBSA,c9,19.294649341259174,4
3OGO_GB,5,wt,BA-DDG,c10,0.848,4
3OGO_GB,5,wt,H3,c10,0.8213,4
3OGO_GB,5,wt,Pythia,c10,7.988576948642731,4
3OGO_GB,5,wt,FoldX,c10,5.372990000000001,4
3OGO_GB,5,wt,MM-GBSA,c10,132.2604939943103,4
3OGO_GB,1,mean,BA-DDG,c11,0.913,4
3OGO_GB,1,mean,H3,c11,1.4945,4
3OGO_GB,1,mean,Pythia,c11,8.622658302076161,4
3OGO_GB,1,mean,FoldX,c11,8.97256,4
3OGO_GB,1,mean,MM-GBSA,c11,20.858175372036385,4
3OGO_GB,2,mean,BA-DDG,c7,0.265,4
3OGO_GB,2,mean,H3,c7,1.1306,4
3OGO_GB,2,mean,Pythia,c7,5.088707093149424,4
3OGO_GB,2,mean,FoldX,c7,8.069690000000001,4
3OGO_GB,2,mean,MM-GBSA,c7,24.99248947660999,4
3OGO_GB,3,mean,BA-DDG,c12,0.612,4
3OGO_GB,3,mean,H3,c12,2.6443,4
3OGO_GB,3,mean,Pythia,c12,8.119905292987823,4
3OGO_GB,3,mean,FoldX,c12,8.35519,4
3OGO_GB,3,mean,MM-GBSA,c12,32.59057368843696,4
3OGO_GB,4,mean,BA-DDG,c9,1.323,4
3OGO_GB,4,mean,H3,c9,1.2408,4
3OGO_GB,4,mean,Pythia,c9,9.68360099196434,4
3OGO_GB,4,mean,FoldX,c9,10.89493,4
3OGO_GB,4,mean,MM-GBSA,c9,19.294649341259174,4
3OGO_GB,5,mean,BA-DDG,c10,0.848,4
3OGO_GB,5,mean,H3,c10,0.8213,4
3OGO_GB,5,mean,Pythia,c10,7.988576948642731,4
3OGO_GB,5,mean,FoldX,c10,5.372990000000001,4
3OGO_GB,5,mean,MM-GBSA,c10,132.2604939943103,4
3OGO_GB,1,cvar50,BA-DDG,c11,0.913,4
3OGO_GB,1,cvar50,H3,c11,1.4945,4
3OGO_GB,1,cvar50,Pythia,c11,8.622658302076161,4
3OGO_GB,1,cvar50,FoldX,c11,8.97256,4
3OGO_GB,1,cvar50,MM-GBSA,c11,20.858175372036385,4
3OGO_GB,2,cvar50,BA-DDG,c7,0.265,4
3OGO_GB,2,cvar50,H3,c7,1.1306,4
3OGO_GB,2,cvar50,Pythia,c7,5.088707093149424,4
3OGO_GB,2,cvar50,FoldX,c7,8.069690000000001,4
3OGO_GB,2,cvar50,MM-GBSA,c7,24.99248947660999,4
3OGO_GB,3,cvar50,BA-DDG,c12,0.612,4
3OGO_GB,3,cvar50,H3,c12,2.6443,4
3OGO_GB,3,cvar50,Pythia,c12,8.119905292987823,4
3OGO_GB,3,cvar50,FoldX,c12,8.35519,4
3OGO_GB,3,cvar50,MM-GBSA,c12,32.59057368843696,4
3OGO_GB,4,cvar50,BA-DDG,c9,1.323,4
3OGO_GB,4,cvar50,H3,c9,1.2408,4
3OGO_GB,4,cvar50,Pythia,c9,9.68360099196434,4
3OGO_GB,4,cvar50,FoldX,c9,10.89493,4
3OGO_GB,4,cvar50,MM-GBSA,c9,19.294649341259174,4
3OGO_GB,5,cvar50,BA-DDG,c10,0.848,4
3OGO_GB,5,cvar50,H3,c10,0.8213,4
3OGO_GB,5,cvar50,Pythia,c10,7.988576948642731,4
3OGO_GB,5,cvar50,FoldX,c10,5.372990000000001,4
3OGO_GB,5,cvar50,MM-GBSA,c10,132.2604939943103,4
3OGO_GB,1,cvar20,BA-DDG,c11,0.913,4
3OGO_GB,1,cvar20,H3,c11,1.4945,4
3OGO_GB,1,cvar20,Pythia,c11,8.622658302076161,4
3OGO_GB,1,cvar20,FoldX,c11,8.97256,4
3OGO_GB,1,cvar20,MM-GBSA,c11,20.858175372036385,4
3OGO_GB,2,cvar20,BA-DDG,c7,0.265,4
3OGO_GB,2,cvar20,H3,c7,1.1306,4
3OGO_GB,2,cvar20,Pythia,c7,5.088707093149424,4
3OGO_GB,2,cvar20,FoldX,c7,8.069690000000001,4
3OGO_GB,2,cvar20,MM-GBSA,c7,24.99248947660999,4
3OGO_GB,3,cvar20,BA-DDG,c12,0.612,4
3OGO_GB,3,cvar20,H3,c12,2.6443,4
3OGO_GB,3,cvar20,Pythia,c12,8.119905292987823,4
3OGO_GB,3,cvar20,FoldX,c12,8.35519,4
3OGO_GB,3,cvar20,MM-GBSA,c12,32.59057368843696,4
3OGO_GB,4,cvar20,BA-DDG,c9,1.323,4
3OGO_GB,4,cvar20,H3,c9,1.2408,4
3OGO_GB,4,cvar20,Pythia,c9,9.68360099196434,4
3OGO_GB,4,cvar20,FoldX,c9,10.89493,4
3OGO_GB,4,cvar20,MM-GBSA,c9,19.294649341259174,4
3OGO_GB,5,cvar20,BA-DDG,c10,0.848,4
3OGO_GB,5,cvar20,H3,c10,0.8213,4
3OGO_GB,5,cvar20,Pythia,c10,7.988576948642731,4
3OGO_GB,5,cvar20,FoldX,c10,5.372990000000001,4
3OGO_GB,5,cvar20,MM-GBSA,c10,132.2604939943103,4
3OGO_GB,1,max,BA-DDG,c11,0.913,4
3OGO_GB,1,max,H3,c11,1.4945,4
3OGO_GB,1,max,Pythia,c11,8.622658302076161,4
3OGO_GB,1,max,FoldX,c11,8.97256,4
3OGO_GB,1,max,MM-GBSA,c11,20.858175372036385,4
3OGO_GB,2,max,BA-DDG,c7,0.265,4
3OGO_GB,2,max,H3,c7,1.1306,4
3OGO_GB,2,max,Pythia,c7,5.088707093149424,4
3OGO_GB,2,max,FoldX,c7,8.069690000000001,4
3OGO_GB,2,max,MM-GBSA,c7,24.99248947660999,4
3OGO_GB,3,max,BA-DDG,c12,0.612,4
3OGO_GB,3,max,H3,c12,2.6443,4
3OGO_GB,3,max,Pythia,c12,8.119905292987823,4
3OGO_GB,3,max,FoldX,c12,8.35519,4
3OGO_GB,3,max,MM-GBSA,c12,32.59057368843696,4
3OGO_GB,4,max,BA-DDG,c9,1.323,4
3OGO_GB,4,max,H3,c9,1.2408,4
3OGO_GB,4,max,Pythia,c9,9.68360099196434,4
3OGO_GB,4,max,FoldX,c9,10.89493,4
3OGO_GB,4,max,MM-GBSA,c9,19.294649341259174,4
3OGO_GB,5,max,BA-DDG,c10,0.848,4
3OGO_GB,5,max,H3,c10,0.8213,4
3OGO_GB,5,max,Pythia,c10,7.988576948642731,4
3OGO_GB,5,max,FoldX,c10,5.372990000000001,4
3OGO_GB,5,max,MM-GBSA,c10,132.2604939943103,4
3VI3_HLD,1,afll,BA-DDG,c0,-0.472,5
3VI3_HLD,1,afll,H3,c0,-1.5909,5
3VI3_HLD,1,afll,Pythia,c0,4.357435412704945,5
3VI3_HLD,1,afll,FoldX,c0,19.223901,5
3VI3_HLD,1,afll,MM-GBSA,c0,9.72501739848667,5
3VI3_HLD,2,afll,BA-DDG,c0,-0.472,5
3VI3_HLD,2,afll,H3,c0,-1.5909,5
3VI3_HLD,2,afll,Pythia,c0,4.357435412704945,5
3VI3_HLD,2,afll,FoldX,c0,19.223901,5
3VI3_HLD,2,afll,MM-GBSA,c0,9.72501739848667,5
3VI3_HLD,3,afll,BA-DDG,c0,-0.472,5
3VI3_HLD,3,afll,H3,c0,-1.5909,5
3VI3_HLD,3,afll,Pythia,c0,4.357435412704945,5
3VI3_HLD,3,afll,FoldX,c0,19.223901,5
3VI3_HLD,3,afll,MM-GBSA,c0,9.72501739848667,5
3VI3_HLD,4,afll,BA-DDG,c0,-0.472,5
3VI3_HLD,4,afll,H3,c0,-1.5909,5
3VI3_HLD,4,afll,Pythia,c0,4.357435412704945,5
3VI3_HLD,4,afll,FoldX,c0,19.223901,5
3VI3_HLD,4,afll,MM-GBSA,c0,9.72501739848667,5
3VI3_HLD,5,afll,BA-DDG,c0,-0.472,5
3VI3_HLD,5,afll,H3,c0,-1.5909,5
3VI3_HLD,5,afll,Pythia,c0,4.357435412704945,5
3VI3_HLD,5,afll,FoldX,c0,19.223901,5
3VI3_HLD,5,afll,MM-GBSA,c0,9.72501739848667,5
3VI3_HLD,1,random,BA-DDG,c1,0.135,5
3VI3_HLD,1,random,H3,c1,-0.0668,5
3VI3_HLD,1,random,Pythia,c1,8.1778424680233,5
3VI3_HLD,1,random,FoldX,c1,15.928531,5
3VI3_HLD,1,random,MM-GBSA,c1,8.196249234488278,5
3VI3_HLD,2,random,BA-DDG,c2,0.912,5
3VI3_HLD,2,random,H3,c2,-0.7077,5
3VI3_HLD,2,random,Pythia,c2,2.260222911834717,5
3VI3_HLD,2,random,FoldX,c2,21.816961,5
3VI3_HLD,2,random,MM-GBSA,c2,13.654501055534638,5
3VI3_HLD,3,random,BA-DDG,c3,0.607,5
3VI3_HLD,3,random,H3,c3,-0.1549,5
3VI3_HLD,3,random,Pythia,c3,1.7474618554115295,5
3VI3_HLD,3,random,FoldX,c3,12.503031,5
3VI3_HLD,3,random,MM-GBSA,c3,14.6053794383879,5
3VI3_HLD,4,random,BA-DDG,c4,0.459,5
3VI3_HLD,4,random,H3,c4,-0.333,5
3VI3_HLD,4,random,Pythia,c4,4.729384481906891,5
3VI3_HLD,4,random,FoldX,c4,14.996811000000001,5
3VI3_HLD,4,random,MM-GBSA,c4,14.541118099694359,5
3VI3_HLD,5,random,BA-DDG,c5,1.267,5
3VI3_HLD,5,random,H3,c5,0.5385,5
3VI3_HLD,5,random,Pythia,c5,8.021249532699585,5
3VI3_HLD,5,random,FoldX,c5,21.426321,5
3VI3_HLD,5,random,MM-GBSA,c5,846.7885070823104,5
3VI3_HLD,1,wt,BA-DDG,c6,-2.425,5
3VI3_HLD,1,wt,H3,c6,-0.9908,5
3VI3_HLD,1,wt,Pythia,c6,-1.546037940075621,5
3VI3_HLD,1,wt,FoldX,c6,8.408861,5
3VI3_HLD,1,wt,MM-GBSA,c6,12.914923064774484,5
3VI3_HLD,2,wt,BA-DDG,c7,-2.343,5
3VI3_HLD,2,wt,H3,c7,-0.984,5
3VI3_HLD,2,wt,Pythia,c7,4.998759718844667,5
3VI3_HLD,2,wt,FoldX,c7,8.400441,5
3VI3_HLD,2,wt,MM-GBSA,c7,13.925049383979058,5
3VI3_HLD,3,wt,BA-DDG,c8,-3.707,5
3VI3_HLD,3,wt,H3,c8,-0.1009,5
3VI3_HLD,3,wt,Pythia,c8,12.25125054270029,5
3VI3_HLD,3,wt,FoldX,c8,5.28078,5
3VI3_HLD,3,wt,MM-GBSA,c8,10.121450100696165,5
3VI3_HLD,4,wt,BA-DDG,c9,-1.871,5
3VI3_HLD,4,wt,H3,c9,-0.2513,5
3VI3_HLD,4,wt,Pythia,c9,4.161296084523201,5
3VI3_HLD,4,wt,FoldX,c9,6.5255100000000015,5
3VI3_HLD,4,wt,MM-GBSA,c9,4.160518243945262,5
3VI3_HLD,5,wt,BA-DDG,c10,-2.992,5
3VI3_HLD,5,wt,H3,c10,-3.3738,5
3VI3_HLD,5,wt,Pythia,c10,3.3027369882911444,5
3VI3_HLD,5,wt,FoldX,c10,8.50969,5
3VI3_HLD,5,wt,MM-GBSA,c10,13.788954799838393,5
3VI3_HLD,1,mean,BA-DDG,c11,-2.439,5
3VI3_HLD,1,mean,H3,c11,-2.2371,5
3VI3_HLD,1,mean,Pythia,c11,7.546553345629945,5
3VI3_HLD,1,mean,FoldX,c11,14.366131000000001,5
3VI3_HLD,1,mean,MM-GBSA,c11,3.38094125212956,5
3VI3_HLD,2,mean,BA-DDG,c7,-2.343,5
3VI3_HLD,2,mean,H3,c7,-0.984,5
3VI3_HLD,2,mean,Pythia,c7,4.998759718844667,5
3VI3_HLD,2,mean,FoldX,c7,8.400441,5
3VI3_HLD,2,mean,MM-GBSA,c7,13.925049383979058,5
3VI3_HLD,3,mean,BA-DDG,c8,-3.707,5
3VI3_HLD,3,mean,H3,c8,-0.1009,5
3VI3_HLD,3,mean,Pythia,c8,12.25125054270029,5
3VI3_HLD,3,mean,FoldX,c8,5.28078,5
3VI3_HLD,3,mean,MM-GBSA,c8,10.121450100696165,5
3VI3_HLD,4,mean,BA-DDG,c12,-2.144,5
3VI3_HLD,4,mean,H3,c12,-1.7569,5
3VI3_HLD,4,mean,Pythia,c12,8.689962230622768,5
3VI3_HLD,4,mean,FoldX,c12,3.6460110000000006,5
3VI3_HLD,4,mean,MM-GBSA,c12,7.808617883434636,5
3VI3_HLD,5,mean,BA-DDG,c13,-3.445,5
3VI3_HLD,5,mean,H3,c13,-1.9663,5
3VI3_HLD,5,mean,Pythia,c13,2.665843151509762,5
3VI3_HLD,5,mean,FoldX,c13,8.650781,5
3VI3_HLD,5,mean,MM-GBSA,c13,2.0031493781352765,5
3VI3_HLD,1,cvar50,BA-DDG,c14,-2.449,5
3VI3_HLD,1,cvar50,H3,c14,-2.5538,5
3VI3_HLD,1,cvar50,Pythia,c14,8.568886967608705,5
3VI3_HLD,1,cvar50,FoldX,c14,9.137118000000001,5
3VI3_HLD,1,cvar50,MM-GBSA,c14,12.092342824322259,5
3VI3_HLD,2,cvar50,BA-DDG,c7,-2.343,5
3VI3_HLD,2,cvar50,H3,c7,-0.984,5
3VI3_HLD,2,cvar50,Pythia,c7,4.998759718844667,5
3VI3_HLD,2,cvar50,FoldX,c7,8.400441,5
3VI3_HLD,2,cvar50,MM-GBSA,c7,13.925049383979058,5
3VI3_HLD,3,cvar50,BA-DDG,c8,-3.707,5
3VI3_HLD,3,cvar50,H3,c8,-0.1009,5
3VI3_HLD,3,cvar50,Pythia,c8,12.25125054270029,5
3VI3_HLD,3,cvar50,FoldX,c8,5.28078,5
3VI3_HLD,3,cvar50,MM-GBSA,c8,10.121450100696165,5
3VI3_HLD,4,cvar50,BA-DDG,c15,-3.018,5
3VI3_HLD,4,cvar50,H3,c15,-1.7599,5
3VI3_HLD,4,cvar50,Pythia,c15,10.496330047259107,5
3VI3_HLD,4,cvar50,FoldX,c15,13.794630000000002,5
3VI3_HLD,4,cvar50,MM-GBSA,c15,15.490925225931278,5
3VI3_HLD,5,cvar50,BA-DDG,c13,-3.445,5
3VI3_HLD,5,cvar50,H3,c13,-1.9663,5
3VI3_HLD,5,cvar50,Pythia,c13,2.665843151509762,5
3VI3_HLD,5,cvar50,FoldX,c13,8.650781,5
3VI3_HLD,5,cvar50,MM-GBSA,c13,2.0031493781352765,5
3VI3_HLD,1,cvar20,BA-DDG,c16,-2.562,5
3VI3_HLD,1,cvar20,H3,c16,-1.2852,5
3VI3_HLD,1,cvar20,Pythia,c16,14.942506907740608,5
3VI3_HLD,1,cvar20,FoldX,c16,8.798100000000002,5
3VI3_HLD,1,cvar20,MM-GBSA,c16,12.012127470694395,5
3VI3_HLD,2,cvar20,BA-DDG,c7,-2.343,5
3VI3_HLD,2,cvar20,H3,c7,-0.984,5
3VI3_HLD,2,cvar20,Pythia,c7,4.998759718844667,5
3VI3_HLD,2,cvar20,FoldX,c7,8.400441,5
3VI3_HLD,2,cvar20,MM-GBSA,c7,13.925049383979058,5
3VI3_HLD,3,cvar20,BA-DDG,c8,-3.707,5
3VI3_HLD,3,cvar20,H3,c8,-0.1009,5
3VI3_HLD,3,cvar20,Pythia,c8,12.25125054270029,5
3VI3_HLD,3,cvar20,FoldX,c8,5.28078,5
3VI3_HLD,3,cvar20,MM-GBSA,c8,10.121450100696165,5
3VI3_HLD,4,cvar20,BA-DDG,c15,-3.018,5
3VI3_HLD,4,cvar20,H3,c15,-1.7599,5
3VI3_HLD,4,cvar20,Pythia,c15,10.496330047259107,5
3VI3_HLD,4,cvar20,FoldX,c15,13.794630000000002,5
3VI3_HLD,4,cvar20,MM-GBSA,c15,15.490925225931278,5
3VI3_HLD,5,cvar20,BA-DDG,c13,-3.445,5
3VI3_HLD,5,cvar20,H3,c13,-1.9663,5
3VI3_HLD,5,cvar20,Pythia,c13,2.665843151509762,5
3VI3_HLD,5,cvar20,FoldX,c13,8.650781,5
3VI3_HLD,5,cvar20,MM-GBSA,c13,2.0031493781352765,5
3VI3_HLD,1,max,BA-DDG,c16,-2.562,5
3VI3_HLD,1,max,H3,c16,-1.2852,5
3VI3_HLD,1,max,Pythia,c16,14.942506907740608,5
3VI3_HLD,1,max,FoldX,c16,8.798100000000002,5
3VI3_HLD,1,max,MM-GBSA,c16,12.012127470694395,5
3VI3_HLD,2,max,BA-DDG,c17,-2.557,5
3VI3_HLD,2,max,H3,c17,-1.0819,5
3VI3_HLD,2,max,Pythia,c17,2.1304485201835632,5
3VI3_HLD,2,max,FoldX,c17,5.533340000000002,5
3VI3_HLD,2,max,MM-GBSA,c17,-0.5146203223212069,5
3VI3_HLD,3,max,BA-DDG,c8,-3.707,5
3VI3_HLD,3,max,H3,c8,-0.1009,5
3VI3_HLD,3,max,Pythia,c8,12.25125054270029,5
3VI3_HLD,3,max,FoldX,c8,5.28078,5
3VI3_HLD,3,max,MM-GBSA,c8,10.121450100696165,5
3VI3_HLD,4,max,BA-DDG,c15,-3.018,5
3VI3_HLD,4,max,H3,c15,-1.7599,5
3VI3_HLD,4,max,Pythia,c15,10.496330047259107,5
3VI3_HLD,4,max,FoldX,c15,13.794630000000002,5
3VI3_HLD,4,max,MM-GBSA,c15,15.490925225931278,5
3VI3_HLD,5,max,BA-DDG,c13,-3.445,5
3VI3_HLD,5,max,H3,c13,-1.9663,5
3VI3_HLD,5,max,Pythia,c13,2.665843151509762,5
3VI3_HLD,5,max,FoldX,c13,8.650781,5
3VI3_HLD,5,max,MM-GBSA,c13,2.0031493781352765,5
4AL8_HLC,1,afll,BA-DDG,c0,0.929,12
4AL8_HLC,1,afll,H3,c0,0.1558,12
4AL8_HLC,1,afll,Pythia,c0,-0.5181981325149536,12
4AL8_HLC,1,afll,FoldX,c0,-0.04919999999999902,12
4AL8_HLC,1,afll,MM-GBSA,c0,15.66704520284111,12
4AL8_HLC,2,afll,BA-DDG,c0,0.929,12
4AL8_HLC,2,afll,H3,c0,0.1558,12
4AL8_HLC,2,afll,Pythia,c0,-0.5181981325149536,12
4AL8_HLC,2,afll,FoldX,c0,-0.04919999999999902,12
4AL8_HLC,2,afll,MM-GBSA,c0,15.66704520284111,12
4AL8_HLC,3,afll,BA-DDG,c0,0.929,12
4AL8_HLC,3,afll,H3,c0,0.1558,12
4AL8_HLC,3,afll,Pythia,c0,-0.5181981325149536,12
4AL8_HLC,3,afll,FoldX,c0,-0.04919999999999902,12
4AL8_HLC,3,afll,MM-GBSA,c0,15.66704520284111,12
4AL8_HLC,4,afll,BA-DDG,c0,0.929,12
4AL8_HLC,4,afll,H3,c0,0.1558,12
4AL8_HLC,4,afll,Pythia,c0,-0.5181981325149536,12
4AL8_HLC,4,afll,FoldX,c0,-0.04919999999999902,12
4AL8_HLC,4,afll,MM-GBSA,c0,15.66704520284111,12
4AL8_HLC,5,afll,BA-DDG,c0,0.929,12
4AL8_HLC,5,afll,H3,c0,0.1558,12
4AL8_HLC,5,afll,Pythia,c0,-0.5181981325149536,12
4AL8_HLC,5,afll,FoldX,c0,-0.04919999999999902,12
4AL8_HLC,5,afll,MM-GBSA,c0,15.66704520284111,12
4AL8_HLC,1,random,BA-DDG,c1,0.715,12
4AL8_HLC,1,random,H3,c1,0.0014,12
4AL8_HLC,1,random,Pythia,c1,-0.4937320351600647,12
4AL8_HLC,1,random,FoldX,c1,0.09905000000000008,12
4AL8_HLC,1,random,MM-GBSA,c1,14.249524347481383,12
4AL8_HLC,2,random,BA-DDG,c2,1.519,12
4AL8_HLC,2,random,H3,c2,0.3115,12
4AL8_HLC,2,random,Pythia,c2,-0.46393096446990967,12
4AL8_HLC,2,random,FoldX,c2,-0.19931000000000054,12
4AL8_HLC,2,random,MM-GBSA,c2,10.991031349378773,12
4AL8_HLC,3,random,BA-DDG,c3,1.058,12
4AL8_HLC,3,random,H3,c3,0.0891,12
4AL8_HLC,3,random,Pythia,c3,1.8799888491630554,12
4AL8_HLC,3,random,FoldX,c3,0.19291999999999998,12
4AL8_HLC,3,random,MM-GBSA,c3,14.60210804961298,12
4AL8_HLC,4,random,BA-DDG,c4,1.294,12
4AL8_HLC,4,random,H3,c4,0.5768,12
4AL8_HLC,4,random,Pythia,c4,-1.3834448456764221,12
4AL8_HLC,4,random,FoldX,c4,-0.0266099999999998,12
4AL8_HLC,4,random,MM-GBSA,c4,19.701169628570824,12
4AL8_HLC,5,random,BA-DDG,c5,0.601,12
4AL8_HLC,5,random,H3,c5,0.1342,12
4AL8_HLC,5,random,Pythia,c5,-1.693119466304779,12
4AL8_HLC,5,random,FoldX,c5,0.06913999999999998,12
4AL8_HLC,5,random,MM-GBSA,c5,14.268741293693893,12
4AL8_HLC,1,wt,BA-DDG,c6,0.269,12
4AL8_HLC,1,wt,H3,c6,0.2535,12
4AL8_HLC,1,wt,Pythia,c6,-1.8879840224981308,12
4AL8_HLC,1,wt,FoldX,c6,0.06052999999999997,12
4AL8_HLC,1,wt,MM-GBSA,c6,16.08565965643993,12
4AL8_HLC,2,wt,BA-DDG,c7,0.369,12
4AL8_HLC,2,wt,H3,c7,0.1496,12
4AL8_HLC,2,wt,Pythia,c7,-0.4187358021736145,12
4AL8_HLC,2,wt,FoldX,c7,-0.06762999999999941,12
4AL8_HLC,2,wt,MM-GBSA,c7,10.2902528416098,12
4AL8_HLC,3,wt,BA-DDG,c8,1.57,12
4AL8_HLC,3,wt,H3,c8,0.6076,12
4AL8_HLC,3,wt,Pythia,c8,-0.5554897785186768,12
4AL8_HLC,3,wt,FoldX,c8,-0.11144000000000176,12
4AL8_HLC,3,wt,MM-GBSA,c8,12.31736270510919,12
4AL8_HLC,4,wt,BA-DDG,c9,0.878,12
4AL8_HLC,4,wt,H3,c9,0.174,12
4AL8_HLC,4,wt,Pythia,c9,-1.990355759859085,12
4AL8_HLC,4,wt,FoldX,c9,-0.2522599999999997,12
4AL8_HLC,4,wt,MM-GBSA,c9,12.736440380883778,12
4AL8_HLC,5,wt,BA-DDG,c10,2.243,12
4AL8_HLC,5,wt,H3,c10,0.2858,12
4AL8_HLC,5,wt,Pythia,c10,-0.3777581453323364,12
4AL8_HLC,5,wt,FoldX,c10,-0.06575000000000131,12
4AL8_HLC,5,wt,MM-GBSA,c10,15.537034787760604,12
4AL8_HLC,1,mean,BA-DDG,c11,0.959,12
4AL8_HLC,1,mean,H3,c11,0.1609,12
4AL8_HLC,1,mean,Pythia,c11,-0.7076254934072495,12
4AL8_HLC,1,mean,FoldX,c11,0.17468000000000128,12
4AL8_HLC,1,mean,MM-GBSA,c11,11.272198355344699,12
4AL8_HLC,2,mean,BA-DDG,c12,0.469,12
4AL8_HLC,2,mean,H3,c12,0.0046,12
4AL8_HLC,2,mean,Pythia,c12,-0.5768316984176636,12
4AL8_HLC,2,mean,FoldX,c12,-0.03941999999999979,12
4AL8_HLC,2,mean,MM-GBSA,c12,16.128590961577174,12
4AL8_HLC,3,mean,BA-DDG,c13,1.266,12
4AL8_HLC,3,mean,H3,c13,-0.0259,12
4AL8_HLC,3,mean,Pythia,c13,-0.8514176334138028,12
4AL8_HLC,3,mean,FoldX,c13,-0.41304999999999925,12
4AL8_HLC,3,mean,MM-GBSA,c13,12.706952668134363,12
4AL8_HLC,4,mean,BA-DDG,c14,0.425,12
4AL8_HLC,4,mean,H3,c14,0.1939,12
4AL8_HLC,4,mean,Pythia,c14,-0.8354453295469284,12
4AL8_HLC,4,mean,FoldX,c14,-0.1969599999999989,12
4AL8_HLC,4,mean,MM-GBSA,c14,10.573280895286189,12
4AL8_HLC,5,mean,BA-DDG,c15,0.889,12
4AL8_HLC,5,mean,H3,c15,0.2969,12
4AL8_HLC,5,mean,Pythia,c15,-0.06342725706053898,12
4AL8_HLC,5,mean,FoldX,c15,-0.11888999999999861,12
4AL8_HLC,5,mean,MM-GBSA,c15,16.089114461637564,12
4AL8_HLC,1,cvar50,BA-DDG,c16,0.343,12
4AL8_HLC,1,cvar50,H3,c16,0.0126,12
4AL8_HLC,1,cvar50,Pythia,c16,-1.9486521556973457,12
4AL8_HLC,1,cvar50,FoldX,c16,-0.35840999999999923,12
4AL8_HLC,1,cvar50,MM-GBSA,c16,11.42680369846039,12
4AL8_HLC,2,cvar50,BA-DDG,c12,0.469,12
4AL8_HLC,2,cvar50,H3,c12,0.0046,12
4AL8_HLC,2,cvar50,Pythia,c12,-0.5768316984176636,12
4AL8_HLC,2,cvar50,FoldX,c12,-0.03941999999999979,12
4AL8_HLC,2,cvar50,MM-GBSA,c12,16.128590961577174,12
4AL8_HLC,3,cvar50,BA-DDG,c17,0.556,12
4AL8_HLC,3,cvar50,H3,c17,-0.0218,12
4AL8_HLC,3,cvar50,Pythia,c17,-0.30033808946609497,12
4AL8_HLC,3,cvar50,FoldX,c17,-0.5486600000000017,12
4AL8_HLC,3,cvar50,MM-GBSA,c17,12.329234893841203,12
4AL8_HLC,4,cvar50,BA-DDG,c18,0.747,12
4AL8_HLC,4,cvar50,H3,c18,0.3993,12
4AL8_HLC,4,cvar50,Pythia,c18,0.6434330940246582,12
4AL8_HLC,4,cvar50,FoldX,c18,-0.047409999999999286,12
4AL8_HLC,4,cvar50,MM-GBSA,c18,12.719250896582707,12
4AL8_HLC,5,cvar50,BA-DDG,c1,0.715,12
4AL8_HLC,5,cvar50,H3,c1,0.0014,12
4AL8_HLC,5,cvar50,Pythia,c1,-0.4937320351600647,12
4AL8_HLC,5,cvar50,FoldX,c1,0.09905000000000008,12
4AL8_HLC,5,cvar50,MM-GBSA,c1,14.249524347481383,12
4AL8_HLC,1,cvar20,BA-DDG,c16,0.343,12
4AL8_HLC,1,cvar20,H3,c16,0.0126,12
4AL8_HLC,1,cvar20,Pythia,c16,-1.9486521556973457,12
4AL8_HLC,1,cvar20,FoldX,c16,-0.35840999999999923,12
4AL8_HLC,1,cvar20,MM-GBSA,c16,11.42680369846039,12
4AL8_HLC,2,cvar20,BA-DDG,c12,0.469,12
4AL8_HLC,2,cvar20,H3,c12,0.0046,12
4AL8_HLC,2,cvar20,Pythia,c12,-0.5768316984176636,12
4AL8_HLC,2,cvar20,FoldX,c12,-0.03941999999999979,12
4AL8_HLC,2,cvar20,MM-GBSA,c12,16.128590961577174,12
4AL8_HLC,3,cvar20,BA-DDG,c17,0.556,12
4AL8_HLC,3,cvar20,H3,c17,-0.0218,12
4AL8_HLC,3,cvar20,Pythia,c17,-0.30033808946609497,12
4AL8_HLC,3,cvar20,FoldX,c17,-0.5486600000000017,12
4AL8_HLC,3,cvar20,MM-GBSA,c17,12.329234893841203,12
4AL8_HLC,4,cvar20,BA-DDG,c19,0.838,12
4AL8_HLC,4,cvar20,H3,c19,0.076,12
4AL8_HLC,4,cvar20,Pythia,c19,-1.1792920678853989,12
4AL8_HLC,4,cvar20,FoldX,c19,-0.6628900000000009,12
4AL8_HLC,4,cvar20,MM-GBSA,c19,18.59606111810581,12
4AL8_HLC,5,cvar20,BA-DDG,c20,0.175,12
4AL8_HLC,5,cvar20,H3,c20,0.1595,12
4AL8_HLC,5,cvar20,Pythia,c20,-1.3458404864068143,12
4AL8_HLC,5,cvar20,FoldX,c20,-0.1558699999999984,12
4AL8_HLC,5,cvar20,MM-GBSA,c20,14.15866380325042,12
4AL8_HLC,1,max,BA-DDG,c21,1.422,12
4AL8_HLC,1,max,H3,c21,0.0113,12
4AL8_HLC,1,max,Pythia,c21,-1.8786250203847885,12
4AL8_HLC,1,max,FoldX,c21,-0.022820000000001173,12
4AL8_HLC,1,max,MM-GBSA,c21,12.170754832686725,12
4AL8_HLC,2,max,BA-DDG,c12,0.469,12
4AL8_HLC,2,max,H3,c12,0.0046,12
4AL8_HLC,2,max,Pythia,c12,-0.5768316984176636,12
4AL8_HLC,2,max,FoldX,c12,-0.03941999999999979,12
4AL8_HLC,2,max,MM-GBSA,c12,16.128590961577174,12
4AL8_HLC,3,max,BA-DDG,c22,0.945,12
4AL8_HLC,3,max,H3,c22,-0.0442,12
4AL8_HLC,3,max,Pythia,c22,-1.9433736056089401,12
4AL8_HLC,3,max,FoldX,c22,-0.12588000000000044,12
4AL8_HLC,3,max,MM-GBSA,c22,16.853438702696167,12
4AL8_HLC,4,max,BA-DDG,c19,0.838,12
4AL8_HLC,4,max,H3,c19,0.076,12
4AL8_HLC,4,max,Pythia,c19,-1.1792920678853989,12
4AL8_HLC,4,max,FoldX,c19,-0.6628900000000009,12
4AL8_HLC,4,max,MM-GBSA,c19,18.59606111810581,12
4AL8_HLC,5,max,BA-DDG,c20,0.175,12
4AL8_HLC,5,max,H3,c20,0.1595,12
4AL8_HLC,5,max,Pythia,c20,-1.3458404864068143,12
4AL8_HLC,5,max,FoldX,c20,-0.1558699999999984,12
4AL8_HLC,5,max,MM-GBSA,c20,14.15866380325042,12
4BZ1_HLA,1,afll,BA-DDG,c0,1.213,6
4BZ1_HLA,1,afll,H3,c0,0.4048,6
4BZ1_HLA,1,afll,Pythia,c0,-0.9387308955192566,6
4BZ1_HLA,1,afll,FoldX,c0,4.79631,6
4BZ1_HLA,1,afll,MM-GBSA,c0,13.952269149820495,6
4BZ1_HLA,2,afll,BA-DDG,c0,1.213,6
4BZ1_HLA,2,afll,H3,c0,0.4048,6
4BZ1_HLA,2,afll,Pythia,c0,-0.9387308955192566,6
4BZ1_HLA,2,afll,FoldX,c0,4.79631,6
4BZ1_HLA,2,afll,MM-GBSA,c0,13.952269149820495,6
4BZ1_HLA,3,afll,BA-DDG,c0,1.213,6
4BZ1_HLA,3,afll,H3,c0,0.4048,6
4BZ1_HLA,3,afll,Pythia,c0,-0.9387308955192566,6
4BZ1_HLA,3,afll,FoldX,c0,4.79631,6
4BZ1_HLA,3,afll,MM-GBSA,c0,13.952269149820495,6
4BZ1_HLA,4,afll,BA-DDG,c0,1.213,6
4BZ1_HLA,4,afll,H3,c0,0.4048,6
4BZ1_HLA,4,afll,Pythia,c0,-0.9387308955192566,6
4BZ1_HLA,4,afll,FoldX,c0,4.79631,6
4BZ1_HLA,4,afll,MM-GBSA,c0,13.952269149820495,6
4BZ1_HLA,5,afll,BA-DDG,c0,1.213,6
4BZ1_HLA,5,afll,H3,c0,0.4048,6
4BZ1_HLA,5,afll,Pythia,c0,-0.9387308955192566,6
4BZ1_HLA,5,afll,FoldX,c0,4.79631,6
4BZ1_HLA,5,afll,MM-GBSA,c0,13.952269149820495,6
4BZ1_HLA,1,random,BA-DDG,c1,1.365,6
4BZ1_HLA,1,random,H3,c1,0.6585,6
4BZ1_HLA,1,random,Pythia,c1,0.9719596318900585,6
4BZ1_HLA,1,random,FoldX,c1,5.82827,6
4BZ1_HLA,1,random,MM-GBSA,c1,8.494212832551057,6
4BZ1_HLA,2,random,BA-DDG,c2,0.396,6
4BZ1_HLA,2,random,H3,c2,0.1752,6
4BZ1_HLA,2,random,Pythia,c2,-0.2646065354347229,6
4BZ1_HLA,2,random,FoldX,c2,10.988620000000001,6
4BZ1_HLA,2,random,MM-GBSA,c2,15.996308983783365,6
4BZ1_HLA,3,random,BA-DDG,c3,1.337,6
4BZ1_HLA,3,random,H3,c3,0.789,6
4BZ1_HLA,3,random,Pythia,c3,-0.7696265578269958,6
4BZ1_HLA,3,random,FoldX,c3,4.78096,6
4BZ1_HLA,3,random,MM-GBSA,c3,20.932061966381752,6
4BZ1_HLA,4,random,BA-DDG,c4,1.981,6
4BZ1_HLA,4,random,H3,c4,0.7084,6
4BZ1_HLA,4,random,Pythia,c4,-0.6672226004302502,6
4BZ1_HLA,4,random,FoldX,c4,0.4833799999999995,6
4BZ1_HLA,4,random,MM-GBSA,c4,11.275217799245638,6
4BZ1_HLA,5,random,BA-DDG,c5,1.174,6
4BZ1_HLA,5,random,H3,c5,0.2035,6
4BZ1_HLA,5,random,Pythia,c5,-0.749487578868866,6
4BZ1_HLA,5,random,FoldX,c5,5.36801,6
4BZ1_HLA,5,random,MM-GBSA,c5,14.8030598910741,6
4BZ1_HLA,1,wt,BA-DDG,c6,0.333,6
4BZ1_HLA,1,wt,H3,c6,0.0996,6
4BZ1_HLA,1,wt,Pythia,c6,-1.4917698502540588,6
4BZ1_HLA,1,wt,FoldX,c6,12.10308,6
4BZ1_HLA,1,wt,MM-GBSA,c6,19.00550674622764,6
4BZ1_HLA,2,wt,BA-DDG,c7,1.164,6
4BZ1_HLA,2,wt,H3,c7,0.1513,6
4BZ1_HLA,2,wt,Pythia,c7,-1.4000722169876099,6
4BZ1_HLA,2,wt,FoldX,c7,12.92738,6
4BZ1_HLA,2,wt,MM-GBSA,c7,15.754181029222309,6
4BZ1_HLA,3,wt,BA-DDG,c8,0.513,6
4BZ1_HLA,3,wt,H3,c8,-0.0844,6
4BZ1_HLA,3,wt,Pythia,c8,-1.027098000049591,6
4BZ1_HLA,3,wt,FoldX,c8,11.76267,6
4BZ1_HLA,3,wt,MM-GBSA,c8,18.098309816721212,6
4BZ1_HLA,4,wt,BA-DDG,c9,0.2,6
4BZ1_HLA,4,wt,H3,c9,0.0648,6
4BZ1_HLA,4,wt,Pythia,c9,-1.7963546514511108,6
4BZ1_HLA,4,wt,FoldX,c9,13.345830000000001,6
4BZ1_HLA,4,wt,MM-GBSA,c9,13.3681382580412,6
4BZ1_HLA,5,wt,BA-DDG,c10,1.251,6
4BZ1_HLA,5,wt,H3,c10,0.3119,6
4BZ1_HLA,5,wt,Pythia,c10,-0.539649024605751,6
4BZ1_HLA,5,wt,FoldX,c10,5.2344,6
4BZ1_HLA,5,wt,MM-GBSA,c10,6.246509102269556,6
4BZ1_HLA,1,mean,BA-DDG,c11,0.811,6
4BZ1_HLA,1,mean,H3,c11,-0.2406,6
4BZ1_HLA,1,mean,Pythia,c11,-1.8183202631771564,6
4BZ1_HLA,1,mean,FoldX,c11,14.142890000000001,6
4BZ1_HLA,1,mean,MM-GBSA,c11,14.274825234650962,6
4BZ1_HLA,2,mean,BA-DDG,c12,-0.131,6
4BZ1_HLA,2,mean,H3,c12,-0.3729,6
4BZ1_HLA,2,mean,Pythia,c12,-1.725548505783081,6
4BZ1_HLA,2,mean,FoldX,c12,11.74959,6
4BZ1_HLA,2,mean,MM-GBSA,c12,16.64066135824669,6
4BZ1_HLA,3,mean,BA-DDG,c13,0.351,6
4BZ1_HLA,3,mean,H3,c13,-0.0973,6
4BZ1_HLA,3,mean,Pythia,c13,-1.4067665338516235,6
4BZ1_HLA,3,mean,FoldX,c13,12.48038,6
4BZ1_HLA,3,mean,MM-GBSA,c13,14.651784186923578,6
4BZ1_HLA,4,mean,BA-DDG,c14,0.334,6
4BZ1_HLA,4,mean,H3,c14,-0.5146,6
4BZ1_HLA,4,mean,Pythia,c14,-0.9638502597808838,6
4BZ1_HLA,4,mean,FoldX,c14,10.625620000000001,6
4BZ1_HLA,4,mean,MM-GBSA,c14,12.377868554051474,6
4BZ1_HLA,5,mean,BA-DDG,c15,0.741,6
4BZ1_HLA,5,mean,H3,c15,0.0188,6
4BZ1_HLA,5,mean,Pythia,c15,-0.03137442469596863,6
4BZ1_HLA,5,mean,FoldX,c15,10.523060000000001,6
4BZ1_HLA,5,mean,MM-GBSA,c15,12.789033210952311,6
4BZ1_HLA,1,cvar50,BA-DDG,c11,0.811,6
4BZ1_HLA,1,cvar50,H3,c11,-0.2406,6
4BZ1_HLA,1,cvar50,Pythia,c11,-1.8183202631771564,6
4BZ1_HLA,1,cvar50,FoldX,c11,14.142890000000001,6
4BZ1_HLA,1,cvar50,MM-GBSA,c11,14.274825234650962,6
4BZ1_HLA,2,cvar50,BA-DDG,c16,0.309,6
4BZ1_HLA,2,cvar50,H3,c16,-0.3363,6
4BZ1_HLA,2,cvar50,Pythia,c16,-0.07121062278747559,6
4BZ1_HLA,2,cvar50,FoldX,c16,11.50328,6
4BZ1_HLA,2,cvar50,MM-GBSA,c16,14.106788396365573,6
4BZ1_HLA,3,cvar50,BA-DDG,c17,0.289,6
4BZ1_HLA,3,cvar50,H3,c17,-0.1483,6
4BZ1_HLA,3,cvar50,Pythia,c17,-0.46836429834365845,6
4BZ1_HLA,3,cvar50,FoldX,c17,10.65936,6
4BZ1_HLA,3,cvar50,MM-GBSA,c17,17.889097321057307,6
4BZ1_HLA,4,cvar50,BA-DDG,c18,1.804,6
4BZ1_HLA,4,cvar50,H3,c18,0.3627,6
4BZ1_HLA,4,cvar50,Pythia,c18,-1.2563720643520355,6
4BZ1_HLA,4,cvar50,FoldX,c18,9.87576,6
4BZ1_HLA,4,cvar50,MM-GBSA,c18,15.696298545431091,6
4BZ1_HLA,5,cvar50,BA-DDG,c19,0.251,6
4BZ1_HLA,5,cvar50,H3,c19,0.0427,6
4BZ1_HLA,5,cvar50,Pythia,c19,-1.575087547302246,6
4BZ1_HLA,5,cvar50,FoldX,c19,10.96839,6
4BZ1_HLA,5,cvar50,MM-GBSA,c19,12.492407865996938,6
4BZ1_HLA,1,cvar20,BA-DDG,c11,0.811,6
4BZ1_HLA,1,cvar20,H3,c11,-0.2406,6
4BZ1_HLA,1,cvar20,Pythia,c11,-1.8183202631771564,6
4BZ1_HLA,1,cvar20,FoldX,c11,14.142890000000001,6
4BZ1_HLA,1,cvar20,MM-GBSA,c11,14.274825234650962,6
4BZ1_HLA,2,cvar20,BA-DDG,c16,0.309,6
4BZ1_HLA,2,cvar20,H3,c16,-0.3363,6
4BZ1_HLA,2,cvar20,Pythia,c16,-0.07121062278747559,6
4BZ1_HLA,2,cvar20,FoldX,c16,11.50328,6
4BZ1_HLA,2,cvar20,MM-GBSA,c16,14.106788396365573,6
4BZ1_HLA,3,cvar20,BA-DDG,c17,0.289,6
4BZ1_HLA,3,cvar20,H3,c17,-0.1483,6
4BZ1_HLA,3,cvar20,Pythia,c17,-0.46836429834365845,6
4BZ1_HLA,3,cvar20,FoldX,c17,10.65936,6
4BZ1_HLA,3,cvar20,MM-GBSA,c17,17.889097321057307,6
4BZ1_HLA,4,cvar20,BA-DDG,c18,1.804,6
4BZ1_HLA,4,cvar20,H3,c18,0.3627,6
4BZ1_HLA,4,cvar20,Pythia,c18,-1.2563720643520355,6
4BZ1_HLA,4,cvar20,FoldX,c18,9.87576,6
4BZ1_HLA,4,cvar20,MM-GBSA,c18,15.696298545431091,6
4BZ1_HLA,5,cvar20,BA-DDG,c19,0.251,6
4BZ1_HLA,5,cvar20,H3,c19,0.0427,6
4BZ1_HLA,5,cvar20,Pythia,c19,-1.575087547302246,6
4BZ1_HLA,5,cvar20,FoldX,c19,10.96839,6
4BZ1_HLA,5,cvar20,MM-GBSA,c19,12.492407865996938,6
4BZ1_HLA,1,max,BA-DDG,c11,0.811,6
4BZ1_HLA,1,max,H3,c11,-0.2406,6
4BZ1_HLA,1,max,Pythia,c11,-1.8183202631771564,6
4BZ1_HLA,1,max,FoldX,c11,14.142890000000001,6
4BZ1_HLA,1,max,MM-GBSA,c11,14.274825234650962,6
4BZ1_HLA,2,max,BA-DDG,c16,0.309,6
4BZ1_HLA,2,max,H3,c16,-0.3363,6
4BZ1_HLA,2,max,Pythia,c16,-0.07121062278747559,6
4BZ1_HLA,2,max,FoldX,c16,11.50328,6
4BZ1_HLA,2,max,MM-GBSA,c16,14.106788396365573,6
4BZ1_HLA,3,max,BA-DDG,c17,0.289,6
4BZ1_HLA,3,max,H3,c17,-0.1483,6
4BZ1_HLA,3,max,Pythia,c17,-0.46836429834365845,6
4BZ1_HLA,3,max,FoldX,c17,10.65936,6
4BZ1_HLA,3,max,MM-GBSA,c17,17.889097321057307,6
4BZ1_HLA,4,max,BA-DDG,c18,1.804,6
4BZ1_HLA,4,max,H3,c18,0.3627,6
4BZ1_HLA,4,max,Pythia,c18,-1.2563720643520355,6
4BZ1_HLA,4,max,FoldX,c18,9.87576,6
4BZ1_HLA,4,max,MM-GBSA,c18,15.696298545431091,6
4BZ1_HLA,5,max,BA-DDG,c20,1.339,6
4BZ1_HLA,5,max,H3,c20,0.2702,6
4BZ1_HLA,5,max,Pythia,c20,-1.7831774353981018,6
4BZ1_HLA,5,max,FoldX,c20,10.97034,6
4BZ1_HLA,5,max,MM-GBSA,c20,20.272410381682676,6
4L5F_HLE,1,afll,BA-DDG,c0,1.442,12
4L5F_HLE,1,afll,H3,c0,2.3969,12
4L5F_HLE,1,afll,Pythia,c0,2.1646068692207336,12
4L5F_HLE,1,afll,FoldX,c0,3.8869089999999993,12
4L5F_HLE,1,afll,MM-GBSA,c0,11.481517287247243,12
4L5F_HLE,2,afll,BA-DDG,c0,1.442,12
4L5F_HLE,2,afll,H3,c0,2.3969,12
4L5F_HLE,2,afll,Pythia,c0,2.1646068692207336,12
4L5F_HLE,2,afll,FoldX,c0,3.8869089999999993,12
4L5F_HLE,2,afll,MM-GBSA,c0,11.481517287247243,12
4L5F_HLE,3,afll,BA-DDG,c0,1.442,12
4L5F_HLE,3,afll,H3,c0,2.3969,12
4L5F_HLE,3,afll,Pythia,c0,2.1646068692207336,12
4L5F_HLE,3,afll,FoldX,c0,3.8869089999999993,12
4L5F_HLE,3,afll,MM-GBSA,c0,11.481517287247243,12
4L5F_HLE,4,afll,BA-DDG,c1,2.158,12
4L5F_HLE,4,afll,H3,c1,1.8587,12
4L5F_HLE,4,afll,Pythia,c1,-1.9709503054618835,12
4L5F_HLE,4,afll,FoldX,c1,4.33385,12
4L5F_HLE,4,afll,MM-GBSA,c1,8.069294862705647,12
4L5F_HLE,5,afll,BA-DDG,c0,1.442,12
4L5F_HLE,5,afll,H3,c0,2.3969,12
4L5F_HLE,5,afll,Pythia,c0,2.1646068692207336,12
4L5F_HLE,5,afll,FoldX,c0,3.8869089999999993,12
4L5F_HLE,5,afll,MM-GBSA,c0,11.481517287247243,12
4L5F_HLE,1,random,BA-DDG,c2,1.464,12
4L5F_HLE,1,random,H3,c2,2.2811,12
4L5F_HLE,1,random,Pythia,c2,2.1515090465545654,12
4L5F_HLE,1,random,FoldX,c2,3.980136,12
4L5F_HLE,1,random,MM-GBSA,c2,10.771204202897934,12
4L5F_HLE,2,random,BA-DDG,c3,2.621,12
4L5F_HLE,2,random,H3,c3,1.5688,12
4L5F_HLE,2,random,Pythia,c3,3.7506454586982727,12
4L5F_HLE,2,random,FoldX,c3,0.18204500000000046,12
4L5F_HLE,2,random,MM-GBSA,c3,12.995157660844143,12
4L5F_HLE,3,random,BA-DDG,c4,1.212,12
4L5F_HLE,3,random,H3,c4,1.7482,12
4L5F_HLE,3,random,Pythia,c4,0.182459800504148,12
4L5F_HLE,3,random,FoldX,c4,4.454695,12
4L5F_HLE,3,random,MM-GBSA,c4,6.770592628616669,12
4L5F_HLE,4,random,BA-DDG,c5,2.049,12
4L5F_HLE,4,random,H3,c5,3.9,12
4L5F_HLE,4,random,Pythia,c5,5.170651137828827,12
4L5F_HLE,4,random,FoldX,c5,5.833376,12
4L5F_HLE,4,random,MM-GBSA,c5,18.07260689616578,12
4L5F_HLE,5,random,BA-DDG,c6,1.859,12
4L5F_HLE,5,random,H3,c6,1.6805,12
4L5F_HLE,5,random,Pythia,c6,3.1274226307868958,12
4L5F_HLE,5,random,FoldX,c6,2.8436589999999997,12
4L5F_HLE,5,random,MM-GBSA,c6,17.72254890745353,12
4L5F_HLE,1,wt,BA-DDG,c7,2.166,12
4L5F_HLE,1,wt,H3,c7,0.7031,12
4L5F_HLE,1,wt,Pythia,c7,0.025327205657958984,12
4L5F_HLE,1,wt,FoldX,c7,0.7881809999999998,12
4L5F_HLE,1,wt,MM-GBSA,c7,6.670473225471142,12
4L5F_HLE,2,wt,BA-DDG,c8,0.426,12
4L5F_HLE,2,wt,H3,c8,0.9767,12
4L5F_HLE,2,wt,Pythia,c8,0.6190302968025208,12
4L5F_HLE,2,wt,FoldX,c8,2.1918480000000002,12
4L5F_HLE,2,wt,MM-GBSA,c8,7.524952224744084,12
4L5F_HLE,3,wt,BA-DDG,c9,1.091,12
4L5F_HLE,3,wt,H3,c9,2.7917,12
4L5F_HLE,3,wt,Pythia,c9,5.2543357610702515,12
4L5F_HLE,3,wt,FoldX,c9,3.0645999999999995,12
4L5F_HLE,3,wt,MM-GBSA,c9,11.037809099718288,12
4L5F_HLE,4,wt,BA-DDG,c10,0.047,12
4L5F_HLE,4,wt,H3,c10,0.0644,12
4L5F_HLE,4,wt,Pythia,c10,0.3705503046512604,12
4L5F_HLE,4,wt,FoldX,c10,1.8423850000000002,12
4L5F_HLE,4,wt,MM-GBSA,c10,7.091079685187651,12
4L5F_HLE,5,wt,BA-DDG,c11,0.483,12
4L5F_HLE,5,wt,H3,c11,1.0438,12
4L5F_HLE,5,wt,Pythia,c11,1.6739636063575745,12
4L5F_HLE,5,wt,FoldX,c11,1.2711109999999999,12
4L5F_HLE,5,wt,MM-GBSA,c11,9.456846949123246,12
4L5F_HLE,1,mean,BA-DDG,c12,2.311,12
4L5F_HLE,1,mean,H3,c12,1.6457,12
4L5F_HLE,1,mean,Pythia,c12,3.5997125804424286,12
4L5F_HLE,1,mean,FoldX,c12,3.6292679,12
4L5F_HLE,1,mean,MM-GBSA,c12,14.181178037175414,12
4L5F_HLE,2,mean,BA-DDG,c13,1.499,12
4L5F_HLE,2,mean,H3,c13,0.3443,12
4L5F_HLE,2,mean,Pythia,c13,0.19349154829978943,12
4L5F_HLE,2,mean,FoldX,c13,2.167773,12
4L5F_HLE,2,mean,MM-GBSA,c13,5.538859480323936,12
4L5F_HLE,3,mean,BA-DDG,c14,1.019,12
4L5F_HLE,3,mean,H3,c14,1.1509,12
4L5F_HLE,3,mean,Pythia,c14,-0.5930850803852081,12
4L5F_HLE,3,mean,FoldX,c14,3.346431,12
4L5F_HLE,3,mean,MM-GBSA,c14,13.359562051157809,12
4L5F_HLE,4,mean,BA-DDG,c10,0.047,12
4L5F_HLE,4,mean,H3,c10,0.0644,12
4L5F_HLE,4,mean,Pythia,c10,0.3705503046512604,12
4L5F_HLE,4,mean,FoldX,c10,1.8423850000000002,12
4L5F_HLE,4,mean,MM-GBSA,c10,7.091079685187651,12
4L5F_HLE,5,mean,BA-DDG,c15,0.735,12
4L5F_HLE,5,mean,H3,c15,1.2987,12
4L5F_HLE,5,mean,Pythia,c15,-0.25865426659584045,12
4L5F_HLE,5,mean,FoldX,c15,2.6597720000000002,12
4L5F_HLE,5,mean,MM-GBSA,c15,13.464989956723457,12
4L5F_HLE,1,cvar50,BA-DDG,c16,0.748,12
4L5F_HLE,1,cvar50,H3,c16,1.4988,12
4L5F_HLE,1,cvar50,Pythia,c16,0.793462872505188,12
4L5F_HLE,1,cvar50,FoldX,c16,2.3806950000000002,12
4L5F_HLE,1,cvar50,MM-GBSA,c16,7.232846129249083,12
4L5F_HLE,2,cvar50,BA-DDG,c13,1.499,12
4L5F_HLE,2,cvar50,H3,c13,0.3443,12
4L5F_HLE,2,cvar50,Pythia,c13,0.19349154829978943,12
4L5F_HLE,2,cvar50,FoldX,c13,2.167773,12
4L5F_HLE,2,cvar50,MM-GBSA,c13,5.538859480323936,12
4L5F_HLE,3,cvar50,BA-DDG,c17,0.301,12
4L5F_HLE,3,cvar50,H3,c17,1.8597,12
4L5F_HLE,3,cvar50,Pythia,c17,4.299686968326569,12
4L5F_HLE,3,cvar50,FoldX,c17,2.622527,12
4L5F_HLE,3,cvar50,MM-GBSA,c17,8.059817119369654,12
4L5F_HLE,4,cvar50,BA-DDG,c10,0.047,12
4L5F_HLE,4,cvar50,H3,c10,0.0644,12
4L5F_HLE,4,cvar50,Pythia,c10,0.3705503046512604,12
4L5F_HLE,4,cvar50,FoldX,c10,1.8423850000000002,12
4L5F_HLE,4,cvar50,MM-GBSA,c10,7.091079685187651,12
4L5F_HLE,5,cvar50,BA-DDG,c15,0.735,12
4L5F_HLE,5,cvar50,H3,c15,1.2987,12
4L5F_HLE,5,cvar50,Pythia,c15,-0.25865426659584045,12
4L5F_HLE,5,cvar50,FoldX,c15,2.6597720000000002,12
4L5F_HLE,5,cvar50,MM-GBSA,c15,13.464989956723457,12
4L5F_HLE,1,cvar20,BA-DDG,c16,0.748,12
4L5F_HLE,1,cvar20,H3,c16,1.4988,12
4L5F_HLE,1,cvar20,Pythia,c16,0.793462872505188,12
4L5F_HLE,1,cvar20,FoldX,c16,2.3806950000000002,12
4L5F_HLE,1,cvar20,MM-GBSA,c16,7.232846129249083,12
4L5F_HLE,2,cvar20,BA-DDG,c13,1.499,12
4L5F_HLE,2,cvar20,H3,c13,0.3443,12
4L5F_HLE,2,cvar20,Pythia,c13,0.19349154829978943,12
4L5F_HLE,2,cvar20,FoldX,c13,2.167773,12
4L5F_HLE,2,cvar20,MM-GBSA,c13,5.538859480323936,12
4L5F_HLE,3,cvar20,BA-DDG,c17,0.301,12
4L5F_HLE,3,cvar20,H3,c17,1.8597,12
4L5F_HLE,3,cvar20,Pythia,c17,4.299686968326569,12
4L5F_HLE,3,cvar20,FoldX,c17,2.622527,12
4L5F_HLE,3,cvar20,MM-GBSA,c17,8.059817119369654,12
4L5F_HLE,4,cvar20,BA-DDG,c10,0.047,12
4L5F_HLE,4,cvar20,H3,c10,0.0644,12
4L5F_HLE,4,cvar20,Pythia,c10,0.3705503046512604,12
4L5F_HLE,4,cvar20,FoldX,c10,1.8423850000000002,12
4L5F_HLE,4,cvar20,MM-GBSA,c10,7.091079685187651,12
4L5F_HLE,5,cvar20,BA-DDG,c15,0.735,12
4L5F_HLE,5,cvar20,H3,c15,1.2987,12
4L5F_HLE,5,cvar20,Pythia,c15,-0.25865426659584045,12
4L5F_HLE,5,cvar20,FoldX,c15,2.6597720000000002,12
4L5F_HLE,5,cvar20,MM-GBSA,c15,13.464989956723457,12
4L5F_HLE,1,max,BA-DDG,c16,0.748,12
4L5F_HLE,1,max,H3,c16,1.4988,12
4L5F_HLE,1,max,Pythia,c16,0.793462872505188,12
4L5F_HLE,1,max,FoldX,c16,2.3806950000000002,12
4L5F_HLE,1,max,MM-GBSA,c16,7.232846129249083,12
4L5F_HLE,2,max,BA-DDG,c18,0.718,12
4L5F_HLE,2,max,H3,c18,2.2094,12
4L5F_HLE,2,max,Pythia,c18,4.8555081486701965,12
4L5F_HLE,2,max,FoldX,c18,2.1977199999999995,12
4L5F_HLE,2,max,MM-GBSA,c18,10.946044632253688,12
4L5F_HLE,3,max,BA-DDG,c14,1.019,12
4L5F_HLE,3,max,H3,c14,1.1509,12
4L5F_HLE,3,max,Pythia,c14,-0.5930850803852081,12
4L5F_HLE,3,max,FoldX,c14,3.346431,12
4L5F_HLE,3,max,MM-GBSA,c14,13.359562051157809,12
4L5F_HLE,4,max,BA-DDG,c19,1.077,12
4L5F_HLE,4,max,H3,c19,0.3711,12
4L5F_HLE,4,max,Pythia,c19,-0.9515923261642456,12
4L5F_HLE,4,max,FoldX,c19,3.016336000000001,12
4L5F_HLE,4,max,MM-GBSA,c19,4.867465978381915,12
4L5F_HLE,5,max,BA-DDG,c15,0.735,12
4L5F_HLE,5,max,H3,c15,1.2987,12
4L5F_HLE,5,max,Pythia,c15,-0.25865426659584045,12
4L5F_HLE,5,max,FoldX,c15,2.6597720000000002,12
4L5F_HLE,5,max,MM-GBSA,c15,13.464989956723457,12
5DUM_HLA,1,afll,BA-DDG,c0,2.074,7
5DUM_HLA,1,afll,H3,c0,0.4009,7
5DUM_HLA,1,afll,Pythia,c0,-0.9933387842029333,7
5DUM_HLA,1,afll,FoldX,c0,0.6642920000000005,7
5DUM_HLA,1,afll,MM-GBSA,c0,11.880216550252953,7
5DUM_HLA,2,afll,BA-DDG,c1,2.535,7
5DUM_HLA,2,afll,H3,c1,2.1048,7
5DUM_HLA,2,afll,Pythia,c1,5.274192303419113,7
5DUM_HLA,2,afll,FoldX,c1,0.3180719999999999,7
5DUM_HLA,2,afll,MM-GBSA,c1,23.534405843676723,7
5DUM_HLA,3,afll,BA-DDG,c2,2.391,7
5DUM_HLA,3,afll,H3,c2,2.1223,7
5DUM_HLA,3,afll,Pythia,c2,8.670345455408096,7
5DUM_HLA,3,afll,FoldX,c2,3.2921830000000005,7
5DUM_HLA,3,afll,MM-GBSA,c2,13.522187901447978,7
5DUM_HLA,4,afll,BA-DDG,c3,1.681,7
5DUM_HLA,4,afll,H3,c3,2.0898,7
5DUM_HLA,4,afll,Pythia,c3,3.803447797894478,7
5DUM_HLA,4,afll,FoldX,c3,1.9854919999999998,7
5DUM_HLA,4,afll,MM-GBSA,c3,14.129816348348868,7
5DUM_HLA,5,afll,BA-DDG,c4,2.401,7
5DUM_HLA,5,afll,H3,c4,1.7074,7
5DUM_HLA,5,afll,Pythia,c4,3.5289042741060257,7
5DUM_HLA,5,afll,FoldX,c4,2.6911060000000004,7
5DUM_HLA,5,afll,MM-GBSA,c4,15.291004894799698,7
5DUM_HLA,1,random,BA-DDG,c5,6.693,7
5DUM_HLA,1,random,H3,c5,4.1919,7
5DUM_HLA,1,random,Pythia,c5,26.401222163811326,7
5DUM_HLA,1,random,FoldX,c5,1.1232680000000004,7
5DUM_HLA,1,random,MM-GBSA,c5,20.737088349526857,7
5DUM_HLA,2,random,BA-DDG,c6,2.875,7
5DUM_HLA,2,random,H3,c6,3.5251,7
5DUM_HLA,2,random,Pythia,c6,6.177501754835248,7
5DUM_HLA,2,random,FoldX,c6,2.4444800000000004,7
5DUM_HLA,2,random,MM-GBSA,c6,15.531107086853808,7
5DUM_HLA,3,random,BA-DDG,c7,1.187,7
5DUM_HLA,3,random,H3,c7,1.25,7
5DUM_HLA,3,random,Pythia,c7,-0.4504295941442251,7
5DUM_HLA,3,random,FoldX,c7,1.0142940000000005,7
5DUM_HLA,3,random,MM-GBSA,c7,16.34299448929596,7
5DUM_HLA,4,random,BA-DDG,c8,2.668,7
5DUM_HLA,4,random,H3,c8,2.8035,7
5DUM_HLA,4,random,Pythia,c8,9.391232870519161,7
5DUM_HLA,4,random,FoldX,c8,0.8516510000000004,7
5DUM_HLA,4,random,MM-GBSA,c8,17.836931073667984,7
5DUM_HLA,5,random,BA-DDG,c9,4.984,7
5DUM_HLA,5,random,H3,c9,5.3243,7
5DUM_HLA,5,random,Pythia,c9,14.37667366489768,7
5DUM_HLA,5,random,FoldX,c9,4.484514000000001,7
5DUM_HLA,5,random,MM-GBSA,c9,17.649566565198256,7
5DUM_HLA,1,wt,BA-DDG,c10,-0.307,7
5DUM_HLA,1,wt,H3,c10,0.0163,7
5DUM_HLA,1,wt,Pythia,c10,-5.060920981690288,7
5DUM_HLA,1,wt,FoldX,c10,-2.5214729999999985,7
5DUM_HLA,1,wt,MM-GBSA,c10,487.7659335997241,7
5DUM_HLA,2,wt,BA-DDG,c11,0.453,7
5DUM_HLA,2,wt,H3,c11,0.8807,7
5DUM_HLA,2,wt,Pythia,c11,-2.1139415949583054,7
5DUM_HLA,2,wt,FoldX,c11,0.1694880000000003,7
5DUM_HLA,2,wt,MM-GBSA,c11,8.298782797973217,7
5DUM_HLA,3,wt,BA-DDG,c12,2.178,7
5DUM_HLA,3,wt,H3,c12,2.7516,7
5DUM_HLA,3,wt,Pythia,c12,1.2115071564912796,7
5DUM_HLA,3,wt,FoldX,c12,-1.0283209999999992,7
5DUM_HLA,3,wt,MM-GBSA,c12,11.961609113468512,7
5DUM_HLA,4,wt,BA-DDG,c13,0.136,7
5DUM_HLA,4,wt,H3,c13,1.8382,7
5DUM_HLA,4,wt,Pythia,c13,5.604097373783588,7
5DUM_HLA,4,wt,FoldX,c13,-0.7853640000000004,7
5DUM_HLA,4,wt,MM-GBSA,c13,4.48338264987251,7
5DUM_HLA,5,wt,BA-DDG,c14,1.073,7
5DUM_HLA,5,wt,H3,c14,1.5959,7
5DUM_HLA,5,wt,Pythia,c14,3.760684348642826,7
5DUM_HLA,5,wt,FoldX,c14,0.09484800000000071,7
5DUM_HLA,5,wt,MM-GBSA,c14,10.720548972790311,7
5DUM_HLA,1,mean,BA-DDG,c15,0.535,7
5DUM_HLA,1,mean,H3,c15,0.6501,7
5DUM_HLA,1,mean,Pythia,c15,0.17664515227079391,7
5DUM_HLA,1,mean,FoldX,c15,-1.0910060000000001,7
5DUM_HLA,1,mean,MM-GBSA,c15,2.4490123336190663,7
5DUM_HLA,2,mean,BA-DDG,c16,0.823,7
5DUM_HLA,2,mean,H3,c16,0.3635,7
5DUM_HLA,2,mean,Pythia,c16,1.5729898530989885,7
5DUM_HLA,2,mean,FoldX,c16,-1.6801559999999993,7
5DUM_HLA,2,mean,MM-GBSA,c16,8.48958459631831,7
5DUM_HLA,3,mean,BA-DDG,c17,1.351,7
5DUM_HLA,3,mean,H3,c17,0.4998,7
5DUM_HLA,3,mean,Pythia,c17,3.1921073868870735,7
5DUM_HLA,3,mean,FoldX,c17,-3.0494269999999997,7
5DUM_HLA,3,mean,MM-GBSA,c17,2.881681771885269,7
5DUM_HLA,4,mean,BA-DDG,c18,0.895,7
5DUM_HLA,4,mean,H3,c18,-0.3517,7
5DUM_HLA,4,mean,Pythia,c18,-4.575335854664445,7
5DUM_HLA,4,mean,FoldX,c18,-0.8173690000000011,7
5DUM_HLA,4,mean,MM-GBSA,c18,481.7983148838266,7
5DUM_HLA,5,mean,BA-DDG,c19,0.655,7
5DUM_HLA,5,mean,H3,c19,1.827,7
5DUM_HLA,5,mean,Pythia,c19,-3.8525936789810658,7
5DUM_HLA,5,mean,FoldX,c19,-0.3086599999999997,7
5DUM_HLA,5,mean,MM-GBSA,c19,9.41467774177545,7
5DUM_HLA,1,cvar50,BA-DDG,c15,0.535,7
5DUM_HLA,1,cvar50,H3,c15,0.6501,7
5DUM_HLA,1,cvar50,Pythia,c15,0.17664515227079391,7
5DUM_HLA,1,cvar50,FoldX,c15,-1.0910060000000001,7
5DUM_HLA,1,cvar50,MM-GBSA,c15,2.4490123336190663,7
5DUM_HLA,2,cvar50,BA-DDG,c16,0.823,7
5DUM_HLA,2,cvar50,H3,c16,0.3635,7
5DUM_HLA,2,cvar50,Pythia,c16,1.5729898530989885,7
5DUM_HLA,2,cvar50,FoldX,c16,-1.6801559999999993,7
5DUM_HLA,2,cvar50,MM-GBSA,c16,8.48958459631831,7
5DUM_HLA,3,cvar50,BA-DDG,c20,0.986,7
5DUM_HLA,3,cvar50,H3,c20,1.2452,7
5DUM_HLA,3,cvar50,Pythia,c20,7.996930696070194,7
5DUM_HLA,3,cvar50,FoldX,c20,2.981750000000001,7
5DUM_HLA,3,cvar50,MM-GBSA,c20,13.493598185271367,7
5DUM_HLA,4,cvar50,BA-DDG,c18,0.895,7
5DUM_HLA,4,cvar50,H3,c18,-0.3517,7
5DUM_HLA,4,cvar50,Pythia,c18,-4.575335854664445,7
5DUM_HLA,4,cvar50,FoldX,c18,-0.8173690000000011,7
5DUM_HLA,4,cvar50,MM-GBSA,c18,481.7983148838266,7
5DUM_HLA,5,cvar50,BA-DDG,c19,0.655,7
5DUM_HLA,5,cvar50,H3,c19,1.827,7
5DUM_HLA,5,cvar50,Pythia,c19,-3.8525936789810658,7
5DUM_HLA,5,cvar50,FoldX,c19,-0.3086599999999997,7
5DUM_HLA,5,cvar50,MM-GBSA,c19,9.41467774177545,7
5DUM_HLA,1,cvar20,BA-DDG,c21,0.222,7
5DUM_HLA,1,cvar20,H3,c21,1.0572,7
5DUM_HLA,1,cvar20,Pythia,c21,-2.0043368581682444,7
5DUM_HLA,1,cvar20,FoldX,c21,-1.7448789999999992,7
5DUM_HLA,1,cvar20,MM-GBSA,c21,1.9936504805309596,7
5DUM_HLA,2,cvar20,BA-DDG,c22,-0.108,7
5DUM_HLA,2,cvar20,H3,c22,-0.3627,7
5DUM_HLA,2,cvar20,Pythia,c22,-0.8328726924955845,7
5DUM_HLA,2,cvar20,FoldX,c22,0.9410670000000003,7
5DUM_HLA,2,cvar20,MM-GBSA,c22,15.836172276279285,7
5DUM_HLA,3,cvar20,BA-DDG,c20,0.986,7
5DUM_HLA,3,cvar20,H3,c20,1.2452,7
5DUM_HLA,3,cvar20,Pythia,c20,7.996930696070194,7
5DUM_HLA,3,cvar20,FoldX,c20,2.981750000000001,7
5DUM_HLA,3,cvar20,MM-GBSA,c20,13.493598185271367,7
5DUM_HLA,4,cvar20,BA-DDG,c18,0.895,7
5DUM_HLA,4,cvar20,H3,c18,-0.3517,7
5DUM_HLA,4,cvar20,Pythia,c18,-4.575335854664445,7
5DUM_HLA,4,cvar20,FoldX,c18,-0.8173690000000011,7
5DUM_HLA,4,cvar20,MM-GBSA,c18,481.7983148838266,7
5DUM_HLA,5,cvar20,BA-DDG,c19,0.655,7
5DUM_HLA,5,cvar20,H3,c19,1.827,7
5DUM_HLA,5,cvar20,Pythia,c19,-3.8525936789810658,7
5DUM_HLA,5,cvar20,FoldX,c19,-0.3086599999999997,7
5DUM_HLA,5,cvar20,MM-GBSA,c19,9.41467774177545,7
5DUM_HLA,1,max,BA-DDG,c21,0.222,7
5DUM_HLA,1,max,H3,c21,1.0572,7
5DUM_HLA,1,max,Pythia,c21,-2.0043368581682444,7
5DUM_HLA,1,max,FoldX,c21,-1.7448789999999992,7
5DUM_HLA,1,max,MM-GBSA,c21,1.9936504805309596,7
5DUM_HLA,2,max,BA-DDG,c22,-0.108,7
5DUM_HLA,2,max,H3,c22,-0.3627,7
5DUM_HLA,2,max,Pythia,c22,-0.8328726924955845,7
5DUM_HLA,2,max,FoldX,c22,0.9410670000000003,7
5DUM_HLA,2,max,MM-GBSA,c22,15.836172276279285,7
5DUM_HLA,3,max,BA-DDG,c20,0.986,7
5DUM_HLA,3,max,H3,c20,1.2452,7
5DUM_HLA,3,max,Pythia,c20,7.996930696070194,7
5DUM_HLA,3,max,FoldX,c20,2.981750000000001,7
5DUM_HLA,3,max,MM-GBSA,c20,13.493598185271367,7
5DUM_HLA,4,max,BA-DDG,c18,0.895,7
5DUM_HLA,4,max,H3,c18,-0.3517,7
5DUM_HLA,4,max,Pythia,c18,-4.575335854664445,7
5DUM_HLA,4,max,FoldX,c18,-0.8173690000000011,7
5DUM_HLA,4,max,MM-GBSA,c18,481.7983148838266,7
5DUM_HLA,5,max,BA-DDG,c19,0.655,7
5DUM_HLA,5,max,H3,c19,1.827,7
5DUM_HLA,5,max,Pythia,c19,-3.8525936789810658,7
5DUM_HLA,5,max,FoldX,c19,-0.3086599999999997,7
5DUM_HLA,5,max,MM-GBSA,c19,9.41467774177545,7
5GJS_HLB,1,afll,BA-DDG,c0,3.078,8
5GJS_HLB,1,afll,H3,c0,1.9599,8
5GJS_HLB,1,afll,Pythia,c0,0.23501215502619743,8
5GJS_HLB,1,afll,FoldX,c0,4.72252,8
5GJS_HLB,1,afll,MM-GBSA,c0,10.076446535589639,8
5GJS_HLB,2,afll,BA-DDG,c1,2.501,8
5GJS_HLB,2,afll,H3,c1,1.6966,8
5GJS_HLB,2,afll,Pythia,c1,3.8666943795979023,8
5GJS_HLB,2,afll,FoldX,c1,6.24156,8
5GJS_HLB,2,afll,MM-GBSA,c1,15.185735403044418,8
5GJS_HLB,3,afll,BA-DDG,c2,1.642,8
5GJS_HLB,3,afll,H3,c2,1.6394,8
5GJS_HLB,3,afll,Pythia,c2,1.865157887339592,8
5GJS_HLB,3,afll,FoldX,c2,5.703569999999999,8
5GJS_HLB,3,afll,MM-GBSA,c2,49497.225794069025,8
5GJS_HLB,4,afll,BA-DDG,c3,1.649,8
5GJS_HLB,4,afll,H3,c3,1.7434,8
5GJS_HLB,4,afll,Pythia,c3,2.6190507113933563,8
5GJS_HLB,4,afll,FoldX,c3,5.74085,8
5GJS_HLB,4,afll,MM-GBSA,c3,16.74301961266883,8
5GJS_HLB,5,afll,BA-DDG,c4,2.662,8
5GJS_HLB,5,afll,H3,c4,3.102,8
5GJS_HLB,5,afll,Pythia,c4,3.7022540159523487,8
5GJS_HLB,5,afll,FoldX,c4,4.6477699999999995,8
5GJS_HLB,5,afll,MM-GBSA,c4,9.474397793839671,8
5GJS_HLB,1,random,BA-DDG,c5,2.394,8
5GJS_HLB,1,random,H3,c5,2.2318,8
5GJS_HLB,1,random,Pythia,c5,5.506611879914999,8
5GJS_HLB,1,random,FoldX,c5,6.33929,8
5GJS_HLB,1,random,MM-GBSA,c5,9.792775346697454,8
5GJS_HLB,2,random,BA-DDG,c6,0.871,8
5GJS_HLB,2,random,H3,c6,1.2284,8
5GJS_HLB,2,random,Pythia,c6,-1.6235973853617907,8
5GJS_HLB,2,random,FoldX,c6,5.69051,8
5GJS_HLB,2,random,MM-GBSA,c6,7.196012199347933,8
5GJS_HLB,3,random,BA-DDG,c7,2.351,8
5GJS_HLB,3,random,H3,c7,2.9368,8
5GJS_HLB,3,random,Pythia,c7,5.795070171356201,8
5GJS_HLB,3,random,FoldX,c7,4.8014600000000005,8
5GJS_HLB,3,random,MM-GBSA,c7,8.8400747144251,8
5GJS_HLB,4,random,BA-DDG,c8,2.704,8
5GJS_HLB,4,random,H3,c8,3.6227,8
5GJS_HLB,4,random,Pythia,c8,12.398740783333778,8
5GJS_HLB,4,random,FoldX,c8,3.777619999999999,8
5GJS_HLB,4,random,MM-GBSA,c8,3.816718989095534,8
5GJS_HLB,5,random,BA-DDG,c9,-0.618,8
5GJS_HLB,5,random,H3,c9,1.1325,8
5GJS_HLB,5,random,Pythia,c9,-2.141022890806198,8
5GJS_HLB,5,random,FoldX,c9,6.14206,8
5GJS_HLB,5,random,MM-GBSA,c9,4.699610769932406,8
5GJS_HLB,1,wt,BA-DDG,c10,1.238,8
5GJS_HLB,1,wt,H3,c10,0.4392,8
5GJS_HLB,1,wt,Pythia,c10,-0.6268746145069599,8
5GJS_HLB,1,wt,FoldX,c10,4.83408,8
5GJS_HLB,1,wt,MM-GBSA,c10,11.252734815297117,8
5GJS_HLB,2,wt,BA-DDG,c11,0.927,8
5GJS_HLB,2,wt,H3,c11,0.8342,8
5GJS_HLB,2,wt,Pythia,c11,0.8637863472104073,8
5GJS_HLB,2,wt,FoldX,c11,4.29988,8
5GJS_HLB,2,wt,MM-GBSA,c11,1.1087391997643863,8
5GJS_HLB,3,wt,BA-DDG,c12,1.482,8
5GJS_HLB,3,wt,H3,c12,1.1179,8
5GJS_HLB,3,wt,Pythia,c12,-2.495025113224983,8
5GJS_HLB,3,wt,FoldX,c12,5.228809999999999,8
5GJS_HLB,3,wt,MM-GBSA,c12,4.726217070962775,8
5GJS_HLB,4,wt,BA-DDG,c13,-0.501,8
5GJS_HLB,4,wt,H3,c13,0.7043,8
5GJS_HLB,4,wt,Pythia,c13,-7.669498581439257,8
5GJS_HLB,4,wt,FoldX,c13,4.982199999999999,8
5GJS_HLB,4,wt,MM-GBSA,c13,-2.594778808492265,8
5GJS_HLB,5,wt,BA-DDG,c14,-0.87,8
5GJS_HLB,5,wt,H3,c14,0.9614,8
5GJS_HLB,5,wt,Pythia,c14,-0.9030243642628193,8
5GJS_HLB,5,wt,FoldX,c14,7.394194999999999,8
5GJS_HLB,5,wt,MM-GBSA,c14,12.708535918320194,8
5GJS_HLB,1,mean,BA-DDG,c15,-0.257,8
5GJS_HLB,1,mean,H3,c15,0.8582,8
5GJS_HLB,1,mean,Pythia,c15,3.6221660561859608,8
5GJS_HLB,1,mean,FoldX,c15,6.2994699999999995,8
5GJS_HLB,1,mean,MM-GBSA,c15,6.5890169793128734,8
5GJS_HLB,2,mean,BA-DDG,c16,-0.985,8
5GJS_HLB,2,mean,H3,c16,0.7867,8
5GJS_HLB,2,mean,Pythia,c16,-3.1966569423675537,8
5GJS_HLB,2,mean,FoldX,c16,6.324839999999999,8
5GJS_HLB,2,mean,MM-GBSA,c16,2.179261058980046,8
5GJS_HLB,3,mean,BA-DDG,c17,-0.413,8
5GJS_HLB,3,mean,H3,c17,-0.4269,8
5GJS_HLB,3,mean,Pythia,c17,-1.0798055231571198,8
5GJS_HLB,3,mean,FoldX,c17,3.92793,8
5GJS_HLB,3,mean,MM-GBSA,c17,2.155783080865149,8
5GJS_HLB,4,mean,BA-DDG,c13,-0.501,8
5GJS_HLB,4,mean,H3,c13,0.7043,8
5GJS_HLB,4,mean,Pythia,c13,-7.669498581439257,8
5GJS_HLB,4,mean,FoldX,c13,4.982199999999999,8
5GJS_HLB,4,mean,MM-GBSA,c13,-2.594778808492265,8
5GJS_HLB,5,mean,BA-DDG,c18,-1.289,8
5GJS_HLB,5,mean,H3,c18,0.1497,8
5GJS_HLB,5,mean,Pythia,c18,-2.8954456336796284,8
5GJS_HLB,5,mean,FoldX,c18,5.3291699999999995,8
5GJS_HLB,5,mean,MM-GBSA,c18,7.299064231183365,8
5GJS_HLB,1,cvar50,BA-DDG,c15,-0.257,8
5GJS_HLB,1,cvar50,H3,c15,0.8582,8
5GJS_HLB,1,cvar50,Pythia,c15,3.6221660561859608,8
5GJS_HLB,1,cvar50,FoldX,c15,6.2994699999999995,8
5GJS_HLB,1,cvar50,MM-GBSA,c15,6.5890169793128734,8
5GJS_HLB,2,cvar50,BA-DDG,c16,-0.985,8
5GJS_HLB,2,cvar50,H3,c16,0.7867,8
5GJS_HLB,2,cvar50,Pythia,c16,-3.1966569423675537,8
5GJS_HLB,2,cvar50,FoldX,c16,6.324839999999999,8
5GJS_HLB,2,cvar50,MM-GBSA,c16,2.179261058980046,8
5GJS_HLB,3,cvar50,BA-DDG,c17,-0.413,8
5GJS_HLB,3,cvar50,H3,c17,-0.4269,8
5GJS_HLB,3,cvar50,Pythia,c17,-1.0798055231571198,8
5GJS_HLB,3,cvar50,FoldX,c17,3.92793,8
5GJS_HLB,3,cvar50,MM-GBSA,c17,2.155783080865149,8
5GJS_HLB,4,cvar50,BA-DDG,c13,-0.501,8
5GJS_HLB,4,cvar50,H3,c13,0.7043,8
5GJS_HLB,4,cvar50,Pythia,c13,-7.669498581439257,8
5GJS_HLB,4,cvar50,FoldX,c13,4.982199999999999,8
5GJS_HLB,4,cvar50,MM-GBSA,c13,-2.594778808492265,8
5GJS_HLB,5,cvar50,BA-DDG,c18,-1.289,8
5GJS_HLB,5,cvar50,H3,c18,0.1497,8
5GJS_HLB,5,cvar50,Pythia,c18,-2.8954456336796284,8
5GJS_HLB,5,cvar50,FoldX,c18,5.3291699999999995,8
5GJS_HLB,5,cvar50,MM-GBSA,c18,7.299064231183365,8
5GJS_HLB,1,cvar20,BA-DDG,c15,-0.257,8
5GJS_HLB,1,cvar20,H3,c15,0.8582,8
5GJS_HLB,1,cvar20,Pythia,c15,3.6221660561859608,8
5GJS_HLB,1,cvar20,FoldX,c15,6.2994699999999995,8
5GJS_HLB,1,cvar20,MM-GBSA,c15,6.5890169793128734,8
5GJS_HLB,2,cvar20,BA-DDG,c16,-0.985,8
5GJS_HLB,2,cvar20,H3,c16,0.7867,8
5GJS_HLB,2,cvar20,Pythia,c16,-3.1966569423675537,8
5GJS_HLB,2,cvar20,FoldX,c16,6.324839999999999,8
5GJS_HLB,2,cvar20,MM-GBSA,c16,2.179261058980046,8
5GJS_HLB,3,cvar20,BA-DDG,c17,-0.413,8
5GJS_HLB,3,cvar20,H3,c17,-0.4269,8
5GJS_HLB,3,cvar20,Pythia,c17,-1.0798055231571198,8
5GJS_HLB,3,cvar20,FoldX,c17,3.92793,8
5GJS_HLB,3,cvar20,MM-GBSA,c17,2.155783080865149,8
5GJS_HLB,4,cvar20,BA-DDG,c13,-0.501,8
5GJS_HLB,4,cvar20,H3,c13,0.7043,8
5GJS_HLB,4,cvar20,Pythia,c13,-7.669498581439257,8
5GJS_HLB,4,cvar20,FoldX,c13,4.982199999999999,8
5GJS_HLB,4,cvar20,MM-GBSA,c13,-2.594778808492265,8
5GJS_HLB,5,cvar20,BA-DDG,c18,-1.289,8
5GJS_HLB,5,cvar20,H3,c18,0.1497,8
5GJS_HLB,5,cvar20,Pythia,c18,-2.8954456336796284,8
5GJS_HLB,5,cvar20,FoldX,c18,5.3291699999999995,8
5GJS_HLB,5,cvar20,MM-GBSA,c18,7.299064231183365,8
5GJS_HLB,1,max,BA-DDG,c15,-0.257,8
5GJS_HLB,1,max,H3,c15,0.8582,8
5GJS_HLB,1,max,Pythia,c15,3.6221660561859608,8
5GJS_HLB,1,max,FoldX,c15,6.2994699999999995,8
5GJS_HLB,1,max,MM-GBSA,c15,6.5890169793128734,8
5GJS_HLB,2,max,BA-DDG,c16,-0.985,8
5GJS_HLB,2,max,H3,c16,0.7867,8
5GJS_HLB,2,max,Pythia,c16,-3.1966569423675537,8
5GJS_HLB,2,max,FoldX,c16,6.324839999999999,8
5GJS_HLB,2,max,MM-GBSA,c16,2.179261058980046,8
5GJS_HLB,3,max,BA-DDG,c17,-0.413,8
5GJS_HLB,3,max,H3,c17,-0.4269,8
5GJS_HLB,3,max,Pythia,c17,-1.0798055231571198,8
5GJS_HLB,3,max,FoldX,c17,3.92793,8
5GJS_HLB,3,max,MM-GBSA,c17,2.155783080865149,8
5GJS_HLB,4,max,BA-DDG,c13,-0.501,8
5GJS_HLB,4,max,H3,c13,0.7043,8
5GJS_HLB,4,max,Pythia,c13,-7.669498581439257,8
5GJS_HLB,4,max,FoldX,c13,4.982199999999999,8
5GJS_HLB,4,max,MM-GBSA,c13,-2.594778808492265,8
5GJS_HLB,5,max,BA-DDG,c18,-1.289,8
5GJS_HLB,5,max,H3,c18,0.1497,8
5GJS_HLB,5,max,Pythia,c18,-2.8954456336796284,8
5GJS_HLB,5,max,FoldX,c18,5.3291699999999995,8
5GJS_HLB,5,max,MM-GBSA,c18,7.299064231183365,8
5GZN_HLA,1,afll,BA-DDG,c0,3.534,9
5GZN_HLA,1,afll,H3,c0,0.3215,9
5GZN_HLA,1,afll,Pythia,c0,6.403200194239616,9
5GZN_HLA,1,afll,FoldX,c0,2.5462299999999995,9
5GZN_HLA,1,afll,MM-GBSA,c0,833.4690489930399,9
5GZN_HLA,2,afll,BA-DDG,c1,2.562,9
5GZN_HLA,2,afll,H3,c1,-0.2153,9
5GZN_HLA,2,afll,Pythia,c1,6.0832694112323225,9
5GZN_HLA,2,afll,FoldX,c1,5.22331,9
5GZN_HLA,2,afll,MM-GBSA,c1,15.264122197480901,9
5GZN_HLA,3,afll,BA-DDG,c2,3.3,9
5GZN_HLA,3,afll,H3,c2,-0.1899,9
5GZN_HLA,3,afll,Pythia,c2,9.00663747638464,9
5GZN_HLA,3,afll,FoldX,c2,4.914960000000001,9
5GZN_HLA,3,afll,MM-GBSA,c2,10.132455751318048,9
5GZN_HLA,4,afll,BA-DDG,c3,4.224,9
5GZN_HLA,4,afll,H3,c3,0.3631,9
5GZN_HLA,4,afll,Pythia,c3,6.235841363668442,9
5GZN_HLA,4,afll,FoldX,c3,2.344850000000001,9
5GZN_HLA,4,afll,MM-GBSA,c3,20.2708511647088,9
5GZN_HLA,5,afll,BA-DDG,c4,3.339,9
5GZN_HLA,5,afll,H3,c4,1.0322,9
5GZN_HLA,5,afll,Pythia,c4,9.949768776074052,9
5GZN_HLA,5,afll,FoldX,c4,6.3488929999999995,9
5GZN_HLA,5,afll,MM-GBSA,c4,20.65202758304804,9
5GZN_HLA,1,random,BA-DDG,c5,2.793,9
5GZN_HLA,1,random,H3,c5,1.4747,9
5GZN_HLA,1,random,Pythia,c5,15.09311406314373,9
5GZN_HLA,1,random,FoldX,c5,2.3200199999999995,9
5GZN_HLA,1,random,MM-GBSA,c5,27.46466461811724,9
5GZN_HLA,2,random,BA-DDG,c6,1.881,9
5GZN_HLA,2,random,H3,c6,0.4483,9
5GZN_HLA,2,random,Pythia,c6,5.040070064365864,9
5GZN_HLA,2,random,FoldX,c6,1.1701300000000003,9
5GZN_HLA,2,random,MM-GBSA,c6,19.865951742935067,9
5GZN_HLA,3,random,BA-DDG,c7,5.073,9
5GZN_HLA,3,random,H3,c7,2.6932,9
5GZN_HLA,3,random,Pythia,c7,8.029554028064013,9
5GZN_HLA,3,random,FoldX,c7,1.6934500000000003,9
5GZN_HLA,3,random,MM-GBSA,c7,19.321445786710683,9
5GZN_HLA,4,random,BA-DDG,c8,6.675,9
5GZN_HLA,4,random,H3,c8,5.2404,9
5GZN_HLA,4,random,Pythia,c8,8.156373620033264,9
5GZN_HLA,4,random,FoldX,c8,3.266449999999999,9
5GZN_HLA,4,random,MM-GBSA,c8,21.24873401644436,9
5GZN_HLA,5,random,BA-DDG,c9,1.674,9
5GZN_HLA,5,random,H3,c9,1.4587,9
5GZN_HLA,5,random,Pythia,c9,7.776377707719803,9
5GZN_HLA,5,random,FoldX,c9,2.2445000000000004,9
5GZN_HLA,5,random,MM-GBSA,c9,20.276425794205352,9
5GZN_HLA,1,wt,BA-DDG,c10,3.687,9
5GZN_HLA,1,wt,H3,c10,1.8518,9
5GZN_HLA,1,wt,Pythia,c10,7.000108517706394,9
5GZN_HLA,1,wt,FoldX,c10,9.774410000000003,9
5GZN_HLA,1,wt,MM-GBSA,c10,907.5345205496051,9
5GZN_HLA,2,wt,BA-DDG,c11,3.127,9
5GZN_HLA,2,wt,H3,c11,1.4924,9
5GZN_HLA,2,wt,Pythia,c11,9.125664569437504,9
5GZN_HLA,2,wt,FoldX,c11,6.731299999999997,9
5GZN_HLA,2,wt,MM-GBSA,c11,23.79800815170711,9
5GZN_HLA,3,wt,BA-DDG,c12,3.14,9
5GZN_HLA,3,wt,H3,c12,0.4569,9
5GZN_HLA,3,wt,Pythia,c12,12.562226163223386,9
5GZN_HLA,3,wt,FoldX,c12,4.27691,9
5GZN_HLA,3,wt,MM-GBSA,c12,24.541639092207333,9
5GZN_HLA,4,wt,BA-DDG,c13,3.236,9
5GZN_HLA,4,wt,H3,c13,3.577,9
5GZN_HLA,4,wt,Pythia,c13,9.174245983362198,9
5GZN_HLA,4,wt,FoldX,c13,7.921619999999997,9
5GZN_HLA,4,wt,MM-GBSA,c13,16.84895731187862,9
5GZN_HLA,5,wt,BA-DDG,c14,3.013,9
5GZN_HLA,5,wt,H3,c14,1.5589,9
5GZN_HLA,5,wt,Pythia,c14,6.358955749776214,9
5GZN_HLA,5,wt,FoldX,c14,3.2685000000000004,9
5GZN_HLA,5,wt,MM-GBSA,c14,11.561832115425204,9
5GZN_HLA,1,mean,BA-DDG,c15,0.791,9
5GZN_HLA,1,mean,H3,c15,1.9088,9
5GZN_HLA,1,mean,Pythia,c15,8.840855427086353,9
5GZN_HLA,1,mean,FoldX,c15,3.83554,9
5GZN_HLA,1,mean,MM-GBSA,c15,844.6648469862794,9
5GZN_HLA,2,mean,BA-DDG,c16,1.165,9
5GZN_HLA,2,mean,H3,c16,-0.4954,9
5GZN_HLA,2,mean,Pythia,c16,8.890442974865437,9
5GZN_HLA,2,mean,FoldX,c16,2.18389,9
5GZN_HLA,2,mean,MM-GBSA,c16,26.35552399795415,9
5GZN_HLA,3,mean,BA-DDG,c17,0.327,9
5GZN_HLA,3,mean,H3,c17,-0.3872,9
5GZN_HLA,3,mean,Pythia,c17,2.852219842374325,9
5GZN_HLA,3,mean,FoldX,c17,-0.6541500000000013,9
5GZN_HLA,3,mean,MM-GBSA,c17,13.50824599871703,9
5GZN_HLA,4,mean,BA-DDG,c18,2.421,9
5GZN_HLA,4,mean,H3,c18,0.5849,9
5GZN_HLA,4,mean,Pythia,c18,2.8908671233803034,9
5GZN_HLA,4,mean,FoldX,c18,8.100739999999995,9
5GZN_HLA,4,mean,MM-GBSA,c18,19.189616360385116,9
5GZN_HLA,5,mean,BA-DDG,c19,0.279,9
5GZN_HLA,5,mean,H3,c19,0.7571,9
5GZN_HLA,5,mean,Pythia,c19,2.335627928376198,9
5GZN_HLA,5,mean,FoldX,c19,0.6433299999999988,9
5GZN_HLA,5,mean,MM-GBSA,c19,15.315021380692997,9
5GZN_HLA,1,cvar50,BA-DDG,c15,0.791,9
5GZN_HLA,1,cvar50,H3,c15,1.9088,9
5GZN_HLA,1,cvar50,Pythia,c15,8.840855427086353,9
5GZN_HLA,1,cvar50,FoldX,c15,3.83554,9
5GZN_HLA,1,cvar50,MM-GBSA,c15,844.6648469862794,9
5GZN_HLA,2,cvar50,BA-DDG,c16,1.165,9
5GZN_HLA,2,cvar50,H3,c16,-0.4954,9
5GZN_HLA,2,cvar50,Pythia,c16,8.890442974865437,9
5GZN_HLA,2,cvar50,FoldX,c16,2.18389,9
5GZN_HLA,2,cvar50,MM-GBSA,c16,26.35552399795415,9
5GZN_HLA,3,cvar50,BA-DDG,c17,0.327,9
5GZN_HLA,3,cvar50,H3,c17,-0.3872,9
5GZN_HLA,3,cvar50,Pythia,c17,2.852219842374325,9
5GZN_HLA,3,cvar50,FoldX,c17,-0.6541500000000013,9
5GZN_HLA,3,cvar50,MM-GBSA,c17,13.50824599871703,9
5GZN_HLA,4,cvar50,BA-DDG,c20,1.237,9
5GZN_HLA,4,cvar50,H3,c20,-0.7358,9
5GZN_HLA,4,cvar50,Pythia,c20,9.738910108804703,9
5GZN_HLA,4,cvar50,FoldX,c20,-1.3759899999999998,9
5GZN_HLA,4,cvar50,MM-GBSA,c20,29.500739147853892,9
5GZN_HLA,5,cvar50,BA-DDG,c19,0.279,9
5GZN_HLA,5,cvar50,H3,c19,0.7571,9
5GZN_HLA,5,cvar50,Pythia,c19,2.335627928376198,9
5GZN_HLA,5,cvar50,FoldX,c19,0.6433299999999988,9
5GZN_HLA,5,cvar50,MM-GBSA,c19,15.315021380692997,9
5GZN_HLA,1,cvar20,BA-DDG,c15,0.791,9
5GZN_HLA,1,cvar20,H3,c15,1.9088,9
5GZN_HLA,1,cvar20,Pythia,c15,8.840855427086353,9
5GZN_HLA,1,cvar20,FoldX,c15,3.83554,9
5GZN_HLA,1,cvar20,MM-GBSA,c15,844.6648469862794,9
5GZN_HLA,2,cvar20,BA-DDG,c16,1.165,9
5GZN_HLA,2,cvar20,H3,c16,-0.4954,9
5GZN_HLA,2,cvar20,Pythia,c16,8.890442974865437,9
5GZN_HLA,2,cvar20,FoldX,c16,2.18389,9
5GZN_HLA,2,cvar20,MM-GBSA,c16,26.35552399795415,9
5GZN_HLA,3,cvar20,BA-DDG,c17,0.327,9
5GZN_HLA,3,cvar20,H3,c17,-0.3872,9
5GZN_HLA,3,cvar20,Pythia,c17,2.852219842374325,9
5GZN_HLA,3,cvar20,FoldX,c17,-0.6541500000000013,9
5GZN_HLA,3,cvar20,MM-GBSA,c17,13.50824599871703,9
5GZN_HLA,4,cvar20,BA-DDG,c20,1.237,9
5GZN_HLA,4,cvar20,H3,c20,-0.7358,9
5GZN_HLA,4,cvar20,Pythia,c20,9.738910108804703,9
5GZN_HLA,4,cvar20,FoldX,c20,-1.3759899999999998,9
5GZN_HLA,4,cvar20,MM-GBSA,c20,29.500739147853892,9
5GZN_HLA,5,cvar20,BA-DDG,c19,0.279,9
5GZN_HLA,5,cvar20,H3,c19,0.7571,9
5GZN_HLA,5,cvar20,Pythia,c19,2.335627928376198,9
5GZN_HLA,5,cvar20,FoldX,c19,0.6433299999999988,9
5GZN_HLA,5,cvar20,MM-GBSA,c19,15.315021380692997,9
5GZN_HLA,1,max,BA-DDG,c15,0.791,9
5GZN_HLA,1,max,H3,c15,1.9088,9
5GZN_HLA,1,max,Pythia,c15,8.840855427086353,9
5GZN_HLA,1,max,FoldX,c15,3.83554,9
5GZN_HLA,1,max,MM-GBSA,c15,844.6648469862794,9
5GZN_HLA,2,max,BA-DDG,c16,1.165,9
5GZN_HLA,2,max,H3,c16,-0.4954,9
5GZN_HLA,2,max,Pythia,c16,8.890442974865437,9
5GZN_HLA,2,max,FoldX,c16,2.18389,9
5GZN_HLA,2,max,MM-GBSA,c16,26.35552399795415,9
5GZN_HLA,3,max,BA-DDG,c17,0.327,9
5GZN_HLA,3,max,H3,c17,-0.3872,9
5GZN_HLA,3,max,Pythia,c17,2.852219842374325,9
5GZN_HLA,3,max,FoldX,c17,-0.6541500000000013,9
5GZN_HLA,3,max,MM-GBSA,c17,13.50824599871703,9
5GZN_HLA,4,max,BA-DDG,c21,0.056,9
5GZN_HLA,4,max,H3,c21,-0.4646,9
5GZN_HLA,4,max,Pythia,c21,3.847502240911126,9
5GZN_HLA,4,max,FoldX,c21,-0.13303000000000154,9
5GZN_HLA,4,max,MM-GBSA,c21,35.572957980057254,9
5GZN_HLA,5,max,BA-DDG,c22,1.624,9
5GZN_HLA,5,max,H3,c22,0.2782,9
5GZN_HLA,5,max,Pythia,c22,6.750903794541955,9
5GZN_HLA,5,max,FoldX,c22,8.624400000000001,9
5GZN_HLA,5,max,MM-GBSA,c22,22.7150346076578,9
5JHL_HLA,1,afll,BA-DDG,c0,2.494,9
5JHL_HLA,1,afll,H3,c0,1.7716,9
5JHL_HLA,1,afll,Pythia,c0,2.0469543263316154,9
5JHL_HLA,1,afll,FoldX,c0,1.0753599999999999,9
5JHL_HLA,1,afll,MM-GBSA,c0,14.333836449817682,9
5JHL_HLA,2,afll,BA-DDG,c1,2.402,9
5JHL_HLA,2,afll,H3,c1,2.178,9
5JHL_HLA,2,afll,Pythia,c1,2.0469543263316154,9
5JHL_HLA,2,afll,FoldX,c1,2.01009,9
5JHL_HLA,2,afll,MM-GBSA,c1,13.543355337826142,9
5JHL_HLA,3,afll,BA-DDG,c1,2.402,9
5JHL_HLA,3,afll,H3,c1,2.178,9
5JHL_HLA,3,afll,Pythia,c1,2.0469543263316154,9
5JHL_HLA,3,afll,FoldX,c1,2.01009,9
5JHL_HLA,3,afll,MM-GBSA,c1,13.543355337826142,9
5JHL_HLA,4,afll,BA-DDG,c1,2.402,9
5JHL_HLA,4,afll,H3,c1,2.178,9
5JHL_HLA,4,afll,Pythia,c1,2.0469543263316154,9
5JHL_HLA,4,afll,FoldX,c1,2.01009,9
5JHL_HLA,4,afll,MM-GBSA,c1,13.543355337826142,9
5JHL_HLA,5,afll,BA-DDG,c1,2.402,9
5JHL_HLA,5,afll,H3,c1,2.178,9
5JHL_HLA,5,afll,Pythia,c1,2.0469543263316154,9
5JHL_HLA,5,afll,FoldX,c1,2.01009,9
5JHL_HLA,5,afll,MM-GBSA,c1,13.543355337826142,9
5JHL_HLA,1,random,BA-DDG,c2,1.914,9
5JHL_HLA,1,random,H3,c2,1.0703,9
5JHL_HLA,1,random,Pythia,c2,1.8938882052898407,9
5JHL_HLA,1,random,FoldX,c2,1.94006,9
5JHL_HLA,1,random,MM-GBSA,c2,14.710829454939812,9
5JHL_HLA,2,random,BA-DDG,c3,2.683,9
5JHL_HLA,2,random,H3,c3,1.6932,9
5JHL_HLA,2,random,Pythia,c3,2.1883322671055794,9
5JHL_HLA,2,random,FoldX,c3,0.8768699999999994,9
5JHL_HLA,2,random,MM-GBSA,c3,14.114588105599978,9
5JHL_HLA,3,random,BA-DDG,c4,0.697,9
5JHL_HLA,3,random,H3,c4,1.1925,9
5JHL_HLA,3,random,Pythia,c4,2.0209128856658936,9
5JHL_HLA,3,random,FoldX,c4,0.5609299999999999,9
5JHL_HLA,3,random,MM-GBSA,c4,14.091969486153175,9
5JHL_HLA,4,random,BA-DDG,c5,2.245,9
5JHL_HLA,4,random,H3,c5,1.9038,9
5JHL_HLA,4,random,Pythia,c5,2.2088701650500298,9
5JHL_HLA,4,random,FoldX,c5,1.0753999999999992,9
5JHL_HLA,4,random,MM-GBSA,c5,15.264055921255931,9
5JHL_HLA,5,random,BA-DDG,c6,2.631,9
5JHL_HLA,5,random,H3,c6,1.7277,9
5JHL_HLA,5,random,Pythia,c6,2.3555993512272835,9
5JHL_HLA,5,random,FoldX,c6,2.206098,9
5JHL_HLA,5,random,MM-GBSA,c6,18.27858486194782,9
5JHL_HLA,1,wt,BA-DDG,c7,1.28,9
5JHL_HLA,1,wt,H3,c7,0.9979,9
5JHL_HLA,1,wt,Pythia,c7,0.9382998049259186,9
5JHL_HLA,1,wt,FoldX,c7,0.09631000000000012,9
5JHL_HLA,1,wt,MM-GBSA,c7,14.834419030870777,9
5JHL_HLA,2,wt,BA-DDG,c8,1.121,9
5JHL_HLA,2,wt,H3,c8,-0.0486,9
5JHL_HLA,2,wt,Pythia,c8,1.3125792890787125,9
5JHL_HLA,2,wt,FoldX,c8,1.1786699999999999,9
5JHL_HLA,2,wt,MM-GBSA,c8,7.050563677730679,9
5JHL_HLA,3,wt,BA-DDG,c9,0.449,9
5JHL_HLA,3,wt,H3,c9,0.604,9
5JHL_HLA,3,wt,Pythia,c9,-0.6038249135017395,9
5JHL_HLA,3,wt,FoldX,c9,-0.04653999999999936,9
5JHL_HLA,3,wt,MM-GBSA,c9,12.433505603439698,9
5JHL_HLA,4,wt,BA-DDG,c10,1.178,9
5JHL_HLA,4,wt,H3,c10,1.265,9
5JHL_HLA,4,wt,Pythia,c10,-0.3230328308418393,9
5JHL_HLA,4,wt,FoldX,c10,0.2797900000000002,9
5JHL_HLA,4,wt,MM-GBSA,c10,13.363931521726045,9
5JHL_HLA,5,wt,BA-DDG,c11,1.99,9
5JHL_HLA,5,wt,H3,c11,0.61,9
5JHL_HLA,5,wt,Pythia,c11,1.078150898218155,9
5JHL_HLA,5,wt,FoldX,c11,2.0296740000000004,9
5JHL_HLA,5,wt,MM-GBSA,c11,8.533239487911487,9
5JHL_HLA,1,mean,BA-DDG,c12,0.553,9
5JHL_HLA,1,mean,H3,c12,0.7194,9
5JHL_HLA,1,mean,Pythia,c12,0.7500934600830078,9
5JHL_HLA,1,mean,FoldX,c12,0.7551300000000003,9
5JHL_HLA,1,mean,MM-GBSA,c12,13.98899008535409,9
5JHL_HLA,2,mean,BA-DDG,c13,0.867,9
5JHL_HLA,2,mean,H3,c13,0.5919,9
5JHL_HLA,2,mean,Pythia,c13,1.5331462919712067,9
5JHL_HLA,2,mean,FoldX,c13,0.6256400000000006,9
5JHL_HLA,2,mean,MM-GBSA,c13,9.180325337092654,9
5JHL_HLA,3,mean,BA-DDG,c14,1.421,9
5JHL_HLA,3,mean,H3,c14,0.2171,9
5JHL_HLA,3,mean,Pythia,c14,0.8481667535379529,9
5JHL_HLA,3,mean,FoldX,c14,0.7838769999999999,9
5JHL_HLA,3,mean,MM-GBSA,c14,9.672071277209398,9
5JHL_HLA,4,mean,BA-DDG,c15,1.023,9
5JHL_HLA,4,mean,H3,c15,0.1134,9
5JHL_HLA,4,mean,Pythia,c15,1.788707971572876,9
5JHL_HLA,4,mean,FoldX,c15,2.2012210000000003,9
5JHL_HLA,4,mean,MM-GBSA,c15,6.778359838936012,9
5JHL_HLA,5,mean,BA-DDG,c16,0.796,9
5JHL_HLA,5,mean,H3,c16,0.1169,9
5JHL_HLA,5,mean,Pythia,c16,1.3538053184747696,9
5JHL_HLA,5,mean,FoldX,c16,3.2546600000000003,9
5JHL_HLA,5,mean,MM-GBSA,c16,11.824338682077723,9
5JHL_HLA,1,cvar50,BA-DDG,c17,0.787,9
5JHL_HLA,1,cvar50,H3,c17,0.516,9
5JHL_HLA,1,cvar50,Pythia,c17,-0.2571439743041992,9
5JHL_HLA,1,cvar50,FoldX,c17,0.8973299999999995,9
5JHL_HLA,1,cvar50,MM-GBSA,c17,5.951279031447484,9
5JHL_HLA,2,cvar50,BA-DDG,c13,0.867,9
5JHL_HLA,2,cvar50,H3,c13,0.5919,9
5JHL_HLA,2,cvar50,Pythia,c13,1.5331462919712067,9
5JHL_HLA,2,cvar50,FoldX,c13,0.6256400000000006,9
5JHL_HLA,2,cvar50,MM-GBSA,c13,9.180325337092654,9
5JHL_HLA,3,cvar50,BA-DDG,c14,1.421,9
5JHL_HLA,3,cvar50,H3,c14,0.2171,9
5JHL_HLA,3,cvar50,Pythia,c14,0.8481667535379529,9
5JHL_HLA,3,cvar50,FoldX,c14,0.7838769999999999,9
5JHL_HLA,3,cvar50,MM-GBSA,c14,9.672071277209398,9
5JHL_HLA,4,cvar50,BA-DDG,c15,1.023,9
5JHL_HLA,4,cvar50,H3,c15,0.1134,9
5JHL_HLA,4,cvar50,Pythia,c15,1.788707971572876,9
5JHL_HLA,4,cvar50,FoldX,c15,2.2012210000000003,9
5JHL_HLA,4,cvar50,MM-GBSA,c15,6.778359838936012,9
5JHL_HLA,5,cvar50,BA-DDG,c16,0.796,9
5JHL_HLA,5,cvar50,H3,c16,0.1169,9
5JHL_HLA,5,cvar50,Pythia,c16,1.3538053184747696,9
5JHL_HLA,5,cvar50,FoldX,c16,3.2546600000000003,9
5JHL_HLA,5,cvar50,MM-GBSA,c16,11.824338682077723,9
5JHL_HLA,1,cvar20,BA-DDG,c17,0.787,9
5JHL_HLA,1,cvar20,H3,c17,0.516,9
5JHL_HLA,1,cvar20,Pythia,c17,-0.2571439743041992,9
5JHL_HLA,1,cvar20,FoldX,c17,0.8973299999999995,9
5JHL_HLA,1,cvar20,MM-GBSA,c17,5.951279031447484,9
5JHL_HLA,2,cvar20,BA-DDG,c13,0.867,9
5JHL_HLA,2,cvar20,H3,c13,0.5919,9
5JHL_HLA,2,cvar20,Pythia,c13,1.5331462919712067,9
5JHL_HLA,2,cvar20,FoldX,c13,0.6256400000000006,9
5JHL_HLA,2,cvar20,MM-GBSA,c13,9.180325337092654,9
5JHL_HLA,3,cvar20,BA-DDG,c9,0.449,9
5JHL_HLA,3,cvar20,H3,c9,0.604,9
5JHL_HLA,3,cvar20,Pythia,c9,-0.6038249135017395,9
5JHL_HLA,3,cvar20,FoldX,c9,-0.04653999999999936,9
5JHL_HLA,3,cvar20,MM-GBSA,c9,12.433505603439698,9
5JHL_HLA,4,cvar20,BA-DDG,c18,0.863,9
5JHL_HLA,4,cvar20,H3,c18,0.0472,9
5JHL_HLA,4,cvar20,Pythia,c18,1.2600402235984802,9
5JHL_HLA,4,cvar20,FoldX,c18,0.8003499999999999,9
5JHL_HLA,4,cvar20,MM-GBSA,c18,5.667882830302915,9
5JHL_HLA,5,cvar20,BA-DDG,c16,0.796,9
5JHL_HLA,5,cvar20,H3,c16,0.1169,9
5JHL_HLA,5,cvar20,Pythia,c16,1.3538053184747696,9
5JHL_HLA,5,cvar20,FoldX,c16,3.2546600000000003,9
5JHL_HLA,5,cvar20,MM-GBSA,c16,11.824338682077723,9
5JHL_HLA,1,max,BA-DDG,c17,0.787,9
5JHL_HLA,1,max,H3,c17,0.516,9
5JHL_HLA,1,max,Pythia,c17,-0.2571439743041992,9
5JHL_HLA,1,max,FoldX,c17,0.8973299999999995,9
5JHL_HLA,1,max,MM-GBSA,c17,5.951279031447484,9
5JHL_HLA,2,max,BA-DDG,c19,0.755,9
5JHL_HLA,2,max,H3,c19,1.4116,9
5JHL_HLA,2,max,Pythia,c19,0.456421822309494,9
5JHL_HLA,2,max,FoldX,c19,-0.2816200000000002,9
5JHL_HLA,2,max,MM-GBSA,c19,15.042123535902647,9
5JHL_HLA,3,max,BA-DDG,c9,0.449,9
5JHL_HLA,3,max,H3,c9,0.604,9
5JHL_HLA,3,max,Pythia,c9,-0.6038249135017395,9
5JHL_HLA,3,max,FoldX,c9,-0.04653999999999936,9
5JHL_HLA,3,max,MM-GBSA,c9,12.433505603439698,9
5JHL_HLA,4,max,BA-DDG,c18,0.863,9
5JHL_HLA,4,max,H3,c18,0.0472,9
5JHL_HLA,4,max,Pythia,c18,1.2600402235984802,9
5JHL_HLA,4,max,FoldX,c18,0.8003499999999999,9
5JHL_HLA,4,max,MM-GBSA,c18,5.667882830302915,9
5JHL_HLA,5,max,BA-DDG,c16,0.796,9
5JHL_HLA,5,max,H3,c16,0.1169,9
5JHL_HLA,5,max,Pythia,c16,1.3538053184747696,9
5JHL_HLA,5,max,FoldX,c16,3.2546600000000003,9
5JHL_HLA,5,max,MM-GBSA,c16,11.824338682077723,9
5MVZ_HLU,1,afll,BA-DDG,c0,0.823,10
5MVZ_HLU,1,afll,H3,c0,0.1849,10
5MVZ_HLU,1,afll,Pythia,c0,0.8240545988082886,10
5MVZ_HLU,1,afll,FoldX,c0,0.7016899999999993,10
5MVZ_HLU,1,afll,MM-GBSA,c0,15.653623943923776,10
5MVZ_HLU,2,afll,BA-DDG,c1,-0.83,10
5MVZ_HLU,2,afll,H3,c1,0.1795,10
5MVZ_HLU,2,afll,Pythia,c1,-7.523305773735046,10
5MVZ_HLU,2,afll,FoldX,c1,-1.1922000000000015,10
5MVZ_HLU,2,afll,MM-GBSA,c1,19.976438988634072,10
5MVZ_HLU,3,afll,BA-DDG,c0,0.823,10
5MVZ_HLU,3,afll,H3,c0,0.1849,10
5MVZ_HLU,3,afll,Pythia,c0,0.8240545988082886,10
5MVZ_HLU,3,afll,FoldX,c0,0.7016899999999993,10
5MVZ_HLU,3,afll,MM-GBSA,c0,15.653623943923776,10
5MVZ_HLU,4,afll,BA-DDG,c0,0.823,10
5MVZ_HLU,4,afll,H3,c0,0.1849,10
5MVZ_HLU,4,afll,Pythia,c0,0.8240545988082886,10
5MVZ_HLU,4,afll,FoldX,c0,0.7016899999999993,10
5MVZ_HLU,4,afll,MM-GBSA,c0,15.653623943923776,10
5MVZ_HLU,5,afll,BA-DDG,c2,-0.033,10
5MVZ_HLU,5,afll,H3,c2,-0.5866,10
5MVZ_HLU,5,afll,Pythia,c2,-0.2672582268714905,10
5MVZ_HLU,5,afll,FoldX,c2,-0.06982999999999961,10
5MVZ_HLU,5,afll,MM-GBSA,c2,14.224951489672094,10
5MVZ_HLU,1,random,BA-DDG,c3,0.487,10
5MVZ_HLU,1,random,H3,c3,-0.1383,10
5MVZ_HLU,1,random,Pythia,c3,1.231411099433899,10
5MVZ_HLU,1,random,FoldX,c3,1.8795199999999994,10
5MVZ_HLU,1,random,MM-GBSA,c3,12.055122916161963,10
5MVZ_HLU,2,random,BA-DDG,c4,1.843,10
5MVZ_HLU,2,random,H3,c4,0.7254,10
5MVZ_HLU,2,random,Pythia,c4,0.9130701124668121,10
5MVZ_HLU,2,random,FoldX,c4,-2.4011299999999984,10
5MVZ_HLU,2,random,MM-GBSA,c4,11.970940418384089,10
5MVZ_HLU,3,random,BA-DDG,c5,0.302,10
5MVZ_HLU,3,random,H3,c5,-0.5437,10
5MVZ_HLU,3,random,Pythia,c5,0.47107801906531677,10
5MVZ_HLU,3,random,FoldX,c5,0.6797699999999995,10
5MVZ_HLU,3,random,MM-GBSA,c5,10.720215579480282,10
5MVZ_HLU,4,random,BA-DDG,c6,0.882,10
5MVZ_HLU,4,random,H3,c6,0.3976,10
5MVZ_HLU,4,random,Pythia,c6,-0.22881370782852173,10
5MVZ_HLU,4,random,FoldX,c6,-1.450849999999999,10
5MVZ_HLU,4,random,MM-GBSA,c6,16.39705558617152,10
5MVZ_HLU,5,random,BA-DDG,c7,1.622,10
5MVZ_HLU,5,random,H3,c7,0.9328,10
5MVZ_HLU,5,random,Pythia,c7,3.534010946750641,10
5MVZ_HLU,5,random,FoldX,c7,-1.439280000000002,10
5MVZ_HLU,5,random,MM-GBSA,c7,13.883966149541266,10
5MVZ_HLU,1,wt,BA-DDG,c8,-2.935,10
5MVZ_HLU,1,wt,H3,c8,-0.4194,10
5MVZ_HLU,1,wt,Pythia,c8,-8.345616728067398,10
5MVZ_HLU,1,wt,FoldX,c8,-2.1960370000000005,10
5MVZ_HLU,1,wt,MM-GBSA,c8,12.19090366794353,10
5MVZ_HLU,2,wt,BA-DDG,c9,-3.548,10
5MVZ_HLU,2,wt,H3,c9,-0.3441,10
5MVZ_HLU,2,wt,Pythia,c9,-4.778765678405762,10
5MVZ_HLU,2,wt,FoldX,c9,-0.5706699999999998,10
5MVZ_HLU,2,wt,MM-GBSA,c9,10.669845144184364,10
5MVZ_HLU,3,wt,BA-DDG,c10,-2.428,10
5MVZ_HLU,3,wt,H3,c10,0.1477,10
5MVZ_HLU,3,wt,Pythia,c10,-8.811323419213295,10
5MVZ_HLU,3,wt,FoldX,c10,-2.47537,10
5MVZ_HLU,3,wt,MM-GBSA,c10,15.046155500605892,10
5MVZ_HLU,4,wt,BA-DDG,c11,-3.094,10
5MVZ_HLU,4,wt,H3,c11,-0.9273,10
5MVZ_HLU,4,wt,Pythia,c11,-6.369816064834595,10
5MVZ_HLU,4,wt,FoldX,c11,-1.5429400000000015,10
5MVZ_HLU,4,wt,MM-GBSA,c11,19.646972222563818,10
5MVZ_HLU,5,wt,BA-DDG,c12,-0.521,10
5MVZ_HLU,5,wt,H3,c12,-0.2087,10
5MVZ_HLU,5,wt,Pythia,c12,-7.648337006568909,10
5MVZ_HLU,5,wt,FoldX,c12,-0.7691359999999996,10
5MVZ_HLU,5,wt,MM-GBSA,c12,15.055979759112233,10
5MVZ_HLU,1,mean,BA-DDG,c13,-1.883,10
5MVZ_HLU,1,mean,H3,c13,-0.1068,10
5MVZ_HLU,1,mean,Pythia,c13,-9.092092871665955,10
5MVZ_HLU,1,mean,FoldX,c13,-0.3511199999999999,10
5MVZ_HLU,1,mean,MM-GBSA,c13,11.614363156010768,10
5MVZ_HLU,2,mean,BA-DDG,c9,-3.548,10
5MVZ_HLU,2,mean,H3,c9,-0.3441,10
5MVZ_HLU,2,mean,Pythia,c9,-4.778765678405762,10
5MVZ_HLU,2,mean,FoldX,c9,-0.5706699999999998,10
5MVZ_HLU,2,mean,MM-GBSA,c9,10.669845144184364,10
5MVZ_HLU,3,mean,BA-DDG,c14,-3.7,10
5MVZ_HLU,3,mean,H3,c14,-0.437,10
5MVZ_HLU,3,mean,Pythia,c14,-7.338330388069153,10
5MVZ_HLU,3,mean,FoldX,c14,-1.814095,10
5MVZ_HLU,3,mean,MM-GBSA,c14,22.459327082151503,10
5MVZ_HLU,4,mean,BA-DDG,c11,-3.094,10
5MVZ_HLU,4,mean,H3,c11,-0.9273,10
5MVZ_HLU,4,mean,Pythia,c11,-6.369816064834595,10
5MVZ_HLU,4,mean,FoldX,c11,-1.5429400000000015,10
5MVZ_HLU,4,mean,MM-GBSA,c11,19.646972222563818,10
5MVZ_HLU,5,mean,BA-DDG,c15,-2.38,10
5MVZ_HLU,5,mean,H3,c15,-0.6319,10
5MVZ_HLU,5,mean,Pythia,c15,0.08946536481380463,10
5MVZ_HLU,5,mean,FoldX,c15,0.5649900000000017,10
5MVZ_HLU,5,mean,MM-GBSA,c15,6790.7896144593415,10
5MVZ_HLU,1,cvar50,BA-DDG,c13,-1.883,10
5MVZ_HLU,1,cvar50,H3,c13,-0.1068,10
5MVZ_HLU,1,cvar50,Pythia,c13,-9.092092871665955,10
5MVZ_HLU,1,cvar50,FoldX,c13,-0.3511199999999999,10
5MVZ_HLU,1,cvar50,MM-GBSA,c13,11.614363156010768,10
5MVZ_HLU,2,cvar50,BA-DDG,c9,-3.548,10
5MVZ_HLU,2,cvar50,H3,c9,-0.3441,10
5MVZ_HLU,2,cvar50,Pythia,c9,-4.778765678405762,10
5MVZ_HLU,2,cvar50,FoldX,c9,-0.5706699999999998,10
5MVZ_HLU,2,cvar50,MM-GBSA,c9,10.669845144184364,10
5MVZ_HLU,3,cvar50,BA-DDG,c14,-3.7,10
5MVZ_HLU,3,cvar50,H3,c14,-0.437,10
5MVZ_HLU,3,cvar50,Pythia,c14,-7.338330388069153,10
5MVZ_HLU,3,cvar50,FoldX,c14,-1.814095,10
5MVZ_HLU,3,cvar50,MM-GBSA,c14,22.459327082151503,10
5MVZ_HLU,4,cvar50,BA-DDG,c11,-3.094,10
5MVZ_HLU,4,cvar50,H3,c11,-0.9273,10
5MVZ_HLU,4,cvar50,Pythia,c11,-6.369816064834595,10
5MVZ_HLU,4,cvar50,FoldX,c11,-1.5429400000000015,10
5MVZ_HLU,4,cvar50,MM-GBSA,c11,19.646972222563818,10
5MVZ_HLU,5,cvar50,BA-DDG,c16,-1.72,10
5MVZ_HLU,5,cvar50,H3,c16,-1.1972,10
5MVZ_HLU,5,cvar50,Pythia,c16,-1.419286623597145,10
5MVZ_HLU,5,cvar50,FoldX,c16,1.8257650000000005,10
5MVZ_HLU,5,cvar50,MM-GBSA,c16,17.418780203742244,10
5MVZ_HLU,1,cvar20,BA-DDG,c17,-2.33,10
5MVZ_HLU,1,cvar20,H3,c17,-0.1446,10
5MVZ_HLU,1,cvar20,Pythia,c17,-8.862144529819489,10
5MVZ_HLU,1,cvar20,FoldX,c17,-1.7439930000000015,10
5MVZ_HLU,1,cvar20,MM-GBSA,c17,7.929892050586204,10
5MVZ_HLU,2,cvar20,BA-DDG,c9,-3.548,10
5MVZ_HLU,2,cvar20,H3,c9,-0.3441,10
5MVZ_HLU,2,cvar20,Pythia,c9,-4.778765678405762,10
5MVZ_HLU,2,cvar20,FoldX,c9,-0.5706699999999998,10
5MVZ_HLU,2,cvar20,MM-GBSA,c9,10.669845144184364,10
5MVZ_HLU,3,cvar20,BA-DDG,c14,-3.7,10
5MVZ_HLU,3,cvar20,H3,c14,-0.437,10
5MVZ_HLU,3,cvar20,Pythia,c14,-7.338330388069153,10
5MVZ_HLU,3,cvar20,FoldX,c14,-1.814095,10
5MVZ_HLU,3,cvar20,MM-GBSA,c14,22.459327082151503,10
5MVZ_HLU,4,cvar20,BA-DDG,c11,-3.094,10
5MVZ_HLU,4,cvar20,H3,c11,-0.9273,10
5MVZ_HLU,4,cvar20,Pythia,c11,-6.369816064834595,10
5MVZ_HLU,4,cvar20,FoldX,c11,-1.5429400000000015,10
5MVZ_HLU,4,cvar20,MM-GBSA,c11,19.646972222563818,10
5MVZ_HLU,5,cvar20,BA-DDG,c16,-1.72,10
5MVZ_HLU,5,cvar20,H3,c16,-1.1972,10
5MVZ_HLU,5,cvar20,Pythia,c16,-1.419286623597145,10
5MVZ_HLU,5,cvar20,FoldX,c16,1.8257650000000005,10
5MVZ_HLU,5,cvar20,MM-GBSA,c16,17.418780203742244,10
5MVZ_HLU,1,max,BA-DDG,c17,-2.33,10
5MVZ_HLU,1,max,H3,c17,-0.1446,10
5MVZ_HLU,1,max,Pythia,c17,-8.862144529819489,10
5MVZ_HLU,1,max,FoldX,c17,-1.7439930000000015,10
5MVZ_HLU,1,max,MM-GBSA,c17,7.929892050586204,10
5MVZ_HLU,2,max,BA-DDG,c9,-3.548,10
5MVZ_HLU,2,max,H3,c9,-0.3441,10
5MVZ_HLU,2,max,Pythia,c9,-4.778765678405762,10
5MVZ_HLU,2,max,FoldX,c9,-0.5706699999999998,10
5MVZ_HLU,2,max,MM-GBSA,c9,10.669845144184364,10
5MVZ_HLU,3,max,BA-DDG,c14,-3.7,10
5MVZ_HLU,3,max,H3,c14,-0.437,10
5MVZ_HLU,3,max,Pythia,c14,-7.338330388069153,10
5MVZ_HLU,3,max,FoldX,c14,-1.814095,10
5MVZ_HLU,3,max,MM-GBSA,c14,22.459327082151503,10
5MVZ_HLU,4,max,BA-DDG,c11,-3.094,10
5MVZ_HLU,4,max,H3,c11,-0.9273,10
5MVZ_HLU,4,max,Pythia,c11,-6.369816064834595,10
5MVZ_HLU,4,max,FoldX,c11,-1.5429400000000015,10
5MVZ_HLU,4,max,MM-GBSA,c11,19.646972222563818,10
5MVZ_HLU,5,max,BA-DDG,c16,-1.72,10
5MVZ_HLU,5,max,H3,c16,-1.1972,10
5MVZ_HLU,5,max,Pythia,c16,-1.419286623597145,10
5MVZ_HLU,5,max,FoldX,c16,1.8257650000000005,10
5MVZ_HLU,5,max,MM-GBSA,c16,17.418780203742244,10
5UGY_HLA,1,afll,BA-DDG,c0,0.207,11
5UGY_HLA,1,afll,H3,c0,-1.1562,11
5UGY_HLA,1,afll,Pythia,c0,-4.28604231774807,11
5UGY_HLA,1,afll,FoldX,c0,-0.05258699999999905,11
5UGY_HLA,1,afll,MM-GBSA,c0,8.292629464733182,11
5UGY_HLA,2,afll,BA-DDG,c1,1.528,11
5UGY_HLA,2,afll,H3,c1,-0.7173,11
5UGY_HLA,2,afll,Pythia,c1,-5.1129918694496155,11
5UGY_HLA,2,afll,FoldX,c1,-0.915656000000002,11
5UGY_HLA,2,afll,MM-GBSA,c1,7.827123031463998,11
5UGY_HLA,3,afll,BA-DDG,c2,0.973,11
5UGY_HLA,3,afll,H3,c2,-0.4917,11
5UGY_HLA,3,afll,Pythia,c2,-6.508223115466535,11
5UGY_HLA,3,afll,FoldX,c2,-0.01808499999999924,11
5UGY_HLA,3,afll,MM-GBSA,c2,3.8372557653856347,11
5UGY_HLA,4,afll,BA-DDG,c2,0.973,11
5UGY_HLA,4,afll,H3,c2,-0.4917,11
5UGY_HLA,4,afll,Pythia,c2,-6.508223115466535,11
5UGY_HLA,4,afll,FoldX,c2,-0.01808499999999924,11
5UGY_HLA,4,afll,MM-GBSA,c2,3.8372557653856347,11
5UGY_HLA,5,afll,BA-DDG,c3,0.692,11
5UGY_HLA,5,afll,H3,c3,-0.5389,11
5UGY_HLA,5,afll,Pythia,c3,-5.82313175406307,11
5UGY_HLA,5,afll,FoldX,c3,0.09419670000000124,11
5UGY_HLA,5,afll,MM-GBSA,c3,7.344367254043391,11
5UGY_HLA,1,random,BA-DDG,c4,2.612,11
5UGY_HLA,1,random,H3,c4,1.8634,11
5UGY_HLA,1,random,Pythia,c4,2.5950473994016647,11
5UGY_HLA,1,random,FoldX,c4,2.7330900000000007,11
5UGY_HLA,1,random,MM-GBSA,c4,14.891631017746477,11
5UGY_HLA,2,random,BA-DDG,c5,8.312,11
5UGY_HLA,2,random,H3,c5,6.9576,11
5UGY_HLA,2,random,Pythia,c5,18.025516033172607,11
5UGY_HLA,2,random,FoldX,c5,4.622031999999999,11
5UGY_HLA,2,random,MM-GBSA,c5,34.9103591933017,11
5UGY_HLA,3,random,BA-DDG,c6,6.267,11
5UGY_HLA,3,random,H3,c6,5.8717,11
5UGY_HLA,3,random,Pythia,c6,12.962332785129547,11
5UGY_HLA,3,random,FoldX,c6,3.5403819999999993,11
5UGY_HLA,3,random,MM-GBSA,c6,9.254512899380643,11
5UGY_HLA,4,random,BA-DDG,c7,1.047,11
5UGY_HLA,4,random,H3,c7,-0.0307,11
5UGY_HLA,4,random,Pythia,c7,-6.183717727661133,11
5UGY_HLA,4,random,FoldX,c7,-1.2652900000000002,11
5UGY_HLA,4,random,MM-GBSA,c7,7.730645218605787,11
5UGY_HLA,5,random,BA-DDG,c8,5.742,11
5UGY_HLA,5,random,H3,c8,5.3512,11
5UGY_HLA,5,random,Pythia,c8,17.711083836853504,11
5UGY_HLA,5,random,FoldX,c8,6.485881999999998,11
5UGY_HLA,5,random,MM-GBSA,c8,17.614145495024786,11
5UGY_HLA,1,wt,BA-DDG,c9,0.783,11
5UGY_HLA,1,wt,H3,c9,-0.7045,11
5UGY_HLA,1,wt,Pythia,c9,-5.780051544308662,11
5UGY_HLA,1,wt,FoldX,c9,-0.19908099999999962,11
5UGY_HLA,1,wt,MM-GBSA,c9,8.636586802744205,11
5UGY_HLA,2,wt,BA-DDG,c10,0.106,11
5UGY_HLA,2,wt,H3,c10,-2.2044,11
5UGY_HLA,2,wt,Pythia,c10,-5.680642023682594,11
5UGY_HLA,2,wt,FoldX,c10,-1.091849999999999,11
5UGY_HLA,2,wt,MM-GBSA,c10,6.036281158363636,11
5UGY_HLA,3,wt,BA-DDG,c11,0.412,11
5UGY_HLA,3,wt,H3,c11,-1.1628,11
5UGY_HLA,3,wt,Pythia,c11,-5.2265613824129105,11
5UGY_HLA,3,wt,FoldX,c11,0.2904700000000009,11
5UGY_HLA,3,wt,MM-GBSA,c11,6.9354261413209315,11
5UGY_HLA,4,wt,BA-DDG,c12,0.903,11
5UGY_HLA,4,wt,H3,c12,-1.5838,11
5UGY_HLA,4,wt,Pythia,c12,-5.15258826315403,11
5UGY_HLA,4,wt,FoldX,c12,-0.5815699999999993,11
5UGY_HLA,4,wt,MM-GBSA,c12,13.236232823632236,11
5UGY_HLA,5,wt,BA-DDG,c13,0.679,11
5UGY_HLA,5,wt,H3,c13,-1.3844,11
5UGY_HLA,5,wt,Pythia,c13,-5.366298042237759,11
5UGY_HLA,5,wt,FoldX,c13,0.5235900000000004,11
5UGY_HLA,5,wt,MM-GBSA,c13,11.151248286447299,11
5UGY_HLA,1,mean,BA-DDG,c14,-0.95,11
5UGY_HLA,1,mean,H3,c14,-2.0341,11
5UGY_HLA,1,mean,Pythia,c14,-5.7418375834822655,11
5UGY_HLA,1,mean,FoldX,c14,-0.2142500000000016,11
5UGY_HLA,1,mean,MM-GBSA,c14,11.182265629946414,11
5UGY_HLA,2,mean,BA-DDG,c10,0.106,11
5UGY_HLA,2,mean,H3,c10,-2.2044,11
5UGY_HLA,2,mean,Pythia,c10,-5.680642023682594,11
5UGY_HLA,2,mean,FoldX,c10,-1.091849999999999,11
5UGY_HLA,2,mean,MM-GBSA,c10,6.036281158363636,11
5UGY_HLA,3,mean,BA-DDG,c15,-0.434,11
5UGY_HLA,3,mean,H3,c15,-1.0722,11
5UGY_HLA,3,mean,Pythia,c15,-6.983775183558464,11
5UGY_HLA,3,mean,FoldX,c15,-0.584249999999999,11
5UGY_HLA,3,mean,MM-GBSA,c15,8.944732917414512,11
5UGY_HLA,4,mean,BA-DDG,c16,0.519,11
5UGY_HLA,4,mean,H3,c16,0.1841,11
5UGY_HLA,4,mean,Pythia,c16,-5.440285727381706,11
5UGY_HLA,4,mean,FoldX,c16,-0.10861799999999988,11
5UGY_HLA,4,mean,MM-GBSA,c16,3.657175254156755,11
5UGY_HLA,5,mean,BA-DDG,c17,-0.431,11
5UGY_HLA,5,mean,H3,c17,0.1592,11
5UGY_HLA,5,mean,Pythia,c17,-3.0278355553746223,11
5UGY_HLA,5,mean,FoldX,c17,0.4521469999999983,11
5UGY_HLA,5,mean,MM-GBSA,c17,7.226093858598688,11
5UGY_HLA,1,cvar50,BA-DDG,c14,-0.95,11
5UGY_HLA,1,cvar50,H3,c14,-2.0341,11
5UGY_HLA,1,cvar50,Pythia,c14,-5.7418375834822655,11
5UGY_HLA,1,cvar50,FoldX,c14,-0.2142500000000016,11
5UGY_HLA,1,cvar50,MM-GBSA,c14,11.182265629946414,11
5UGY_HLA,2,cvar50,BA-DDG,c10,0.106,11
5UGY_HLA,2,cvar50,H3,c10,-2.2044,11
5UGY_HLA,2,cvar50,Pythia,c10,-5.680642023682594,11
5UGY_HLA,2,cvar50,FoldX,c10,-1.091849999999999,11
5UGY_HLA,2,cvar50,MM-GBSA,c10,6.036281158363636,11
5UGY_HLA,3,cvar50,BA-DDG,c15,-0.434,11
5UGY_HLA,3,cvar50,H3,c15,-1.0722,11
5UGY_HLA,3,cvar50,Pythia,c15,-6.983775183558464,11
5UGY_HLA,3,cvar50,FoldX,c15,-0.584249999999999,11
5UGY_HLA,3,cvar50,MM-GBSA,c15,8.944732917414512,11
5UGY_HLA,4,cvar50,BA-DDG,c18,-0.132,11
5UGY_HLA,4,cvar50,H3,c18,-1.1313,11
5UGY_HLA,4,cvar50,Pythia,c18,-5.7202630415558815,11
5UGY_HLA,4,cvar50,FoldX,c18,0.023190000000001376,11
5UGY_HLA,4,cvar50,MM-GBSA,c18,13.10429732384182,11
5UGY_HLA,5,cvar50,BA-DDG,c19,-0.12,11
5UGY_HLA,5,cvar50,H3,c19,-1.3825,11
5UGY_HLA,5,cvar50,Pythia,c19,-5.804347798228264,11
5UGY_HLA,5,cvar50,FoldX,c19,-0.38901699999999906,11
5UGY_HLA,5,cvar50,MM-GBSA,c19,6.732997683140638,11
5UGY_HLA,1,cvar20,BA-DDG,c14,-0.95,11
5UGY_HLA,1,cvar20,H3,c14,-2.0341,11
5UGY_HLA,1,cvar20,Pythia,c14,-5.7418375834822655,11
5UGY_HLA,1,cvar20,FoldX,c14,-0.2142500000000016,11
5UGY_HLA,1,cvar20,MM-GBSA,c14,11.182265629946414,11
5UGY_HLA,2,cvar20,BA-DDG,c20,0.691,11
5UGY_HLA,2,cvar20,H3,c20,-0.7833,11
5UGY_HLA,2,cvar20,Pythia,c20,-6.084897562861443,11
5UGY_HLA,2,cvar20,FoldX,c20,-0.49123999999999857,11
5UGY_HLA,2,cvar20,MM-GBSA,c20,6.20683638990522,11
5UGY_HLA,3,cvar20,BA-DDG,c15,-0.434,11
5UGY_HLA,3,cvar20,H3,c15,-1.0722,11
5UGY_HLA,3,cvar20,Pythia,c15,-6.983775183558464,11
5UGY_HLA,3,cvar20,FoldX,c15,-0.584249999999999,11
5UGY_HLA,3,cvar20,MM-GBSA,c15,8.944732917414512,11
5UGY_HLA,4,cvar20,BA-DDG,c18,-0.132,11
5UGY_HLA,4,cvar20,H3,c18,-1.1313,11
5UGY_HLA,4,cvar20,Pythia,c18,-5.7202630415558815,11
5UGY_HLA,4,cvar20,FoldX,c18,0.023190000000001376,11
5UGY_HLA,4,cvar20,MM-GBSA,c18,13.10429732384182,11
5UGY_HLA,5,cvar20,BA-DDG,c19,-0.12,11
5UGY_HLA,5,cvar20,H3,c19,-1.3825,11
5UGY_HLA,5,cvar20,Pythia,c19,-5.804347798228264,11
5UGY_HLA,5,cvar20,FoldX,c19,-0.38901699999999906,11
5UGY_HLA,5,cvar20,MM-GBSA,c19,6.732997683140638,11
5UGY_HLA,1,max,BA-DDG,c14,-0.95,11
5UGY_HLA,1,max,H3,c14,-2.0341,11
5UGY_HLA,1,max,Pythia,c14,-5.7418375834822655,11
5UGY_HLA,1,max,FoldX,c14,-0.2142500000000016,11
5UGY_HLA,1,max,MM-GBSA,c14,11.182265629946414,11
5UGY_HLA,2,max,BA-DDG,c20,0.691,11
5UGY_HLA,2,max,H3,c20,-0.7833,11
5UGY_HLA,2,max,Pythia,c20,-6.084897562861443,11
5UGY_HLA,2,max,FoldX,c20,-0.49123999999999857,11
5UGY_HLA,2,max,MM-GBSA,c20,6.20683638990522,11
5UGY_HLA,3,max,BA-DDG,c15,-0.434,11
5UGY_HLA,3,max,H3,c15,-1.0722,11
5UGY_HLA,3,max,Pythia,c15,-6.983775183558464,11
5UGY_HLA,3,max,FoldX,c15,-0.584249999999999,11
5UGY_HLA,3,max,MM-GBSA,c15,8.944732917414512,11
5UGY_HLA,4,max,BA-DDG,c18,-0.132,11
5UGY_HLA,4,max,H3,c18,-1.1313,11
5UGY_HLA,4,max,Pythia,c18,-5.7202630415558815,11
5UGY_HLA,4,max,FoldX,c18,0.023190000000001376,11
5UGY_HLA,4,max,MM-GBSA,c18,13.10429732384182,11
5UGY_HLA,5,max,BA-DDG,c19,-0.12,11
5UGY_HLA,5,max,H3,c19,-1.3825,11
5UGY_HLA,5,max,Pythia,c19,-5.804347798228264,11
5UGY_HLA,5,max,FoldX,c19,-0.38901699999999906,11
5UGY_HLA,5,max,MM-GBSA,c19,6.732997683140638,11
5VIC_HLE,1,afll,BA-DDG,c0,1.388,12
5VIC_HLE,1,afll,H3,c0,-0.0351,12
5VIC_HLE,1,afll,Pythia,c0,1.627116421237588,12
5VIC_HLE,1,afll,FoldX,c0,11.089881,12
5VIC_HLE,1,afll,MM-GBSA,c0,11.102718809790531,12
5VIC_HLE,2,afll,BA-DDG,c1,0.053,12
5VIC_HLE,2,afll,H3,c1,-1.3043,12
5VIC_HLE,2,afll,Pythia,c1,1.892770640552044,12
5VIC_HLE,2,afll,FoldX,c1,3.5714710000000007,12
5VIC_HLE,2,afll,MM-GBSA,c1,12.903007256152705,12
5VIC_HLE,3,afll,BA-DDG,c2,0.239,12
5VIC_HLE,3,afll,H3,c2,-1.2717,12
5VIC_HLE,3,afll,Pythia,c2,1.642577726393938,12
5VIC_HLE,3,afll,FoldX,c2,4.059391000000001,12
5VIC_HLE,3,afll,MM-GBSA,c2,10.630377444924761,12
5VIC_HLE,4,afll,BA-DDG,c3,-0.695,12
5VIC_HLE,4,afll,H3,c3,-1.2207,12
5VIC_HLE,4,afll,Pythia,c3,-1.7329605035483837,12
5VIC_HLE,4,afll,FoldX,c3,2.9770210000000006,12
5VIC_HLE,4,afll,MM-GBSA,c3,9.536337582558644,12
5VIC_HLE,5,afll,BA-DDG,c4,-1.378,12
5VIC_HLE,5,afll,H3,c4,-0.7659,12
5VIC_HLE,5,afll,Pythia,c4,3.9785120487213135,12
5VIC_HLE,5,afll,FoldX,c4,8.203041,12
5VIC_HLE,5,afll,MM-GBSA,c4,11.860405835533584,12
5VIC_HLE,1,random,BA-DDG,c5,0.557,12
5VIC_HLE,1,random,H3,c5,-1.6218,12
5VIC_HLE,1,random,Pythia,c5,2.375576615333557,12
5VIC_HLE,1,random,FoldX,c5,3.3795410000000006,12
5VIC_HLE,1,random,MM-GBSA,c5,9.687830140064762,12
5VIC_HLE,2,random,BA-DDG,c6,1.278,12
5VIC_HLE,2,random,H3,c6,-0.7066,12
5VIC_HLE,2,random,Pythia,c6,2.2784565910696983,12
5VIC_HLE,2,random,FoldX,c6,3.170701000000001,12
5VIC_HLE,2,random,MM-GBSA,c6,8.01744139060952,12
5VIC_HLE,3,random,BA-DDG,c7,2.853,12
5VIC_HLE,3,random,H3,c7,2.8785,12
5VIC_HLE,3,random,Pythia,c7,10.661952376365662,12
5VIC_HLE,3,random,FoldX,c7,3.9773899999999998,12
5VIC_HLE,3,random,MM-GBSA,c7,12.286547836534737,12
5VIC_HLE,4,random,BA-DDG,c8,2.239,12
5VIC_HLE,4,random,H3,c8,2.978,12
5VIC_HLE,4,random,Pythia,c8,7.435906827449799,12
5VIC_HLE,4,random,FoldX,c8,9.52906,12
5VIC_HLE,4,random,MM-GBSA,c8,11.333402358906824,12
5VIC_HLE,5,random,BA-DDG,c9,4.291,12
5VIC_HLE,5,random,H3,c9,3.3006,12
5VIC_HLE,5,random,Pythia,c9,9.50816092826426,12
5VIC_HLE,5,random,FoldX,c9,7.074647,12
5VIC_HLE,5,random,MM-GBSA,c9,14.504324517761688,12
5VIC_HLE,1,wt,BA-DDG,c10,-0.436,12
5VIC_HLE,1,wt,H3,c10,1.5969,12
5VIC_HLE,1,wt,Pythia,c10,8.809829577803612,12
5VIC_HLE,1,wt,FoldX,c10,15.348215,12
5VIC_HLE,1,wt,MM-GBSA,c10,11.592435108290374,12
5VIC_HLE,2,wt,BA-DDG,c11,0.602,12
5VIC_HLE,2,wt,H3,c11,0.3423,12
5VIC_HLE,2,wt,Pythia,c11,3.49759766086936,12
5VIC_HLE,2,wt,FoldX,c11,5.825670000000001,12
5VIC_HLE,2,wt,MM-GBSA,c11,12.237434780884314,12
5VIC_HLE,3,wt,BA-DDG,c12,-1.473,12
5VIC_HLE,3,wt,H3,c12,0.0773,12
5VIC_HLE,3,wt,Pythia,c12,-3.40077717974782,12
5VIC_HLE,3,wt,FoldX,c12,1.970489999999999,12
5VIC_HLE,3,wt,MM-GBSA,c12,8.09585895262444,12
5VIC_HLE,4,wt,BA-DDG,c13,-1.815,12
5VIC_HLE,4,wt,H3,c13,-1.8613,12
5VIC_HLE,4,wt,Pythia,c13,2.8599459007382393,12
5VIC_HLE,4,wt,FoldX,c13,4.013031000000001,12
5VIC_HLE,4,wt,MM-GBSA,c13,16.251892102721285,12
5VIC_HLE,5,wt,BA-DDG,c14,-1.453,12
5VIC_HLE,5,wt,H3,c14,0.3785,12
5VIC_HLE,5,wt,Pythia,c14,0.5985388420522213,12
5VIC_HLE,5,wt,FoldX,c14,2.922521,12
5VIC_HLE,5,wt,MM-GBSA,c14,4.560541698309407,12
5VIC_HLE,1,mean,BA-DDG,c15,-1.505,12
5VIC_HLE,1,mean,H3,c15,-0.0889,12
5VIC_HLE,1,mean,Pythia,c15,9.168994426727295,12
5VIC_HLE,1,mean,FoldX,c15,8.240525,12
5VIC_HLE,1,mean,MM-GBSA,c15,5.232561754603921,12
5VIC_HLE,2,mean,BA-DDG,c16,-1.535,12
5VIC_HLE,2,mean,H3,c16,1.0322,12
5VIC_HLE,2,mean,Pythia,c16,3.1781784370541573,12
5VIC_HLE,2,mean,FoldX,c16,4.220207,12
5VIC_HLE,2,mean,MM-GBSA,c16,7.305226734715234,12
5VIC_HLE,3,mean,BA-DDG,c17,-1.503,12
5VIC_HLE,3,mean,H3,c17,0.0767,12
5VIC_HLE,3,mean,Pythia,c17,1.8636392131447792,12
5VIC_HLE,3,mean,FoldX,c17,-0.14947399999999966,12
5VIC_HLE,3,mean,MM-GBSA,c17,7.366306988639735,12
5VIC_HLE,4,mean,BA-DDG,c18,-0.233,12
5VIC_HLE,4,mean,H3,c18,0.4828,12
5VIC_HLE,4,mean,Pythia,c18,10.604697950184345,12
5VIC_HLE,4,mean,FoldX,c18,8.603589999999999,12
5VIC_HLE,4,mean,MM-GBSA,c18,12.669750146376828,12
5VIC_HLE,5,mean,BA-DDG,c19,-0.843,12
5VIC_HLE,5,mean,H3,c19,-1.2395,12
5VIC_HLE,5,mean,Pythia,c19,-2.0573817677795887,12
5VIC_HLE,5,mean,FoldX,c19,5.287721,12
5VIC_HLE,5,mean,MM-GBSA,c19,5.166275746320935,12
5VIC_HLE,1,cvar50,BA-DDG,c20,-0.63,12
5VIC_HLE,1,cvar50,H3,c20,1.0408,12
5VIC_HLE,1,cvar50,Pythia,c20,4.680691976100206,12
5VIC_HLE,1,cvar50,FoldX,c20,17.303561000000002,12
5VIC_HLE,1,cvar50,MM-GBSA,c20,8.755799783555176,12
5VIC_HLE,2,cvar50,BA-DDG,c16,-1.535,12
5VIC_HLE,2,cvar50,H3,c16,1.0322,12
5VIC_HLE,2,cvar50,Pythia,c16,3.1781784370541573,12
5VIC_HLE,2,cvar50,FoldX,c16,4.220207,12
5VIC_HLE,2,cvar50,MM-GBSA,c16,7.305226734715234,12
5VIC_HLE,3,cvar50,BA-DDG,c21,0.661,12
5VIC_HLE,3,cvar50,H3,c21,-0.0329,12
5VIC_HLE,3,cvar50,Pythia,c21,10.287448309361935,12
5VIC_HLE,3,cvar50,FoldX,c21,16.766995,12
5VIC_HLE,3,cvar50,MM-GBSA,c21,9.05720776258977,12
5VIC_HLE,4,cvar50,BA-DDG,c22,-0.069,12
5VIC_HLE,4,cvar50,H3,c22,-0.4788,12
5VIC_HLE,4,cvar50,Pythia,c22,10.837067689746618,12
5VIC_HLE,4,cvar50,FoldX,c22,13.508739999999998,12
5VIC_HLE,4,cvar50,MM-GBSA,c22,6.5663453844490505,12
5VIC_HLE,5,cvar50,BA-DDG,c23,-1.822,12
5VIC_HLE,5,cvar50,H3,c23,-0.0911,12
5VIC_HLE,5,cvar50,Pythia,c23,9.731507934629917,12
5VIC_HLE,5,cvar50,FoldX,c23,9.141049999999998,12
5VIC_HLE,5,cvar50,MM-GBSA,c23,13.926299636420481,12
5VIC_HLE,1,cvar20,BA-DDG,c20,-0.63,12
5VIC_HLE,1,cvar20,H3,c20,1.0408,12
5VIC_HLE,1,cvar20,Pythia,c20,4.680691976100206,12
5VIC_HLE,1,cvar20,FoldX,c20,17.303561000000002,12
5VIC_HLE,1,cvar20,MM-GBSA,c20,8.755799783555176,12
5VIC_HLE,2,cvar20,BA-DDG,c16,-1.535,12
5VIC_HLE,2,cvar20,H3,c16,1.0322,12
5VIC_HLE,2,cvar20,Pythia,c16,3.1781784370541573,12
5VIC_HLE,2,cvar20,FoldX,c16,4.220207,12
5VIC_HLE,2,cvar20,MM-GBSA,c16,7.305226734715234,12
5VIC_HLE,3,cvar20,BA-DDG,c24,-0.572,12
5VIC_HLE,3,cvar20,H3,c24,-0.9407,12
5VIC_HLE,3,cvar20,Pythia,c24,1.965621143579483,12
5VIC_HLE,3,cvar20,FoldX,c24,1.9851549999999998,12
5VIC_HLE,3,cvar20,MM-GBSA,c24,15.339150644596884,12
5VIC_HLE,4,cvar20,BA-DDG,c22,-0.069,12
5VIC_HLE,4,cvar20,H3,c22,-0.4788,12
5VIC_HLE,4,cvar20,Pythia,c22,10.837067689746618,12
5VIC_HLE,4,cvar20,FoldX,c22,13.508739999999998,12
5VIC_HLE,4,cvar20,MM-GBSA,c22,6.5663453844490505,12
5VIC_HLE,5,cvar20,BA-DDG,c23,-1.822,12
5VIC_HLE,5,cvar20,H3,c23,-0.0911,12
5VIC_HLE,5,cvar20,Pythia,c23,9.731507934629917,12
5VIC_HLE,5,cvar20,FoldX,c23,9.141049999999998,12
5VIC_HLE,5,cvar20,MM-GBSA,c23,13.926299636420481,12
5VIC_HLE,1,max,BA-DDG,c25,-0.856,12
5VIC_HLE,1,max,H3,c25,0.228,12
5VIC_HLE,1,max,Pythia,c25,10.216575287282467,12
5VIC_HLE,1,max,FoldX,c25,17.709257,12
5VIC_HLE,1,max,MM-GBSA,c25,12.67083606223514,12
5VIC_HLE,2,max,BA-DDG,c26,-0.951,12
5VIC_HLE,2,max,H3,c26,-0.8045,12
5VIC_HLE,2,max,Pythia,c26,8.423568308353424,12
5VIC_HLE,2,max,FoldX,c26,7.922789999999999,12
5VIC_HLE,2,max,MM-GBSA,c26,15.050312628767188,12
5VIC_HLE,3,max,BA-DDG,c24,-0.572,12
5VIC_HLE,3,max,H3,c24,-0.9407,12
5VIC_HLE,3,max,Pythia,c24,1.965621143579483,12
5VIC_HLE,3,max,FoldX,c24,1.9851549999999998,12
5VIC_HLE,3,max,MM-GBSA,c24,15.339150644596884,12
5VIC_HLE,4,max,BA-DDG,c27,-0.566,12
5VIC_HLE,4,max,H3,c27,-0.4391,12
5VIC_HLE,4,max,Pythia,c27,9.58090627193451,12
5VIC_HLE,4,max,FoldX,c27,8.2029,12
5VIC_HLE,4,max,MM-GBSA,c27,15.073232871799519,12
5VIC_HLE,5,max,BA-DDG,c23,-1.822,12
5VIC_HLE,5,max,H3,c23,-0.0911,12
5VIC_HLE,5,max,Pythia,c23,9.731507934629917,12
5VIC_HLE,5,max,FoldX,c23,9.141049999999998,12
5VIC_HLE,5,max,MM-GBSA,c23,13.926299636420481,12
5VIG_HLZ,1,afll,BA-DDG,c0,2.861,17
5VIG_HLZ,1,afll,H3,c0,1.3526,17
5VIG_HLZ,1,afll,Pythia,c0,4.739106118679047,17
5VIG_HLZ,1,afll,FoldX,c0,4.548650000000001,17
5VIG_HLZ,1,afll,MM-GBSA,c0,41.29767987214245,17
5VIG_HLZ,2,afll,BA-DDG,c1,4.324,17
5VIG_HLZ,2,afll,H3,c1,0.5261,17
5VIG_HLZ,2,afll,Pythia,c1,2.8057718873023987,17
5VIG_HLZ,2,afll,FoldX,c1,4.207980000000001,17
5VIG_HLZ,2,afll,MM-GBSA,c1,252.55071912450308,17
5VIG_HLZ,3,afll,BA-DDG,c2,3.565,17
5VIG_HLZ,3,afll,H3,c2,1.2166,17
5VIG_HLZ,3,afll,Pythia,c2,4.248038649559021,17
5VIG_HLZ,3,afll,FoldX,c2,4.420859999999999,17
5VIG_HLZ,3,afll,MM-GBSA,c2,28.51922727245119,17
5VIG_HLZ,4,afll,BA-DDG,c3,1.36,17
5VIG_HLZ,4,afll,H3,c3,0.4203,17
5VIG_HLZ,4,afll,Pythia,c3,2.6138272881507874,17
5VIG_HLZ,4,afll,FoldX,c3,4.15611,17
5VIG_HLZ,4,afll,MM-GBSA,c3,36.61536220818152,17
5VIG_HLZ,5,afll,BA-DDG,c4,1.153,17
5VIG_HLZ,5,afll,H3,c4,0.4658,17
5VIG_HLZ,5,afll,Pythia,c4,1.1521189510822296,17
5VIG_HLZ,5,afll,FoldX,c4,3.3722099999999995,17
5VIG_HLZ,5,afll,MM-GBSA,c4,32.856215648174384,17
5VIG_HLZ,1,random,BA-DDG,c5,2.554,17
5VIG_HLZ,1,random,H3,c5,0.999,17
5VIG_HLZ,1,random,Pythia,c5,8.277791284024715,17
5VIG_HLZ,1,random,FoldX,c5,11.822969999999998,17
5VIG_HLZ,1,random,MM-GBSA,c5,37.41630729884628,17
5VIG_HLZ,2,random,BA-DDG,c6,6.042,17
5VIG_HLZ,2,random,H3,c6,3.0601,17
5VIG_HLZ,2,random,Pythia,c6,14.223329171538353,17
5VIG_HLZ,2,random,FoldX,c6,4.448149999999999,17
5VIG_HLZ,2,random,MM-GBSA,c6,46.21693552925626,17
5VIG_HLZ,3,random,BA-DDG,c7,4.102,17
5VIG_HLZ,3,random,H3,c7,1.7409,17
5VIG_HLZ,3,random,Pythia,c7,7.6549984365701675,17
5VIG_HLZ,3,random,FoldX,c7,2.7108600000000003,17
5VIG_HLZ,3,random,MM-GBSA,c7,15.986542699419715,17
5VIG_HLZ,4,random,BA-DDG,c8,3.032,17
5VIG_HLZ,4,random,H3,c8,1.1036,17
5VIG_HLZ,4,random,Pythia,c8,9.563333660364151,17
5VIG_HLZ,4,random,FoldX,c8,12.6493,17
5VIG_HLZ,4,random,MM-GBSA,c8,40.62380200968437,17
5VIG_HLZ,5,random,BA-DDG,c9,2.887,17
5VIG_HLZ,5,random,H3,c9,0.8616,17
5VIG_HLZ,5,random,Pythia,c9,0.5695920325815678,17
5VIG_HLZ,5,random,FoldX,c9,1.8830200000000001,17
5VIG_HLZ,5,random,MM-GBSA,c9,25.594618904839535,17
5VIG_HLZ,1,wt,BA-DDG,c10,1.717,17
5VIG_HLZ,1,wt,H3,c10,-0.249,17
5VIG_HLZ,1,wt,Pythia,c10,5.673276275396347,17
5VIG_HLZ,1,wt,FoldX,c10,2.429429999999999,17
5VIG_HLZ,1,wt,MM-GBSA,c10,34.122613915266356,17
5VIG_HLZ,2,wt,BA-DDG,c11,0.129,17
5VIG_HLZ,2,wt,H3,c11,-0.5223,17
5VIG_HLZ,2,wt,Pythia,c11,-2.388299435377121,17
5VIG_HLZ,2,wt,FoldX,c11,2.8737699999999995,17
5VIG_HLZ,2,wt,MM-GBSA,c11,29.973617959646162,17
5VIG_HLZ,3,wt,BA-DDG,c12,-1.626,17
5VIG_HLZ,3,wt,H3,c12,-2.3477,17
5VIG_HLZ,3,wt,Pythia,c12,-2.895985960960388,17
5VIG_HLZ,3,wt,FoldX,c12,2.44501,17
5VIG_HLZ,3,wt,MM-GBSA,c12,18.626483654331878,17
5VIG_HLZ,4,wt,BA-DDG,c13,-1.212,17
5VIG_HLZ,4,wt,H3,c13,-0.6486,17
5VIG_HLZ,4,wt,Pythia,c13,-3.84553661942482,17
5VIG_HLZ,4,wt,FoldX,c13,8.35501,17
5VIG_HLZ,4,wt,MM-GBSA,c13,24.850200083034906,17
5VIG_HLZ,5,wt,BA-DDG,c14,-1.044,17
5VIG_HLZ,5,wt,H3,c14,-0.3573,17
5VIG_HLZ,5,wt,Pythia,c14,-5.578330561518669,17
5VIG_HLZ,5,wt,FoldX,c14,1.877979999999999,17
5VIG_HLZ,5,wt,MM-GBSA,c14,25.118435280158337,17
5VIG_HLZ,1,mean,BA-DDG,c15,-0.959,17
5VIG_HLZ,1,mean,H3,c15,-0.5458,17
5VIG_HLZ,1,mean,Pythia,c15,2.337405815720558,17
5VIG_HLZ,1,mean,FoldX,c15,17.148020000000002,17
5VIG_HLZ,1,mean,MM-GBSA,c15,21.5242097851974,17
5VIG_HLZ,2,mean,BA-DDG,c11,0.129,17
5VIG_HLZ,2,mean,H3,c11,-0.5223,17
5VIG_HLZ,2,mean,Pythia,c11,-2.388299435377121,17
5VIG_HLZ,2,mean,FoldX,c11,2.8737699999999995,17
5VIG_HLZ,2,mean,MM-GBSA,c11,29.973617959646162,17
5VIG_HLZ,3,mean,BA-DDG,c16,-1.537,17
5VIG_HLZ,3,mean,H3,c16,-1.2967,17
5VIG_HLZ,3,mean,Pythia,c16,-1.1018763966858387,17
5VIG_HLZ,3,mean,FoldX,c16,5.709569999999999,17
5VIG_HLZ,3,mean,MM-GBSA,c16,21.60524239794404,17
5VIG_HLZ,4,mean,BA-DDG,c13,-1.212,17
5VIG_HLZ,4,mean,H3,c13,-0.6486,17
5VIG_HLZ,4,mean,Pythia,c13,-3.84553661942482,17
5VIG_HLZ,4,mean,FoldX,c13,8.35501,17
5VIG_HLZ,4,mean,MM-GBSA,c13,24.850200083034906,17
5VIG_HLZ,5,mean,BA-DDG,c14,-1.044,17
5VIG_HLZ,5,mean,H3,c14,-0.3573,17
5VIG_HLZ,5,mean,Pythia,c14,-5.578330561518669,17
5VIG_HLZ,5,mean,FoldX,c14,1.877979999999999,17
5VIG_HLZ,5,mean,MM-GBSA,c14,25.118435280158337,17
5VIG_HLZ,1,cvar50,BA-DDG,c15,-0.959,17
5VIG_HLZ,1,cvar50,H3,c15,-0.5458,17
5VIG_HLZ,1,cvar50,Pythia,c15,2.337405815720558,17
5VIG_HLZ,1,cvar50,FoldX,c15,17.148020000000002,17
5VIG_HLZ,1,cvar50,MM-GBSA,c15,21.5242097851974,17
5VIG_HLZ,2,cvar50,BA-DDG,c17,-0.198,17
5VIG_HLZ,2,cvar50,H3,c17,-1.4282,17
5VIG_HLZ,2,cvar50,Pythia,c17,-2.716428190469742,17
5VIG_HLZ,2,cvar50,FoldX,c17,2.9232500000000012,17
5VIG_HLZ,2,cvar50,MM-GBSA,c17,22.163557210973067,17
5VIG_HLZ,3,cvar50,BA-DDG,c16,-1.537,17
5VIG_HLZ,3,cvar50,H3,c16,-1.2967,17
5VIG_HLZ,3,cvar50,Pythia,c16,-1.1018763966858387,17
5VIG_HLZ,3,cvar50,FoldX,c16,5.709569999999999,17
5VIG_HLZ,3,cvar50,MM-GBSA,c16,21.60524239794404,17
5VIG_HLZ,4,cvar50,BA-DDG,c13,-1.212,17
5VIG_HLZ,4,cvar50,H3,c13,-0.6486,17
5VIG_HLZ,4,cvar50,Pythia,c13,-3.84553661942482,17
5VIG_HLZ,4,cvar50,FoldX,c13,8.35501,17
5VIG_HLZ,4,cvar50,MM-GBSA,c13,24.850200083034906,17
5VIG_HLZ,5,cvar50,BA-DDG,c18,1.036,17
5VIG_HLZ,5,cvar50,H3,c18,-1.4573,17
5VIG_HLZ,5,cvar50,Pythia,c18,0.14892929792404175,17
5VIG_HLZ,5,cvar50,FoldX,c18,5.6780100000000004,17
5VIG_HLZ,5,cvar50,MM-GBSA,c18,32.50392655483665,17
5VIG_HLZ,1,cvar20,BA-DDG,c15,-0.959,17
5VIG_HLZ,1,cvar20,H3,c15,-0.5458,17
5VIG_HLZ,1,cvar20,Pythia,c15,2.337405815720558,17
5VIG_HLZ,1,cvar20,FoldX,c15,17.148020000000002,17
5VIG_HLZ,1,cvar20,MM-GBSA,c15,21.5242097851974,17
5VIG_HLZ,2,cvar20,BA-DDG,c17,-0.198,17
5VIG_HLZ,2,cvar20,H3,c17,-1.4282,17
5VIG_HLZ,2,cvar20,Pythia,c17,-2.716428190469742,17
5VIG_HLZ,2,cvar20,FoldX,c17,2.9232500000000012,17
5VIG_HLZ,2,cvar20,MM-GBSA,c17,22.163557210973067,17
5VIG_HLZ,3,cvar20,BA-DDG,c16,-1.537,17
5VIG_HLZ,3,cvar20,H3,c16,-1.2967,17
5VIG_HLZ,3,cvar20,Pythia,c16,-1.1018763966858387,17
5VIG_HLZ,3,cvar20,FoldX,c16,5.709569999999999,17
5VIG_HLZ,3,cvar20,MM-GBSA,c16,21.60524239794404,17
5VIG_HLZ,4,cvar20,BA-DDG,c13,-1.212,17
5VIG_HLZ,4,cvar20,H3,c13,-0.6486,17
5VIG_HLZ,4,cvar20,Pythia,c13,-3.84553661942482,17
5VIG_HLZ,4,cvar20,FoldX,c13,8.35501,17
5VIG_HLZ,4,cvar20,MM-GBSA,c13,24.850200083034906,17
5VIG_HLZ,5,cvar20,BA-DDG,c18,1.036,17
5VIG_HLZ,5,cvar20,H3,c18,-1.4573,17
5VIG_HLZ,5,cvar20,Pythia,c18,0.14892929792404175,17
5VIG_HLZ,5,cvar20,FoldX,c18,5.6780100000000004,17
5VIG_HLZ,5,cvar20,MM-GBSA,c18,32.50392655483665,17
5VIG_HLZ,1,max,BA-DDG,c15,-0.959,17
5VIG_HLZ,1,max,H3,c15,-0.5458,17
5VIG_HLZ,1,max,Pythia,c15,2.337405815720558,17
5VIG_HLZ,1,max,FoldX,c15,17.148020000000002,17
5VIG_HLZ,1,max,MM-GBSA,c15,21.5242097851974,17
5VIG_HLZ,2,max,BA-DDG,c17,-0.198,17
5VIG_HLZ,2,max,H3,c17,-1.4282,17
5VIG_HLZ,2,max,Pythia,c17,-2.716428190469742,17
5VIG_HLZ,2,max,FoldX,c17,2.9232500000000012,17
5VIG_HLZ,2,max,MM-GBSA,c17,22.163557210973067,17
5VIG_HLZ,3,max,BA-DDG,c16,-1.537,17
5VIG_HLZ,3,max,H3,c16,-1.2967,17
5VIG_HLZ,3,max,Pythia,c16,-1.1018763966858387,17
5VIG_HLZ,3,max,FoldX,c16,5.709569999999999,17
5VIG_HLZ,3,max,MM-GBSA,c16,21.60524239794404,17
5VIG_HLZ,4,max,BA-DDG,c13,-1.212,17
5VIG_HLZ,4,max,H3,c13,-0.6486,17
5VIG_HLZ,4,max,Pythia,c13,-3.84553661942482,17
5VIG_HLZ,4,max,FoldX,c13,8.35501,17
5VIG_HLZ,4,max,MM-GBSA,c13,24.850200083034906,17
5VIG_HLZ,5,max,BA-DDG,c18,1.036,17
5VIG_HLZ,5,max,H3,c18,-1.4573,17
5VIG_HLZ,5,max,Pythia,c18,0.14892929792404175,17
5VIG_HLZ,5,max,FoldX,c18,5.6780100000000004,17
5VIG_HLZ,5,max,MM-GBSA,c18,32.50392655483665,17
6AJ9_HLC,1,afll,BA-DDG,c0,0.149,13
6AJ9_HLC,1,afll,H3,c0,-0.9283,13
6AJ9_HLC,1,afll,Pythia,c0,2.279792599962093,13
6AJ9_HLC,1,afll,FoldX,c0,1.1438891,13
6AJ9_HLC,1,afll,MM-GBSA,c0,11.211708090675529,13
6AJ9_HLC,2,afll,BA-DDG,c1,0.462,13
6AJ9_HLC,2,afll,H3,c1,-0.7741,13
6AJ9_HLC,2,afll,Pythia,c1,1.7679611971834674,13
6AJ9_HLC,2,afll,FoldX,c1,1.4173299999999998,13
6AJ9_HLC,2,afll,MM-GBSA,c1,8.894279237279989,13
6AJ9_HLC,3,afll,BA-DDG,c2,0.868,13
6AJ9_HLC,3,afll,H3,c2,-0.9102,13
6AJ9_HLC,3,afll,Pythia,c2,1.040268593118526,13
6AJ9_HLC,3,afll,FoldX,c2,1.3553393000000007,13
6AJ9_HLC,3,afll,MM-GBSA,c2,8.140112570128622,13
6AJ9_HLC,4,afll,BA-DDG,c3,0.422,13
6AJ9_HLC,4,afll,H3,c3,-0.6451,13
6AJ9_HLC,4,afll,Pythia,c3,1.1087188875535503,13
6AJ9_HLC,4,afll,FoldX,c3,0.3962449999999995,13
6AJ9_HLC,4,afll,MM-GBSA,c3,10.953141212004084,13
6AJ9_HLC,5,afll,BA-DDG,c3,0.422,13
6AJ9_HLC,5,afll,H3,c3,-0.6451,13
6AJ9_HLC,5,afll,Pythia,c3,1.1087188875535503,13
6AJ9_HLC,5,afll,FoldX,c3,0.3962449999999995,13
6AJ9_HLC,5,afll,MM-GBSA,c3,10.953141212004084,13
6AJ9_HLC,1,random,BA-DDG,c4,3.194,13
6AJ9_HLC,1,random,H3,c4,0.4916,13
6AJ9_HLC,1,random,Pythia,c4,2.243995539844036,13
6AJ9_HLC,1,random,FoldX,c4,1.919644,13
6AJ9_HLC,1,random,MM-GBSA,c4,13.756158551165754,13
6AJ9_HLC,2,random,BA-DDG,c5,0.471,13
6AJ9_HLC,2,random,H3,c5,0.1647,13
6AJ9_HLC,2,random,Pythia,c5,0.8269707119325176,13
6AJ9_HLC,2,random,FoldX,c5,2.702001,13
6AJ9_HLC,2,random,MM-GBSA,c5,5.4634826197370785,13
6AJ9_HLC,3,random,BA-DDG,c6,2.095,13
6AJ9_HLC,3,random,H3,c6,1.4679,13
6AJ9_HLC,3,random,Pythia,c6,8.738812230527401,13
6AJ9_HLC,3,random,FoldX,c6,1.139823999999999,13
6AJ9_HLC,3,random,MM-GBSA,c6,11.32585253961497,13
6AJ9_HLC,4,random,BA-DDG,c7,1.18,13
6AJ9_HLC,4,random,H3,c7,0.914,13
6AJ9_HLC,4,random,Pythia,c7,6.314985658973455,13
6AJ9_HLC,4,random,FoldX,c7,4.3739221,13
6AJ9_HLC,4,random,MM-GBSA,c7,6.0546272956717075,13
6AJ9_HLC,5,random,BA-DDG,c8,0.918,13
6AJ9_HLC,5,random,H3,c8,0.1883,13
6AJ9_HLC,5,random,Pythia,c8,2.1864711232483387,13
6AJ9_HLC,5,random,FoldX,c8,6.139222,13
6AJ9_HLC,5,random,MM-GBSA,c8,14.330622830697394,13
6AJ9_HLC,1,wt,BA-DDG,c9,0.52,13
6AJ9_HLC,1,wt,H3,c9,-0.545,13
6AJ9_HLC,1,wt,Pythia,c9,3.1231539994478226,13
6AJ9_HLC,1,wt,FoldX,c9,3.492,13
6AJ9_HLC,1,wt,MM-GBSA,c9,23.632162083670664,13
6AJ9_HLC,2,wt,BA-DDG,c10,0.294,13
6AJ9_HLC,2,wt,H3,c10,-0.3935,13
6AJ9_HLC,2,wt,Pythia,c10,2.6975188478827477,13
6AJ9_HLC,2,wt,FoldX,c10,1.381264999999999,13
6AJ9_HLC,2,wt,MM-GBSA,c10,13.464701962314393,13
6AJ9_HLC,3,wt,BA-DDG,c11,-0.139,13
6AJ9_HLC,3,wt,H3,c11,-0.3024,13
6AJ9_HLC,3,wt,Pythia,c11,3.0135857021668926,13
6AJ9_HLC,3,wt,FoldX,c11,4.979144,13
6AJ9_HLC,3,wt,MM-GBSA,c11,9.67498270057149,13
6AJ9_HLC,4,wt,BA-DDG,c12,-0.01,13
6AJ9_HLC,4,wt,H3,c12,-0.864,13
6AJ9_HLC,4,wt,Pythia,c12,0.29511137364897877,13
6AJ9_HLC,4,wt,FoldX,c12,3.110143999999999,13
6AJ9_HLC,4,wt,MM-GBSA,c12,-0.2911487929850409,13
6AJ9_HLC,5,wt,BA-DDG,c13,0.064,13
6AJ9_HLC,5,wt,H3,c13,-0.2463,13
6AJ9_HLC,5,wt,Pythia,c13,2.38463585881982,13
6AJ9_HLC,5,wt,FoldX,c13,1.379083,13
6AJ9_HLC,5,wt,MM-GBSA,c13,10.788540875800209,13
6AJ9_HLC,1,mean,BA-DDG,c14,-1.337,13
6AJ9_HLC,1,mean,H3,c14,-1.049,13
6AJ9_HLC,1,mean,Pythia,c14,6.298449292778969,13
6AJ9_HLC,1,mean,FoldX,c14,4.40701,13
6AJ9_HLC,1,mean,MM-GBSA,c14,10.818527686896232,13
6AJ9_HLC,2,mean,BA-DDG,c15,-0.283,13
6AJ9_HLC,2,mean,H3,c15,-0.6484,13
6AJ9_HLC,2,mean,Pythia,c15,-2.8215695017715916,13
6AJ9_HLC,2,mean,FoldX,c15,0.9015945999999992,13
6AJ9_HLC,2,mean,MM-GBSA,c15,7.526056782735395,13
6AJ9_HLC,3,mean,BA-DDG,c16,-2.183,13
6AJ9_HLC,3,mean,H3,c16,-1.6186,13
6AJ9_HLC,3,mean,Pythia,c16,2.8562593987444416,13
6AJ9_HLC,3,mean,FoldX,c16,3.1520289999999993,13
6AJ9_HLC,3,mean,MM-GBSA,c16,20.29095903830148,13
6AJ9_HLC,4,mean,BA-DDG,c17,0.319,13
6AJ9_HLC,4,mean,H3,c17,-0.5287,13
6AJ9_HLC,4,mean,Pythia,c17,4.376659714267589,13
6AJ9_HLC,4,mean,FoldX,c17,0.05007999999999946,13
6AJ9_HLC,4,mean,MM-GBSA,c17,13.669980338157075,13
6AJ9_HLC,5,mean,BA-DDG,c18,-0.913,13
6AJ9_HLC,5,mean,H3,c18,-0.9085,13
6AJ9_HLC,5,mean,Pythia,c18,4.386416189954616,13
6AJ9_HLC,5,mean,FoldX,c18,4.623437,13
6AJ9_HLC,5,mean,MM-GBSA,c18,15.16622444922632,13
6AJ9_HLC,1,cvar50,BA-DDG,c14,-1.337,13
6AJ9_HLC,1,cvar50,H3,c14,-1.049,13
6AJ9_HLC,1,cvar50,Pythia,c14,6.298449292778969,13
6AJ9_HLC,1,cvar50,FoldX,c14,4.40701,13
6AJ9_HLC,1,cvar50,MM-GBSA,c14,10.818527686896232,13
6AJ9_HLC,2,cvar50,BA-DDG,c15,-0.283,13
6AJ9_HLC,2,cvar50,H3,c15,-0.6484,13
6AJ9_HLC,2,cvar50,Pythia,c15,-2.8215695017715916,13
6AJ9_HLC,2,cvar50,FoldX,c15,0.9015945999999992,13
6AJ9_HLC,2,cvar50,MM-GBSA,c15,7.526056782735395,13
6AJ9_HLC,3,cvar50,BA-DDG,c16,-2.183,13
6AJ9_HLC,3,cvar50,H3,c16,-1.6186,13
6AJ9_HLC,3,cvar50,Pythia,c16,2.8562593987444416,13
6AJ9_HLC,3,cvar50,FoldX,c16,3.1520289999999993,13
6AJ9_HLC,3,cvar50,MM-GBSA,c16,20.29095903830148,13
6AJ9_HLC,4,cvar50,BA-DDG,c19,-0.581,13
6AJ9_HLC,4,cvar50,H3,c19,-1.2318,13
6AJ9_HLC,4,cvar50,Pythia,c19,1.3901110446313396,13
6AJ9_HLC,4,cvar50,FoldX,c19,1.2385439999999996,13
6AJ9_HLC,4,cvar50,MM-GBSA,c19,18.08835649973844,13
6AJ9_HLC,5,cvar50,BA-DDG,c20,-0.556,13
6AJ9_HLC,5,cvar50,H3,c20,-1.5138,13
6AJ9_HLC,5,cvar50,Pythia,c20,1.9248978644609451,13
6AJ9_HLC,5,cvar50,FoldX,c20,4.6984,13
6AJ9_HLC,5,cvar50,MM-GBSA,c20,25.1500794264839,13
6AJ9_HLC,1,cvar20,BA-DDG,c14,-1.337,13
6AJ9_HLC,1,cvar20,H3,c14,-1.049,13
6AJ9_HLC,1,cvar20,Pythia,c14,6.298449292778969,13
6AJ9_HLC,1,cvar20,FoldX,c14,4.40701,13
6AJ9_HLC,1,cvar20,MM-GBSA,c14,10.818527686896232,13
6AJ9_HLC,2,cvar20,BA-DDG,c21,0.266,13
6AJ9_HLC,2,cvar20,H3,c21,-0.7056,13
6AJ9_HLC,2,cvar20,Pythia,c21,3.872066513285972,13
6AJ9_HLC,2,cvar20,FoldX,c21,1.23894,13
6AJ9_HLC,2,cvar20,MM-GBSA,c21,7.023469696268876,13
6AJ9_HLC,3,cvar20,BA-DDG,c16,-2.183,13
6AJ9_HLC,3,cvar20,H3,c16,-1.6186,13
6AJ9_HLC,3,cvar20,Pythia,c16,2.8562593987444416,13
6AJ9_HLC,3,cvar20,FoldX,c16,3.1520289999999993,13
6AJ9_HLC,3,cvar20,MM-GBSA,c16,20.29095903830148,13
6AJ9_HLC,4,cvar20,BA-DDG,c19,-0.581,13
6AJ9_HLC,4,cvar20,H3,c19,-1.2318,13
6AJ9_HLC,4,cvar20,Pythia,c19,1.3901110446313396,13
6AJ9_HLC,4,cvar20,FoldX,c19,1.2385439999999996,13
6AJ9_HLC,4,cvar20,MM-GBSA,c19,18.08835649973844,13
6AJ9_HLC,5,cvar20,BA-DDG,c20,-0.556,13
6AJ9_HLC,5,cvar20,H3,c20,-1.5138,13
6AJ9_HLC,5,cvar20,Pythia,c20,1.9248978644609451,13
6AJ9_HLC,5,cvar20,FoldX,c20,4.6984,13
6AJ9_HLC,5,cvar20,MM-GBSA,c20,25.1500794264839,13
6AJ9_HLC,1,max,BA-DDG,c14,-1.337,13
6AJ9_HLC,1,max,H3,c14,-1.049,13
6AJ9_HLC,1,max,Pythia,c14,6.298449292778969,13
6AJ9_HLC,1,max,FoldX,c14,4.40701,13
6AJ9_HLC,1,max,MM-GBSA,c14,10.818527686896232,13
6AJ9_HLC,2,max,BA-DDG,c21,0.266,13
6AJ9_HLC,2,max,H3,c21,-0.7056,13
6AJ9_HLC,2,max,Pythia,c21,3.872066513285972,13
6AJ9_HLC,2,max,FoldX,c21,1.23894,13
6AJ9_HLC,2,max,MM-GBSA,c21,7.023469696268876,13
6AJ9_HLC,3,max,BA-DDG,c16,-2.183,13
6AJ9_HLC,3,max,H3,c16,-1.6186,13
6AJ9_HLC,3,max,Pythia,c16,2.8562593987444416,13
6AJ9_HLC,3,max,FoldX,c16,3.1520289999999993,13
6AJ9_HLC,3,max,MM-GBSA,c16,20.29095903830148,13
6AJ9_HLC,4,max,BA-DDG,c19,-0.581,13
6AJ9_HLC,4,max,H3,c19,-1.2318,13
6AJ9_HLC,4,max,Pythia,c19,1.3901110446313396,13
6AJ9_HLC,4,max,FoldX,c19,1.2385439999999996,13
6AJ9_HLC,4,max,MM-GBSA,c19,18.08835649973844,13
6AJ9_HLC,5,max,BA-DDG,c18,-0.913,13
6AJ9_HLC,5,max,H3,c18,-0.9085,13
6AJ9_HLC,5,max,Pythia,c18,4.386416189954616,13
6AJ9_HLC,5,max,FoldX,c18,4.623437,13
6AJ9_HLC,5,max,MM-GBSA,c18,15.16622444922632,13
6FLA_HLI,1,afll,BA-DDG,c0,2.419,14
6FLA_HLI,1,afll,H3,c0,2.4199,14
6FLA_HLI,1,afll,Pythia,c0,7.477326571941376,14
6FLA_HLI,1,afll,FoldX,c0,2.401040000000001,14
6FLA_HLI,1,afll,MM-GBSA,c0,782.2726369949619,14
6FLA_HLI,2,afll,BA-DDG,c0,2.419,14
6FLA_HLI,2,afll,H3,c0,2.4199,14
6FLA_HLI,2,afll,Pythia,c0,7.477326571941376,14
6FLA_HLI,2,afll,FoldX,c0,2.401040000000001,14
6FLA_HLI,2,afll,MM-GBSA,c0,782.2726369949619,14
6FLA_HLI,3,afll,BA-DDG,c0,2.419,14
6FLA_HLI,3,afll,H3,c0,2.4199,14
6FLA_HLI,3,afll,Pythia,c0,7.477326571941376,14
6FLA_HLI,3,afll,FoldX,c0,2.401040000000001,14
6FLA_HLI,3,afll,MM-GBSA,c0,782.2726369949619,14
6FLA_HLI,4,afll,BA-DDG,c0,2.419,14
6FLA_HLI,4,afll,H3,c0,2.4199,14
6FLA_HLI,4,afll,Pythia,c0,7.477326571941376,14
6FLA_HLI,4,afll,FoldX,c0,2.401040000000001,14
6FLA_HLI,4,afll,MM-GBSA,c0,782.2726369949619,14
6FLA_HLI,5,afll,BA-DDG,c0,2.419,14
6FLA_HLI,5,afll,H3,c0,2.4199,14
6FLA_HLI,5,afll,Pythia,c0,7.477326571941376,14
6FLA_HLI,5,afll,FoldX,c0,2.401040000000001,14
6FLA_HLI,5,afll,MM-GBSA,c0,782.2726369949619,14
6FLA_HLI,1,random,BA-DDG,c1,4.073,14
6FLA_HLI,1,random,H3,c1,2.8761,14
6FLA_HLI,1,random,Pythia,c1,11.312525615096092,14
6FLA_HLI,1,random,FoldX,c1,3.4624539999999993,14
6FLA_HLI,1,random,MM-GBSA,c1,9.252635863131673,14
6FLA_HLI,2,random,BA-DDG,c2,5.2,14
6FLA_HLI,2,random,H3,c2,4.1589,14
6FLA_HLI,2,random,Pythia,c2,10.67451449483633,14
6FLA_HLI,2,random,FoldX,c2,2.592782,14
6FLA_HLI,2,random,MM-GBSA,c2,790.2223133080388,14
6FLA_HLI,3,random,BA-DDG,c3,4.729,14
6FLA_HLI,3,random,H3,c3,3.288,14
6FLA_HLI,3,random,Pythia,c3,14.77946438640356,14
6FLA_HLI,3,random,FoldX,c3,0.9494660000000001,14
6FLA_HLI,3,random,MM-GBSA,c3,781.561963720821,14
6FLA_HLI,4,random,BA-DDG,c4,5.297,14
6FLA_HLI,4,random,H3,c4,4.2392,14
6FLA_HLI,4,random,Pythia,c4,13.045911520719528,14
6FLA_HLI,4,random,FoldX,c4,2.7333320000000003,14
6FLA_HLI,4,random,MM-GBSA,c4,7.875953174055667,14
6FLA_HLI,5,random,BA-DDG,c5,4.336,14
6FLA_HLI,5,random,H3,c5,2.894,14
6FLA_HLI,5,random,Pythia,c5,12.124996602535248,14
6FLA_HLI,5,random,FoldX,c5,3.3250800000000007,14
6FLA_HLI,5,random,MM-GBSA,c5,791.5048613219237,14
6FLA_HLI,1,wt,BA-DDG,c6,2.238,14
6FLA_HLI,1,wt,H3,c6,1.8863,14
6FLA_HLI,1,wt,Pythia,c6,6.201445639133453,14
6FLA_HLI,1,wt,FoldX,c6,6.441012,14
6FLA_HLI,1,wt,MM-GBSA,c6,780.9017544390749,14
6FLA_HLI,2,wt,BA-DDG,c7,1.922,14
6FLA_HLI,2,wt,H3,c7,2.0284,14
6FLA_HLI,2,wt,Pythia,c7,7.256266117095947,14
6FLA_HLI,2,wt,FoldX,c7,8.178912,14
6FLA_HLI,2,wt,MM-GBSA,c7,5.130732458148941,14
6FLA_HLI,3,wt,BA-DDG,c8,3.462,14
6FLA_HLI,3,wt,H3,c8,2.1026,14
6FLA_HLI,3,wt,Pythia,c8,5.77543605864048,14
6FLA_HLI,3,wt,FoldX,c8,1.867152,14
6FLA_HLI,3,wt,MM-GBSA,c8,18924.669446242257,14
6FLA_HLI,4,wt,BA-DDG,c9,1.548,14
6FLA_HLI,4,wt,H3,c9,1.4097,14
6FLA_HLI,4,wt,Pythia,c9,3.597691923379898,14
6FLA_HLI,4,wt,FoldX,c9,2.0909619999999993,14
6FLA_HLI,4,wt,MM-GBSA,c9,5.744215916009125,14
6FLA_HLI,5,wt,BA-DDG,c10,1.823,14
6FLA_HLI,5,wt,H3,c10,1.687,14
6FLA_HLI,5,wt,Pythia,c10,6.497516959905624,14
6FLA_HLI,5,wt,FoldX,c10,6.060582,14
6FLA_HLI,5,wt,MM-GBSA,c10,786.1902229195589,14
6FLA_HLI,1,mean,BA-DDG,c11,2.096,14
6FLA_HLI,1,mean,H3,c11,0.0908,14
6FLA_HLI,1,mean,Pythia,c11,-0.6706585884094238,14
6FLA_HLI,1,mean,FoldX,c11,0.3172100000000011,14
6FLA_HLI,1,mean,MM-GBSA,c11,5.678342389359386,14
6FLA_HLI,2,mean,BA-DDG,c12,1.349,14
6FLA_HLI,2,mean,H3,c12,1.6098,14
6FLA_HLI,2,mean,Pythia,c12,3.521531730890274,14
6FLA_HLI,2,mean,FoldX,c12,1.3896300000000004,14
6FLA_HLI,2,mean,MM-GBSA,c12,8.60742697061869,14
6FLA_HLI,3,mean,BA-DDG,c13,1.742,14
6FLA_HLI,3,mean,H3,c13,0.0,14
6FLA_HLI,3,mean,Pythia,c13,0.0,14
6FLA_HLI,3,mean,FoldX,c13,0.0,14
6FLA_HLI,3,mean,MM-GBSA,c13,8.44821264106713,14
6FLA_HLI,4,mean,BA-DDG,c14,1.358,14
6FLA_HLI,4,mean,H3,c14,0.1998,14
6FLA_HLI,4,mean,Pythia,c14,1.373709499835968,14
6FLA_HLI,4,mean,FoldX,c14,0.8515700000000024,14
6FLA_HLI,4,mean,MM-GBSA,c14,660.3560535350598,14
6FLA_HLI,5,mean,BA-DDG,c13,1.742,14
6FLA_HLI,5,mean,H3,c13,0.0,14
6FLA_HLI,5,mean,Pythia,c13,0.0,14
6FLA_HLI,5,mean,FoldX,c13,0.0,14
6FLA_HLI,5,mean,MM-GBSA,c13,8.44821264106713,14
6FLA_HLI,1,cvar50,BA-DDG,c15,2.157,14
6FLA_HLI,1,cvar50,H3,c15,0.6033,14
6FLA_HLI,1,cvar50,Pythia,c15,2.9770644307136536,14
6FLA_HLI,1,cvar50,FoldX,c15,0.7602000000000011,14
6FLA_HLI,1,cvar50,MM-GBSA,c15,780.4453898341671,14
6FLA_HLI,2,cvar50,BA-DDG,c12,1.349,14
6FLA_HLI,2,cvar50,H3,c12,1.6098,14
6FLA_HLI,2,cvar50,Pythia,c12,3.521531730890274,14
6FLA_HLI,2,cvar50,FoldX,c12,1.3896300000000004,14
6FLA_HLI,2,cvar50,MM-GBSA,c12,8.60742697061869,14
6FLA_HLI,3,cvar50,BA-DDG,c16,0.869,14
6FLA_HLI,3,cvar50,H3,c16,0.1645,14
6FLA_HLI,3,cvar50,Pythia,c16,2.4906356632709503,14
6FLA_HLI,3,cvar50,FoldX,c16,0.5862809999999996,14
6FLA_HLI,3,cvar50,MM-GBSA,c16,8.252792353366658,14
6FLA_HLI,4,cvar50,BA-DDG,c14,1.358,14
6FLA_HLI,4,cvar50,H3,c14,0.1998,14
6FLA_HLI,4,cvar50,Pythia,c14,1.373709499835968,14
6FLA_HLI,4,cvar50,FoldX,c14,0.8515700000000024,14
6FLA_HLI,4,cvar50,MM-GBSA,c14,660.3560535350598,14
6FLA_HLI,5,cvar50,BA-DDG,c13,1.742,14
6FLA_HLI,5,cvar50,H3,c13,0.0,14
6FLA_HLI,5,cvar50,Pythia,c13,0.0,14
6FLA_HLI,5,cvar50,FoldX,c13,0.0,14
6FLA_HLI,5,cvar50,MM-GBSA,c13,8.44821264106713,14
6FLA_HLI,1,cvar20,BA-DDG,c11,2.096,14
6FLA_HLI,1,cvar20,H3,c11,0.0908,14
6FLA_HLI,1,cvar20,Pythia,c11,-0.6706585884094238,14
6FLA_HLI,1,cvar20,FoldX,c11,0.3172100000000011,14
6FLA_HLI,1,cvar20,MM-GBSA,c11,5.678342389359386,14
6FLA_HLI,2,cvar20,BA-DDG,c12,1.349,14
6FLA_HLI,2,cvar20,H3,c12,1.6098,14
6FLA_HLI,2,cvar20,Pythia,c12,3.521531730890274,14
6FLA_HLI,2,cvar20,FoldX,c12,1.3896300000000004,14
6FLA_HLI,2,cvar20,MM-GBSA,c12,8.60742697061869,14
6FLA_HLI,3,cvar20,BA-DDG,c16,0.869,14
6FLA_HLI,3,cvar20,H3,c16,0.1645,14
6FLA_HLI,3,cvar20,Pythia,c16,2.4906356632709503,14
6FLA_HLI,3,cvar20,FoldX,c16,0.5862809999999996,14
6FLA_HLI,3,cvar20,MM-GBSA,c16,8.252792353366658,14
6FLA_HLI,4,cvar20,BA-DDG,c17,1.68,14
6FLA_HLI,4,cvar20,H3,c17,0.2028,14
6FLA_HLI,4,cvar20,Pythia,c17,0.07902854681015015,14
6FLA_HLI,4,cvar20,FoldX,c17,0.3163000000000018,14
6FLA_HLI,4,cvar20,MM-GBSA,c17,7.920626014089521,14
6FLA_HLI,5,cvar20,BA-DDG,c13,1.742,14
6FLA_HLI,5,cvar20,H3,c13,0.0,14
6FLA_HLI,5,cvar20,Pythia,c13,0.0,14
6FLA_HLI,5,cvar20,FoldX,c13,0.0,14
6FLA_HLI,5,cvar20,MM-GBSA,c13,8.44821264106713,14
6FLA_HLI,1,max,BA-DDG,c15,2.157,14
6FLA_HLI,1,max,H3,c15,0.6033,14
6FLA_HLI,1,max,Pythia,c15,2.9770644307136536,14
6FLA_HLI,1,max,FoldX,c15,0.7602000000000011,14
6FLA_HLI,1,max,MM-GBSA,c15,780.4453898341671,14
6FLA_HLI,2,max,BA-DDG,c12,1.349,14
6FLA_HLI,2,max,H3,c12,1.6098,14
6FLA_HLI,2,max,Pythia,c12,3.521531730890274,14
6FLA_HLI,2,max,FoldX,c12,1.3896300000000004,14
6FLA_HLI,2,max,MM-GBSA,c12,8.60742697061869,14
6FLA_HLI,3,max,BA-DDG,c16,0.869,14
6FLA_HLI,3,max,H3,c16,0.1645,14
6FLA_HLI,3,max,Pythia,c16,2.4906356632709503,14
6FLA_HLI,3,max,FoldX,c16,0.5862809999999996,14
6FLA_HLI,3,max,MM-GBSA,c16,8.252792353366658,14
6FLA_HLI,4,max,BA-DDG,c18,1.374,14
6FLA_HLI,4,max,H3,c18,0.4705,14
6FLA_HLI,4,max,Pythia,c18,0.5160133242607117,14
6FLA_HLI,4,max,FoldX,c18,0.1518100000000011,14
6FLA_HLI,4,max,MM-GBSA,c18,12.482918543395044,14
6FLA_HLI,5,max,BA-DDG,c19,2.061,14
6FLA_HLI,5,max,H3,c19,0.4119,14
6FLA_HLI,5,max,Pythia,c19,-0.24941056966781616,14
6FLA_HLI,5,max,FoldX,c19,5.245162,14
6FLA_HLI,5,max,MM-GBSA,c19,8.372251633263659,14
6FLB_HLG,1,afll,BA-DDG,c0,2.122,14
6FLB_HLG,1,afll,H3,c0,2.9233,14
6FLB_HLG,1,afll,Pythia,c0,3.6138178408145905,14
6FLB_HLG,1,afll,FoldX,c0,3.0014000000000003,14
6FLB_HLG,1,afll,MM-GBSA,c0,2.172358479821014,14
6FLB_HLG,2,afll,BA-DDG,c0,2.122,14
6FLB_HLG,2,afll,H3,c0,2.9233,14
6FLB_HLG,2,afll,Pythia,c0,3.6138178408145905,14
6FLB_HLG,2,afll,FoldX,c0,3.0014000000000003,14
6FLB_HLG,2,afll,MM-GBSA,c0,2.172358479821014,14
6FLB_HLG,3,afll,BA-DDG,c0,2.122,14
6FLB_HLG,3,afll,H3,c0,2.9233,14
6FLB_HLG,3,afll,Pythia,c0,3.6138178408145905,14
6FLB_HLG,3,afll,FoldX,c0,3.0014000000000003,14
6FLB_HLG,3,afll,MM-GBSA,c0,2.172358479821014,14
6FLB_HLG,4,afll,BA-DDG,c0,2.122,14
6FLB_HLG,4,afll,H3,c0,2.9233,14
6FLB_HLG,4,afll,Pythia,c0,3.6138178408145905,14
6FLB_HLG,4,afll,FoldX,c0,3.0014000000000003,14
6FLB_HLG,4,afll,MM-GBSA,c0,2.172358479821014,14
6FLB_HLG,5,afll,BA-DDG,c0,2.122,14
6FLB_HLG,5,afll,H3,c0,2.9233,14
6FLB_HLG,5,afll,Pythia,c0,3.6138178408145905,14
6FLB_HLG,5,afll,FoldX,c0,3.0014000000000003,14
6FLB_HLG,5,afll,MM-GBSA,c0,2.172358479821014,14
6FLB_HLG,1,random,BA-DDG,c1,3.262,14
6FLB_HLG,1,random,H3,c1,3.0923,14
6FLB_HLG,1,random,Pythia,c1,6.094502009451389,14
6FLB_HLG,1,random,FoldX,c1,2.59403,14
6FLB_HLG,1,random,MM-GBSA,c1,3.730362986232194,14
6FLB_HLG,2,random,BA-DDG,c2,2.905,14
6FLB_HLG,2,random,H3,c2,3.1029,14
6FLB_HLG,2,random,Pythia,c2,6.432101905345917,14
6FLB_HLG,2,random,FoldX,c2,1.9812100000000008,14
6FLB_HLG,2,random,MM-GBSA,c2,4.3796009865309316,14
6FLB_HLG,3,random,BA-DDG,c3,1.938,14
6FLB_HLG,3,random,H3,c3,2.6578,14
6FLB_HLG,3,random,Pythia,c3,1.9339179545640945,14
6FLB_HLG,3,random,FoldX,c3,2.135789999999999,14
6FLB_HLG,3,random,MM-GBSA,c3,-1.8299852858835948,14
6FLB_HLG,4,random,BA-DDG,c4,3.326,14
6FLB_HLG,4,random,H3,c4,3.0571,14
6FLB_HLG,4,random,Pythia,c4,5.271527990698814,14
6FLB_HLG,4,random,FoldX,c4,2.290139999999999,14
6FLB_HLG,4,random,MM-GBSA,c4,3.032400540556864,14
6FLB_HLG,5,random,BA-DDG,c5,3.87,14
6FLB_HLG,5,random,H3,c5,2.6701,14
6FLB_HLG,5,random,Pythia,c5,11.012794137001038,14
6FLB_HLG,5,random,FoldX,c5,4.97599,14
6FLB_HLG,5,random,MM-GBSA,c5,485.2595799169285,14
6FLB_HLG,1,wt,BA-DDG,c6,0.751,14
6FLB_HLG,1,wt,H3,c6,0.1237,14
6FLB_HLG,1,wt,Pythia,c6,2.6794255673885345,14
6FLB_HLG,1,wt,FoldX,c6,3.81112,14
6FLB_HLG,1,wt,MM-GBSA,c6,4.3914696498445664,14
6FLB_HLG,2,wt,BA-DDG,c7,2.475,14
6FLB_HLG,2,wt,H3,c7,2.3633,14
6FLB_HLG,2,wt,Pythia,c7,5.0048936903476715,14
6FLB_HLG,2,wt,FoldX,c7,1.7776100000000001,14
6FLB_HLG,2,wt,MM-GBSA,c7,3.636042748044929,14
6FLB_HLG,3,wt,BA-DDG,c8,1.427,14
6FLB_HLG,3,wt,H3,c8,0.1448,14
6FLB_HLG,3,wt,Pythia,c8,0.0,14
6FLB_HLG,3,wt,FoldX,c8,2.26375,14
6FLB_HLG,3,wt,MM-GBSA,c8,5.015632891433597,14
6FLB_HLG,4,wt,BA-DDG,c9,3.468,14
6FLB_HLG,4,wt,H3,c9,2.7253,14
6FLB_HLG,4,wt,Pythia,c9,4.01715861260891,14
6FLB_HLG,4,wt,FoldX,c9,2.25636,14
6FLB_HLG,4,wt,MM-GBSA,c9,1.380069952102076,14
6FLB_HLG,5,wt,BA-DDG,c10,2.776,14
6FLB_HLG,5,wt,H3,c10,1.0454,14
6FLB_HLG,5,wt,Pythia,c10,3.0138868391513824,14
6FLB_HLG,5,wt,FoldX,c10,3.7111,14
6FLB_HLG,5,wt,MM-GBSA,c10,0.3189683890368542,14
6FLB_HLG,1,mean,BA-DDG,c11,1.157,14
6FLB_HLG,1,mean,H3,c11,-0.0084,14
6FLB_HLG,1,mean,Pythia,c11,0.5006978511810303,14
6FLB_HLG,1,mean,FoldX,c11,1.1321899999999996,14
6FLB_HLG,1,mean,MM-GBSA,c11,2.6139521055592922,14
6FLB_HLG,2,mean,BA-DDG,c12,1.7,14
6FLB_HLG,2,mean,H3,c12,0.3285,14
6FLB_HLG,2,mean,Pythia,c12,0.0,14
6FLB_HLG,2,mean,FoldX,c12,2.68046,14
6FLB_HLG,2,mean,MM-GBSA,c12,4.952206113666762,14
6FLB_HLG,3,mean,BA-DDG,c8,1.427,14
6FLB_HLG,3,mean,H3,c8,0.1448,14
6FLB_HLG,3,mean,Pythia,c8,0.0,14
6FLB_HLG,3,mean,FoldX,c8,2.26375,14
6FLB_HLG,3,mean,MM-GBSA,c8,5.015632891433597,14
6FLB_HLG,4,mean,BA-DDG,c13,1.121,14
6FLB_HLG,4,mean,H3,c13,0.0,14
6FLB_HLG,4,mean,Pythia,c13,0.0,14
6FLB_HLG,4,mean,FoldX,c13,0.0,14
6FLB_HLG,4,mean,MM-GBSA,c13,3.724091434013644,14
6FLB_HLG,5,mean,BA-DDG,c14,1.093,14
6FLB_HLG,5,mean,H3,c14,0.3881,14
6FLB_HLG,5,mean,Pythia,c14,3.355243057012558,14
6FLB_HLG,5,mean,FoldX,c14,3.907029999999999,14
6FLB_HLG,5,mean,MM-GBSA,c14,2.7958918746680865,14
6FLB_HLG,1,cvar50,BA-DDG,c11,1.157,14
6FLB_HLG,1,cvar50,H3,c11,-0.0084,14
6FLB_HLG,1,cvar50,Pythia,c11,0.5006978511810303,14
6FLB_HLG,1,cvar50,FoldX,c11,1.1321899999999996,14
6FLB_HLG,1,cvar50,MM-GBSA,c11,2.6139521055592922,14
6FLB_HLG,2,cvar50,BA-DDG,c12,1.7,14
6FLB_HLG,2,cvar50,H3,c12,0.3285,14
6FLB_HLG,2,cvar50,Pythia,c12,0.0,14
6FLB_HLG,2,cvar50,FoldX,c12,2.68046,14
6FLB_HLG,2,cvar50,MM-GBSA,c12,4.952206113666762,14
6FLB_HLG,3,cvar50,BA-DDG,c8,1.427,14
6FLB_HLG,3,cvar50,H3,c8,0.1448,14
6FLB_HLG,3,cvar50,Pythia,c8,0.0,14
6FLB_HLG,3,cvar50,FoldX,c8,2.26375,14
6FLB_HLG,3,cvar50,MM-GBSA,c8,5.015632891433597,14
6FLB_HLG,4,cvar50,BA-DDG,c13,1.121,14
6FLB_HLG,4,cvar50,H3,c13,0.0,14
6FLB_HLG,4,cvar50,Pythia,c13,0.0,14
6FLB_HLG,4,cvar50,FoldX,c13,0.0,14
6FLB_HLG,4,cvar50,MM-GBSA,c13,3.724091434013644,14
6FLB_HLG,5,cvar50,BA-DDG,c14,1.093,14
6FLB_HLG,5,cvar50,H3,c14,0.3881,14
6FLB_HLG,5,cvar50,Pythia,c14,3.355243057012558,14
6FLB_HLG,5,cvar50,FoldX,c14,3.907029999999999,14
6FLB_HLG,5,cvar50,MM-GBSA,c14,2.7958918746680865,14
6FLB_HLG,1,cvar20,BA-DDG,c11,1.157,14
6FLB_HLG,1,cvar20,H3,c11,-0.0084,14
6FLB_HLG,1,cvar20,Pythia,c11,0.5006978511810303,14
6FLB_HLG,1,cvar20,FoldX,c11,1.1321899999999996,14
6FLB_HLG,1,cvar20,MM-GBSA,c11,2.6139521055592922,14
6FLB_HLG,2,cvar20,BA-DDG,c12,1.7,14
6FLB_HLG,2,cvar20,H3,c12,0.3285,14
6FLB_HLG,2,cvar20,Pythia,c12,0.0,14
6FLB_HLG,2,cvar20,FoldX,c12,2.68046,14
6FLB_HLG,2,cvar20,MM-GBSA,c12,4.952206113666762,14
6FLB_HLG,3,cvar20,BA-DDG,c8,1.427,14
6FLB_HLG,3,cvar20,H3,c8,0.1448,14
6FLB_HLG,3,cvar20,Pythia,c8,0.0,14
6FLB_HLG,3,cvar20,FoldX,c8,2.26375,14
6FLB_HLG,3,cvar20,MM-GBSA,c8,5.015632891433597,14
6FLB_HLG,4,cvar20,BA-DDG,c15,2.336,14
6FLB_HLG,4,cvar20,H3,c15,0.201,14
6FLB_HLG,4,cvar20,Pythia,c15,3.9800758063793182,14
6FLB_HLG,4,cvar20,FoldX,c15,2.6040099999999997,14
6FLB_HLG,4,cvar20,MM-GBSA,c15,5.671886260183783,14
6FLB_HLG,5,cvar20,BA-DDG,c14,1.093,14
6FLB_HLG,5,cvar20,H3,c14,0.3881,14
6FLB_HLG,5,cvar20,Pythia,c14,3.355243057012558,14
6FLB_HLG,5,cvar20,FoldX,c14,3.907029999999999,14
6FLB_HLG,5,cvar20,MM-GBSA,c14,2.7958918746680865,14
6FLB_HLG,1,max,BA-DDG,c11,1.157,14
6FLB_HLG,1,max,H3,c11,-0.0084,14
6FLB_HLG,1,max,Pythia,c11,0.5006978511810303,14
6FLB_HLG,1,max,FoldX,c11,1.1321899999999996,14
6FLB_HLG,1,max,MM-GBSA,c11,2.6139521055592922,14
6FLB_HLG,2,max,BA-DDG,c12,1.7,14
6FLB_HLG,2,max,H3,c12,0.3285,14
6FLB_HLG,2,max,Pythia,c12,0.0,14
6FLB_HLG,2,max,FoldX,c12,2.68046,14
6FLB_HLG,2,max,MM-GBSA,c12,4.952206113666762,14
6FLB_HLG,3,max,BA-DDG,c8,1.427,14
6FLB_HLG,3,max,H3,c8,0.1448,14
6FLB_HLG,3,max,Pythia,c8,0.0,14
6FLB_HLG,3,max,FoldX,c8,2.26375,14
6FLB_HLG,3,max,MM-GBSA,c8,5.015632891433597,14
6FLB_HLG,4,max,BA-DDG,c16,1.242,14
6FLB_HLG,4,max,H3,c16,0.0953,14
6FLB_HLG,4,max,Pythia,c16,1.0890799760818481,14
6FLB_HLG,4,max,FoldX,c16,1.860479999999999,14
6FLB_HLG,4,max,MM-GBSA,c16,3.5448482347965182,14
6FLB_HLG,5,max,BA-DDG,c14,1.093,14
6FLB_HLG,5,max,H3,c14,0.3881,14
6FLB_HLG,5,max,Pythia,c14,3.355243057012558,14
6FLB_HLG,5,max,FoldX,c14,3.907029999999999,14
6FLB_HLG,5,max,MM-GBSA,c14,2.7958918746680865,14
6KZ0_KLJ,1,afll,BA-DDG,c0,2.515,15
6KZ0_KLJ,1,afll,H3,c0,0.4383,15
6KZ0_KLJ,1,afll,Pythia,c0,6.7759009301662445,15
6KZ0_KLJ,1,afll,FoldX,c0,2.9789499999999993,15
6KZ0_KLJ,1,afll,MM-GBSA,c0,332.6040604886912,15
6KZ0_KLJ,2,afll,BA-DDG,c1,0.359,15
6KZ0_KLJ,2,afll,H3,c1,-0.0786,15
6KZ0_KLJ,2,afll,Pythia,c1,0.9721391797065735,15
6KZ0_KLJ,2,afll,FoldX,c1,1.06921,15
6KZ0_KLJ,2,afll,MM-GBSA,c1,7.46481191256953,15
6KZ0_KLJ,3,afll,BA-DDG,c1,0.359,15
6KZ0_KLJ,3,afll,H3,c1,-0.0786,15
6KZ0_KLJ,3,afll,Pythia,c1,0.9721391797065735,15
6KZ0_KLJ,3,afll,FoldX,c1,1.06921,15
6KZ0_KLJ,3,afll,MM-GBSA,c1,7.46481191256953,15
6KZ0_KLJ,4,afll,BA-DDG,c2,1.417,15
6KZ0_KLJ,4,afll,H3,c2,0.6348,15
6KZ0_KLJ,4,afll,Pythia,c2,7.140096217393875,15
6KZ0_KLJ,4,afll,FoldX,c2,2.7729,15
6KZ0_KLJ,4,afll,MM-GBSA,c2,20.467390143132434,15
6KZ0_KLJ,5,afll,BA-DDG,c3,1.619,15
6KZ0_KLJ,5,afll,H3,c3,0.5216,15
6KZ0_KLJ,5,afll,Pythia,c3,7.037042260169983,15
6KZ0_KLJ,5,afll,FoldX,c3,2.405890000000001,15
6KZ0_KLJ,5,afll,MM-GBSA,c3,14.57678090162517,15
6KZ0_KLJ,1,random,BA-DDG,c4,0.5,15
6KZ0_KLJ,1,random,H3,c4,-0.4966,15
6KZ0_KLJ,1,random,Pythia,c4,4.18443831987679,15
6KZ0_KLJ,1,random,FoldX,c4,-0.678160000000001,15
6KZ0_KLJ,1,random,MM-GBSA,c4,12.021127981125574,15
6KZ0_KLJ,2,random,BA-DDG,c5,1.115,15
6KZ0_KLJ,2,random,H3,c5,0.2671,15
6KZ0_KLJ,2,random,Pythia,c5,6.843973599374294,15
6KZ0_KLJ,2,random,FoldX,c5,0.7512599999999994,15
6KZ0_KLJ,2,random,MM-GBSA,c5,16.857347219091935,15
6KZ0_KLJ,3,random,BA-DDG,c6,2.091,15
6KZ0_KLJ,3,random,H3,c6,1.2046,15
6KZ0_KLJ,3,random,Pythia,c6,2.816131539642811,15
6KZ0_KLJ,3,random,FoldX,c6,-0.1281800000000013,15
6KZ0_KLJ,3,random,MM-GBSA,c6,10.792129606306844,15
6KZ0_KLJ,4,random,BA-DDG,c7,1.513,15
6KZ0_KLJ,4,random,H3,c7,0.2404,15
6KZ0_KLJ,4,random,Pythia,c7,7.599432285875082,15
6KZ0_KLJ,4,random,FoldX,c7,3.94578,15
6KZ0_KLJ,4,random,MM-GBSA,c7,17.16357360256461,15
6KZ0_KLJ,5,random,BA-DDG,c8,0.624,15
6KZ0_KLJ,5,random,H3,c8,-0.163,15
6KZ0_KLJ,5,random,Pythia,c8,4.133770238608122,15
6KZ0_KLJ,5,random,FoldX,c8,2.081310000000001,15
6KZ0_KLJ,5,random,MM-GBSA,c8,6.086072489356411,15
6KZ0_KLJ,1,wt,BA-DDG,c9,1.034,15
6KZ0_KLJ,1,wt,H3,c9,-0.62,15
6KZ0_KLJ,1,wt,Pythia,c9,0.23498836159706116,15
6KZ0_KLJ,1,wt,FoldX,c9,0.8772899999999995,15
6KZ0_KLJ,1,wt,MM-GBSA,c9,11.879497013857872,15
6KZ0_KLJ,2,wt,BA-DDG,c10,0.34,15
6KZ0_KLJ,2,wt,H3,c10,-0.578,15
6KZ0_KLJ,2,wt,Pythia,c10,0.02870432659983635,15
6KZ0_KLJ,2,wt,FoldX,c10,1.6620199999999992,15
6KZ0_KLJ,2,wt,MM-GBSA,c10,10.766621711996777,15
6KZ0_KLJ,3,wt,BA-DDG,c11,0.596,15
6KZ0_KLJ,3,wt,H3,c11,-0.564,15
6KZ0_KLJ,3,wt,Pythia,c11,4.530387496575713,15
6KZ0_KLJ,3,wt,FoldX,c11,-0.9523100000000015,15
6KZ0_KLJ,3,wt,MM-GBSA,c11,11.917949035580023,15
6KZ0_KLJ,4,wt,BA-DDG,c12,0.782,15
6KZ0_KLJ,4,wt,H3,c12,-0.9224,15
6KZ0_KLJ,4,wt,Pythia,c12,0.25885118544101715,15
6KZ0_KLJ,4,wt,FoldX,c12,0.7282800000000007,15
6KZ0_KLJ,4,wt,MM-GBSA,c12,5.5134954385384844,15
6KZ0_KLJ,5,wt,BA-DDG,c13,0.74,15
6KZ0_KLJ,5,wt,H3,c13,-0.5463,15
6KZ0_KLJ,5,wt,Pythia,c13,0.7855953872203827,15
6KZ0_KLJ,5,wt,FoldX,c13,0.40758000000000116,15
6KZ0_KLJ,5,wt,MM-GBSA,c13,10.971013766495162,15
6KZ0_KLJ,1,mean,BA-DDG,c14,0.533,15
6KZ0_KLJ,1,mean,H3,c14,-0.8247,15
6KZ0_KLJ,1,mean,Pythia,c14,1.13232746347785,15
6KZ0_KLJ,1,mean,FoldX,c14,2.144710000000001,15
6KZ0_KLJ,1,mean,MM-GBSA,c14,9.687142480466719,15
6KZ0_KLJ,2,mean,BA-DDG,c15,-0.461,15
6KZ0_KLJ,2,mean,H3,c15,-0.4603,15
6KZ0_KLJ,2,mean,Pythia,c15,7.652809724211693,15
6KZ0_KLJ,2,mean,FoldX,c15,2.5051499999999995,15
6KZ0_KLJ,2,mean,MM-GBSA,c15,9.073085644865387,15
6KZ0_KLJ,3,mean,BA-DDG,c16,0.49,15
6KZ0_KLJ,3,mean,H3,c16,-0.897,15
6KZ0_KLJ,3,mean,Pythia,c16,2.274604469537735,15
6KZ0_KLJ,3,mean,FoldX,c16,1.1097799999999989,15
6KZ0_KLJ,3,mean,MM-GBSA,c16,822.3607447379545,15
6KZ0_KLJ,4,mean,BA-DDG,c17,1.207,15
6KZ0_KLJ,4,mean,H3,c17,-0.8293,15
6KZ0_KLJ,4,mean,Pythia,c17,0.5395665653049946,15
6KZ0_KLJ,4,mean,FoldX,c17,0.5724799999999997,15
6KZ0_KLJ,4,mean,MM-GBSA,c17,11.103872079967914,15
6KZ0_KLJ,5,mean,BA-DDG,c18,1.413,15
6KZ0_KLJ,5,mean,H3,c18,-0.0185,15
6KZ0_KLJ,5,mean,Pythia,c18,6.5267628990113735,15
6KZ0_KLJ,5,mean,FoldX,c18,1.8896599999999983,15
6KZ0_KLJ,5,mean,MM-GBSA,c18,859.8347499899055,15
6KZ0_KLJ,1,cvar50,BA-DDG,c19,1.522,15
6KZ0_KLJ,1,cvar50,H3,c19,0.4786,15
6KZ0_KLJ,1,cvar50,Pythia,c19,5.443019010126591,15
6KZ0_KLJ,1,cvar50,FoldX,c19,6.9252600000000015,15
6KZ0_KLJ,1,cvar50,MM-GBSA,c19,873.1478420634066,15
6KZ0_KLJ,2,cvar50,BA-DDG,c20,0.878,15
6KZ0_KLJ,2,cvar50,H3,c20,1.1091,15
6KZ0_KLJ,2,cvar50,Pythia,c20,10.285932119935751,15
6KZ0_KLJ,2,cvar50,FoldX,c20,5.98004,15
6KZ0_KLJ,2,cvar50,MM-GBSA,c20,12.030189308179615,15
6KZ0_KLJ,3,cvar50,BA-DDG,c16,0.49,15
6KZ0_KLJ,3,cvar50,H3,c16,-0.897,15
6KZ0_KLJ,3,cvar50,Pythia,c16,2.274604469537735,15
6KZ0_KLJ,3,cvar50,FoldX,c16,1.1097799999999989,15
6KZ0_KLJ,3,cvar50,MM-GBSA,c16,822.3607447379545,15
6KZ0_KLJ,4,cvar50,BA-DDG,c17,1.207,15
6KZ0_KLJ,4,cvar50,H3,c17,-0.8293,15
6KZ0_KLJ,4,cvar50,Pythia,c17,0.5395665653049946,15
6KZ0_KLJ,4,cvar50,FoldX,c17,0.5724799999999997,15
6KZ0_KLJ,4,cvar50,MM-GBSA,c17,11.103872079967914,15
6KZ0_KLJ,5,cvar50,BA-DDG,c18,1.413,15
6KZ0_KLJ,5,cvar50,H3,c18,-0.0185,15
6KZ0_KLJ,5,cvar50,Pythia,c18,6.5267628990113735,15
6KZ0_KLJ,5,cvar50,FoldX,c18,1.8896599999999983,15
6KZ0_KLJ,5,cvar50,MM-GBSA,c18,859.8347499899055,15
6KZ0_KLJ,1,cvar20,BA-DDG,c19,1.522,15
6KZ0_KLJ,1,cvar20,H3,c19,0.4786,15
6KZ0_KLJ,1,cvar20,Pythia,c19,5.443019010126591,15
6KZ0_KLJ,1,cvar20,FoldX,c19,6.9252600000000015,15
6KZ0_KLJ,1,cvar20,MM-GBSA,c19,873.1478420634066,15
6KZ0_KLJ,2,cvar20,BA-DDG,c20,0.878,15
6KZ0_KLJ,2,cvar20,H3,c20,1.1091,15
6KZ0_KLJ,2,cvar20,Pythia,c20,10.285932119935751,15
6KZ0_KLJ,2,cvar20,FoldX,c20,5.98004,15
6KZ0_KLJ,2,cvar20,MM-GBSA,c20,12.030189308179615,15
6KZ0_KLJ,3,cvar20,BA-DDG,c16,0.49,15
6KZ0_KLJ,3,cvar20,H3,c16,-0.897,15
6KZ0_KLJ,3,cvar20,Pythia,c16,2.274604469537735,15
6KZ0_KLJ,3,cvar20,FoldX,c16,1.1097799999999989,15
6KZ0_KLJ,3,cvar20,MM-GBSA,c16,822.3607447379545,15
6KZ0_KLJ,4,cvar20,BA-DDG,c17,1.207,15
6KZ0_KLJ,4,cvar20,H3,c17,-0.8293,15
6KZ0_KLJ,4,cvar20,Pythia,c17,0.5395665653049946,15
6KZ0_KLJ,4,cvar20,FoldX,c17,0.5724799999999997,15
6KZ0_KLJ,4,cvar20,MM-GBSA,c17,11.103872079967914,15
6KZ0_KLJ,5,cvar20,BA-DDG,c18,1.413,15
6KZ0_KLJ,5,cvar20,H3,c18,-0.0185,15
6KZ0_KLJ,5,cvar20,Pythia,c18,6.5267628990113735,15
6KZ0_KLJ,5,cvar20,FoldX,c18,1.8896599999999983,15
6KZ0_KLJ,5,cvar20,MM-GBSA,c18,859.8347499899055,15
6KZ0_KLJ,1,max,BA-DDG,c19,1.522,15
6KZ0_KLJ,1,max,H3,c19,0.4786,15
6KZ0_KLJ,1,max,Pythia,c19,5.443019010126591,15
6KZ0_KLJ,1,max,FoldX,c19,6.9252600000000015,15
6KZ0_KLJ,1,max,MM-GBSA,c19,873.1478420634066,15
6KZ0_KLJ,2,max,BA-DDG,c20,0.878,15
6KZ0_KLJ,2,max,H3,c20,1.1091,15
6KZ0_KLJ,2,max,Pythia,c20,10.285932119935751,15
6KZ0_KLJ,2,max,FoldX,c20,5.98004,15
6KZ0_KLJ,2,max,MM-GBSA,c20,12.030189308179615,15
6KZ0_KLJ,3,max,BA-DDG,c16,0.49,15
6KZ0_KLJ,3,max,H3,c16,-0.897,15
6KZ0_KLJ,3,max,Pythia,c16,2.274604469537735,15
6KZ0_KLJ,3,max,FoldX,c16,1.1097799999999989,15
6KZ0_KLJ,3,max,MM-GBSA,c16,822.3607447379545,15
6KZ0_KLJ,4,max,BA-DDG,c17,1.207,15
6KZ0_KLJ,4,max,H3,c17,-0.8293,15
6KZ0_KLJ,4,max,Pythia,c17,0.5395665653049946,15
6KZ0_KLJ,4,max,FoldX,c17,0.5724799999999997,15
6KZ0_KLJ,4,max,MM-GBSA,c17,11.103872079967914,15
6KZ0_KLJ,5,max,BA-DDG,c18,1.413,15
6KZ0_KLJ,5,max,H3,c18,-0.0185,15
6KZ0_KLJ,5,max,Pythia,c18,6.5267628990113735,15
6KZ0_KLJ,5,max,FoldX,c18,1.8896599999999983,15
6KZ0_KLJ,5,max,MM-GBSA,c18,859.8347499899055,15
6MLM_KLH,1,afll,BA-DDG,c0,2.06,16
6MLM_KLH,1,afll,H3,c0,1.609,16
6MLM_KLH,1,afll,Pythia,c0,5.526504337787628,16
6MLM_KLH,1,afll,FoldX,c0,0.20938999999999997,16
6MLM_KLH,1,afll,MM-GBSA,c0,16.721008091439217,16
6MLM_KLH,2,afll,BA-DDG,c1,3.351,16
6MLM_KLH,2,afll,H3,c1,1.4113,16
6MLM_KLH,2,afll,Pythia,c1,10.428986251354218,16
6MLM_KLH,2,afll,FoldX,c1,0.8031599999999997,16
6MLM_KLH,2,afll,MM-GBSA,c1,827.9873630830934,16
6MLM_KLH,3,afll,BA-DDG,c2,2.845,16
6MLM_KLH,3,afll,H3,c2,2.1693,16
6MLM_KLH,3,afll,Pythia,c2,7.760609827935696,16
6MLM_KLH,3,afll,FoldX,c2,0.6836599999999997,16
6MLM_KLH,3,afll,MM-GBSA,c2,12.929301581047184,16
6MLM_KLH,4,afll,BA-DDG,c3,2.786,16
6MLM_KLH,4,afll,H3,c3,1.664,16
6MLM_KLH,4,afll,Pythia,c3,7.563868582248688,16
6MLM_KLH,4,afll,FoldX,c3,0.6515900000000006,16
6MLM_KLH,4,afll,MM-GBSA,c3,13.189259812259479,16
6MLM_KLH,5,afll,BA-DDG,c4,2.265,16
6MLM_KLH,5,afll,H3,c4,1.8876,16
6MLM_KLH,5,afll,Pythia,c4,6.196549236774445,16
6MLM_KLH,5,afll,FoldX,c4,0.29909999999999926,16
6MLM_KLH,5,afll,MM-GBSA,c4,5.3908798106022005,16
6MLM_KLH,1,random,BA-DDG,c5,3.429,16
6MLM_KLH,1,random,H3,c5,2.5919,16
6MLM_KLH,1,random,Pythia,c5,7.247065924108028,16
6MLM_KLH,1,random,FoldX,c5,0.4615,16
6MLM_KLH,1,random,MM-GBSA,c5,19.042889170001217,16
6MLM_KLH,2,random,BA-DDG,c6,4.538,16
6MLM_KLH,2,random,H3,c6,2.8435,16
6MLM_KLH,2,random,Pythia,c6,6.267718434333801,16
6MLM_KLH,2,random,FoldX,c6,0.41274999999999995,16
6MLM_KLH,2,random,MM-GBSA,c6,10.789225985703524,16
6MLM_KLH,3,random,BA-DDG,c7,4.532,16
6MLM_KLH,3,random,H3,c7,2.8967,16
6MLM_KLH,3,random,Pythia,c7,-0.4374922811985016,16
6MLM_KLH,3,random,FoldX,c7,-0.034399999999999764,16
6MLM_KLH,3,random,MM-GBSA,c7,20.678394621700136,16
6MLM_KLH,4,random,BA-DDG,c8,2.711,16
6MLM_KLH,4,random,H3,c8,2.1937,16
6MLM_KLH,4,random,Pythia,c8,-1.4717948138713837,16
6MLM_KLH,4,random,FoldX,c8,-0.02563000000000093,16
6MLM_KLH,4,random,MM-GBSA,c8,19.71648603880385,16
6MLM_KLH,5,random,BA-DDG,c9,4.16,16
6MLM_KLH,5,random,H3,c9,2.3869,16
6MLM_KLH,5,random,Pythia,c9,5.335423692129552,16
6MLM_KLH,5,random,FoldX,c9,-0.20693000000000072,16
6MLM_KLH,5,random,MM-GBSA,c9,12.904226379809188,16
6MLM_KLH,1,wt,BA-DDG,c10,2.952,16
6MLM_KLH,1,wt,H3,c10,0.7163,16
6MLM_KLH,1,wt,Pythia,c10,-0.01120692491531372,16
6MLM_KLH,1,wt,FoldX,c10,-0.2437100000000001,16
6MLM_KLH,1,wt,MM-GBSA,c10,15.215594099579903,16
6MLM_KLH,2,wt,BA-DDG,c11,2.603,16
6MLM_KLH,2,wt,H3,c11,2.2785,16
6MLM_KLH,2,wt,Pythia,c11,-1.2647664844989777,16
6MLM_KLH,2,wt,FoldX,c11,-0.37006000000000006,16
6MLM_KLH,2,wt,MM-GBSA,c11,14.549835447731311,16
6MLM_KLH,3,wt,BA-DDG,c12,1.835,16
6MLM_KLH,3,wt,H3,c12,0.7124,16
6MLM_KLH,3,wt,Pythia,c12,-2.2652213126420975,16
6MLM_KLH,3,wt,FoldX,c12,-0.8725500000000004,16
6MLM_KLH,3,wt,MM-GBSA,c12,11.900624342573792,16
6MLM_KLH,4,wt,BA-DDG,c13,1.885,16
6MLM_KLH,4,wt,H3,c13,1.0561,16
6MLM_KLH,4,wt,Pythia,c13,-3.2808718234300613,16
6MLM_KLH,4,wt,FoldX,c13,0.07337399999999938,16
6MLM_KLH,4,wt,MM-GBSA,c13,20.264964093554227,16
6MLM_KLH,5,wt,BA-DDG,c14,1.578,16
6MLM_KLH,5,wt,H3,c14,0.9555,16
6MLM_KLH,5,wt,Pythia,c14,-3.4774607568979263,16
6MLM_KLH,5,wt,FoldX,c14,-0.5817800000000002,16
6MLM_KLH,5,wt,MM-GBSA,c14,24.860853846863392,16
6MLM_KLH,1,mean,BA-DDG,c15,2.433,16
6MLM_KLH,1,mean,H3,c15,0.4881,16
6MLM_KLH,1,mean,Pythia,c15,-1.7487088590860367,16
6MLM_KLH,1,mean,FoldX,c15,-0.2184600000000001,16
6MLM_KLH,1,mean,MM-GBSA,c15,14.490360037199935,16
6MLM_KLH,2,mean,BA-DDG,c16,2.282,16
6MLM_KLH,2,mean,H3,c16,1.4307,16
6MLM_KLH,2,mean,Pythia,c16,-2.4436484277248383,16
6MLM_KLH,2,mean,FoldX,c16,0.15896999999999983,16
6MLM_KLH,2,mean,MM-GBSA,c16,13.081283938252454,16
6MLM_KLH,3,mean,BA-DDG,c17,2.402,16
6MLM_KLH,3,mean,H3,c17,1.2263,16
6MLM_KLH,3,mean,Pythia,c17,-2.793146029114723,16
6MLM_KLH,3,mean,FoldX,c17,-0.34901000000000026,16
6MLM_KLH,3,mean,MM-GBSA,c17,25.584262022446637,16
6MLM_KLH,4,mean,BA-DDG,c18,1.145,16
6MLM_KLH,4,mean,H3,c18,0.5903,16
6MLM_KLH,4,mean,Pythia,c18,-2.7103325873613358,16
6MLM_KLH,4,mean,FoldX,c18,-0.36221000000000014,16
6MLM_KLH,4,mean,MM-GBSA,c18,14.822170679744886,16
6MLM_KLH,5,mean,BA-DDG,c19,1.648,16
6MLM_KLH,5,mean,H3,c19,1.3231,16
6MLM_KLH,5,mean,Pythia,c19,-2.635649636387825,16
6MLM_KLH,5,mean,FoldX,c19,-0.3886460000000005,16
6MLM_KLH,5,mean,MM-GBSA,c19,14.234064620350182,16
6MLM_KLH,1,cvar50,BA-DDG,c20,2.659,16
6MLM_KLH,1,cvar50,H3,c20,2.0996,16
6MLM_KLH,1,cvar50,Pythia,c20,-1.093003273010254,16
6MLM_KLH,1,cvar50,FoldX,c20,-0.3713499999999996,16
6MLM_KLH,1,cvar50,MM-GBSA,c20,18.639999585424448,16
6MLM_KLH,2,cvar50,BA-DDG,c21,2.718,16
6MLM_KLH,2,cvar50,H3,c21,1.8226,16
6MLM_KLH,2,cvar50,Pythia,c21,7.454168081283569,16
6MLM_KLH,2,cvar50,FoldX,c21,0.6840700000000002,16
6MLM_KLH,2,cvar50,MM-GBSA,c21,13.288163930783412,16
6MLM_KLH,3,cvar50,BA-DDG,c17,2.402,16
6MLM_KLH,3,cvar50,H3,c17,1.2263,16
6MLM_KLH,3,cvar50,Pythia,c17,-2.793146029114723,16
6MLM_KLH,3,cvar50,FoldX,c17,-0.34901000000000026,16
6MLM_KLH,3,cvar50,MM-GBSA,c17,25.584262022446637,16
6MLM_KLH,4,cvar50,BA-DDG,c18,1.145,16
6MLM_KLH,4,cvar50,H3,c18,0.5903,16
6MLM_KLH,4,cvar50,Pythia,c18,-2.7103325873613358,16
6MLM_KLH,4,cvar50,FoldX,c18,-0.36221000000000014,16
6MLM_KLH,4,cvar50,MM-GBSA,c18,14.822170679744886,16
6MLM_KLH,5,cvar50,BA-DDG,c19,1.648,16
6MLM_KLH,5,cvar50,H3,c19,1.3231,16
6MLM_KLH,5,cvar50,Pythia,c19,-2.635649636387825,16
6MLM_KLH,5,cvar50,FoldX,c19,-0.3886460000000005,16
6MLM_KLH,5,cvar50,MM-GBSA,c19,14.234064620350182,16
6MLM_KLH,1,cvar20,BA-DDG,c20,2.659,16
6MLM_KLH,1,cvar20,H3,c20,2.0996,16
6MLM_KLH,1,cvar20,Pythia,c20,-1.093003273010254,16
6MLM_KLH,1,cvar20,FoldX,c20,-0.3713499999999996,16
6MLM_KLH,1,cvar20,MM-GBSA,c20,18.639999585424448,16
6MLM_KLH,2,cvar20,BA-DDG,c21,2.718,16
6MLM_KLH,2,cvar20,H3,c21,1.8226,16
6MLM_KLH,2,cvar20,Pythia,c21,7.454168081283569,16
6MLM_KLH,2,cvar20,FoldX,c21,0.6840700000000002,16
6MLM_KLH,2,cvar20,MM-GBSA,c21,13.288163930783412,16
6MLM_KLH,3,cvar20,BA-DDG,c22,0.944,16
6MLM_KLH,3,cvar20,H3,c22,1.3665,16
6MLM_KLH,3,cvar20,Pythia,c22,7.159553326666355,16
6MLM_KLH,3,cvar20,FoldX,c22,-0.13982000000000006,16
6MLM_KLH,3,cvar20,MM-GBSA,c22,13.61971382460797,16
6MLM_KLH,4,cvar20,BA-DDG,c18,1.145,16
6MLM_KLH,4,cvar20,H3,c18,0.5903,16
6MLM_KLH,4,cvar20,Pythia,c18,-2.7103325873613358,16
6MLM_KLH,4,cvar20,FoldX,c18,-0.36221000000000014,16
6MLM_KLH,4,cvar20,MM-GBSA,c18,14.822170679744886,16
6MLM_KLH,5,cvar20,BA-DDG,c23,1.232,16
6MLM_KLH,5,cvar20,H3,c23,1.0956,16
6MLM_KLH,5,cvar20,Pythia,c23,-3.0338927656412125,16
6MLM_KLH,5,cvar20,FoldX,c23,-0.5737000000000005,16
6MLM_KLH,5,cvar20,MM-GBSA,c23,13.748820957507633,16
6MLM_KLH,1,max,BA-DDG,c20,2.659,16
6MLM_KLH,1,max,H3,c20,2.0996,16
6MLM_KLH,1,max,Pythia,c20,-1.093003273010254,16
6MLM_KLH,1,max,FoldX,c20,-0.3713499999999996,16
6MLM_KLH,1,max,MM-GBSA,c20,18.639999585424448,16
6MLM_KLH,2,max,BA-DDG,c24,1.381,16
6MLM_KLH,2,max,H3,c24,1.3809,16
6MLM_KLH,2,max,Pythia,c24,-3.8102944642305374,16
6MLM_KLH,2,max,FoldX,c24,-0.22093000000000051,16
6MLM_KLH,2,max,MM-GBSA,c24,8.768875314783145,16
6MLM_KLH,3,max,BA-DDG,c22,0.944,16
6MLM_KLH,3,max,H3,c22,1.3665,16
6MLM_KLH,3,max,Pythia,c22,7.159553326666355,16
6MLM_KLH,3,max,FoldX,c22,-0.13982000000000006,16
6MLM_KLH,3,max,MM-GBSA,c22,13.61971382460797,16
6MLM_KLH,4,max,BA-DDG,c18,1.145,16
6MLM_KLH,4,max,H3,c18,0.5903,16
6MLM_KLH,4,max,Pythia,c18,-2.7103325873613358,16
6MLM_KLH,4,max,FoldX,c18,-0.36221000000000014,16
6MLM_KLH,4,max,MM-GBSA,c18,14.822170679744886,16
6MLM_KLH,5,max,BA-DDG,c25,1.938,16
6MLM_KLH,5,max,H3,c25,1.8248,16
6MLM_KLH,5,max,Pythia,c25,-2.7557279765605927,16
6MLM_KLH,5,max,FoldX,c25,-1.173326,16
6MLM_KLH,5,max,MM-GBSA,c25,9.359482403955553,16
6PLK_HLE,1,afll,BA-DDG,c0,0.816,17
6PLK_HLE,1,afll,H3,c0,0.0336,17
6PLK_HLE,1,afll,Pythia,c0,-1.9983810111880302,17
6PLK_HLE,1,afll,FoldX,c0,1.2413200000000004,17
6PLK_HLE,1,afll,MM-GBSA,c0,6.9240298396748585,17
6PLK_HLE,2,afll,BA-DDG,c1,1.18,17
6PLK_HLE,2,afll,H3,c1,-0.3038,17
6PLK_HLE,2,afll,Pythia,c1,-0.39863788336515427,17
6PLK_HLE,2,afll,FoldX,c1,0.02253999999999934,17
6PLK_HLE,2,afll,MM-GBSA,c1,15.345420164721418,17
6PLK_HLE,3,afll,BA-DDG,c1,1.18,17
6PLK_HLE,3,afll,H3,c1,-0.3038,17
6PLK_HLE,3,afll,Pythia,c1,-0.39863788336515427,17
6PLK_HLE,3,afll,FoldX,c1,0.02253999999999934,17
6PLK_HLE,3,afll,MM-GBSA,c1,15.345420164721418,17
6PLK_HLE,4,afll,BA-DDG,c2,2.074,17
6PLK_HLE,4,afll,H3,c2,1.1638,17
6PLK_HLE,4,afll,Pythia,c2,8.730412796139717,17
6PLK_HLE,4,afll,FoldX,c2,2.0795499999999993,17
6PLK_HLE,4,afll,MM-GBSA,c2,19.91123687216077,17
6PLK_HLE,5,afll,BA-DDG,c3,1.477,17
6PLK_HLE,5,afll,H3,c3,0.6632,17
6PLK_HLE,5,afll,Pythia,c3,9.277379781007767,17
6PLK_HLE,5,afll,FoldX,c3,5.11886,17
6PLK_HLE,5,afll,MM-GBSA,c3,19.167410129499785,17
6PLK_HLE,1,random,BA-DDG,c4,0.512,17
6PLK_HLE,1,random,H3,c4,0.7926,17
6PLK_HLE,1,random,Pythia,c4,2.846774147823453,17
6PLK_HLE,1,random,FoldX,c4,0.7079700000000013,17
6PLK_HLE,1,random,MM-GBSA,c4,13.362496952566744,17
6PLK_HLE,2,random,BA-DDG,c5,2.961,17
6PLK_HLE,2,random,H3,c5,3.3501,17
6PLK_HLE,2,random,Pythia,c5,18.504578217864037,17
6PLK_HLE,2,random,FoldX,c5,10.796778,17
6PLK_HLE,2,random,MM-GBSA,c5,537.4250545655457,17
6PLK_HLE,3,random,BA-DDG,c6,2.422,17
6PLK_HLE,3,random,H3,c6,1.9204,17
6PLK_HLE,3,random,Pythia,c6,10.11584079451859,17
6PLK_HLE,3,random,FoldX,c6,1.803749999999999,17
6PLK_HLE,3,random,MM-GBSA,c6,583.5034912322842,17
6PLK_HLE,4,random,BA-DDG,c7,0.719,17
6PLK_HLE,4,random,H3,c7,0.6158,17
6PLK_HLE,4,random,Pythia,c7,0.30169595032930374,17
6PLK_HLE,4,random,FoldX,c7,4.305947,17
6PLK_HLE,4,random,MM-GBSA,c7,723.3104925686755,17
6PLK_HLE,5,random,BA-DDG,c8,3.416,17
6PLK_HLE,5,random,H3,c8,2.8537,17
6PLK_HLE,5,random,Pythia,c8,10.193170137237757,17
6PLK_HLE,5,random,FoldX,c8,5.00216,17
6PLK_HLE,5,random,MM-GBSA,c8,21.669262089909807,17
6PLK_HLE,1,wt,BA-DDG,c9,0.743,17
6PLK_HLE,1,wt,H3,c9,-0.0793,17
6PLK_HLE,1,wt,Pythia,c9,10.516569778323174,17
6PLK_HLE,1,wt,FoldX,c9,15.583870000000001,17
6PLK_HLE,1,wt,MM-GBSA,c9,20.063827560537447,17
6PLK_HLE,2,wt,BA-DDG,c10,-0.806,17
6PLK_HLE,2,wt,H3,c10,-0.5291,17
6PLK_HLE,2,wt,Pythia,c10,8.757077230140567,17
6PLK_HLE,2,wt,FoldX,c10,22.95065,17
6PLK_HLE,2,wt,MM-GBSA,c10,16.23297722993948,17
6PLK_HLE,3,wt,BA-DDG,c11,-0.099,17
6PLK_HLE,3,wt,H3,c11,-0.0036,17
6PLK_HLE,3,wt,Pythia,c11,2.008967890869826,17
6PLK_HLE,3,wt,FoldX,c11,0.7687600000000003,17
6PLK_HLE,3,wt,MM-GBSA,c11,17.012212737061418,17
6PLK_HLE,4,wt,BA-DDG,c12,2.137,17
6PLK_HLE,4,wt,H3,c12,1.432,17
6PLK_HLE,4,wt,Pythia,c12,4.950626214034855,17
6PLK_HLE,4,wt,FoldX,c12,1.5310200000000016,17
6PLK_HLE,4,wt,MM-GBSA,c12,12.1445502994261,17
6PLK_HLE,5,wt,BA-DDG,c13,0.065,17
6PLK_HLE,5,wt,H3,c13,0.7265,17
6PLK_HLE,5,wt,Pythia,c13,8.480153694748878,17
6PLK_HLE,5,wt,FoldX,c13,9.322759999999999,17
6PLK_HLE,5,wt,MM-GBSA,c13,6.048894365339493,17
6PLK_HLE,1,mean,BA-DDG,c14,-0.942,17
6PLK_HLE,1,mean,H3,c14,0.665,17
6PLK_HLE,1,mean,Pythia,c14,9.692853966262192,17
6PLK_HLE,1,mean,FoldX,c14,35.96574,17
6PLK_HLE,1,mean,MM-GBSA,c14,539.175884012559,17
6PLK_HLE,2,mean,BA-DDG,c10,-0.806,17
6PLK_HLE,2,mean,H3,c10,-0.5291,17
6PLK_HLE,2,mean,Pythia,c10,8.757077230140567,17
6PLK_HLE,2,mean,FoldX,c10,22.95065,17
6PLK_HLE,2,mean,MM-GBSA,c10,16.23297722993948,17
6PLK_HLE,3,mean,BA-DDG,c15,0.017,17
6PLK_HLE,3,mean,H3,c15,1.167,17
6PLK_HLE,3,mean,Pythia,c15,7.412998244166374,17
6PLK_HLE,3,mean,FoldX,c15,4.99598,17
6PLK_HLE,3,mean,MM-GBSA,c15,17.205910129661333,17
6PLK_HLE,4,mean,BA-DDG,c16,-0.434,17
6PLK_HLE,4,mean,H3,c16,1.5087,17
6PLK_HLE,4,mean,Pythia,c16,-2.429674178827554,17
6PLK_HLE,4,mean,FoldX,c16,0.5893049999999995,17
6PLK_HLE,4,mean,MM-GBSA,c16,26.05263227157411,17
6PLK_HLE,5,mean,BA-DDG,c13,0.065,17
6PLK_HLE,5,mean,H3,c13,0.7265,17
6PLK_HLE,5,mean,Pythia,c13,8.480153694748878,17
6PLK_HLE,5,mean,FoldX,c13,9.322759999999999,17
6PLK_HLE,5,mean,MM-GBSA,c13,6.048894365339493,17
6PLK_HLE,1,cvar50,BA-DDG,c14,-0.942,17
6PLK_HLE,1,cvar50,H3,c14,0.665,17
6PLK_HLE,1,cvar50,Pythia,c14,9.692853966262192,17
6PLK_HLE,1,cvar50,FoldX,c14,35.96574,17
6PLK_HLE,1,cvar50,MM-GBSA,c14,539.175884012559,17
6PLK_HLE,2,cvar50,BA-DDG,c17,0.065,17
6PLK_HLE,2,cvar50,H3,c17,0.3684,17
6PLK_HLE,2,cvar50,Pythia,c17,7.2147068455815315,17
6PLK_HLE,2,cvar50,FoldX,c17,12.97757,17
6PLK_HLE,2,cvar50,MM-GBSA,c17,541.2774914901579,17
6PLK_HLE,3,cvar50,BA-DDG,c11,-0.099,17
6PLK_HLE,3,cvar50,H3,c11,-0.0036,17
6PLK_HLE,3,cvar50,Pythia,c11,2.008967890869826,17
6PLK_HLE,3,cvar50,FoldX,c11,0.7687600000000003,17
6PLK_HLE,3,cvar50,MM-GBSA,c11,17.012212737061418,17
6PLK_HLE,4,cvar50,BA-DDG,c16,-0.434,17
6PLK_HLE,4,cvar50,H3,c16,1.5087,17
6PLK_HLE,4,cvar50,Pythia,c16,-2.429674178827554,17
6PLK_HLE,4,cvar50,FoldX,c16,0.5893049999999995,17
6PLK_HLE,4,cvar50,MM-GBSA,c16,26.05263227157411,17
6PLK_HLE,5,cvar50,BA-DDG,c13,0.065,17
6PLK_HLE,5,cvar50,H3,c13,0.7265,17
6PLK_HLE,5,cvar50,Pythia,c13,8.480153694748878,17
6PLK_HLE,5,cvar50,FoldX,c13,9.322759999999999,17
6PLK_HLE,5,cvar50,MM-GBSA,c13,6.048894365339493,17
6PLK_HLE,1,cvar20,BA-DDG,c14,-0.942,17
6PLK_HLE,1,cvar20,H3,c14,0.665,17
6PLK_HLE,1,cvar20,Pythia,c14,9.692853966262192,17
6PLK_HLE,1,cvar20,FoldX,c14,35.96574,17
6PLK_HLE,1,cvar20,MM-GBSA,c14,539.175884012559,17
6PLK_HLE,2,cvar20,BA-DDG,c17,0.065,17
6PLK_HLE,2,cvar20,H3,c17,0.3684,17
6PLK_HLE,2,cvar20,Pythia,c17,7.2147068455815315,17
6PLK_HLE,2,cvar20,FoldX,c17,12.97757,17
6PLK_HLE,2,cvar20,MM-GBSA,c17,541.2774914901579,17
6PLK_HLE,3,cvar20,BA-DDG,c11,-0.099,17
6PLK_HLE,3,cvar20,H3,c11,-0.0036,17
6PLK_HLE,3,cvar20,Pythia,c11,2.008967890869826,17
6PLK_HLE,3,cvar20,FoldX,c11,0.7687600000000003,17
6PLK_HLE,3,cvar20,MM-GBSA,c11,17.012212737061418,17
6PLK_HLE,4,cvar20,BA-DDG,c16,-0.434,17
6PLK_HLE,4,cvar20,H3,c16,1.5087,17
6PLK_HLE,4,cvar20,Pythia,c16,-2.429674178827554,17
6PLK_HLE,4,cvar20,FoldX,c16,0.5893049999999995,17
6PLK_HLE,4,cvar20,MM-GBSA,c16,26.05263227157411,17
6PLK_HLE,5,cvar20,BA-DDG,c13,0.065,17
6PLK_HLE,5,cvar20,H3,c13,0.7265,17
6PLK_HLE,5,cvar20,Pythia,c13,8.480153694748878,17
6PLK_HLE,5,cvar20,FoldX,c13,9.322759999999999,17
6PLK_HLE,5,cvar20,MM-GBSA,c13,6.048894365339493,17
6PLK_HLE,1,max,BA-DDG,c14,-0.942,17
6PLK_HLE,1,max,H3,c14,0.665,17
6PLK_HLE,1,max,Pythia,c14,9.692853966262192,17
6PLK_HLE,1,max,FoldX,c14,35.96574,17
6PLK_HLE,1,max,MM-GBSA,c14,539.175884012559,17
6PLK_HLE,2,max,BA-DDG,c18,0.582,17
6PLK_HLE,2,max,H3,c18,1.426,17
6PLK_HLE,2,max,Pythia,c18,-1.5620422884821892,17
6PLK_HLE,2,max,FoldX,c18,2.109484,17
6PLK_HLE,2,max,MM-GBSA,c18,4.107955886576292,17
6PLK_HLE,3,max,BA-DDG,c19,0.462,17
6PLK_HLE,3,max,H3,c19,-0.4704,17
6PLK_HLE,3,max,Pythia,c19,15.402005910873413,17
6PLK_HLE,3,max,FoldX,c19,13.274809999999999,17
6PLK_HLE,3,max,MM-GBSA,c19,18.671960444667093,17
6PLK_HLE,4,max,BA-DDG,c16,-0.434,17
6PLK_HLE,4,max,H3,c16,1.5087,17
6PLK_HLE,4,max,Pythia,c16,-2.429674178827554,17
6PLK_HLE,4,max,FoldX,c16,0.5893049999999995,17
6PLK_HLE,4,max,MM-GBSA,c16,26.05263227157411,17
6PLK_HLE,5,max,BA-DDG,c20,0.103,17
6PLK_HLE,5,max,H3,c20,0.3301,17
6PLK_HLE,5,max,Pythia,c20,14.366468202322721,17
6PLK_HLE,5,max,FoldX,c20,7.34251,17
6PLK_HLE,5,max,MM-GBSA,c20,15.009741642693825,17
6QX4_DA,1,afll,BA-DDG,c0,3.245,18
6QX4_DA,1,afll,H3,c0,2.8365,18
6QX4_DA,1,afll,Pythia,c0,9.816736748442054,18
6QX4_DA,1,afll,FoldX,c0,2.699580000000001,18
6QX4_DA,1,afll,MM-GBSA,c0,16.199661019054474,18
6QX4_DA,2,afll,BA-DDG,c1,0.205,18
6QX4_DA,2,afll,H3,c1,0.8284,18
6QX4_DA,2,afll,Pythia,c1,11.043060645461082,18
6QX4_DA,2,afll,FoldX,c1,3.8146999999999993,18
6QX4_DA,2,afll,MM-GBSA,c1,17.41132021732483,18
6QX4_DA,3,afll,BA-DDG,c2,-0.119,18
6QX4_DA,3,afll,H3,c2,-0.1229,18
6QX4_DA,3,afll,Pythia,c2,5.090544395148754,18
6QX4_DA,3,afll,FoldX,c2,4.672129999999999,18
6QX4_DA,3,afll,MM-GBSA,c2,9.80561906694129,18
6QX4_DA,4,afll,BA-DDG,c3,2.26,18
6QX4_DA,4,afll,H3,c3,2.7973,18
6QX4_DA,4,afll,Pythia,c3,7.670711567625403,18
6QX4_DA,4,afll,FoldX,c3,5.029229999999999,18
6QX4_DA,4,afll,MM-GBSA,c3,22.952748331917974,18
6QX4_DA,5,afll,BA-DDG,c4,2.094,18
6QX4_DA,5,afll,H3,c4,1.5481,18
6QX4_DA,5,afll,Pythia,c4,6.841206943616271,18
6QX4_DA,5,afll,FoldX,c4,3.10848,18
6QX4_DA,5,afll,MM-GBSA,c4,20.098183632198925,18
6QX4_DA,1,random,BA-DDG,c5,1.82,18
6QX4_DA,1,random,H3,c5,2.3168,18
6QX4_DA,1,random,Pythia,c5,9.719103742390871,18
6QX4_DA,1,random,FoldX,c5,4.618539999999999,18
6QX4_DA,1,random,MM-GBSA,c5,20.725503756606486,18
6QX4_DA,2,random,BA-DDG,c6,-0.038,18
6QX4_DA,2,random,H3,c6,1.2758,18
6QX4_DA,2,random,Pythia,c6,3.323884531855583,18
6QX4_DA,2,random,FoldX,c6,4.92924,18
6QX4_DA,2,random,MM-GBSA,c6,18.603745525164413,18
6QX4_DA,3,random,BA-DDG,c7,2.043,18
6QX4_DA,3,random,H3,c7,3.6333,18
6QX4_DA,3,random,Pythia,c7,16.702414309605956,18
6QX4_DA,3,random,FoldX,c7,4.46918,18
6QX4_DA,3,random,MM-GBSA,c7,27.61763299816448,18
6QX4_DA,4,random,BA-DDG,c8,0.891,18
6QX4_DA,4,random,H3,c8,1.1065,18
6QX4_DA,4,random,Pythia,c8,7.91180032491684,18
6QX4_DA,4,random,FoldX,c8,4.92403,18
6QX4_DA,4,random,MM-GBSA,c8,22.65261263825232,18
6QX4_DA,5,random,BA-DDG,c9,2.206,18
6QX4_DA,5,random,H3,c9,4.9383,18
6QX4_DA,5,random,Pythia,c9,10.517126470804214,18
6QX4_DA,5,random,FoldX,c9,5.52724,18
6QX4_DA,5,random,MM-GBSA,c9,23.76625601255364,18
6QX4_DA,1,wt,BA-DDG,c10,-2.485,18
6QX4_DA,1,wt,H3,c10,-1.0797,18
6QX4_DA,1,wt,Pythia,c10,4.0298191122710705,18
6QX4_DA,1,wt,FoldX,c10,6.66481,18
6QX4_DA,1,wt,MM-GBSA,c10,19.05120258608804,18
6QX4_DA,2,wt,BA-DDG,c11,-1.461,18
6QX4_DA,2,wt,H3,c11,-1.8756,18
6QX4_DA,2,wt,Pythia,c11,1.6674467083066702,18
6QX4_DA,2,wt,FoldX,c11,2.7525700000000004,18
6QX4_DA,2,wt,MM-GBSA,c11,10.488310975215427,18
6QX4_DA,3,wt,BA-DDG,c12,-0.844,18
6QX4_DA,3,wt,H3,c12,-0.5286,18
6QX4_DA,3,wt,Pythia,c12,6.9476238042116165,18
6QX4_DA,3,wt,FoldX,c12,4.404129999999999,18
6QX4_DA,3,wt,MM-GBSA,c12,13.50547337437456,18
6QX4_DA,4,wt,BA-DDG,c13,-1.624,18
6QX4_DA,4,wt,H3,c13,-1.1728,18
6QX4_DA,4,wt,Pythia,c13,2.166902329772711,18
6QX4_DA,4,wt,FoldX,c13,4.47715,18
6QX4_DA,4,wt,MM-GBSA,c13,19.21639444795437,18
6QX4_DA,5,wt,BA-DDG,c14,-1.272,18
6QX4_DA,5,wt,H3,c14,-1.7173,18
6QX4_DA,5,wt,Pythia,c14,5.552515894174576,18
6QX4_DA,5,wt,FoldX,c14,3.9431399999999996,18
6QX4_DA,5,wt,MM-GBSA,c14,19.91760268023063,18
6QX4_DA,1,mean,BA-DDG,c10,-2.485,18
6QX4_DA,1,mean,H3,c10,-1.0797,18
6QX4_DA,1,mean,Pythia,c10,4.0298191122710705,18
6QX4_DA,1,mean,FoldX,c10,6.66481,18
6QX4_DA,1,mean,MM-GBSA,c10,19.05120258608804,18
6QX4_DA,2,mean,BA-DDG,c15,-1.41,18
6QX4_DA,2,mean,H3,c15,-0.8769,18
6QX4_DA,2,mean,Pythia,c15,8.573916578665376,18
6QX4_DA,2,mean,FoldX,c15,5.09976,18
6QX4_DA,2,mean,MM-GBSA,c15,20.41892106659361,18
6QX4_DA,3,mean,BA-DDG,c16,-0.199,18
6QX4_DA,3,mean,H3,c16,1.3785,18
6QX4_DA,3,mean,Pythia,c16,7.346480008214712,18
6QX4_DA,3,mean,FoldX,c16,4.51504,18
6QX4_DA,3,mean,MM-GBSA,c16,22.14374179605511,18
6QX4_DA,4,mean,BA-DDG,c17,-0.823,18
6QX4_DA,4,mean,H3,c17,0.4683,18
6QX4_DA,4,mean,Pythia,c17,7.420424982905388,18
6QX4_DA,4,mean,FoldX,c17,6.128829999999999,18
6QX4_DA,4,mean,MM-GBSA,c17,18.08801574017707,18
6QX4_DA,5,mean,BA-DDG,c18,-2.303,18
6QX4_DA,5,mean,H3,c18,-2.1235,18
6QX4_DA,5,mean,Pythia,c18,4.895635053515434,18
6QX4_DA,5,mean,FoldX,c18,0.6875,18
6QX4_DA,5,mean,MM-GBSA,c18,14.094948815243697,18
6QX4_DA,1,cvar50,BA-DDG,c19,-1.611,18
6QX4_DA,1,cvar50,H3,c19,1.4773,18
6QX4_DA,1,cvar50,Pythia,c19,8.228171490132809,18
6QX4_DA,1,cvar50,FoldX,c19,6.458160000000001,18
6QX4_DA,1,cvar50,MM-GBSA,c19,32.257563711151306,18
6QX4_DA,2,cvar50,BA-DDG,c15,-1.41,18
6QX4_DA,2,cvar50,H3,c15,-0.8769,18
6QX4_DA,2,cvar50,Pythia,c15,8.573916578665376,18
6QX4_DA,2,cvar50,FoldX,c15,5.09976,18
6QX4_DA,2,cvar50,MM-GBSA,c15,20.41892106659361,18
6QX4_DA,3,cvar50,BA-DDG,c16,-0.199,18
6QX4_DA,3,cvar50,H3,c16,1.3785,18
6QX4_DA,3,cvar50,Pythia,c16,7.346480008214712,18
6QX4_DA,3,cvar50,FoldX,c16,4.51504,18
6QX4_DA,3,cvar50,MM-GBSA,c16,22.14374179605511,18
6QX4_DA,4,cvar50,BA-DDG,c17,-0.823,18
6QX4_DA,4,cvar50,H3,c17,0.4683,18
6QX4_DA,4,cvar50,Pythia,c17,7.420424982905388,18
6QX4_DA,4,cvar50,FoldX,c17,6.128829999999999,18
6QX4_DA,4,cvar50,MM-GBSA,c17,18.08801574017707,18
6QX4_DA,5,cvar50,BA-DDG,c18,-2.303,18
6QX4_DA,5,cvar50,H3,c18,-2.1235,18
6QX4_DA,5,cvar50,Pythia,c18,4.895635053515434,18
6QX4_DA,5,cvar50,FoldX,c18,0.6875,18
6QX4_DA,5,cvar50,MM-GBSA,c18,14.094948815243697,18
6QX4_DA,1,cvar20,BA-DDG,c19,-1.611,18
6QX4_DA,1,cvar20,H3,c19,1.4773,18
6QX4_DA,1,cvar20,Pythia,c19,8.228171490132809,18
6QX4_DA,1,cvar20,FoldX,c19,6.458160000000001,18
6QX4_DA,1,cvar20,MM-GBSA,c19,32.257563711151306,18
6QX4_DA,2,cvar20,BA-DDG,c15,-1.41,18
6QX4_DA,2,cvar20,H3,c15,-0.8769,18
6QX4_DA,2,cvar20,Pythia,c15,8.573916578665376,18
6QX4_DA,2,cvar20,FoldX,c15,5.09976,18
6QX4_DA,2,cvar20,MM-GBSA,c15,20.41892106659361,18
6QX4_DA,3,cvar20,BA-DDG,c16,-0.199,18
6QX4_DA,3,cvar20,H3,c16,1.3785,18
6QX4_DA,3,cvar20,Pythia,c16,7.346480008214712,18
6QX4_DA,3,cvar20,FoldX,c16,4.51504,18
6QX4_DA,3,cvar20,MM-GBSA,c16,22.14374179605511,18
6QX4_DA,4,cvar20,BA-DDG,c17,-0.823,18
6QX4_DA,4,cvar20,H3,c17,0.4683,18
6QX4_DA,4,cvar20,Pythia,c17,7.420424982905388,18
6QX4_DA,4,cvar20,FoldX,c17,6.128829999999999,18
6QX4_DA,4,cvar20,MM-GBSA,c17,18.08801574017707,18
6QX4_DA,5,cvar20,BA-DDG,c18,-2.303,18
6QX4_DA,5,cvar20,H3,c18,-2.1235,18
6QX4_DA,5,cvar20,Pythia,c18,4.895635053515434,18
6QX4_DA,5,cvar20,FoldX,c18,0.6875,18
6QX4_DA,5,cvar20,MM-GBSA,c18,14.094948815243697,18
6QX4_DA,1,max,BA-DDG,c10,-2.485,18
6QX4_DA,1,max,H3,c10,-1.0797,18
6QX4_DA,1,max,Pythia,c10,4.0298191122710705,18
6QX4_DA,1,max,FoldX,c10,6.66481,18
6QX4_DA,1,max,MM-GBSA,c10,19.05120258608804,18
6QX4_DA,2,max,BA-DDG,c15,-1.41,18
6QX4_DA,2,max,H3,c15,-0.8769,18
6QX4_DA,2,max,Pythia,c15,8.573916578665376,18
6QX4_DA,2,max,FoldX,c15,5.09976,18
6QX4_DA,2,max,MM-GBSA,c15,20.41892106659361,18
6QX4_DA,3,max,BA-DDG,c20,-1.285,18
6QX4_DA,3,max,H3,c20,0.9326,18
6QX4_DA,3,max,Pythia,c20,3.327659450471401,18
6QX4_DA,3,max,FoldX,c20,4.917019999999999,18
6QX4_DA,3,max,MM-GBSA,c20,18.614659389757435,18
6QX4_DA,4,max,BA-DDG,c17,-0.823,18
6QX4_DA,4,max,H3,c17,0.4683,18
6QX4_DA,4,max,Pythia,c17,7.420424982905388,18
6QX4_DA,4,max,FoldX,c17,6.128829999999999,18
6QX4_DA,4,max,MM-GBSA,c17,18.08801574017707,18
6QX4_DA,5,max,BA-DDG,c18,-2.303,18
6QX4_DA,5,max,H3,c18,-2.1235,18
6QX4_DA,5,max,Pythia,c18,4.895635053515434,18
6QX4_DA,5,max,FoldX,c18,0.6875,18
6QX4_DA,5,max,MM-GBSA,c18,14.094948815243697,18
6QX4_HB,1,afll,BA-DDG,c0,-1.061,18
6QX4_HB,1,afll,H3,c0,0.6152,18
6QX4_HB,1,afll,Pythia,c0,5.820791758596897,18
6QX4_HB,1,afll,FoldX,c0,4.419529999999999,18
6QX4_HB,1,afll,MM-GBSA,c0,20.1677878624796,18
6QX4_HB,2,afll,BA-DDG,c1,-1.42,18
6QX4_HB,2,afll,H3,c1,-0.5765,18
6QX4_HB,2,afll,Pythia,c1,2.6164395790547132,18
6QX4_HB,2,afll,FoldX,c1,3.8073300000000003,18
6QX4_HB,2,afll,MM-GBSA,c1,13.727093264031282,18
6QX4_HB,3,afll,BA-DDG,c2,-0.542,18
6QX4_HB,3,afll,H3,c2,0.7163,18
6QX4_HB,3,afll,Pythia,c2,8.224571101367474,18
6QX4_HB,3,afll,FoldX,c2,4.92236,18
6QX4_HB,3,afll,MM-GBSA,c2,21.77170565923734,18
6QX4_HB,4,afll,BA-DDG,c3,1.392,18
6QX4_HB,4,afll,H3,c3,1.5162,18
6QX4_HB,4,afll,Pythia,c3,9.67635533772409,18
6QX4_HB,4,afll,FoldX,c3,4.921250000000001,18
6QX4_HB,4,afll,MM-GBSA,c3,18.83802081043541,18
6QX4_HB,5,afll,BA-DDG,c4,1.287,18
6QX4_HB,5,afll,H3,c4,1.3082,18
6QX4_HB,5,afll,Pythia,c4,7.769755274057388,18
6QX4_HB,5,afll,FoldX,c4,4.078940000000001,18
6QX4_HB,5,afll,MM-GBSA,c4,19.707927768202353,18
6QX4_HB,1,random,BA-DDG,c5,1.963,18
6QX4_HB,1,random,H3,c5,3.6263,18
6QX4_HB,1,random,Pythia,c5,10.515250336378813,18
6QX4_HB,1,random,FoldX,c5,5.3597,18
6QX4_HB,1,random,MM-GBSA,c5,27.830006817075628,18
6QX4_HB,2,random,BA-DDG,c6,0.639,18
6QX4_HB,2,random,H3,c6,1.5735,18
6QX4_HB,2,random,Pythia,c6,8.089535899460316,18
6QX4_HB,2,random,FoldX,c6,3.9578499999999988,18
6QX4_HB,2,random,MM-GBSA,c6,24.879338320941315,18
6QX4_HB,3,random,BA-DDG,c7,0.918,18
6QX4_HB,3,random,H3,c7,1.5744,18
6QX4_HB,3,random,Pythia,c7,7.9832559786736965,18
6QX4_HB,3,random,FoldX,c7,4.41325,18
6QX4_HB,3,random,MM-GBSA,c7,26.307834757259116,18
6QX4_HB,4,random,BA-DDG,c8,0.699,18
6QX4_HB,4,random,H3,c8,1.219,18
6QX4_HB,4,random,Pythia,c8,5.736376537010074,18
6QX4_HB,4,random,FoldX,c8,1.5881399999999999,18
6QX4_HB,4,random,MM-GBSA,c8,24.515575312500005,18
6QX4_HB,5,random,BA-DDG,c9,1.227,18
6QX4_HB,5,random,H3,c9,4.041,18
6QX4_HB,5,random,Pythia,c9,11.469874694943428,18
6QX4_HB,5,random,FoldX,c9,6.318309999999999,18
6QX4_HB,5,random,MM-GBSA,c9,28.332403609587345,18
6QX4_HB,1,wt,BA-DDG,c10,-2.104,18
6QX4_HB,1,wt,H3,c10,-0.6979,18
6QX4_HB,1,wt,Pythia,c10,9.033539354801178,18
6QX4_HB,1,wt,FoldX,c10,3.2366100000000007,18
6QX4_HB,1,wt,MM-GBSA,c10,25.240948445942195,18
6QX4_HB,2,wt,BA-DDG,c11,-2.317,18
6QX4_HB,2,wt,H3,c11,0.2089,18
6QX4_HB,2,wt,Pythia,c11,8.92589657008648,18
6QX4_HB,2,wt,FoldX,c11,4.9722,18
6QX4_HB,2,wt,MM-GBSA,c11,17.853367397467082,18
6QX4_HB,3,wt,BA-DDG,c12,-1.601,18
6QX4_HB,3,wt,H3,c12,-1.2865,18
6QX4_HB,3,wt,Pythia,c12,4.485474966466427,18
6QX4_HB,3,wt,FoldX,c12,3.9907299999999992,18
6QX4_HB,3,wt,MM-GBSA,c12,14.552970608154283,18
6QX4_HB,4,wt,BA-DDG,c13,-1.383,18
6QX4_HB,4,wt,H3,c13,0.4685,18
6QX4_HB,4,wt,Pythia,c13,5.8898725509643555,18
6QX4_HB,4,wt,FoldX,c13,3.4069400000000005,18
6QX4_HB,4,wt,MM-GBSA,c13,21.443850294464937,18
6QX4_HB,5,wt,BA-DDG,c14,-2.037,18
6QX4_HB,5,wt,H3,c14,-0.8007,18
6QX4_HB,5,wt,Pythia,c14,8.140591226518154,18
6QX4_HB,5,wt,FoldX,c14,6.389690000000001,18
6QX4_HB,5,wt,MM-GBSA,c14,18.07752473941582,18
6QX4_HB,1,mean,BA-DDG,c10,-2.104,18
6QX4_HB,1,mean,H3,c10,-0.6979,18
6QX4_HB,1,mean,Pythia,c10,9.033539354801178,18
6QX4_HB,1,mean,FoldX,c10,3.2366100000000007,18
6QX4_HB,1,mean,MM-GBSA,c10,25.240948445942195,18
6QX4_HB,2,mean,BA-DDG,c15,-1.617,18
6QX4_HB,2,mean,H3,c15,0.9418,18
6QX4_HB,2,mean,Pythia,c15,8.689438310451806,18
6QX4_HB,2,mean,FoldX,c15,4.6635,18
6QX4_HB,2,mean,MM-GBSA,c15,19.551696254842682,18
6QX4_HB,3,mean,BA-DDG,c16,-1.808,18
6QX4_HB,3,mean,H3,c16,-0.6521,18
6QX4_HB,3,mean,Pythia,c16,6.360864263027906,18
6QX4_HB,3,mean,FoldX,c16,5.9311799999999995,18
6QX4_HB,3,mean,MM-GBSA,c16,17.741684966506,18
6QX4_HB,4,mean,BA-DDG,c17,-2.554,18
6QX4_HB,4,mean,H3,c17,-0.9742,18
6QX4_HB,4,mean,Pythia,c17,6.459332682192326,18
6QX4_HB,4,mean,FoldX,c17,1.1204999999999998,18
6QX4_HB,4,mean,MM-GBSA,c17,19.6274999312227,18
6QX4_HB,5,mean,BA-DDG,c18,-2.345,18
6QX4_HB,5,mean,H3,c18,-0.1725,18
6QX4_HB,5,mean,Pythia,c18,6.620797708630562,18
6QX4_HB,5,mean,FoldX,c18,3.712299999999999,18
6QX4_HB,5,mean,MM-GBSA,c18,19.309976866901707,18
6QX4_HB,1,cvar50,BA-DDG,c10,-2.104,18
6QX4_HB,1,cvar50,H3,c10,-0.6979,18
6QX4_HB,1,cvar50,Pythia,c10,9.033539354801178,18
6QX4_HB,1,cvar50,FoldX,c10,3.2366100000000007,18
6QX4_HB,1,cvar50,MM-GBSA,c10,25.240948445942195,18
6QX4_HB,2,cvar50,BA-DDG,c15,-1.617,18
6QX4_HB,2,cvar50,H3,c15,0.9418,18
6QX4_HB,2,cvar50,Pythia,c15,8.689438310451806,18
6QX4_HB,2,cvar50,FoldX,c15,4.6635,18
6QX4_HB,2,cvar50,MM-GBSA,c15,19.551696254842682,18
6QX4_HB,3,cvar50,BA-DDG,c16,-1.808,18
6QX4_HB,3,cvar50,H3,c16,-0.6521,18
6QX4_HB,3,cvar50,Pythia,c16,6.360864263027906,18
6QX4_HB,3,cvar50,FoldX,c16,5.9311799999999995,18
6QX4_HB,3,cvar50,MM-GBSA,c16,17.741684966506,18
6QX4_HB,4,cvar50,BA-DDG,c17,-2.554,18
6QX4_HB,4,cvar50,H3,c17,-0.9742,18
6QX4_HB,4,cvar50,Pythia,c17,6.459332682192326,18
6QX4_HB,4,cvar50,FoldX,c17,1.1204999999999998,18
6QX4_HB,4,cvar50,MM-GBSA,c17,19.6274999312227,18
6QX4_HB,5,cvar50,BA-DDG,c18,-2.345,18
6QX4_HB,5,cvar50,H3,c18,-0.1725,18
6QX4_HB,5,cvar50,Pythia,c18,6.620797708630562,18
6QX4_HB,5,cvar50,FoldX,c18,3.712299999999999,18
6QX4_HB,5,cvar50,MM-GBSA,c18,19.309976866901707,18
6QX4_HB,1,cvar20,BA-DDG,c10,-2.104,18
6QX4_HB,1,cvar20,H3,c10,-0.6979,18
6QX4_HB,1,cvar20,Pythia,c10,9.033539354801178,18
6QX4_HB,1,cvar20,FoldX,c10,3.2366100000000007,18
6QX4_HB,1,cvar20,MM-GBSA,c10,25.240948445942195,18
6QX4_HB,2,cvar20,BA-DDG,c15,-1.617,18
6QX4_HB,2,cvar20,H3,c15,0.9418,18
6QX4_HB,2,cvar20,Pythia,c15,8.689438310451806,18
6QX4_HB,2,cvar20,FoldX,c15,4.6635,18
6QX4_HB,2,cvar20,MM-GBSA,c15,19.551696254842682,18
6QX4_HB,3,cvar20,BA-DDG,c16,-1.808,18
6QX4_HB,3,cvar20,H3,c16,-0.6521,18
6QX4_HB,3,cvar20,Pythia,c16,6.360864263027906,18
6QX4_HB,3,cvar20,FoldX,c16,5.9311799999999995,18
6QX4_HB,3,cvar20,MM-GBSA,c16,17.741684966506,18
6QX4_HB,4,cvar20,BA-DDG,c17,-2.554,18
6QX4_HB,4,cvar20,H3,c17,-0.9742,18
6QX4_HB,4,cvar20,Pythia,c17,6.459332682192326,18
6QX4_HB,4,cvar20,FoldX,c17,1.1204999999999998,18
6QX4_HB,4,cvar20,MM-GBSA,c17,19.6274999312227,18
6QX4_HB,5,cvar20,BA-DDG,c18,-2.345,18
6QX4_HB,5,cvar20,H3,c18,-0.1725,18
6QX4_HB,5,cvar20,Pythia,c18,6.620797708630562,18
6QX4_HB,5,cvar20,FoldX,c18,3.712299999999999,18
6QX4_HB,5,cvar20,MM-GBSA,c18,19.309976866901707,18
6QX4_HB,1,max,BA-DDG,c19,-1.223,18
6QX4_HB,1,max,H3,c19,0.521,18
6QX4_HB,1,max,Pythia,c19,6.551198743283749,18
6QX4_HB,1,max,FoldX,c19,6.87979,18
6QX4_HB,1,max,MM-GBSA,c19,25.088237146257597,18
6QX4_HB,2,max,BA-DDG,c15,-1.617,18
6QX4_HB,2,max,H3,c15,0.9418,18
6QX4_HB,2,max,Pythia,c15,8.689438310451806,18
6QX4_HB,2,max,FoldX,c15,4.6635,18
6QX4_HB,2,max,MM-GBSA,c15,19.551696254842682,18
6QX4_HB,3,max,BA-DDG,c20,-1.312,18
6QX4_HB,3,max,H3,c20,-1.1812,18
6QX4_HB,3,max,Pythia,c20,6.613645285367966,18
6QX4_HB,3,max,FoldX,c20,4.0151900000000005,18
6QX4_HB,3,max,MM-GBSA,c20,21.871392812638078,18
6QX4_HB,4,max,BA-DDG,c17,-2.554,18
6QX4_HB,4,max,H3,c17,-0.9742,18
6QX4_HB,4,max,Pythia,c17,6.459332682192326,18
6QX4_HB,4,max,FoldX,c17,1.1204999999999998,18
6QX4_HB,4,max,MM-GBSA,c17,19.6274999312227,18
6QX4_HB,5,max,BA-DDG,c18,-2.345,18
6QX4_HB,5,max,H3,c18,-0.1725,18
6QX4_HB,5,max,Pythia,c18,6.620797708630562,18
6QX4_HB,5,max,FoldX,c18,3.712299999999999,18
6QX4_HB,5,max,MM-GBSA,c18,19.309976866901707,18
6VJA_HLC,1,afll,BA-DDG,c0,1.64,19
6VJA_HLC,1,afll,H3,c0,0.5709,19
6VJA_HLC,1,afll,Pythia,c0,2.7851411402225494,19
6VJA_HLC,1,afll,FoldX,c0,5.049193,19
6VJA_HLC,1,afll,MM-GBSA,c0,16.75204885231824,19
6VJA_HLC,2,afll,BA-DDG,c0,1.64,19
6VJA_HLC,2,afll,H3,c0,0.5709,19
6VJA_HLC,2,afll,Pythia,c0,2.7851411402225494,19
6VJA_HLC,2,afll,FoldX,c0,5.049193,19
6VJA_HLC,2,afll,MM-GBSA,c0,16.75204885231824,19
6VJA_HLC,3,afll,BA-DDG,c0,1.64,19
6VJA_HLC,3,afll,H3,c0,0.5709,19
6VJA_HLC,3,afll,Pythia,c0,2.7851411402225494,19
6VJA_HLC,3,afll,FoldX,c0,5.049193,19
6VJA_HLC,3,afll,MM-GBSA,c0,16.75204885231824,19
6VJA_HLC,4,afll,BA-DDG,c0,1.64,19
6VJA_HLC,4,afll,H3,c0,0.5709,19
6VJA_HLC,4,afll,Pythia,c0,2.7851411402225494,19
6VJA_HLC,4,afll,FoldX,c0,5.049193,19
6VJA_HLC,4,afll,MM-GBSA,c0,16.75204885231824,19
6VJA_HLC,5,afll,BA-DDG,c0,1.64,19
6VJA_HLC,5,afll,H3,c0,0.5709,19
6VJA_HLC,5,afll,Pythia,c0,2.7851411402225494,19
6VJA_HLC,5,afll,FoldX,c0,5.049193,19
6VJA_HLC,5,afll,MM-GBSA,c0,16.75204885231824,19
6VJA_HLC,1,random,BA-DDG,c1,2.044,19
6VJA_HLC,1,random,H3,c1,0.1931,19
6VJA_HLC,1,random,Pythia,c1,0.757461279630661,19
6VJA_HLC,1,random,FoldX,c1,4.080550000000001,19
6VJA_HLC,1,random,MM-GBSA,c1,18.045071936764998,19
6VJA_HLC,2,random,BA-DDG,c2,1.941,19
6VJA_HLC,2,random,H3,c2,0.9665,19
6VJA_HLC,2,random,Pythia,c2,2.687857061624527,19
6VJA_HLC,2,random,FoldX,c2,5.2336846,19
6VJA_HLC,2,random,MM-GBSA,c2,18.422205118971306,19
6VJA_HLC,3,random,BA-DDG,c3,0.482,19
6VJA_HLC,3,random,H3,c3,-0.0107,19
6VJA_HLC,3,random,Pythia,c3,0.41300835087895393,19
6VJA_HLC,3,random,FoldX,c3,1.5110600000000005,19
6VJA_HLC,3,random,MM-GBSA,c3,13.808023681915529,19
6VJA_HLC,4,random,BA-DDG,c4,1.718,19
6VJA_HLC,4,random,H3,c4,0.9175,19
6VJA_HLC,4,random,Pythia,c4,5.430219858884811,19
6VJA_HLC,4,random,FoldX,c4,6.16596,19
6VJA_HLC,4,random,MM-GBSA,c4,17.05817676679999,19
6VJA_HLC,5,random,BA-DDG,c5,1.61,19
6VJA_HLC,5,random,H3,c5,0.0861,19
6VJA_HLC,5,random,Pythia,c5,2.1269524320960045,19
6VJA_HLC,5,random,FoldX,c5,3.1818099999999996,19
6VJA_HLC,5,random,MM-GBSA,c5,15.223685823571032,19
6VJA_HLC,1,wt,BA-DDG,c6,0.615,19
6VJA_HLC,1,wt,H3,c6,1.545,19
6VJA_HLC,1,wt,Pythia,c6,5.030491948127747,19
6VJA_HLC,1,wt,FoldX,c6,6.781594,19
6VJA_HLC,1,wt,MM-GBSA,c6,23.74257575184265,19
6VJA_HLC,2,wt,BA-DDG,c7,0.114,19
6VJA_HLC,2,wt,H3,c7,-0.1126,19
6VJA_HLC,2,wt,Pythia,c7,2.127827823162079,19
6VJA_HLC,2,wt,FoldX,c7,3.44607,19
6VJA_HLC,2,wt,MM-GBSA,c7,12.365544252128984,19
6VJA_HLC,3,wt,BA-DDG,c8,0.5,19
6VJA_HLC,3,wt,H3,c8,-0.0274,19
6VJA_HLC,3,wt,Pythia,c8,2.099110931158066,19
6VJA_HLC,3,wt,FoldX,c8,2.1047086000000004,19
6VJA_HLC,3,wt,MM-GBSA,c8,12.583503089407714,19
6VJA_HLC,4,wt,BA-DDG,c9,0.656,19
6VJA_HLC,4,wt,H3,c9,0.0127,19
6VJA_HLC,4,wt,Pythia,c9,2.108864486217499,19
6VJA_HLC,4,wt,FoldX,c9,0.9714699999999998,19
6VJA_HLC,4,wt,MM-GBSA,c9,11.4481197775699,19
6VJA_HLC,5,wt,BA-DDG,c10,-0.196,19
6VJA_HLC,5,wt,H3,c10,-0.3342,19
6VJA_HLC,5,wt,Pythia,c10,2.167050927877426,19
6VJA_HLC,5,wt,FoldX,c10,1.2240782000000001,19
6VJA_HLC,5,wt,MM-GBSA,c10,13.589900830051192,19
6VJA_HLC,1,mean,BA-DDG,c11,0.046,19
6VJA_HLC,1,mean,H3,c11,-0.4513,19
6VJA_HLC,1,mean,Pythia,c11,2.140854984521866,19
6VJA_HLC,1,mean,FoldX,c11,5.15266584,19
6VJA_HLC,1,mean,MM-GBSA,c11,13.790932576765499,19
6VJA_HLC,2,mean,BA-DDG,c12,-0.418,19
6VJA_HLC,2,mean,H3,c12,-0.621,19
6VJA_HLC,2,mean,Pythia,c12,2.1997110545635223,19
6VJA_HLC,2,mean,FoldX,c12,4.4844106,19
6VJA_HLC,2,mean,MM-GBSA,c12,14.41815056996029,19
6VJA_HLC,3,mean,BA-DDG,c13,1.062,19
6VJA_HLC,3,mean,H3,c13,-0.5661,19
6VJA_HLC,3,mean,Pythia,c13,2.2908412367105484,19
6VJA_HLC,3,mean,FoldX,c13,4.7660670000000005,19
6VJA_HLC,3,mean,MM-GBSA,c13,18.3916391919729,19
6VJA_HLC,4,mean,BA-DDG,c14,0.297,19
6VJA_HLC,4,mean,H3,c14,-0.1967,19
6VJA_HLC,4,mean,Pythia,c14,2.304448962211609,19
6VJA_HLC,4,mean,FoldX,c14,2.3445706000000004,19
6VJA_HLC,4,mean,MM-GBSA,c14,14.263301557130944,19
6VJA_HLC,5,mean,BA-DDG,c15,1.223,19
6VJA_HLC,5,mean,H3,c15,-0.0833,19
6VJA_HLC,5,mean,Pythia,c15,1.8819193542003632,19
6VJA_HLC,5,mean,FoldX,c15,1.1770166,19
6VJA_HLC,5,mean,MM-GBSA,c15,11.962534705666712,19
6VJA_HLC,1,cvar50,BA-DDG,c16,0.594,19
6VJA_HLC,1,cvar50,H3,c16,0.0051,19
6VJA_HLC,1,cvar50,Pythia,c16,2.1351987421512604,19
6VJA_HLC,1,cvar50,FoldX,c16,2.99289,19
6VJA_HLC,1,cvar50,MM-GBSA,c16,13.95474649627704,19
6VJA_HLC,2,cvar50,BA-DDG,c12,-0.418,19
6VJA_HLC,2,cvar50,H3,c12,-0.621,19
6VJA_HLC,2,cvar50,Pythia,c12,2.1997110545635223,19
6VJA_HLC,2,cvar50,FoldX,c12,4.4844106,19
6VJA_HLC,2,cvar50,MM-GBSA,c12,14.41815056996029,19
6VJA_HLC,3,cvar50,BA-DDG,c13,1.062,19
6VJA_HLC,3,cvar50,H3,c13,-0.5661,19
6VJA_HLC,3,cvar50,Pythia,c13,2.2908412367105484,19
6VJA_HLC,3,cvar50,FoldX,c13,4.7660670000000005,19
6VJA_HLC,3,cvar50,MM-GBSA,c13,18.3916391919729,19
6VJA_HLC,4,cvar50,BA-DDG,c17,-0.418,19
6VJA_HLC,4,cvar50,H3,c17,0.2057,19
6VJA_HLC,4,cvar50,Pythia,c17,1.8033775389194489,19
6VJA_HLC,4,cvar50,FoldX,c17,2.92898,19
6VJA_HLC,4,cvar50,MM-GBSA,c17,14.746949481264892,19
6VJA_HLC,5,cvar50,BA-DDG,c18,-0.162,19
6VJA_HLC,5,cvar50,H3,c18,-0.4583,19
6VJA_HLC,5,cvar50,Pythia,c18,2.160804361104965,19
6VJA_HLC,5,cvar50,FoldX,c18,4.5837406000000005,19
6VJA_HLC,5,cvar50,MM-GBSA,c18,13.549930689249777,19
6VJA_HLC,1,cvar20,BA-DDG,c16,0.594,19
6VJA_HLC,1,cvar20,H3,c16,0.0051,19
6VJA_HLC,1,cvar20,Pythia,c16,2.1351987421512604,19
6VJA_HLC,1,cvar20,FoldX,c16,2.99289,19
6VJA_HLC,1,cvar20,MM-GBSA,c16,13.95474649627704,19
6VJA_HLC,2,cvar20,BA-DDG,c12,-0.418,19
6VJA_HLC,2,cvar20,H3,c12,-0.621,19
6VJA_HLC,2,cvar20,Pythia,c12,2.1997110545635223,19
6VJA_HLC,2,cvar20,FoldX,c12,4.4844106,19
6VJA_HLC,2,cvar20,MM-GBSA,c12,14.41815056996029,19
6VJA_HLC,3,cvar20,BA-DDG,c19,0.393,19
6VJA_HLC,3,cvar20,H3,c19,-0.4387,19
6VJA_HLC,3,cvar20,Pythia,c19,2.2186743915081024,19
6VJA_HLC,3,cvar20,FoldX,c19,4.0884036,19
6VJA_HLC,3,cvar20,MM-GBSA,c19,14.225356640461996,19
6VJA_HLC,4,cvar20,BA-DDG,c17,-0.418,19
6VJA_HLC,4,cvar20,H3,c17,0.2057,19
6VJA_HLC,4,cvar20,Pythia,c17,1.8033775389194489,19
6VJA_HLC,4,cvar20,FoldX,c17,2.92898,19
6VJA_HLC,4,cvar20,MM-GBSA,c17,14.746949481264892,19
6VJA_HLC,5,cvar20,BA-DDG,c20,0.751,19
6VJA_HLC,5,cvar20,H3,c20,0.4243,19
6VJA_HLC,5,cvar20,Pythia,c20,2.568403422832489,19
6VJA_HLC,5,cvar20,FoldX,c20,3.110346,19
6VJA_HLC,5,cvar20,MM-GBSA,c20,13.093633264752953,19
6VJA_HLC,1,max,BA-DDG,c16,0.594,19
6VJA_HLC,1,max,H3,c16,0.0051,19
6VJA_HLC,1,max,Pythia,c16,2.1351987421512604,19
6VJA_HLC,1,max,FoldX,c16,2.99289,19
6VJA_HLC,1,max,MM-GBSA,c16,13.95474649627704,19
6VJA_HLC,2,max,BA-DDG,c21,0.197,19
6VJA_HLC,2,max,H3,c21,-0.1893,19
6VJA_HLC,2,max,Pythia,c21,2.31008517742157,19
6VJA_HLC,2,max,FoldX,c21,4.13107,19
6VJA_HLC,2,max,MM-GBSA,c21,10.269614915424881,19
6VJA_HLC,3,max,BA-DDG,c19,0.393,19
6VJA_HLC,3,max,H3,c19,-0.4387,19
6VJA_HLC,3,max,Pythia,c19,2.2186743915081024,19
6VJA_HLC,3,max,FoldX,c19,4.0884036,19
6VJA_HLC,3,max,MM-GBSA,c19,14.225356640461996,19
6VJA_HLC,4,max,BA-DDG,c14,0.297,19
6VJA_HLC,4,max,H3,c14,-0.1967,19
6VJA_HLC,4,max,Pythia,c14,2.304448962211609,19
6VJA_HLC,4,max,FoldX,c14,2.3445706000000004,19
6VJA_HLC,4,max,MM-GBSA,c14,14.263301557130944,19
6VJA_HLC,5,max,BA-DDG,c18,-0.162,19
6VJA_HLC,5,max,H3,c18,-0.4583,19
6VJA_HLC,5,max,Pythia,c18,2.160804361104965,19
6VJA_HLC,5,max,FoldX,c18,4.5837406000000005,19
6VJA_HLC,5,max,MM-GBSA,c18,13.549930689249777,19
6VRQ_HLA,1,afll,BA-DDG,c0,2.972,20
6VRQ_HLA,1,afll,H3,c0,4.8737,20
6VRQ_HLA,1,afll,Pythia,c0,7.660964772105217,20
6VRQ_HLA,1,afll,FoldX,c0,3.5899699999999974,20
6VRQ_HLA,1,afll,MM-GBSA,c0,17.344946095009618,20
6VRQ_HLA,2,afll,BA-DDG,c1,4.741,20
6VRQ_HLA,2,afll,H3,c1,4.8574,20
6VRQ_HLA,2,afll,Pythia,c1,6.668525502085686,20
6VRQ_HLA,2,afll,FoldX,c1,3.061729999999999,20
6VRQ_HLA,2,afll,MM-GBSA,c1,16.726384797438186,20
6VRQ_HLA,3,afll,BA-DDG,c0,2.972,20
6VRQ_HLA,3,afll,H3,c0,4.8737,20
6VRQ_HLA,3,afll,Pythia,c0,7.660964772105217,20
6VRQ_HLA,3,afll,FoldX,c0,3.5899699999999974,20
6VRQ_HLA,3,afll,MM-GBSA,c0,17.344946095009618,20
6VRQ_HLA,4,afll,BA-DDG,c0,2.972,20
6VRQ_HLA,4,afll,H3,c0,4.8737,20
6VRQ_HLA,4,afll,Pythia,c0,7.660964772105217,20
6VRQ_HLA,4,afll,FoldX,c0,3.5899699999999974,20
6VRQ_HLA,4,afll,MM-GBSA,c0,17.344946095009618,20
6VRQ_HLA,5,afll,BA-DDG,c2,3.92,20
6VRQ_HLA,5,afll,H3,c2,4.8666,20
6VRQ_HLA,5,afll,Pythia,c2,7.051310107111931,20
6VRQ_HLA,5,afll,FoldX,c2,4.333269999999999,20
6VRQ_HLA,5,afll,MM-GBSA,c2,23.65737791992342,20
6VRQ_HLA,1,random,BA-DDG,c3,5.264,20
6VRQ_HLA,1,random,H3,c3,7.3954,20
6VRQ_HLA,1,random,Pythia,c3,21.91801691055298,20
6VRQ_HLA,1,random,FoldX,c3,14.98533,20
6VRQ_HLA,1,random,MM-GBSA,c3,26.853147920342963,20
6VRQ_HLA,2,random,BA-DDG,c4,4.455,20
6VRQ_HLA,2,random,H3,c4,5.3165,20
6VRQ_HLA,2,random,Pythia,c4,10.12967050820589,20
6VRQ_HLA,2,random,FoldX,c4,3.8380199999999984,20
6VRQ_HLA,2,random,MM-GBSA,c4,21.7561860276237,20
6VRQ_HLA,3,random,BA-DDG,c5,4.225,20
6VRQ_HLA,3,random,H3,c5,6.223,20
6VRQ_HLA,3,random,Pythia,c5,13.258614383637905,20
6VRQ_HLA,3,random,FoldX,c5,4.194829999999999,20
6VRQ_HLA,3,random,MM-GBSA,c5,25.442716390818532,20
6VRQ_HLA,4,random,BA-DDG,c6,4.901,20
6VRQ_HLA,4,random,H3,c6,5.9969,20
6VRQ_HLA,4,random,Pythia,c6,9.800533533096313,20
6VRQ_HLA,4,random,FoldX,c6,7.5442849999999995,20
6VRQ_HLA,4,random,MM-GBSA,c6,27.439937637052026,20
6VRQ_HLA,5,random,BA-DDG,c7,4.13,20
6VRQ_HLA,5,random,H3,c7,5.9774,20
6VRQ_HLA,5,random,Pythia,c7,13.964877188205719,20
6VRQ_HLA,5,random,FoldX,c7,4.965539999999999,20
6VRQ_HLA,5,random,MM-GBSA,c7,22.42822414614966,20
6VRQ_HLA,1,wt,BA-DDG,c8,-1.34,20
6VRQ_HLA,1,wt,H3,c8,1.9529,20
6VRQ_HLA,1,wt,Pythia,c8,0.2024499773979187,20
6VRQ_HLA,1,wt,FoldX,c8,-1.5933300000000017,20
6VRQ_HLA,1,wt,MM-GBSA,c8,10.221687935182672,20
6VRQ_HLA,2,wt,BA-DDG,c9,0.8,20
6VRQ_HLA,2,wt,H3,c9,3.7966,20
6VRQ_HLA,2,wt,Pythia,c9,3.3186343908309937,20
6VRQ_HLA,2,wt,FoldX,c9,1.2226400000000002,20
6VRQ_HLA,2,wt,MM-GBSA,c9,14.710183240486913,20
6VRQ_HLA,3,wt,BA-DDG,c10,0.674,20
6VRQ_HLA,3,wt,H3,c10,1.2349,20
6VRQ_HLA,3,wt,Pythia,c10,-1.649439960718155,20
6VRQ_HLA,3,wt,FoldX,c10,-0.3408099999999976,20
6VRQ_HLA,3,wt,MM-GBSA,c10,11.970139966073475,20
6VRQ_HLA,4,wt,BA-DDG,c11,0.697,20
6VRQ_HLA,4,wt,H3,c11,2.3752,20
6VRQ_HLA,4,wt,Pythia,c11,0.9741256237030029,20
6VRQ_HLA,4,wt,FoldX,c11,3.6557899999999997,20
6VRQ_HLA,4,wt,MM-GBSA,c11,12.370240627431485,20
6VRQ_HLA,5,wt,BA-DDG,c12,0.975,20
6VRQ_HLA,5,wt,H3,c12,3.1484,20
6VRQ_HLA,5,wt,Pythia,c12,-0.915831446647644,20
6VRQ_HLA,5,wt,FoldX,c12,2.82113,20
6VRQ_HLA,5,wt,MM-GBSA,c12,15.055236132806385,20
6VRQ_HLA,1,mean,BA-DDG,c13,0.541,20
6VRQ_HLA,1,mean,H3,c13,3.3602,20
6VRQ_HLA,1,mean,Pythia,c13,3.058815933763981,20
6VRQ_HLA,1,mean,FoldX,c13,-0.6456099999999996,20
6VRQ_HLA,1,mean,MM-GBSA,c13,15.565390849665164,20
6VRQ_HLA,2,mean,BA-DDG,c9,0.8,20
6VRQ_HLA,2,mean,H3,c9,3.7966,20
6VRQ_HLA,2,mean,Pythia,c9,3.3186343908309937,20
6VRQ_HLA,2,mean,FoldX,c9,1.2226400000000002,20
6VRQ_HLA,2,mean,MM-GBSA,c9,14.710183240486913,20
6VRQ_HLA,3,mean,BA-DDG,c14,0.41,20
6VRQ_HLA,3,mean,H3,c14,2.9458,20
6VRQ_HLA,3,mean,Pythia,c14,3.3656515926122665,20
6VRQ_HLA,3,mean,FoldX,c14,0.7356999999999978,20
6VRQ_HLA,3,mean,MM-GBSA,c14,15.889795441356,20
6VRQ_HLA,4,mean,BA-DDG,c15,1.225,20
6VRQ_HLA,4,mean,H3,c15,1.4738,20
6VRQ_HLA,4,mean,Pythia,c15,-2.6531783118844032,20
6VRQ_HLA,4,mean,FoldX,c15,-0.5385200000000001,20
6VRQ_HLA,4,mean,MM-GBSA,c15,13.05674641735186,20
6VRQ_HLA,5,mean,BA-DDG,c16,0.892,20
6VRQ_HLA,5,mean,H3,c16,1.8209,20
6VRQ_HLA,5,mean,Pythia,c16,-2.2430996894836426,20
6VRQ_HLA,5,mean,FoldX,c16,2.041499999999999,20
6VRQ_HLA,5,mean,MM-GBSA,c16,13.761365925965947,20
6VRQ_HLA,1,cvar50,BA-DDG,c13,0.541,20
6VRQ_HLA,1,cvar50,H3,c13,3.3602,20
6VRQ_HLA,1,cvar50,Pythia,c13,3.058815933763981,20
6VRQ_HLA,1,cvar50,FoldX,c13,-0.6456099999999996,20
6VRQ_HLA,1,cvar50,MM-GBSA,c13,15.565390849665164,20
6VRQ_HLA,2,cvar50,BA-DDG,c9,0.8,20
6VRQ_HLA,2,cvar50,H3,c9,3.7966,20
6VRQ_HLA,2,cvar50,Pythia,c9,3.3186343908309937,20
6VRQ_HLA,2,cvar50,FoldX,c9,1.2226400000000002,20
6VRQ_HLA,2,cvar50,MM-GBSA,c9,14.710183240486913,20
6VRQ_HLA,3,cvar50,BA-DDG,c14,0.41,20
6VRQ_HLA,3,cvar50,H3,c14,2.9458,20
6VRQ_HLA,3,cvar50,Pythia,c14,3.3656515926122665,20
6VRQ_HLA,3,cvar50,FoldX,c14,0.7356999999999978,20
6VRQ_HLA,3,cvar50,MM-GBSA,c14,15.889795441356,20
6VRQ_HLA,4,cvar50,BA-DDG,c15,1.225,20
6VRQ_HLA,4,cvar50,H3,c15,1.4738,20
6VRQ_HLA,4,cvar50,Pythia,c15,-2.6531783118844032,20
6VRQ_HLA,4,cvar50,FoldX,c15,-0.5385200000000001,20
6VRQ_HLA,4,cvar50,MM-GBSA,c15,13.05674641735186,20
6VRQ_HLA,5,cvar50,BA-DDG,c16,0.892,20
6VRQ_HLA,5,cvar50,H3,c16,1.8209,20
6VRQ_HLA,5,cvar50,Pythia,c16,-2.2430996894836426,20
6VRQ_HLA,5,cvar50,FoldX,c16,2.041499999999999,20
6VRQ_HLA,5,cvar50,MM-GBSA,c16,13.761365925965947,20
6VRQ_HLA,1,cvar20,BA-DDG,c13,0.541,20
6VRQ_HLA,1,cvar20,H3,c13,3.3602,20
6VRQ_HLA,1,cvar20,Pythia,c13,3.058815933763981,20
6VRQ_HLA,1,cvar20,FoldX,c13,-0.6456099999999996,20
6VRQ_HLA,1,cvar20,MM-GBSA,c13,15.565390849665164,20
6VRQ_HLA,2,cvar20,BA-DDG,c9,0.8,20
6VRQ_HLA,2,cvar20,H3,c9,3.7966,20
6VRQ_HLA,2,cvar20,Pythia,c9,3.3186343908309937,20
6VRQ_HLA,2,cvar20,FoldX,c9,1.2226400000000002,20
6VRQ_HLA,2,cvar20,MM-GBSA,c9,14.710183240486913,20
6VRQ_HLA,3,cvar20,BA-DDG,c17,1.043,20
6VRQ_HLA,3,cvar20,H3,c17,2.121,20
6VRQ_HLA,3,cvar20,Pythia,c17,-1.0022887960076332,20
6VRQ_HLA,3,cvar20,FoldX,c17,0.8937600000000003,20
6VRQ_HLA,3,cvar20,MM-GBSA,c17,15.990226982828972,20
6VRQ_HLA,4,cvar20,BA-DDG,c15,1.225,20
6VRQ_HLA,4,cvar20,H3,c15,1.4738,20
6VRQ_HLA,4,cvar20,Pythia,c15,-2.6531783118844032,20
6VRQ_HLA,4,cvar20,FoldX,c15,-0.5385200000000001,20
6VRQ_HLA,4,cvar20,MM-GBSA,c15,13.05674641735186,20
6VRQ_HLA,5,cvar20,BA-DDG,c16,0.892,20
6VRQ_HLA,5,cvar20,H3,c16,1.8209,20
6VRQ_HLA,5,cvar20,Pythia,c16,-2.2430996894836426,20
6VRQ_HLA,5,cvar20,FoldX,c16,2.041499999999999,20
6VRQ_HLA,5,cvar20,MM-GBSA,c16,13.761365925965947,20
6VRQ_HLA,1,max,BA-DDG,c13,0.541,20
6VRQ_HLA,1,max,H3,c13,3.3602,20
6VRQ_HLA,1,max,Pythia,c13,3.058815933763981,20
6VRQ_HLA,1,max,FoldX,c13,-0.6456099999999996,20
6VRQ_HLA,1,max,MM-GBSA,c13,15.565390849665164,20
6VRQ_HLA,2,max,BA-DDG,c18,0.121,20
6VRQ_HLA,2,max,H3,c18,1.8442,20
6VRQ_HLA,2,max,Pythia,c18,1.0967895090579987,20
6VRQ_HLA,2,max,FoldX,c18,-0.01714999999999911,20
6VRQ_HLA,2,max,MM-GBSA,c18,12.076599070889642,20
6VRQ_HLA,3,max,BA-DDG,c17,1.043,20
6VRQ_HLA,3,max,H3,c17,2.121,20
6VRQ_HLA,3,max,Pythia,c17,-1.0022887960076332,20
6VRQ_HLA,3,max,FoldX,c17,0.8937600000000003,20
6VRQ_HLA,3,max,MM-GBSA,c17,15.990226982828972,20
6VRQ_HLA,4,max,BA-DDG,c15,1.225,20
6VRQ_HLA,4,max,H3,c15,1.4738,20
6VRQ_HLA,4,max,Pythia,c15,-2.6531783118844032,20
6VRQ_HLA,4,max,FoldX,c15,-0.5385200000000001,20
6VRQ_HLA,4,max,MM-GBSA,c15,13.05674641735186,20
6VRQ_HLA,5,max,BA-DDG,c16,0.892,20
6VRQ_HLA,5,max,H3,c16,1.8209,20
6VRQ_HLA,5,max,Pythia,c16,-2.2430996894836426,20
6VRQ_HLA,5,max,FoldX,c16,2.041499999999999,20
6VRQ_HLA,5,max,MM-GBSA,c16,13.761365925965947,20
7AMS_HLB,1,afll,BA-DDG,c0,0.82,21
7AMS_HLB,1,afll,H3,c0,0.7966,21
7AMS_HLB,1,afll,Pythia,c0,3.233290910720825,21
7AMS_HLB,1,afll,FoldX,c0,1.2633899999999998,21
7AMS_HLB,1,afll,MM-GBSA,c0,15.012694459641352,21
7AMS_HLB,2,afll,BA-DDG,c1,-0.221,21
7AMS_HLB,2,afll,H3,c1,-0.8669,21
7AMS_HLB,2,afll,Pythia,c1,1.0134508162736893,21
7AMS_HLB,2,afll,FoldX,c1,-0.4374000000000011,21
7AMS_HLB,2,afll,MM-GBSA,c1,0.6644486309960485,21
7AMS_HLB,3,afll,BA-DDG,c2,0.628,21
7AMS_HLB,3,afll,H3,c2,0.0152,21
7AMS_HLB,3,afll,Pythia,c2,2.404125839471817,21
7AMS_HLB,3,afll,FoldX,c2,-0.05709000000000053,21
7AMS_HLB,3,afll,MM-GBSA,c2,8.917608047253452,21
7AMS_HLB,4,afll,BA-DDG,c3,0.041,21
7AMS_HLB,4,afll,H3,c3,-0.7985,21
7AMS_HLB,4,afll,Pythia,c3,0.6782896816730499,21
7AMS_HLB,4,afll,FoldX,c3,-0.4562999999999997,21
7AMS_HLB,4,afll,MM-GBSA,c3,16.293614784779493,21
7AMS_HLB,5,afll,BA-DDG,c4,0.664,21
7AMS_HLB,5,afll,H3,c4,-0.3962,21
7AMS_HLB,5,afll,Pythia,c4,1.54109126329422,21
7AMS_HLB,5,afll,FoldX,c4,0.5550699999999997,21
7AMS_HLB,5,afll,MM-GBSA,c4,7.778991964711167,21
7AMS_HLB,1,random,BA-DDG,c5,2.564,21
7AMS_HLB,1,random,H3,c5,2.7293,21
7AMS_HLB,1,random,Pythia,c5,6.601681545376778,21
7AMS_HLB,1,random,FoldX,c5,1.2471899999999998,21
7AMS_HLB,1,random,MM-GBSA,c5,13.015310856730139,21
7AMS_HLB,2,random,BA-DDG,c6,3.448,21
7AMS_HLB,2,random,H3,c6,1.8247,21
7AMS_HLB,2,random,Pythia,c6,6.1774797439575195,21
7AMS_HLB,2,random,FoldX,c6,5.2159699999999996,21
7AMS_HLB,2,random,MM-GBSA,c6,15.162621167110046,21
7AMS_HLB,3,random,BA-DDG,c7,2.534,21
7AMS_HLB,3,random,H3,c7,3.4567,21
7AMS_HLB,3,random,Pythia,c7,14.860748142004013,21
7AMS_HLB,3,random,FoldX,c7,17.008650000000003,21
7AMS_HLB,3,random,MM-GBSA,c7,13.37837579713414,21
7AMS_HLB,4,random,BA-DDG,c8,2.704,21
7AMS_HLB,4,random,H3,c8,1.7615,21
7AMS_HLB,4,random,Pythia,c8,5.014243111014366,21
7AMS_HLB,4,random,FoldX,c8,0.44937999999999967,21
7AMS_HLB,4,random,MM-GBSA,c8,20.122165025673894,21
7AMS_HLB,5,random,BA-DDG,c9,1.092,21
7AMS_HLB,5,random,H3,c9,1.3567,21
7AMS_HLB,5,random,Pythia,c9,3.873413374647498,21
7AMS_HLB,5,random,FoldX,c9,1.2743600000000006,21
7AMS_HLB,5,random,MM-GBSA,c9,12.132689559488426,21
7AMS_HLB,1,wt,BA-DDG,c10,0.304,21
7AMS_HLB,1,wt,H3,c10,-0.2185,21
7AMS_HLB,1,wt,Pythia,c10,0.30134856700897217,21
7AMS_HLB,1,wt,FoldX,c10,-0.3457699999999999,21
7AMS_HLB,1,wt,MM-GBSA,c10,7.100720549660764,21
7AMS_HLB,2,wt,BA-DDG,c11,0.158,21
7AMS_HLB,2,wt,H3,c11,-0.894,21
7AMS_HLB,2,wt,Pythia,c11,-0.5377700924873352,21
7AMS_HLB,2,wt,FoldX,c11,0.42889,21
7AMS_HLB,2,wt,MM-GBSA,c11,-0.4328964625692606,21
7AMS_HLB,3,wt,BA-DDG,c12,-0.064,21
7AMS_HLB,3,wt,H3,c12,-0.76,21
7AMS_HLB,3,wt,Pythia,c12,4.395945146679878,21
7AMS_HLB,3,wt,FoldX,c12,0.5641830000000008,21
7AMS_HLB,3,wt,MM-GBSA,c12,1.708235755955684,21
7AMS_HLB,4,wt,BA-DDG,c13,-0.08,21
7AMS_HLB,4,wt,H3,c13,-0.7454,21
7AMS_HLB,4,wt,Pythia,c13,0.3809137996286154,21
7AMS_HLB,4,wt,FoldX,c13,0.9714099999999997,21
7AMS_HLB,4,wt,MM-GBSA,c13,9.277874792802322,21
7AMS_HLB,5,wt,BA-DDG,c14,-0.035,21
7AMS_HLB,5,wt,H3,c14,0.19,21
7AMS_HLB,5,wt,Pythia,c14,0.34813228249549866,21
7AMS_HLB,5,wt,FoldX,c14,0.8649500000000003,21
7AMS_HLB,5,wt,MM-GBSA,c14,9.56170522154207,21
7AMS_HLB,1,mean,BA-DDG,c10,0.304,21
7AMS_HLB,1,mean,H3,c10,-0.2185,21
7AMS_HLB,1,mean,Pythia,c10,0.30134856700897217,21
7AMS_HLB,1,mean,FoldX,c10,-0.3457699999999999,21
7AMS_HLB,1,mean,MM-GBSA,c10,7.100720549660764,21
7AMS_HLB,2,mean,BA-DDG,c11,0.158,21
7AMS_HLB,2,mean,H3,c11,-0.894,21
7AMS_HLB,2,mean,Pythia,c11,-0.5377700924873352,21
7AMS_HLB,2,mean,FoldX,c11,0.42889,21
7AMS_HLB,2,mean,MM-GBSA,c11,-0.4328964625692606,21
7AMS_HLB,3,mean,BA-DDG,c15,-0.213,21
7AMS_HLB,3,mean,H3,c15,-0.0844,21
7AMS_HLB,3,mean,Pythia,c15,2.2386723160743713,21
7AMS_HLB,3,mean,FoldX,c15,0.4045299999999994,21
7AMS_HLB,3,mean,MM-GBSA,c15,10.025478195349933,21
7AMS_HLB,4,mean,BA-DDG,c16,-0.606,21
7AMS_HLB,4,mean,H3,c16,-0.7222,21
7AMS_HLB,4,mean,Pythia,c16,0.39732252061367035,21
7AMS_HLB,4,mean,FoldX,c16,0.95458,21
7AMS_HLB,4,mean,MM-GBSA,c16,5.320004094599426,21
7AMS_HLB,5,mean,BA-DDG,c17,-0.367,21
7AMS_HLB,5,mean,H3,c17,-0.4643,21
7AMS_HLB,5,mean,Pythia,c17,4.460681065917015,21
7AMS_HLB,5,mean,FoldX,c17,1.3870699999999996,21
7AMS_HLB,5,mean,MM-GBSA,c17,17.09382258374353,21
7AMS_HLB,1,cvar50,BA-DDG,c10,0.304,21
7AMS_HLB,1,cvar50,H3,c10,-0.2185,21
7AMS_HLB,1,cvar50,Pythia,c10,0.30134856700897217,21
7AMS_HLB,1,cvar50,FoldX,c10,-0.3457699999999999,21
7AMS_HLB,1,cvar50,MM-GBSA,c10,7.100720549660764,21
7AMS_HLB,2,cvar50,BA-DDG,c11,0.158,21
7AMS_HLB,2,cvar50,H3,c11,-0.894,21
7AMS_HLB,2,cvar50,Pythia,c11,-0.5377700924873352,21
7AMS_HLB,2,cvar50,FoldX,c11,0.42889,21
7AMS_HLB,2,cvar50,MM-GBSA,c11,-0.4328964625692606,21
7AMS_HLB,3,cvar50,BA-DDG,c15,-0.213,21
7AMS_HLB,3,cvar50,H3,c15,-0.0844,21
7AMS_HLB,3,cvar50,Pythia,c15,2.2386723160743713,21
7AMS_HLB,3,cvar50,FoldX,c15,0.4045299999999994,21
7AMS_HLB,3,cvar50,MM-GBSA,c15,10.025478195349933,21
7AMS_HLB,4,cvar50,BA-DDG,c16,-0.606,21
7AMS_HLB,4,cvar50,H3,c16,-0.7222,21
7AMS_HLB,4,cvar50,Pythia,c16,0.39732252061367035,21
7AMS_HLB,4,cvar50,FoldX,c16,0.95458,21
7AMS_HLB,4,cvar50,MM-GBSA,c16,5.320004094599426,21
7AMS_HLB,5,cvar50,BA-DDG,c17,-0.367,21
7AMS_HLB,5,cvar50,H3,c17,-0.4643,21
7AMS_HLB,5,cvar50,Pythia,c17,4.460681065917015,21
7AMS_HLB,5,cvar50,FoldX,c17,1.3870699999999996,21
7AMS_HLB,5,cvar50,MM-GBSA,c17,17.09382258374353,21
7AMS_HLB,1,cvar20,BA-DDG,c10,0.304,21
7AMS_HLB,1,cvar20,H3,c10,-0.2185,21
7AMS_HLB,1,cvar20,Pythia,c10,0.30134856700897217,21
7AMS_HLB,1,cvar20,FoldX,c10,-0.3457699999999999,21
7AMS_HLB,1,cvar20,MM-GBSA,c10,7.100720549660764,21
7AMS_HLB,2,cvar20,BA-DDG,c11,0.158,21
7AMS_HLB,2,cvar20,H3,c11,-0.894,21
7AMS_HLB,2,cvar20,Pythia,c11,-0.5377700924873352,21
7AMS_HLB,2,cvar20,FoldX,c11,0.42889,21
7AMS_HLB,2,cvar20,MM-GBSA,c11,-0.4328964625692606,21
7AMS_HLB,3,cvar20,BA-DDG,c18,-0.566,21
7AMS_HLB,3,cvar20,H3,c18,0.1125,21
7AMS_HLB,3,cvar20,Pythia,c18,3.1366014927625656,21
7AMS_HLB,3,cvar20,FoldX,c18,0.534402,21
7AMS_HLB,3,cvar20,MM-GBSA,c18,5.330647992457671,21
7AMS_HLB,4,cvar20,BA-DDG,c16,-0.606,21
7AMS_HLB,4,cvar20,H3,c16,-0.7222,21
7AMS_HLB,4,cvar20,Pythia,c16,0.39732252061367035,21
7AMS_HLB,4,cvar20,FoldX,c16,0.95458,21
7AMS_HLB,4,cvar20,MM-GBSA,c16,5.320004094599426,21
7AMS_HLB,5,cvar20,BA-DDG,c17,-0.367,21
7AMS_HLB,5,cvar20,H3,c17,-0.4643,21
7AMS_HLB,5,cvar20,Pythia,c17,4.460681065917015,21
7AMS_HLB,5,cvar20,FoldX,c17,1.3870699999999996,21
7AMS_HLB,5,cvar20,MM-GBSA,c17,17.09382258374353,21
7AMS_HLB,1,max,BA-DDG,c10,0.304,21
7AMS_HLB,1,max,H3,c10,-0.2185,21
7AMS_HLB,1,max,Pythia,c10,0.30134856700897217,21
7AMS_HLB,1,max,FoldX,c10,-0.3457699999999999,21
7AMS_HLB,1,max,MM-GBSA,c10,7.100720549660764,21
7AMS_HLB,2,max,BA-DDG,c11,0.158,21
7AMS_HLB,2,max,H3,c11,-0.894,21
7AMS_HLB,2,max,Pythia,c11,-0.5377700924873352,21
7AMS_HLB,2,max,FoldX,c11,0.42889,21
7AMS_HLB,2,max,MM-GBSA,c11,-0.4328964625692606,21
7AMS_HLB,3,max,BA-DDG,c19,0.07,21
7AMS_HLB,3,max,H3,c19,-0.4774,21
7AMS_HLB,3,max,Pythia,c19,0.08011825382709503,21
7AMS_HLB,3,max,FoldX,c19,-0.5598700000000001,21
7AMS_HLB,3,max,MM-GBSA,c19,6.414051037067111,21
7AMS_HLB,4,max,BA-DDG,c20,0.426,21
7AMS_HLB,4,max,H3,c20,-0.9657,21
7AMS_HLB,4,max,Pythia,c20,1.1434578131884336,21
7AMS_HLB,4,max,FoldX,c20,1.7904499999999999,21
7AMS_HLB,4,max,MM-GBSA,c20,8.72277591578495,21
7AMS_HLB,5,max,BA-DDG,c21,-0.233,21
7AMS_HLB,5,max,H3,c21,0.8766,21
7AMS_HLB,5,max,Pythia,c21,-1.1202156990766525,21
7AMS_HLB,5,max,FoldX,c21,0.13642399999999988,21
7AMS_HLB,5,max,MM-GBSA,c21,7.80107346935074,21
7BQ5_HLA,1,afll,BA-DDG,c0,1.109,9
7BQ5_HLA,1,afll,H3,c0,0.0679,9
7BQ5_HLA,1,afll,Pythia,c0,0.3972043991088867,9
7BQ5_HLA,1,afll,FoldX,c0,2.73782,9
7BQ5_HLA,1,afll,MM-GBSA,c0,7.634870719539322,9
7BQ5_HLA,2,afll,BA-DDG,c0,1.109,9
7BQ5_HLA,2,afll,H3,c0,0.0679,9
7BQ5_HLA,2,afll,Pythia,c0,0.3972043991088867,9
7BQ5_HLA,2,afll,FoldX,c0,2.73782,9
7BQ5_HLA,2,afll,MM-GBSA,c0,7.634870719539322,9
7BQ5_HLA,3,afll,BA-DDG,c0,1.109,9
7BQ5_HLA,3,afll,H3,c0,0.0679,9
7BQ5_HLA,3,afll,Pythia,c0,0.3972043991088867,9
7BQ5_HLA,3,afll,FoldX,c0,2.73782,9
7BQ5_HLA,3,afll,MM-GBSA,c0,7.634870719539322,9
7BQ5_HLA,4,afll,BA-DDG,c0,1.109,9
7BQ5_HLA,4,afll,H3,c0,0.0679,9
7BQ5_HLA,4,afll,Pythia,c0,0.3972043991088867,9
7BQ5_HLA,4,afll,FoldX,c0,2.73782,9
7BQ5_HLA,4,afll,MM-GBSA,c0,7.634870719539322,9
7BQ5_HLA,5,afll,BA-DDG,c0,1.109,9
7BQ5_HLA,5,afll,H3,c0,0.0679,9
7BQ5_HLA,5,afll,Pythia,c0,0.3972043991088867,9
7BQ5_HLA,5,afll,FoldX,c0,2.73782,9
7BQ5_HLA,5,afll,MM-GBSA,c0,7.634870719539322,9
7BQ5_HLA,1,random,BA-DDG,c1,1.336,9
7BQ5_HLA,1,random,H3,c1,-0.0134,9
7BQ5_HLA,1,random,Pythia,c1,-0.5250718891620636,9
7BQ5_HLA,1,random,FoldX,c1,2.137979999999999,9
7BQ5_HLA,1,random,MM-GBSA,c1,13.113123555793209,9
7BQ5_HLA,2,random,BA-DDG,c2,1.387,9
7BQ5_HLA,2,random,H3,c2,0.1922,9
7BQ5_HLA,2,random,Pythia,c2,2.196747176349163,9
7BQ5_HLA,2,random,FoldX,c2,-0.06965999999999894,9
7BQ5_HLA,2,random,MM-GBSA,c2,6.895439160833121,9
7BQ5_HLA,3,random,BA-DDG,c3,2.211,9
7BQ5_HLA,3,random,H3,c3,1.0536,9
7BQ5_HLA,3,random,Pythia,c3,1.050566166639328,9
7BQ5_HLA,3,random,FoldX,c3,2.0937,9
7BQ5_HLA,3,random,MM-GBSA,c3,17.94034267312236,9
7BQ5_HLA,4,random,BA-DDG,c4,1.439,9
7BQ5_HLA,4,random,H3,c4,1.9022,9
7BQ5_HLA,4,random,Pythia,c4,4.431558767333627,9
7BQ5_HLA,4,random,FoldX,c4,2.5116899999999993,9
7BQ5_HLA,4,random,MM-GBSA,c4,31.415098448487697,9
7BQ5_HLA,5,random,BA-DDG,c5,1.398,9
7BQ5_HLA,5,random,H3,c5,2.5721,9
7BQ5_HLA,5,random,Pythia,c5,5.403694668784738,9
7BQ5_HLA,5,random,FoldX,c5,3.15049,9
7BQ5_HLA,5,random,MM-GBSA,c5,30.184835044668944,9
7BQ5_HLA,1,wt,BA-DDG,c6,0.827,9
7BQ5_HLA,1,wt,H3,c6,1.0889,9
7BQ5_HLA,1,wt,Pythia,c6,2.861282976344228,9
7BQ5_HLA,1,wt,FoldX,c6,0.7579369999999992,9
7BQ5_HLA,1,wt,MM-GBSA,c6,29.776643652694474,9
7BQ5_HLA,2,wt,BA-DDG,c7,1.141,9
7BQ5_HLA,2,wt,H3,c7,0.3159,9
7BQ5_HLA,2,wt,Pythia,c7,1.1080012544989586,9
7BQ5_HLA,2,wt,FoldX,c7,3.5318199999999997,9
7BQ5_HLA,2,wt,MM-GBSA,c7,21.371244872349052,9
7BQ5_HLA,3,wt,BA-DDG,c0,1.109,9
7BQ5_HLA,3,wt,H3,c0,0.0679,9
7BQ5_HLA,3,wt,Pythia,c0,0.3972043991088867,9
7BQ5_HLA,3,wt,FoldX,c0,2.73782,9
7BQ5_HLA,3,wt,MM-GBSA,c0,7.634870719539322,9
7BQ5_HLA,4,wt,BA-DDG,c8,0.467,9
7BQ5_HLA,4,wt,H3,c8,-0.2608,9
7BQ5_HLA,4,wt,Pythia,c8,1.5043857572600245,9
7BQ5_HLA,4,wt,FoldX,c8,1.9035399999999996,9
7BQ5_HLA,4,wt,MM-GBSA,c8,19.708773626649418,9
7BQ5_HLA,5,wt,BA-DDG,c9,0.334,9
7BQ5_HLA,5,wt,H3,c9,1.0106,9
7BQ5_HLA,5,wt,Pythia,c9,3.1560202930122614,9
7BQ5_HLA,5,wt,FoldX,c9,3.853160000000001,9
7BQ5_HLA,5,wt,MM-GBSA,c9,31.95245202443766,9
7BQ5_HLA,1,mean,BA-DDG,c10,0.666,9
7BQ5_HLA,1,mean,H3,c10,0.2553,9
7BQ5_HLA,1,mean,Pythia,c10,0.4939483255147934,9
7BQ5_HLA,1,mean,FoldX,c10,3.5142599999999997,9
7BQ5_HLA,1,mean,MM-GBSA,c10,21.740555611135278,9
7BQ5_HLA,2,mean,BA-DDG,c11,0.672,9
7BQ5_HLA,2,mean,H3,c11,2.5779,9
7BQ5_HLA,2,mean,Pythia,c11,9.997663348913193,9
7BQ5_HLA,2,mean,FoldX,c11,1.0994000000000002,9
7BQ5_HLA,2,mean,MM-GBSA,c11,18.407958381014396,9
7BQ5_HLA,3,mean,BA-DDG,c12,1.4,9
7BQ5_HLA,3,mean,H3,c12,1.0199,9
7BQ5_HLA,3,mean,Pythia,c12,2.618360096588731,9
7BQ5_HLA,3,mean,FoldX,c12,1.0781899999999993,9
7BQ5_HLA,3,mean,MM-GBSA,c12,31.737842614165857,9
7BQ5_HLA,4,mean,BA-DDG,c13,0.744,9
7BQ5_HLA,4,mean,H3,c13,0.2682,9
7BQ5_HLA,4,mean,Pythia,c13,0.6724202632904053,9
7BQ5_HLA,4,mean,FoldX,c13,2.688001999999999,9
7BQ5_HLA,4,mean,MM-GBSA,c13,30.736353300406336,9
7BQ5_HLA,5,mean,BA-DDG,c14,0.712,9
7BQ5_HLA,5,mean,H3,c14,0.9861,9
7BQ5_HLA,5,mean,Pythia,c14,3.252708101645112,9
7BQ5_HLA,5,mean,FoldX,c14,2.1618999999999993,9
7BQ5_HLA,5,mean,MM-GBSA,c14,25.331695754735847,9
7BQ5_HLA,1,cvar50,BA-DDG,c10,0.666,9
7BQ5_HLA,1,cvar50,H3,c10,0.2553,9
7BQ5_HLA,1,cvar50,Pythia,c10,0.4939483255147934,9
7BQ5_HLA,1,cvar50,FoldX,c10,3.5142599999999997,9
7BQ5_HLA,1,cvar50,MM-GBSA,c10,21.740555611135278,9
7BQ5_HLA,2,cvar50,BA-DDG,c11,0.672,9
7BQ5_HLA,2,cvar50,H3,c11,2.5779,9
7BQ5_HLA,2,cvar50,Pythia,c11,9.997663348913193,9
7BQ5_HLA,2,cvar50,FoldX,c11,1.0994000000000002,9
7BQ5_HLA,2,cvar50,MM-GBSA,c11,18.407958381014396,9
7BQ5_HLA,3,cvar50,BA-DDG,c12,1.4,9
7BQ5_HLA,3,cvar50,H3,c12,1.0199,9
7BQ5_HLA,3,cvar50,Pythia,c12,2.618360096588731,9
7BQ5_HLA,3,cvar50,FoldX,c12,1.0781899999999993,9
7BQ5_HLA,3,cvar50,MM-GBSA,c12,31.737842614165857,9
7BQ5_HLA,4,cvar50,BA-DDG,c13,0.744,9
7BQ5_HLA,4,cvar50,H3,c13,0.2682,9
7BQ5_HLA,4,cvar50,Pythia,c13,0.6724202632904053,9
7BQ5_HLA,4,cvar50,FoldX,c13,2.688001999999999,9
7BQ5_HLA,4,cvar50,MM-GBSA,c13,30.736353300406336,9
7BQ5_HLA,5,cvar50,BA-DDG,c14,0.712,9
7BQ5_HLA,5,cvar50,H3,c14,0.9861,9
7BQ5_HLA,5,cvar50,Pythia,c14,3.252708101645112,9
7BQ5_HLA,5,cvar50,FoldX,c14,2.1618999999999993,9
7BQ5_HLA,5,cvar50,MM-GBSA,c14,25.331695754735847,9
7BQ5_HLA,1,cvar20,BA-DDG,c10,0.666,9
7BQ5_HLA,1,cvar20,H3,c10,0.2553,9
7BQ5_HLA,1,cvar20,Pythia,c10,0.4939483255147934,9
7BQ5_HLA,1,cvar20,FoldX,c10,3.5142599999999997,9
7BQ5_HLA,1,cvar20,MM-GBSA,c10,21.740555611135278,9
7BQ5_HLA,2,cvar20,BA-DDG,c11,0.672,9
7BQ5_HLA,2,cvar20,H3,c11,2.5779,9
7BQ5_HLA,2,cvar20,Pythia,c11,9.997663348913193,9
7BQ5_HLA,2,cvar20,FoldX,c11,1.0994000000000002,9
7BQ5_HLA,2,cvar20,MM-GBSA,c11,18.407958381014396,9
7BQ5_HLA,3,cvar20,BA-DDG,c12,1.4,9
7BQ5_HLA,3,cvar20,H3,c12,1.0199,9
7BQ5_HLA,3,cvar20,Pythia,c12,2.618360096588731,9
7BQ5_HLA,3,cvar20,FoldX,c12,1.0781899999999993,9
7BQ5_HLA,3,cvar20,MM-GBSA,c12,31.737842614165857,9
7BQ5_HLA,4,cvar20,BA-DDG,c13,0.744,9
7BQ5_HLA,4,cvar20,H3,c13,0.2682,9
7BQ5_HLA,4,cvar20,Pythia,c13,0.6724202632904053,9
7BQ5_HLA,4,cvar20,FoldX,c13,2.688001999999999,9
7BQ5_HLA,4,cvar20,MM-GBSA,c13,30.736353300406336,9
7BQ5_HLA,5,cvar20,BA-DDG,c14,0.712,9
7BQ5_HLA,5,cvar20,H3,c14,0.9861,9
7BQ5_HLA,5,cvar20,Pythia,c14,3.252708101645112,9
7BQ5_HLA,5,cvar20,FoldX,c14,2.1618999999999993,9
7BQ5_HLA,5,cvar20,MM-GBSA,c14,25.331695754735847,9
7BQ5_HLA,1,max,BA-DDG,c15,0.136,9
7BQ5_HLA,1,max,H3,c15,2.1188,9
7BQ5_HLA,1,max,Pythia,c15,11.074170547537506,9
7BQ5_HLA,1,max,FoldX,c15,2.45911,9
7BQ5_HLA,1,max,MM-GBSA,c15,35.786497379760476,9
7BQ5_HLA,2,max,BA-DDG,c16,0.309,9
7BQ5_HLA,2,max,H3,c16,2.221,9
7BQ5_HLA,2,max,Pythia,c16,9.257590919733047,9
7BQ5_HLA,2,max,FoldX,c16,0.7824399999999994,9
7BQ5_HLA,2,max,MM-GBSA,c16,38.350616485602586,9
7BQ5_HLA,3,max,BA-DDG,c12,1.4,9
7BQ5_HLA,3,max,H3,c12,1.0199,9
7BQ5_HLA,3,max,Pythia,c12,2.618360096588731,9
7BQ5_HLA,3,max,FoldX,c12,1.0781899999999993,9
7BQ5_HLA,3,max,MM-GBSA,c12,31.737842614165857,9
7BQ5_HLA,4,max,BA-DDG,c13,0.744,9
7BQ5_HLA,4,max,H3,c13,0.2682,9
7BQ5_HLA,4,max,Pythia,c13,0.6724202632904053,9
7BQ5_HLA,4,max,FoldX,c13,2.688001999999999,9
7BQ5_HLA,4,max,MM-GBSA,c13,30.736353300406336,9
7BQ5_HLA,5,max,BA-DDG,c14,0.712,9
7BQ5_HLA,5,max,H3,c14,0.9861,9
7BQ5_HLA,5,max,Pythia,c14,3.252708101645112,9
7BQ5_HLA,5,max,FoldX,c14,2.1618999999999993,9
7BQ5_HLA,5,max,MM-GBSA,c14,25.331695754735847,9
7CN2_GgE,1,afll,BA-DDG,c0,1.486,22
7CN2_GgE,1,afll,H3,c0,1.3163,22
7CN2_GgE,1,afll,Pythia,c0,9.335887834429741,22
7CN2_GgE,1,afll,FoldX,c0,3.707191000000001,22
7CN2_GgE,1,afll,MM-GBSA,c0,28906.552499781792,22
7CN2_GgE,2,afll,BA-DDG,c1,2.234,22
7CN2_GgE,2,afll,H3,c1,1.8976,22
7CN2_GgE,2,afll,Pythia,c1,4.7154404148459435,22
7CN2_GgE,2,afll,FoldX,c1,4.26424,22
7CN2_GgE,2,afll,MM-GBSA,c1,19.205488056530157,22
7CN2_GgE,3,afll,BA-DDG,c2,0.191,22
7CN2_GgE,3,afll,H3,c2,0.8311,22
7CN2_GgE,3,afll,Pythia,c2,5.444161832332611,22
7CN2_GgE,3,afll,FoldX,c2,2.0649100000000002,22
7CN2_GgE,3,afll,MM-GBSA,c2,21.72572024165129,22
7CN2_GgE,4,afll,BA-DDG,c3,1.574,22
7CN2_GgE,4,afll,H3,c3,1.2861,22
7CN2_GgE,4,afll,Pythia,c3,18.252796694636345,22
7CN2_GgE,4,afll,FoldX,c3,4.0232410000000005,22
7CN2_GgE,4,afll,MM-GBSA,c3,19.99274108681493,22
7CN2_GgE,5,afll,BA-DDG,c4,-0.549,22
7CN2_GgE,5,afll,H3,c4,0.0661,22
7CN2_GgE,5,afll,Pythia,c4,7.7298910822719336,22
7CN2_GgE,5,afll,FoldX,c4,4.565145000000001,22
7CN2_GgE,5,afll,MM-GBSA,c4,23.002086918364512,22
7CN2_GgE,1,random,BA-DDG,c5,-0.664,22
7CN2_GgE,1,random,H3,c5,0.6169,22
7CN2_GgE,1,random,Pythia,c5,0.3791453093290329,22
7CN2_GgE,1,random,FoldX,c5,3.14635,22
7CN2_GgE,1,random,MM-GBSA,c5,2.2447629592352314,22
7CN2_GgE,2,random,BA-DDG,c6,2.265,22
7CN2_GgE,2,random,H3,c6,0.5893,22
7CN2_GgE,2,random,Pythia,c6,8.593954712152481,22
7CN2_GgE,2,random,FoldX,c6,5.443639999999999,22
7CN2_GgE,2,random,MM-GBSA,c6,8.448929478305217,22
7CN2_GgE,3,random,BA-DDG,c7,4.355,22
7CN2_GgE,3,random,H3,c7,3.2678,22
7CN2_GgE,3,random,Pythia,c7,10.467409990727901,22
7CN2_GgE,3,random,FoldX,c7,2.8762099999999995,22
7CN2_GgE,3,random,MM-GBSA,c7,15.390078851840371,22
7CN2_GgE,4,random,BA-DDG,c8,5.391,22
7CN2_GgE,4,random,H3,c8,2.7401,22
7CN2_GgE,4,random,Pythia,c8,8.204600609838963,22
7CN2_GgE,4,random,FoldX,c8,3.98194,22
7CN2_GgE,4,random,MM-GBSA,c8,24.87173014822838,22
7CN2_GgE,5,random,BA-DDG,c9,4.666,22
7CN2_GgE,5,random,H3,c9,3.7943,22
7CN2_GgE,5,random,Pythia,c9,13.701161183416843,22
7CN2_GgE,5,random,FoldX,c9,3.3920651,22
7CN2_GgE,5,random,MM-GBSA,c9,38.85049311299008,22
7CN2_GgE,1,wt,BA-DDG,c10,-5.889,22
7CN2_GgE,1,wt,H3,c10,-3.4323,22
7CN2_GgE,1,wt,Pythia,c10,5.839463993906975,22
7CN2_GgE,1,wt,FoldX,c10,5.964999999999999,22
7CN2_GgE,1,wt,MM-GBSA,c10,8.250471681203635,22
7CN2_GgE,2,wt,BA-DDG,c11,-5.576,22
7CN2_GgE,2,wt,H3,c11,-3.0736,22
7CN2_GgE,2,wt,Pythia,c11,0.9435507357120514,22
7CN2_GgE,2,wt,FoldX,c11,0.3946999999999994,22
7CN2_GgE,2,wt,MM-GBSA,c11,15.674435073367931,22
7CN2_GgE,3,wt,BA-DDG,c12,-4.963,22
7CN2_GgE,3,wt,H3,c12,-2.5786,22
7CN2_GgE,3,wt,Pythia,c12,1.4868761003017426,22
7CN2_GgE,3,wt,FoldX,c12,2.0348500000000005,22
7CN2_GgE,3,wt,MM-GBSA,c12,5.966739847390272,22
7CN2_GgE,4,wt,BA-DDG,c13,-4.717,22
7CN2_GgE,4,wt,H3,c13,-3.0745,22
7CN2_GgE,4,wt,Pythia,c13,0.2064439533278346,22
7CN2_GgE,4,wt,FoldX,c13,1.79095,22
7CN2_GgE,4,wt,MM-GBSA,c13,815.8753011446097,22
7CN2_GgE,5,wt,BA-DDG,c14,-5.12,22
7CN2_GgE,5,wt,H3,c14,-3.0868,22
7CN2_GgE,5,wt,Pythia,c14,3.793514594435692,22
7CN2_GgE,5,wt,FoldX,c14,6.48875,22
7CN2_GgE,5,wt,MM-GBSA,c14,3.7201340895444446,22
7CN2_GgE,1,mean,BA-DDG,c10,-5.889,22
7CN2_GgE,1,mean,H3,c10,-3.4323,22
7CN2_GgE,1,mean,Pythia,c10,5.839463993906975,22
7CN2_GgE,1,mean,FoldX,c10,5.964999999999999,22
7CN2_GgE,1,mean,MM-GBSA,c10,8.250471681203635,22
7CN2_GgE,2,mean,BA-DDG,c11,-5.576,22
7CN2_GgE,2,mean,H3,c11,-3.0736,22
7CN2_GgE,2,mean,Pythia,c11,0.9435507357120514,22
7CN2_GgE,2,mean,FoldX,c11,0.3946999999999994,22
7CN2_GgE,2,mean,MM-GBSA,c11,15.674435073367931,22
7CN2_GgE,3,mean,BA-DDG,c15,-4.781,22
7CN2_GgE,3,mean,H3,c15,-2.4081,22
7CN2_GgE,3,mean,Pythia,c15,7.754537373781204,22
7CN2_GgE,3,mean,FoldX,c15,1.1421569999999992,22
7CN2_GgE,3,mean,MM-GBSA,c15,23.019803528997727,22
7CN2_GgE,4,mean,BA-DDG,c16,-5.139,22
7CN2_GgE,4,mean,H3,c16,-2.2332,22
7CN2_GgE,4,mean,Pythia,c16,4.609959297813475,22
7CN2_GgE,4,mean,FoldX,c16,3.7175081,22
7CN2_GgE,4,mean,MM-GBSA,c16,15.45658000399635,22
7CN2_GgE,5,mean,BA-DDG,c17,-5.227,22
7CN2_GgE,5,mean,H3,c17,-2.8111,22
7CN2_GgE,5,mean,Pythia,c17,8.84486328996718,22
7CN2_GgE,5,mean,FoldX,c17,8.316191,22
7CN2_GgE,5,mean,MM-GBSA,c17,4.2498854246259725,22
7CN2_GgE,1,cvar50,BA-DDG,c10,-5.889,22
7CN2_GgE,1,cvar50,H3,c10,-3.4323,22
7CN2_GgE,1,cvar50,Pythia,c10,5.839463993906975,22
7CN2_GgE,1,cvar50,FoldX,c10,5.964999999999999,22
7CN2_GgE,1,cvar50,MM-GBSA,c10,8.250471681203635,22
7CN2_GgE,2,cvar50,BA-DDG,c11,-5.576,22
7CN2_GgE,2,cvar50,H3,c11,-3.0736,22
7CN2_GgE,2,cvar50,Pythia,c11,0.9435507357120514,22
7CN2_GgE,2,cvar50,FoldX,c11,0.3946999999999994,22
7CN2_GgE,2,cvar50,MM-GBSA,c11,15.674435073367931,22
7CN2_GgE,3,cvar50,BA-DDG,c12,-4.963,22
7CN2_GgE,3,cvar50,H3,c12,-2.5786,22
7CN2_GgE,3,cvar50,Pythia,c12,1.4868761003017426,22
7CN2_GgE,3,cvar50,FoldX,c12,2.0348500000000005,22
7CN2_GgE,3,cvar50,MM-GBSA,c12,5.966739847390272,22
7CN2_GgE,4,cvar50,BA-DDG,c16,-5.139,22
7CN2_GgE,4,cvar50,H3,c16,-2.2332,22
7CN2_GgE,4,cvar50,Pythia,c16,4.609959297813475,22
7CN2_GgE,4,cvar50,FoldX,c16,3.7175081,22
7CN2_GgE,4,cvar50,MM-GBSA,c16,15.45658000399635,22
7CN2_GgE,5,cvar50,BA-DDG,c17,-5.227,22
7CN2_GgE,5,cvar50,H3,c17,-2.8111,22
7CN2_GgE,5,cvar50,Pythia,c17,8.84486328996718,22
7CN2_GgE,5,cvar50,FoldX,c17,8.316191,22
7CN2_GgE,5,cvar50,MM-GBSA,c17,4.2498854246259725,22
7CN2_GgE,1,cvar20,BA-DDG,c10,-5.889,22
7CN2_GgE,1,cvar20,H3,c10,-3.4323,22
7CN2_GgE,1,cvar20,Pythia,c10,5.839463993906975,22
7CN2_GgE,1,cvar20,FoldX,c10,5.964999999999999,22
7CN2_GgE,1,cvar20,MM-GBSA,c10,8.250471681203635,22
7CN2_GgE,2,cvar20,BA-DDG,c11,-5.576,22
7CN2_GgE,2,cvar20,H3,c11,-3.0736,22
7CN2_GgE,2,cvar20,Pythia,c11,0.9435507357120514,22
7CN2_GgE,2,cvar20,FoldX,c11,0.3946999999999994,22
7CN2_GgE,2,cvar20,MM-GBSA,c11,15.674435073367931,22
7CN2_GgE,3,cvar20,BA-DDG,c15,-4.781,22
7CN2_GgE,3,cvar20,H3,c15,-2.4081,22
7CN2_GgE,3,cvar20,Pythia,c15,7.754537373781204,22
7CN2_GgE,3,cvar20,FoldX,c15,1.1421569999999992,22
7CN2_GgE,3,cvar20,MM-GBSA,c15,23.019803528997727,22
7CN2_GgE,4,cvar20,BA-DDG,c16,-5.139,22
7CN2_GgE,4,cvar20,H3,c16,-2.2332,22
7CN2_GgE,4,cvar20,Pythia,c16,4.609959297813475,22
7CN2_GgE,4,cvar20,FoldX,c16,3.7175081,22
7CN2_GgE,4,cvar20,MM-GBSA,c16,15.45658000399635,22
7CN2_GgE,5,cvar20,BA-DDG,c17,-5.227,22
7CN2_GgE,5,cvar20,H3,c17,-2.8111,22
7CN2_GgE,5,cvar20,Pythia,c17,8.84486328996718,22
7CN2_GgE,5,cvar20,FoldX,c17,8.316191,22
7CN2_GgE,5,cvar20,MM-GBSA,c17,4.2498854246259725,22
7CN2_GgE,1,max,BA-DDG,c18,-5.353,22
7CN2_GgE,1,max,H3,c18,-2.3638,22
7CN2_GgE,1,max,Pythia,c18,0.24244422651827335,22
7CN2_GgE,1,max,FoldX,c18,1.96307,22
7CN2_GgE,1,max,MM-GBSA,c18,841.7386550500796,22
7CN2_GgE,2,max,BA-DDG,c11,-5.576,22
7CN2_GgE,2,max,H3,c11,-3.0736,22
7CN2_GgE,2,max,Pythia,c11,0.9435507357120514,22
7CN2_GgE,2,max,FoldX,c11,0.3946999999999994,22
7CN2_GgE,2,max,MM-GBSA,c11,15.674435073367931,22
7CN2_GgE,3,max,BA-DDG,c15,-4.781,22
7CN2_GgE,3,max,H3,c15,-2.4081,22
7CN2_GgE,3,max,Pythia,c15,7.754537373781204,22
7CN2_GgE,3,max,FoldX,c15,1.1421569999999992,22
7CN2_GgE,3,max,MM-GBSA,c15,23.019803528997727,22
7CN2_GgE,4,max,BA-DDG,c16,-5.139,22
7CN2_GgE,4,max,H3,c16,-2.2332,22
7CN2_GgE,4,max,Pythia,c16,4.609959297813475,22
7CN2_GgE,4,max,FoldX,c16,3.7175081,22
7CN2_GgE,4,max,MM-GBSA,c16,15.45658000399635,22
7CN2_GgE,5,max,BA-DDG,c19,-3.912,22
7CN2_GgE,5,max,H3,c19,-2.5961,22
7CN2_GgE,5,max,Pythia,c19,17.06439645215869,22
7CN2_GgE,5,max,FoldX,c19,6.745721,22
7CN2_GgE,5,max,MM-GBSA,c19,20.12235230285296,22
7JLK_HLB,1,afll,BA-DDG,c0,0.985,23
7JLK_HLB,1,afll,H3,c0,-0.3564,23
7JLK_HLB,1,afll,Pythia,c0,1.401261806488037,23
7JLK_HLB,1,afll,FoldX,c0,0.634709,23
7JLK_HLB,1,afll,MM-GBSA,c0,4.83861136926771,23
7JLK_HLB,2,afll,BA-DDG,c1,0.854,23
7JLK_HLB,2,afll,H3,c1,-0.3105,23
7JLK_HLB,2,afll,Pythia,c1,0.2995718717575073,23
7JLK_HLB,2,afll,FoldX,c1,3.2797310200000007,23
7JLK_HLB,2,afll,MM-GBSA,c1,4.861364094134842,23
7JLK_HLB,3,afll,BA-DDG,c2,0.732,23
7JLK_HLB,3,afll,H3,c2,-0.5551,23
7JLK_HLB,3,afll,Pythia,c2,0.3207141160964966,23
7JLK_HLB,3,afll,FoldX,c2,2.81854,23
7JLK_HLB,3,afll,MM-GBSA,c2,8.830497902308707,23
7JLK_HLB,4,afll,BA-DDG,c0,0.985,23
7JLK_HLB,4,afll,H3,c0,-0.3564,23
7JLK_HLB,4,afll,Pythia,c0,1.401261806488037,23
7JLK_HLB,4,afll,FoldX,c0,0.634709,23
7JLK_HLB,4,afll,MM-GBSA,c0,4.83861136926771,23
7JLK_HLB,5,afll,BA-DDG,c3,0.843,23
7JLK_HLB,5,afll,H3,c3,-0.7424,23
7JLK_HLB,5,afll,Pythia,c3,0.2397933006286621,23
7JLK_HLB,5,afll,FoldX,c3,0.7627870000000003,23
7JLK_HLB,5,afll,MM-GBSA,c3,7.78772031119297,23
7JLK_HLB,1,random,BA-DDG,c4,1.806,23
7JLK_HLB,1,random,H3,c4,1.8344,23
7JLK_HLB,1,random,Pythia,c4,5.394584439694881,23
7JLK_HLB,1,random,FoldX,c4,3.0108771,23
7JLK_HLB,1,random,MM-GBSA,c4,9.879988959737602,23
7JLK_HLB,2,random,BA-DDG,c5,1.13,23
7JLK_HLB,2,random,H3,c5,1.6394,23
7JLK_HLB,2,random,Pythia,c5,6.30327770113945,23
7JLK_HLB,2,random,FoldX,c5,2.14019,23
7JLK_HLB,2,random,MM-GBSA,c5,5.7072124909173,23
7JLK_HLB,3,random,BA-DDG,c6,1.661,23
7JLK_HLB,3,random,H3,c6,1.0027,23
7JLK_HLB,3,random,Pythia,c6,3.9590312018990517,23
7JLK_HLB,3,random,FoldX,c6,2.8524069999999995,23
7JLK_HLB,3,random,MM-GBSA,c6,4.076116859690046,23
7JLK_HLB,4,random,BA-DDG,c7,0.894,23
7JLK_HLB,4,random,H3,c7,0.619,23
7JLK_HLB,4,random,Pythia,c7,-0.9800713062286377,23
7JLK_HLB,4,random,FoldX,c7,3.320912,23
7JLK_HLB,4,random,MM-GBSA,c7,4.8813119143324,23
7JLK_HLB,5,random,BA-DDG,c8,1.12,23
7JLK_HLB,5,random,H3,c8,-0.1675,23
7JLK_HLB,5,random,Pythia,c8,0.6524179801344872,23
7JLK_HLB,5,random,FoldX,c8,0.37840900000000044,23
7JLK_HLB,5,random,MM-GBSA,c8,5.204646091576251,23
7JLK_HLB,1,wt,BA-DDG,c9,-0.22,23
7JLK_HLB,1,wt,H3,c9,-0.3942,23
7JLK_HLB,1,wt,Pythia,c9,0.33921122550964355,23
7JLK_HLB,1,wt,FoldX,c9,0.6137899,23
7JLK_HLB,1,wt,MM-GBSA,c9,33.05548306409423,23
7JLK_HLB,2,wt,BA-DDG,c10,1.426,23
7JLK_HLB,2,wt,H3,c10,0.7124,23
7JLK_HLB,2,wt,Pythia,c10,1.5287480652332306,23
7JLK_HLB,2,wt,FoldX,c10,0.8984630999999998,23
7JLK_HLB,2,wt,MM-GBSA,c10,7.154843623956367,23
7JLK_HLB,3,wt,BA-DDG,c11,0.012,23
7JLK_HLB,3,wt,H3,c11,-0.2694,23
7JLK_HLB,3,wt,Pythia,c11,0.376899778842926,23
7JLK_HLB,3,wt,FoldX,c11,2.5619637,23
7JLK_HLB,3,wt,MM-GBSA,c11,5.148340803913925,23
7JLK_HLB,4,wt,BA-DDG,c12,0.187,23
7JLK_HLB,4,wt,H3,c12,1.3263,23
7JLK_HLB,4,wt,Pythia,c12,-0.5775163769721985,23
7JLK_HLB,4,wt,FoldX,c12,2.5558899999999998,23
7JLK_HLB,4,wt,MM-GBSA,c12,3.1769787541188634,23
7JLK_HLB,5,wt,BA-DDG,c13,1.0,23
7JLK_HLB,5,wt,H3,c13,0.7248,23
7JLK_HLB,5,wt,Pythia,c13,1.4509689658880234,23
7JLK_HLB,5,wt,FoldX,c13,3.176512,23
7JLK_HLB,5,wt,MM-GBSA,c13,5.127669809295185,23
7JLK_HLB,1,mean,BA-DDG,c14,-0.453,23
7JLK_HLB,1,mean,H3,c14,-0.018,23
7JLK_HLB,1,mean,Pythia,c14,-0.4175111651420593,23
7JLK_HLB,1,mean,FoldX,c14,0.042417200000000044,23
7JLK_HLB,1,mean,MM-GBSA,c14,5.529237323603411,23
7JLK_HLB,2,mean,BA-DDG,c15,0.11,23
7JLK_HLB,2,mean,H3,c15,0.0842,23
7JLK_HLB,2,mean,Pythia,c15,0.5399673581123352,23
7JLK_HLB,2,mean,FoldX,c15,0.5440874999999998,23
7JLK_HLB,2,mean,MM-GBSA,c15,5.5065608201839495,23
7JLK_HLB,3,mean,BA-DDG,c16,0.184,23
7JLK_HLB,3,mean,H3,c16,-0.5751,23
7JLK_HLB,3,mean,Pythia,c16,-0.5739717483520508,23
7JLK_HLB,3,mean,FoldX,c16,1.4622470500000002,23
7JLK_HLB,3,mean,MM-GBSA,c16,3.4350406305375145,23
7JLK_HLB,4,mean,BA-DDG,c17,-0.014,23
7JLK_HLB,4,mean,H3,c17,-0.2295,23
7JLK_HLB,4,mean,Pythia,c17,1.234922170639038,23
7JLK_HLB,4,mean,FoldX,c17,0.6366160879999994,23
7JLK_HLB,4,mean,MM-GBSA,c17,8.463177923848889,23
7JLK_HLB,5,mean,BA-DDG,c18,0.128,23
7JLK_HLB,5,mean,H3,c18,-0.7379,23
7JLK_HLB,5,mean,Pythia,c18,-0.0481095016002655,23
7JLK_HLB,5,mean,FoldX,c18,0.9967820000000005,23
7JLK_HLB,5,mean,MM-GBSA,c18,4.703557628700764,23
7JLK_HLB,1,cvar50,BA-DDG,c14,-0.453,23
7JLK_HLB,1,cvar50,H3,c14,-0.018,23
7JLK_HLB,1,cvar50,Pythia,c14,-0.4175111651420593,23
7JLK_HLB,1,cvar50,FoldX,c14,0.042417200000000044,23
7JLK_HLB,1,cvar50,MM-GBSA,c14,5.529237323603411,23
7JLK_HLB,2,cvar50,BA-DDG,c19,0.353,23
7JLK_HLB,2,cvar50,H3,c19,-0.9465,23
7JLK_HLB,2,cvar50,Pythia,c19,0.2292182445526123,23
7JLK_HLB,2,cvar50,FoldX,c19,3.6426056000000004,23
7JLK_HLB,2,cvar50,MM-GBSA,c19,8.731615893138041,23
7JLK_HLB,3,cvar50,BA-DDG,c16,0.184,23
7JLK_HLB,3,cvar50,H3,c16,-0.5751,23
7JLK_HLB,3,cvar50,Pythia,c16,-0.5739717483520508,23
7JLK_HLB,3,cvar50,FoldX,c16,1.4622470500000002,23
7JLK_HLB,3,cvar50,MM-GBSA,c16,3.4350406305375145,23
7JLK_HLB,4,cvar50,BA-DDG,c20,0.301,23
7JLK_HLB,4,cvar50,H3,c20,-0.4956,23
7JLK_HLB,4,cvar50,Pythia,c20,0.33806097507476807,23
7JLK_HLB,4,cvar50,FoldX,c20,3.0340190200000006,23
7JLK_HLB,4,cvar50,MM-GBSA,c20,3.607944235985997,23
7JLK_HLB,5,cvar50,BA-DDG,c18,0.128,23
7JLK_HLB,5,cvar50,H3,c18,-0.7379,23
7JLK_HLB,5,cvar50,Pythia,c18,-0.0481095016002655,23
7JLK_HLB,5,cvar50,FoldX,c18,0.9967820000000005,23
7JLK_HLB,5,cvar50,MM-GBSA,c18,4.703557628700764,23
7JLK_HLB,1,cvar20,BA-DDG,c14,-0.453,23
7JLK_HLB,1,cvar20,H3,c14,-0.018,23
7JLK_HLB,1,cvar20,Pythia,c14,-0.4175111651420593,23
7JLK_HLB,1,cvar20,FoldX,c14,0.042417200000000044,23
7JLK_HLB,1,cvar20,MM-GBSA,c14,5.529237323603411,23
7JLK_HLB,2,cvar20,BA-DDG,c19,0.353,23
7JLK_HLB,2,cvar20,H3,c19,-0.9465,23
7JLK_HLB,2,cvar20,Pythia,c19,0.2292182445526123,23
7JLK_HLB,2,cvar20,FoldX,c19,3.6426056000000004,23
7JLK_HLB,2,cvar20,MM-GBSA,c19,8.731615893138041,23
7JLK_HLB,3,cvar20,BA-DDG,c16,0.184,23
7JLK_HLB,3,cvar20,H3,c16,-0.5751,23
7JLK_HLB,3,cvar20,Pythia,c16,-0.5739717483520508,23
7JLK_HLB,3,cvar20,FoldX,c16,1.4622470500000002,23
7JLK_HLB,3,cvar20,MM-GBSA,c16,3.4350406305375145,23
7JLK_HLB,4,cvar20,BA-DDG,c20,0.301,23
7JLK_HLB,4,cvar20,H3,c20,-0.4956,23
7JLK_HLB,4,cvar20,Pythia,c20,0.33806097507476807,23
7JLK_HLB,4,cvar20,FoldX,c20,3.0340190200000006,23
7JLK_HLB,4,cvar20,MM-GBSA,c20,3.607944235985997,23
7JLK_HLB,5,cvar20,BA-DDG,c18,0.128,23
7JLK_HLB,5,cvar20,H3,c18,-0.7379,23
7JLK_HLB,5,cvar20,Pythia,c18,-0.0481095016002655,23
7JLK_HLB,5,cvar20,FoldX,c18,0.9967820000000005,23
7JLK_HLB,5,cvar20,MM-GBSA,c18,4.703557628700764,23
7JLK_HLB,1,max,BA-DDG,c14,-0.453,23
7JLK_HLB,1,max,H3,c14,-0.018,23
7JLK_HLB,1,max,Pythia,c14,-0.4175111651420593,23
7JLK_HLB,1,max,FoldX,c14,0.042417200000000044,23
7JLK_HLB,1,max,MM-GBSA,c14,5.529237323603411,23
7JLK_HLB,2,max,BA-DDG,c19,0.353,23
7JLK_HLB,2,max,H3,c19,-0.9465,23
7JLK_HLB,2,max,Pythia,c19,0.2292182445526123,23
7JLK_HLB,2,max,FoldX,c19,3.6426056000000004,23
7JLK_HLB,2,max,MM-GBSA,c19,8.731615893138041,23
7JLK_HLB,3,max,BA-DDG,c21,0.876,23
7JLK_HLB,3,max,H3,c21,0.7599,23
7JLK_HLB,3,max,Pythia,c21,1.734553337097168,23
7JLK_HLB,3,max,FoldX,c21,3.791472,23
7JLK_HLB,3,max,MM-GBSA,c21,10.772546898846485,23
7JLK_HLB,4,max,BA-DDG,c20,0.301,23
7JLK_HLB,4,max,H3,c20,-0.4956,23
7JLK_HLB,4,max,Pythia,c20,0.33806097507476807,23
7JLK_HLB,4,max,FoldX,c20,3.0340190200000006,23
7JLK_HLB,4,max,MM-GBSA,c20,3.607944235985997,23
7JLK_HLB,5,max,BA-DDG,c18,0.128,23
7JLK_HLB,5,max,H3,c18,-0.7379,23
7JLK_HLB,5,max,Pythia,c18,-0.0481095016002655,23
7JLK_HLB,5,max,FoldX,c18,0.9967820000000005,23
7JLK_HLB,5,max,MM-GBSA,c18,4.703557628700764,23
7MZK_HLA,1,afll,BA-DDG,c0,4.235,28
7MZK_HLA,1,afll,H3,c0,3.6099,28
7MZK_HLA,1,afll,Pythia,c0,13.601823717355728,28
7MZK_HLA,1,afll,FoldX,c0,2.982260000000002,28
7MZK_HLA,1,afll,MM-GBSA,c0,27.771325373487343,28
7MZK_HLA,2,afll,BA-DDG,c1,4.296,28
7MZK_HLA,2,afll,H3,c1,2.2443,28
7MZK_HLA,2,afll,Pythia,c1,12.276770105876494,28
7MZK_HLA,2,afll,FoldX,c1,2.31952,28
7MZK_HLA,2,afll,MM-GBSA,c1,21.613853983455556,28
7MZK_HLA,3,afll,BA-DDG,c1,4.296,28
7MZK_HLA,3,afll,H3,c1,2.2443,28
7MZK_HLA,3,afll,Pythia,c1,12.276770105876494,28
7MZK_HLA,3,afll,FoldX,c1,2.31952,28
7MZK_HLA,3,afll,MM-GBSA,c1,21.613853983455556,28
7MZK_HLA,4,afll,BA-DDG,c1,4.296,28
7MZK_HLA,4,afll,H3,c1,2.2443,28
7MZK_HLA,4,afll,Pythia,c1,12.276770105876494,28
7MZK_HLA,4,afll,FoldX,c1,2.31952,28
7MZK_HLA,4,afll,MM-GBSA,c1,21.613853983455556,28
7MZK_HLA,5,afll,BA-DDG,c2,4.162,28
7MZK_HLA,5,afll,H3,c2,3.5852,28
7MZK_HLA,5,afll,Pythia,c2,14.401357522525359,28
7MZK_HLA,5,afll,FoldX,c2,2.5770700000000026,28
7MZK_HLA,5,afll,MM-GBSA,c2,24.00658926987944,28
7MZK_HLA,1,random,BA-DDG,c3,3.968,28
7MZK_HLA,1,random,H3,c3,2.573,28
7MZK_HLA,1,random,Pythia,c3,11.318292409181595,28
7MZK_HLA,1,random,FoldX,c3,2.9889699999999984,28
7MZK_HLA,1,random,MM-GBSA,c3,29.42765493800289,28
7MZK_HLA,2,random,BA-DDG,c4,3.696,28
7MZK_HLA,2,random,H3,c4,2.6005,28
7MZK_HLA,2,random,Pythia,c4,11.154561907052994,28
7MZK_HLA,2,random,FoldX,c4,2.2271,28
7MZK_HLA,2,random,MM-GBSA,c4,21.07860021887882,28
7MZK_HLA,3,random,BA-DDG,c5,4.183,28
7MZK_HLA,3,random,H3,c5,2.3258,28
7MZK_HLA,3,random,Pythia,c5,12.276770105876494,28
7MZK_HLA,3,random,FoldX,c5,4.005530000000001,28
7MZK_HLA,3,random,MM-GBSA,c5,21.689961830290486,28
7MZK_HLA,4,random,BA-DDG,c6,3.754,28
7MZK_HLA,4,random,H3,c6,1.5561,28
7MZK_HLA,4,random,Pythia,c6,10.364253039762843,28
7MZK_HLA,4,random,FoldX,c6,2.10656,28
7MZK_HLA,4,random,MM-GBSA,c6,16.654462014846104,28
7MZK_HLA,5,random,BA-DDG,c7,4.542,28
7MZK_HLA,5,random,H3,c7,2.4135,28
7MZK_HLA,5,random,Pythia,c7,12.320082893886138,28
7MZK_HLA,5,random,FoldX,c7,2.05039,28
7MZK_HLA,5,random,MM-GBSA,c7,20.182594066459387,28
7MZK_HLA,1,wt,BA-DDG,c8,1.285,28
7MZK_HLA,1,wt,H3,c8,-0.1337,28
7MZK_HLA,1,wt,Pythia,c8,-0.6081273928284645,28
7MZK_HLA,1,wt,FoldX,c8,1.4780800000000003,28
7MZK_HLA,1,wt,MM-GBSA,c8,12.561301052742238,28
7MZK_HLA,2,wt,BA-DDG,c9,1.545,28
7MZK_HLA,2,wt,H3,c9,0.0984,28
7MZK_HLA,2,wt,Pythia,c9,0.6915457472205162,28
7MZK_HLA,2,wt,FoldX,c9,2.039600000000002,28
7MZK_HLA,2,wt,MM-GBSA,c9,17.713958270616786,28
7MZK_HLA,3,wt,BA-DDG,c10,1.271,28
7MZK_HLA,3,wt,H3,c10,0.8768,28
7MZK_HLA,3,wt,Pythia,c10,1.5257363878190517,28
7MZK_HLA,3,wt,FoldX,c10,0.6182400000000001,28
7MZK_HLA,3,wt,MM-GBSA,c10,11.182347125132765,28
7MZK_HLA,4,wt,BA-DDG,c11,1.389,28
7MZK_HLA,4,wt,H3,c11,-0.4721,28
7MZK_HLA,4,wt,Pythia,c11,-3.0881030559539795,28
7MZK_HLA,4,wt,FoldX,c11,0.35397999999999996,28
7MZK_HLA,4,wt,MM-GBSA,c11,8.739004444104467,28
7MZK_HLA,5,wt,BA-DDG,c12,1.266,28
7MZK_HLA,5,wt,H3,c12,-0.1045,28
7MZK_HLA,5,wt,Pythia,c12,1.5299367383122444,28
7MZK_HLA,5,wt,FoldX,c12,1.34253,28
7MZK_HLA,5,wt,MM-GBSA,c12,8.454383432343093,28
7MZK_HLA,1,mean,BA-DDG,c13,0.709,28
7MZK_HLA,1,mean,H3,c13,-0.0123,28
7MZK_HLA,1,mean,Pythia,c13,-0.062417566776275635,28
7MZK_HLA,1,mean,FoldX,c13,1.3052299999999981,28
7MZK_HLA,1,mean,MM-GBSA,c13,12.869592838110293,28
7MZK_HLA,2,mean,BA-DDG,c14,1.13,28
7MZK_HLA,2,mean,H3,c14,-0.2318,28
7MZK_HLA,2,mean,Pythia,c14,-0.8720277827233076,28
7MZK_HLA,2,mean,FoldX,c14,1.7668299999999988,28
7MZK_HLA,2,mean,MM-GBSA,c14,12.197872714927144,28
7MZK_HLA,3,mean,BA-DDG,c15,0.741,28
7MZK_HLA,3,mean,H3,c15,-0.0855,28
7MZK_HLA,3,mean,Pythia,c15,0.48117837496101856,28
7MZK_HLA,3,mean,FoldX,c15,2.2235499999999995,28
7MZK_HLA,3,mean,MM-GBSA,c15,7.100227343379629,28
7MZK_HLA,4,mean,BA-DDG,c11,1.389,28
7MZK_HLA,4,mean,H3,c11,-0.4721,28
7MZK_HLA,4,mean,Pythia,c11,-3.0881030559539795,28
7MZK_HLA,4,mean,FoldX,c11,0.35397999999999996,28
7MZK_HLA,4,mean,MM-GBSA,c11,8.739004444104467,28
7MZK_HLA,5,mean,BA-DDG,c16,1.11,28
7MZK_HLA,5,mean,H3,c16,0.1818,28
7MZK_HLA,5,mean,Pythia,c16,0.7083626538515091,28
7MZK_HLA,5,mean,FoldX,c16,1.3532200000000003,28
7MZK_HLA,5,mean,MM-GBSA,c16,15.91636623534123,28
7MZK_HLA,1,cvar50,BA-DDG,c13,0.709,28
7MZK_HLA,1,cvar50,H3,c13,-0.0123,28
7MZK_HLA,1,cvar50,Pythia,c13,-0.062417566776275635,28
7MZK_HLA,1,cvar50,FoldX,c13,1.3052299999999981,28
7MZK_HLA,1,cvar50,MM-GBSA,c13,12.869592838110293,28
7MZK_HLA,2,cvar50,BA-DDG,c14,1.13,28
7MZK_HLA,2,cvar50,H3,c14,-0.2318,28
7MZK_HLA,2,cvar50,Pythia,c14,-0.8720277827233076,28
7MZK_HLA,2,cvar50,FoldX,c14,1.7668299999999988,28
7MZK_HLA,2,cvar50,MM-GBSA,c14,12.197872714927144,28
7MZK_HLA,3,cvar50,BA-DDG,c15,0.741,28
7MZK_HLA,3,cvar50,H3,c15,-0.0855,28
7MZK_HLA,3,cvar50,Pythia,c15,0.48117837496101856,28
7MZK_HLA,3,cvar50,FoldX,c15,2.2235499999999995,28
7MZK_HLA,3,cvar50,MM-GBSA,c15,7.100227343379629,28
7MZK_HLA,4,cvar50,BA-DDG,c11,1.389,28
7MZK_HLA,4,cvar50,H3,c11,-0.4721,28
7MZK_HLA,4,cvar50,Pythia,c11,-3.0881030559539795,28
7MZK_HLA,4,cvar50,FoldX,c11,0.35397999999999996,28
7MZK_HLA,4,cvar50,MM-GBSA,c11,8.739004444104467,28
7MZK_HLA,5,cvar50,BA-DDG,c17,1.495,28
7MZK_HLA,5,cvar50,H3,c17,-0.0365,28
7MZK_HLA,5,cvar50,Pythia,c17,-1.7360559776425362,28
7MZK_HLA,5,cvar50,FoldX,c17,1.5978900000000014,28
7MZK_HLA,5,cvar50,MM-GBSA,c17,12.172385818365,28
7MZK_HLA,1,cvar20,BA-DDG,c13,0.709,28
7MZK_HLA,1,cvar20,H3,c13,-0.0123,28
7MZK_HLA,1,cvar20,Pythia,c13,-0.062417566776275635,28
7MZK_HLA,1,cvar20,FoldX,c13,1.3052299999999981,28
7MZK_HLA,1,cvar20,MM-GBSA,c13,12.869592838110293,28
7MZK_HLA,2,cvar20,BA-DDG,c14,1.13,28
7MZK_HLA,2,cvar20,H3,c14,-0.2318,28
7MZK_HLA,2,cvar20,Pythia,c14,-0.8720277827233076,28
7MZK_HLA,2,cvar20,FoldX,c14,1.7668299999999988,28
7MZK_HLA,2,cvar20,MM-GBSA,c14,12.197872714927144,28
7MZK_HLA,3,cvar20,BA-DDG,c15,0.741,28
7MZK_HLA,3,cvar20,H3,c15,-0.0855,28
7MZK_HLA,3,cvar20,Pythia,c15,0.48117837496101856,28
7MZK_HLA,3,cvar20,FoldX,c15,2.2235499999999995,28
7MZK_HLA,3,cvar20,MM-GBSA,c15,7.100227343379629,28
7MZK_HLA,4,cvar20,BA-DDG,c11,1.389,28
7MZK_HLA,4,cvar20,H3,c11,-0.4721,28
7MZK_HLA,4,cvar20,Pythia,c11,-3.0881030559539795,28
7MZK_HLA,4,cvar20,FoldX,c11,0.35397999999999996,28
7MZK_HLA,4,cvar20,MM-GBSA,c11,8.739004444104467,28
7MZK_HLA,5,cvar20,BA-DDG,c18,1.173,28
7MZK_HLA,5,cvar20,H3,c18,0.0544,28
7MZK_HLA,5,cvar20,Pythia,c18,0.5094533320516348,28
7MZK_HLA,5,cvar20,FoldX,c18,1.125942000000002,28
7MZK_HLA,5,cvar20,MM-GBSA,c18,11.063527268194775,28
7MZK_HLA,1,max,BA-DDG,c13,0.709,28
7MZK_HLA,1,max,H3,c13,-0.0123,28
7MZK_HLA,1,max,Pythia,c13,-0.062417566776275635,28
7MZK_HLA,1,max,FoldX,c13,1.3052299999999981,28
7MZK_HLA,1,max,MM-GBSA,c13,12.869592838110293,28
7MZK_HLA,2,max,BA-DDG,c14,1.13,28
7MZK_HLA,2,max,H3,c14,-0.2318,28
7MZK_HLA,2,max,Pythia,c14,-0.8720277827233076,28
7MZK_HLA,2,max,FoldX,c14,1.7668299999999988,28
7MZK_HLA,2,max,MM-GBSA,c14,12.197872714927144,28
7MZK_HLA,3,max,BA-DDG,c15,0.741,28
7MZK_HLA,3,max,H3,c15,-0.0855,28
7MZK_HLA,3,max,Pythia,c15,0.48117837496101856,28
7MZK_HLA,3,max,FoldX,c15,2.2235499999999995,28
7MZK_HLA,3,max,MM-GBSA,c15,7.100227343379629,28
7MZK_HLA,4,max,BA-DDG,c11,1.389,28
7MZK_HLA,4,max,H3,c11,-0.4721,28
7MZK_HLA,4,max,Pythia,c11,-3.0881030559539795,28
7MZK_HLA,4,max,FoldX,c11,0.35397999999999996,28
7MZK_HLA,4,max,MM-GBSA,c11,8.739004444104467,28
7MZK_HLA,5,max,BA-DDG,c18,1.173,28
7MZK_HLA,5,max,H3,c18,0.0544,28
7MZK_HLA,5,max,Pythia,c18,0.5094533320516348,28
7MZK_HLA,5,max,FoldX,c18,1.125942000000002,28
7MZK_HLA,5,max,MM-GBSA,c18,11.063527268194775,28
7OR9_HLE,1,afll,BA-DDG,c0,3.295,28
7OR9_HLE,1,afll,H3,c0,2.295,28
7OR9_HLE,1,afll,Pythia,c0,8.297942817211151,28
7OR9_HLE,1,afll,FoldX,c0,5.09859,28
7OR9_HLE,1,afll,MM-GBSA,c0,12.609518787865454,28
7OR9_HLE,2,afll,BA-DDG,c1,3.672,28
7OR9_HLE,2,afll,H3,c1,1.7482,28
7OR9_HLE,2,afll,Pythia,c1,6.887503497302532,28
7OR9_HLE,2,afll,FoldX,c1,2.101935,28
7OR9_HLE,2,afll,MM-GBSA,c1,12.571476608647572,28
7OR9_HLE,3,afll,BA-DDG,c2,4.95,28
7OR9_HLE,3,afll,H3,c2,3.4412,28
7OR9_HLE,3,afll,Pythia,c2,6.229575030505657,28
7OR9_HLE,3,afll,FoldX,c2,2.2501830000000003,28
7OR9_HLE,3,afll,MM-GBSA,c2,13.52586477154091,28
7OR9_HLE,4,afll,BA-DDG,c3,4.831,28
7OR9_HLE,4,afll,H3,c3,3.1298,28
7OR9_HLE,4,afll,Pythia,c3,10.027331540361047,28
7OR9_HLE,4,afll,FoldX,c3,5.1604600000000005,28
7OR9_HLE,4,afll,MM-GBSA,c3,12.123482788924775,28
7OR9_HLE,5,afll,BA-DDG,c4,7.01,28
7OR9_HLE,5,afll,H3,c4,5.2803,28
7OR9_HLE,5,afll,Pythia,c4,13.121212504804134,28
7OR9_HLE,5,afll,FoldX,c4,7.81175,28
7OR9_HLE,5,afll,MM-GBSA,c4,27.685232926919525,28
7OR9_HLE,1,random,BA-DDG,c5,1.621,28
7OR9_HLE,1,random,H3,c5,1.3581,28
7OR9_HLE,1,random,Pythia,c5,2.6216902025043964,28
7OR9_HLE,1,random,FoldX,c5,1.2117110000000006,28
7OR9_HLE,1,random,MM-GBSA,c5,2.8631322178225673,28
7OR9_HLE,2,random,BA-DDG,c6,3.014,28
7OR9_HLE,2,random,H3,c6,2.3813,28
7OR9_HLE,2,random,Pythia,c6,11.936213864013553,28
7OR9_HLE,2,random,FoldX,c6,2.320658,28
7OR9_HLE,2,random,MM-GBSA,c6,9.428098919766853,28
7OR9_HLE,3,random,BA-DDG,c7,3.196,28
7OR9_HLE,3,random,H3,c7,1.9161,28
7OR9_HLE,3,random,Pythia,c7,0.8478935789316893,28
7OR9_HLE,3,random,FoldX,c7,2.6430979999999997,28
7OR9_HLE,3,random,MM-GBSA,c7,14.824655111686297,28
7OR9_HLE,4,random,BA-DDG,c8,4.379,28
7OR9_HLE,4,random,H3,c8,3.8499,28
7OR9_HLE,4,random,Pythia,c8,7.278914093971252,28
7OR9_HLE,4,random,FoldX,c8,0.39986600000000116,28
7OR9_HLE,4,random,MM-GBSA,c8,12.961094549089466,28
7OR9_HLE,5,random,BA-DDG,c9,4.412,28
7OR9_HLE,5,random,H3,c9,3.1843,28
7OR9_HLE,5,random,Pythia,c9,4.094967097043991,28
7OR9_HLE,5,random,FoldX,c9,1.9747690000000007,28
7OR9_HLE,5,random,MM-GBSA,c9,15.358303309139046,28
7OR9_HLE,1,wt,BA-DDG,c10,1.91,28
7OR9_HLE,1,wt,H3,c10,1.2817,28
7OR9_HLE,1,wt,Pythia,c10,-1.3763274867087603,28
7OR9_HLE,1,wt,FoldX,c10,4.96467,28
7OR9_HLE,1,wt,MM-GBSA,c10,15.0265814199729,28
7OR9_HLE,2,wt,BA-DDG,c11,1.445,28
7OR9_HLE,2,wt,H3,c11,-0.2003,28
7OR9_HLE,2,wt,Pythia,c11,-0.9345224499702454,28
7OR9_HLE,2,wt,FoldX,c11,-0.0226999999999995,28
7OR9_HLE,2,wt,MM-GBSA,c11,3.3610137180339734,28
7OR9_HLE,3,wt,BA-DDG,c12,2.872,28
7OR9_HLE,3,wt,H3,c12,2.3439,28
7OR9_HLE,3,wt,Pythia,c12,5.940813988447189,28
7OR9_HLE,3,wt,FoldX,c12,8.694939999999999,28
7OR9_HLE,3,wt,MM-GBSA,c12,15.014978646217969,28
7OR9_HLE,4,wt,BA-DDG,c13,1.496,28
7OR9_HLE,4,wt,H3,c13,1.0651,28
7OR9_HLE,4,wt,Pythia,c13,7.421200178563595,28
7OR9_HLE,4,wt,FoldX,c13,4.18357,28
7OR9_HLE,4,wt,MM-GBSA,c13,3.838797719256945,28
7OR9_HLE,5,wt,BA-DDG,c14,1.285,28
7OR9_HLE,5,wt,H3,c14,0.3868,28
7OR9_HLE,5,wt,Pythia,c14,-1.3335111439228058,28
7OR9_HLE,5,wt,FoldX,c14,1.2602426999999996,28
7OR9_HLE,5,wt,MM-GBSA,c14,14.590564486199582,28
7OR9_HLE,1,mean,BA-DDG,c15,0.787,28
7OR9_HLE,1,mean,H3,c15,1.8218,28
7OR9_HLE,1,mean,Pythia,c15,2.3793737441301346,28
7OR9_HLE,1,mean,FoldX,c15,3.2789300000000003,28
7OR9_HLE,1,mean,MM-GBSA,c15,14.002220538909569,28
7OR9_HLE,2,mean,BA-DDG,c16,0.803,28
7OR9_HLE,2,mean,H3,c16,0.2087,28
7OR9_HLE,2,mean,Pythia,c16,-2.866253972053528,28
7OR9_HLE,2,mean,FoldX,c16,-2.768329999999999,28
7OR9_HLE,2,mean,MM-GBSA,c16,1.4073974093544166,28
7OR9_HLE,3,mean,BA-DDG,c17,0.458,28
7OR9_HLE,3,mean,H3,c17,0.2719,28
7OR9_HLE,3,mean,Pythia,c17,3.6890621464699507,28
7OR9_HLE,3,mean,FoldX,c17,3.38246,28
7OR9_HLE,3,mean,MM-GBSA,c17,3.012677100495239,28
7OR9_HLE,4,mean,BA-DDG,c18,0.811,28
7OR9_HLE,4,mean,H3,c18,0.755,28
7OR9_HLE,4,mean,Pythia,c18,1.827994428575039,28
7OR9_HLE,4,mean,FoldX,c18,-0.37419000000000047,28
7OR9_HLE,4,mean,MM-GBSA,c18,-1.91800533944388,28
7OR9_HLE,5,mean,BA-DDG,c14,1.285,28
7OR9_HLE,5,mean,H3,c14,0.3868,28
7OR9_HLE,5,mean,Pythia,c14,-1.3335111439228058,28
7OR9_HLE,5,mean,FoldX,c14,1.2602426999999996,28
7OR9_HLE,5,mean,MM-GBSA,c14,14.590564486199582,28
7OR9_HLE,1,cvar50,BA-DDG,c15,0.787,28
7OR9_HLE,1,cvar50,H3,c15,1.8218,28
7OR9_HLE,1,cvar50,Pythia,c15,2.3793737441301346,28
7OR9_HLE,1,cvar50,FoldX,c15,3.2789300000000003,28
7OR9_HLE,1,cvar50,MM-GBSA,c15,14.002220538909569,28
7OR9_HLE,2,cvar50,BA-DDG,c19,2.23,28
7OR9_HLE,2,cvar50,H3,c19,1.4594,28
7OR9_HLE,2,cvar50,Pythia,c19,6.001450385898352,28
7OR9_HLE,2,cvar50,FoldX,c19,5.83441,28
7OR9_HLE,2,cvar50,MM-GBSA,c19,14.188130539478152,28
7OR9_HLE,3,cvar50,BA-DDG,c20,1.164,28
7OR9_HLE,3,cvar50,H3,c20,1.1902,28
7OR9_HLE,3,cvar50,Pythia,c20,4.76857328414917,28
7OR9_HLE,3,cvar50,FoldX,c20,1.7900240000000003,28
7OR9_HLE,3,cvar50,MM-GBSA,c20,15.1802069721316,28
7OR9_HLE,4,cvar50,BA-DDG,c21,1.193,28
7OR9_HLE,4,cvar50,H3,c21,0.7994,28
7OR9_HLE,4,cvar50,Pythia,c21,4.530519664287567,28
7OR9_HLE,4,cvar50,FoldX,c21,0.7462699999999991,28
7OR9_HLE,4,cvar50,MM-GBSA,c21,8.893183233452874,28
7OR9_HLE,5,cvar50,BA-DDG,c22,0.571,28
7OR9_HLE,5,cvar50,H3,c22,0.5048,28
7OR9_HLE,5,cvar50,Pythia,c22,1.1859625205397606,28
7OR9_HLE,5,cvar50,FoldX,c22,1.1488520000000007,28
7OR9_HLE,5,cvar50,MM-GBSA,c22,8.996778814588652,28
7OR9_HLE,1,cvar20,BA-DDG,c15,0.787,28
7OR9_HLE,1,cvar20,H3,c15,1.8218,28
7OR9_HLE,1,cvar20,Pythia,c15,2.3793737441301346,28
7OR9_HLE,1,cvar20,FoldX,c15,3.2789300000000003,28
7OR9_HLE,1,cvar20,MM-GBSA,c15,14.002220538909569,28
7OR9_HLE,2,cvar20,BA-DDG,c19,2.23,28
7OR9_HLE,2,cvar20,H3,c19,1.4594,28
7OR9_HLE,2,cvar20,Pythia,c19,6.001450385898352,28
7OR9_HLE,2,cvar20,FoldX,c19,5.83441,28
7OR9_HLE,2,cvar20,MM-GBSA,c19,14.188130539478152,28
7OR9_HLE,3,cvar20,BA-DDG,c20,1.164,28
7OR9_HLE,3,cvar20,H3,c20,1.1902,28
7OR9_HLE,3,cvar20,Pythia,c20,4.76857328414917,28
7OR9_HLE,3,cvar20,FoldX,c20,1.7900240000000003,28
7OR9_HLE,3,cvar20,MM-GBSA,c20,15.1802069721316,28
7OR9_HLE,4,cvar20,BA-DDG,c21,1.193,28
7OR9_HLE,4,cvar20,H3,c21,0.7994,28
7OR9_HLE,4,cvar20,Pythia,c21,4.530519664287567,28
7OR9_HLE,4,cvar20,FoldX,c21,0.7462699999999991,28
7OR9_HLE,4,cvar20,MM-GBSA,c21,8.893183233452874,28
7OR9_HLE,5,cvar20,BA-DDG,c22,0.571,28
7OR9_HLE,5,cvar20,H3,c22,0.5048,28
7OR9_HLE,5,cvar20,Pythia,c22,1.1859625205397606,28
7OR9_HLE,5,cvar20,FoldX,c22,1.1488520000000007,28
7OR9_HLE,5,cvar20,MM-GBSA,c22,8.996778814588652,28
7OR9_HLE,1,max,BA-DDG,c23,2.01,28
7OR9_HLE,1,max,H3,c23,1.0217,28
7OR9_HLE,1,max,Pythia,c23,7.8516780361533165,28
7OR9_HLE,1,max,FoldX,c23,1.6631040000000006,28
7OR9_HLE,1,max,MM-GBSA,c23,16.339590094650703,28
7OR9_HLE,2,max,BA-DDG,c19,2.23,28
7OR9_HLE,2,max,H3,c19,1.4594,28
7OR9_HLE,2,max,Pythia,c19,6.001450385898352,28
7OR9_HLE,2,max,FoldX,c19,5.83441,28
7OR9_HLE,2,max,MM-GBSA,c19,14.188130539478152,28
7OR9_HLE,3,max,BA-DDG,c20,1.164,28
7OR9_HLE,3,max,H3,c20,1.1902,28
7OR9_HLE,3,max,Pythia,c20,4.76857328414917,28
7OR9_HLE,3,max,FoldX,c20,1.7900240000000003,28
7OR9_HLE,3,max,MM-GBSA,c20,15.1802069721316,28
7OR9_HLE,4,max,BA-DDG,c21,1.193,28
7OR9_HLE,4,max,H3,c21,0.7994,28
7OR9_HLE,4,max,Pythia,c21,4.530519664287567,28
7OR9_HLE,4,max,FoldX,c21,0.7462699999999991,28
7OR9_HLE,4,max,MM-GBSA,c21,8.893183233452874,28
7OR9_HLE,5,max,BA-DDG,c22,0.571,28
7OR9_HLE,5,max,H3,c22,0.5048,28
7OR9_HLE,5,max,Pythia,c22,1.1859625205397606,28
7OR9_HLE,5,max,FoldX,c22,1.1488520000000007,28
7OR9_HLE,5,max,MM-GBSA,c22,8.996778814588652,28
7STZ_HLC,1,afll,BA-DDG,c0,1.033,24
7STZ_HLC,1,afll,H3,c0,0.3587,24
7STZ_HLC,1,afll,Pythia,c0,-1.1906678676605225,24
7STZ_HLC,1,afll,FoldX,c0,1.672699999999999,24
7STZ_HLC,1,afll,MM-GBSA,c0,11.589145509868104,24
7STZ_HLC,2,afll,BA-DDG,c1,1.008,24
7STZ_HLC,2,afll,H3,c1,1.3976,24
7STZ_HLC,2,afll,Pythia,c1,0.3434804677963257,24
7STZ_HLC,2,afll,FoldX,c1,2.2397800000000014,24
7STZ_HLC,2,afll,MM-GBSA,c1,13.368869440579147,24
7STZ_HLC,3,afll,BA-DDG,c2,1.0,24
7STZ_HLC,3,afll,H3,c2,1.9073,24
7STZ_HLC,3,afll,Pythia,c2,0.8180761188268661,24
7STZ_HLC,3,afll,FoldX,c2,1.6260200000000005,24
7STZ_HLC,3,afll,MM-GBSA,c2,8.126542928610434,24
7STZ_HLC,4,afll,BA-DDG,c2,1.0,24
7STZ_HLC,4,afll,H3,c2,1.9073,24
7STZ_HLC,4,afll,Pythia,c2,0.8180761188268661,24
7STZ_HLC,4,afll,FoldX,c2,1.6260200000000005,24
7STZ_HLC,4,afll,MM-GBSA,c2,8.126542928610434,24
7STZ_HLC,5,afll,BA-DDG,c2,1.0,24
7STZ_HLC,5,afll,H3,c2,1.9073,24
7STZ_HLC,5,afll,Pythia,c2,0.8180761188268661,24
7STZ_HLC,5,afll,FoldX,c2,1.6260200000000005,24
7STZ_HLC,5,afll,MM-GBSA,c2,8.126542928610434,24
7STZ_HLC,1,random,BA-DDG,c3,4.621,24
7STZ_HLC,1,random,H3,c3,3.9781,24
7STZ_HLC,1,random,Pythia,c3,8.435376167297363,24
7STZ_HLC,1,random,FoldX,c3,4.5662,24
7STZ_HLC,1,random,MM-GBSA,c3,18.791693090224726,24
7STZ_HLC,2,random,BA-DDG,c4,1.187,24
7STZ_HLC,2,random,H3,c4,1.5972,24
7STZ_HLC,2,random,Pythia,c4,0.8107613325119019,24
7STZ_HLC,2,random,FoldX,c4,1.8494099999999989,24
7STZ_HLC,2,random,MM-GBSA,c4,7.730166641154938,24
7STZ_HLC,3,random,BA-DDG,c5,2.716,24
7STZ_HLC,3,random,H3,c5,2.489,24
7STZ_HLC,3,random,Pythia,c5,9.367683351039886,24
7STZ_HLC,3,random,FoldX,c5,4.604489999999998,24
7STZ_HLC,3,random,MM-GBSA,c5,17.132482447701477,24
7STZ_HLC,4,random,BA-DDG,c6,1.703,24
7STZ_HLC,4,random,H3,c6,2.4915,24
7STZ_HLC,4,random,Pythia,c6,0.5105570051819086,24
7STZ_HLC,4,random,FoldX,c6,0.877930000000001,24
7STZ_HLC,4,random,MM-GBSA,c6,1745.6118202425423,24
7STZ_HLC,5,random,BA-DDG,c7,1.474,24
7STZ_HLC,5,random,H3,c7,2.3531,24
7STZ_HLC,5,random,Pythia,c7,1.5387668330222368,24
7STZ_HLC,5,random,FoldX,c7,1.1825500000000009,24
7STZ_HLC,5,random,MM-GBSA,c7,7.327763524423062,24
7STZ_HLC,1,wt,BA-DDG,c8,1.185,24
7STZ_HLC,1,wt,H3,c8,0.5392,24
7STZ_HLC,1,wt,Pythia,c8,0.33913493156433105,24
7STZ_HLC,1,wt,FoldX,c8,1.6912100000000017,24
7STZ_HLC,1,wt,MM-GBSA,c8,8.37878715628176,24
7STZ_HLC,2,wt,BA-DDG,c9,0.24,24
7STZ_HLC,2,wt,H3,c9,-0.1768,24
7STZ_HLC,2,wt,Pythia,c9,-0.04507514834403992,24
7STZ_HLC,2,wt,FoldX,c9,0.25340000000000096,24
7STZ_HLC,2,wt,MM-GBSA,c9,5.011148404984851,24
7STZ_HLC,3,wt,BA-DDG,c10,0.774,24
7STZ_HLC,3,wt,H3,c10,0.0899,24
7STZ_HLC,3,wt,Pythia,c10,-0.38343802094459534,24
7STZ_HLC,3,wt,FoldX,c10,1.9216100000000012,24
7STZ_HLC,3,wt,MM-GBSA,c10,12.781558126895106,24
7STZ_HLC,4,wt,BA-DDG,c11,0.903,24
7STZ_HLC,4,wt,H3,c11,0.1751,24
7STZ_HLC,4,wt,Pythia,c11,0.39724233746528625,24
7STZ_HLC,4,wt,FoldX,c11,1.210280000000001,24
7STZ_HLC,4,wt,MM-GBSA,c11,9.783446370827733,24
7STZ_HLC,5,wt,BA-DDG,c12,1.512,24
7STZ_HLC,5,wt,H3,c12,0.9725,24
7STZ_HLC,5,wt,Pythia,c12,0.0006955265998840332,24
7STZ_HLC,5,wt,FoldX,c12,2.679870000000001,24
7STZ_HLC,5,wt,MM-GBSA,c12,10.796390925988817,24
7STZ_HLC,1,mean,BA-DDG,c13,0.825,24
7STZ_HLC,1,mean,H3,c13,-0.204,24
7STZ_HLC,1,mean,Pythia,c13,-1.152357041835785,24
7STZ_HLC,1,mean,FoldX,c13,2.4533200000000006,24
7STZ_HLC,1,mean,MM-GBSA,c13,8.304296298189001,24
7STZ_HLC,2,mean,BA-DDG,c14,0.784,24
7STZ_HLC,2,mean,H3,c14,1.0078,24
7STZ_HLC,2,mean,Pythia,c14,0.80557931214571,24
7STZ_HLC,2,mean,FoldX,c14,1.7013700000000007,24
7STZ_HLC,2,mean,MM-GBSA,c14,8.706072145690996,24
7STZ_HLC,3,mean,BA-DDG,c15,0.736,24
7STZ_HLC,3,mean,H3,c15,1.2435,24
7STZ_HLC,3,mean,Pythia,c15,0.449308343231678,24
7STZ_HLC,3,mean,FoldX,c15,2.0077100000000003,24
7STZ_HLC,3,mean,MM-GBSA,c15,4.898520513310359,24
7STZ_HLC,4,mean,BA-DDG,c16,0.246,24
7STZ_HLC,4,mean,H3,c16,-0.4634,24
7STZ_HLC,4,mean,Pythia,c16,-1.3212575912475586,24
7STZ_HLC,4,mean,FoldX,c16,1.2383200000000016,24
7STZ_HLC,4,mean,MM-GBSA,c16,5.150559875786712,24
7STZ_HLC,5,mean,BA-DDG,c17,1.511,24
7STZ_HLC,5,mean,H3,c17,0.7105,24
7STZ_HLC,5,mean,Pythia,c17,-0.011124365031719208,24
7STZ_HLC,5,mean,FoldX,c17,1.3479100000000006,24
7STZ_HLC,5,mean,MM-GBSA,c17,2.6560565536274225,24
7STZ_HLC,1,cvar50,BA-DDG,c18,1.176,24
7STZ_HLC,1,cvar50,H3,c18,1.6502,24
7STZ_HLC,1,cvar50,Pythia,c18,2.306675061583519,24
7STZ_HLC,1,cvar50,FoldX,c18,1.8725799999999992,24
7STZ_HLC,1,cvar50,MM-GBSA,c18,2.1711288634141965,24
7STZ_HLC,2,cvar50,BA-DDG,c14,0.784,24
7STZ_HLC,2,cvar50,H3,c14,1.0078,24
7STZ_HLC,2,cvar50,Pythia,c14,0.80557931214571,24
7STZ_HLC,2,cvar50,FoldX,c14,1.7013700000000007,24
7STZ_HLC,2,cvar50,MM-GBSA,c14,8.706072145690996,24
7STZ_HLC,3,cvar50,BA-DDG,c19,0.981,24
7STZ_HLC,3,cvar50,H3,c19,0.0341,24
7STZ_HLC,3,cvar50,Pythia,c19,-0.1574774980545044,24
7STZ_HLC,3,cvar50,FoldX,c19,0.7206700000000019,24
7STZ_HLC,3,cvar50,MM-GBSA,c19,9.37528773602753,24
7STZ_HLC,4,cvar50,BA-DDG,c16,0.246,24
7STZ_HLC,4,cvar50,H3,c16,-0.4634,24
7STZ_HLC,4,cvar50,Pythia,c16,-1.3212575912475586,24
7STZ_HLC,4,cvar50,FoldX,c16,1.2383200000000016,24
7STZ_HLC,4,cvar50,MM-GBSA,c16,5.150559875786712,24
7STZ_HLC,5,cvar50,BA-DDG,c20,1.099,24
7STZ_HLC,5,cvar50,H3,c20,1.8255,24
7STZ_HLC,5,cvar50,Pythia,c20,1.9333156794309616,24
7STZ_HLC,5,cvar50,FoldX,c20,1.6775200000000012,24
7STZ_HLC,5,cvar50,MM-GBSA,c20,10.810961451352341,24
7STZ_HLC,1,cvar20,BA-DDG,c18,1.176,24
7STZ_HLC,1,cvar20,H3,c18,1.6502,24
7STZ_HLC,1,cvar20,Pythia,c18,2.306675061583519,24
7STZ_HLC,1,cvar20,FoldX,c18,1.8725799999999992,24
7STZ_HLC,1,cvar20,MM-GBSA,c18,2.1711288634141965,24
7STZ_HLC,2,cvar20,BA-DDG,c14,0.784,24
7STZ_HLC,2,cvar20,H3,c14,1.0078,24
7STZ_HLC,2,cvar20,Pythia,c14,0.80557931214571,24
7STZ_HLC,2,cvar20,FoldX,c14,1.7013700000000007,24
7STZ_HLC,2,cvar20,MM-GBSA,c14,8.706072145690996,24
7STZ_HLC,3,cvar20,BA-DDG,c19,0.981,24
7STZ_HLC,3,cvar20,H3,c19,0.0341,24
7STZ_HLC,3,cvar20,Pythia,c19,-0.1574774980545044,24
7STZ_HLC,3,cvar20,FoldX,c19,0.7206700000000019,24
7STZ_HLC,3,cvar20,MM-GBSA,c19,9.37528773602753,24
7STZ_HLC,4,cvar20,BA-DDG,c21,1.047,24
7STZ_HLC,4,cvar20,H3,c21,0.9623,24
7STZ_HLC,4,cvar20,Pythia,c21,1.49867844581604,24
7STZ_HLC,4,cvar20,FoldX,c21,1.8177900000000005,24
7STZ_HLC,4,cvar20,MM-GBSA,c21,10.982160328199825,24
7STZ_HLC,5,cvar20,BA-DDG,c20,1.099,24
7STZ_HLC,5,cvar20,H3,c20,1.8255,24
7STZ_HLC,5,cvar20,Pythia,c20,1.9333156794309616,24
7STZ_HLC,5,cvar20,FoldX,c20,1.6775200000000012,24
7STZ_HLC,5,cvar20,MM-GBSA,c20,10.810961451352341,24
7STZ_HLC,1,max,BA-DDG,c22,1.027,24
7STZ_HLC,1,max,H3,c22,1.7743,24
7STZ_HLC,1,max,Pythia,c22,2.1710994094610214,24
7STZ_HLC,1,max,FoldX,c22,2.571480000000001,24
7STZ_HLC,1,max,MM-GBSA,c22,16.273626809103007,24
7STZ_HLC,2,max,BA-DDG,c14,0.784,24
7STZ_HLC,2,max,H3,c14,1.0078,24
7STZ_HLC,2,max,Pythia,c14,0.80557931214571,24
7STZ_HLC,2,max,FoldX,c14,1.7013700000000007,24
7STZ_HLC,2,max,MM-GBSA,c14,8.706072145690996,24
7STZ_HLC,3,max,BA-DDG,c19,0.981,24
7STZ_HLC,3,max,H3,c19,0.0341,24
7STZ_HLC,3,max,Pythia,c19,-0.1574774980545044,24
7STZ_HLC,3,max,FoldX,c19,0.7206700000000019,24
7STZ_HLC,3,max,MM-GBSA,c19,9.37528773602753,24
7STZ_HLC,4,max,BA-DDG,c21,1.047,24
7STZ_HLC,4,max,H3,c21,0.9623,24
7STZ_HLC,4,max,Pythia,c21,1.49867844581604,24
7STZ_HLC,4,max,FoldX,c21,1.8177900000000005,24
7STZ_HLC,4,max,MM-GBSA,c21,10.982160328199825,24
7STZ_HLC,5,max,BA-DDG,c20,1.099,24
7STZ_HLC,5,max,H3,c20,1.8255,24
7STZ_HLC,5,max,Pythia,c20,1.9333156794309616,24
7STZ_HLC,5,max,FoldX,c20,1.6775200000000012,24
7STZ_HLC,5,max,MM-GBSA,c20,10.810961451352341,24
7TBF_HLA,1,afll,BA-DDG,c0,0.466,28
7TBF_HLA,1,afll,H3,c0,0.0444,28
7TBF_HLA,1,afll,Pythia,c0,0.8608365058898926,28
7TBF_HLA,1,afll,FoldX,c0,1.8766500000000002,28
7TBF_HLA,1,afll,MM-GBSA,c0,4.584074497426627,28
7TBF_HLA,2,afll,BA-DDG,c0,0.466,28
7TBF_HLA,2,afll,H3,c0,0.0444,28
7TBF_HLA,2,afll,Pythia,c0,0.8608365058898926,28
7TBF_HLA,2,afll,FoldX,c0,1.8766500000000002,28
7TBF_HLA,2,afll,MM-GBSA,c0,4.584074497426627,28
7TBF_HLA,3,afll,BA-DDG,c0,0.466,28
7TBF_HLA,3,afll,H3,c0,0.0444,28
7TBF_HLA,3,afll,Pythia,c0,0.8608365058898926,28
7TBF_HLA,3,afll,FoldX,c0,1.8766500000000002,28
7TBF_HLA,3,afll,MM-GBSA,c0,4.584074497426627,28
7TBF_HLA,4,afll,BA-DDG,c0,0.466,28
7TBF_HLA,4,afll,H3,c0,0.0444,28
7TBF_HLA,4,afll,Pythia,c0,0.8608365058898926,28
7TBF_HLA,4,afll,FoldX,c0,1.8766500000000002,28
7TBF_HLA,4,afll,MM-GBSA,c0,4.584074497426627,28
7TBF_HLA,5,afll,BA-DDG,c0,0.466,28
7TBF_HLA,5,afll,H3,c0,0.0444,28
7TBF_HLA,5,afll,Pythia,c0,0.8608365058898926,28
7TBF_HLA,5,afll,FoldX,c0,1.8766500000000002,28
7TBF_HLA,5,afll,MM-GBSA,c0,4.584074497426627,28
7TBF_HLA,1,random,BA-DDG,c1,1.202,28
7TBF_HLA,1,random,H3,c1,1.6588,28
7TBF_HLA,1,random,Pythia,c1,4.127029150724411,28
7TBF_HLA,1,random,FoldX,c1,0.33960999999999997,28
7TBF_HLA,1,random,MM-GBSA,c1,14.61518411900579,28
7TBF_HLA,2,random,BA-DDG,c2,1.093,28
7TBF_HLA,2,random,H3,c2,1.1233,28
7TBF_HLA,2,random,Pythia,c2,1.9416217245161533,28
7TBF_HLA,2,random,FoldX,c2,1.0917781,28
7TBF_HLA,2,random,MM-GBSA,c2,5.918751039919698,28
7TBF_HLA,3,random,BA-DDG,c3,0.487,28
7TBF_HLA,3,random,H3,c3,0.0413,28
7TBF_HLA,3,random,Pythia,c3,0.8688479736447334,28
7TBF_HLA,3,random,FoldX,c3,1.06109,28
7TBF_HLA,3,random,MM-GBSA,c3,12.748858435213151,28
7TBF_HLA,4,random,BA-DDG,c4,0.73,28
7TBF_HLA,4,random,H3,c4,1.0357,28
7TBF_HLA,4,random,Pythia,c4,-0.8765462264418602,28
7TBF_HLA,4,random,FoldX,c4,0.5680200000000006,28
7TBF_HLA,4,random,MM-GBSA,c4,13.363742448004814,28
7TBF_HLA,5,random,BA-DDG,c5,1.077,28
7TBF_HLA,5,random,H3,c5,1.529,28
7TBF_HLA,5,random,Pythia,c5,4.7791301012039185,28
7TBF_HLA,5,random,FoldX,c5,2.963239,28
7TBF_HLA,5,random,MM-GBSA,c5,12.519521834640727,28
7TBF_HLA,1,wt,BA-DDG,c6,0.214,28
7TBF_HLA,1,wt,H3,c6,0.4153,28
7TBF_HLA,1,wt,Pythia,c6,3.8276853561401367,28
7TBF_HLA,1,wt,FoldX,c6,1.612732,28
7TBF_HLA,1,wt,MM-GBSA,c6,8.235726860510113,28
7TBF_HLA,2,wt,BA-DDG,c6,0.214,28
7TBF_HLA,2,wt,H3,c6,0.4153,28
7TBF_HLA,2,wt,Pythia,c6,3.8276853561401367,28
7TBF_HLA,2,wt,FoldX,c6,1.612732,28
7TBF_HLA,2,wt,MM-GBSA,c6,8.235726860510113,28
7TBF_HLA,3,wt,BA-DDG,c7,0.449,28
7TBF_HLA,3,wt,H3,c7,0.4421,28
7TBF_HLA,3,wt,Pythia,c7,3.1942878365516663,28
7TBF_HLA,3,wt,FoldX,c7,3.600138,28
7TBF_HLA,3,wt,MM-GBSA,c7,6.5961707669375755,28
7TBF_HLA,4,wt,BA-DDG,c8,0.275,28
7TBF_HLA,4,wt,H3,c8,0.4944,28
7TBF_HLA,4,wt,Pythia,c8,3.4859220385551453,28
7TBF_HLA,4,wt,FoldX,c8,3.580444,28
7TBF_HLA,4,wt,MM-GBSA,c8,8.140868959471845,28
7TBF_HLA,5,wt,BA-DDG,c9,0.262,28
7TBF_HLA,5,wt,H3,c9,-0.0188,28
7TBF_HLA,5,wt,Pythia,c9,0.10737991333007812,28
7TBF_HLA,5,wt,FoldX,c9,0.7881500000000008,28
7TBF_HLA,5,wt,MM-GBSA,c9,8.892133776785158,28
7TBF_HLA,1,mean,BA-DDG,c10,0.791,28
7TBF_HLA,1,mean,H3,c10,0.6856,28
7TBF_HLA,1,mean,Pythia,c10,2.8910087198019028,28
7TBF_HLA,1,mean,FoldX,c10,1.0951992,28
7TBF_HLA,1,mean,MM-GBSA,c10,7.932648341906315,28
7TBF_HLA,2,mean,BA-DDG,c11,1.13,28
7TBF_HLA,2,mean,H3,c11,0.5516,28
7TBF_HLA,2,mean,Pythia,c11,2.9843915700912476,28
7TBF_HLA,2,mean,FoldX,c11,1.913925,28
7TBF_HLA,2,mean,MM-GBSA,c11,13.815306244634485,28
7TBF_HLA,3,mean,BA-DDG,c7,0.449,28
7TBF_HLA,3,mean,H3,c7,0.4421,28
7TBF_HLA,3,mean,Pythia,c7,3.1942878365516663,28
7TBF_HLA,3,mean,FoldX,c7,3.600138,28
7TBF_HLA,3,mean,MM-GBSA,c7,6.5961707669375755,28
7TBF_HLA,4,mean,BA-DDG,c12,0.374,28
7TBF_HLA,4,mean,H3,c12,0.8527,28
7TBF_HLA,4,mean,Pythia,c12,3.3087317943573,28
7TBF_HLA,4,mean,FoldX,c12,2.0478270000000003,28
7TBF_HLA,4,mean,MM-GBSA,c12,8.018370505078565,28
7TBF_HLA,5,mean,BA-DDG,c13,0.476,28
7TBF_HLA,5,mean,H3,c13,0.4207,28
7TBF_HLA,5,mean,Pythia,c13,3.4874652698636055,28
7TBF_HLA,5,mean,FoldX,c13,3.061624,28
7TBF_HLA,5,mean,MM-GBSA,c13,14.237377600384207,28
7TBF_HLA,1,cvar50,BA-DDG,c14,0.562,28
7TBF_HLA,1,cvar50,H3,c14,0.3884,28
7TBF_HLA,1,cvar50,Pythia,c14,2.787660464644432,28
7TBF_HLA,1,cvar50,FoldX,c14,1.012496,28
7TBF_HLA,1,cvar50,MM-GBSA,c14,9.566122413380981,28
7TBF_HLA,2,cvar50,BA-DDG,c11,1.13,28
7TBF_HLA,2,cvar50,H3,c11,0.5516,28
7TBF_HLA,2,cvar50,Pythia,c11,2.9843915700912476,28
7TBF_HLA,2,cvar50,FoldX,c11,1.913925,28
7TBF_HLA,2,cvar50,MM-GBSA,c11,13.815306244634485,28
7TBF_HLA,3,cvar50,BA-DDG,c15,0.539,28
7TBF_HLA,3,cvar50,H3,c15,0.342,28
7TBF_HLA,3,cvar50,Pythia,c15,1.9728764668107033,28
7TBF_HLA,3,cvar50,FoldX,c15,1.1060210000000001,28
7TBF_HLA,3,cvar50,MM-GBSA,c15,7.641395530217778,28
7TBF_HLA,4,cvar50,BA-DDG,c16,0.549,28
7TBF_HLA,4,cvar50,H3,c16,0.7792,28
7TBF_HLA,4,cvar50,Pythia,c16,3.157382547855377,28
7TBF_HLA,4,cvar50,FoldX,c16,3.619317,28
7TBF_HLA,4,cvar50,MM-GBSA,c16,13.656723924527796,28
7TBF_HLA,5,cvar50,BA-DDG,c14,0.562,28
7TBF_HLA,5,cvar50,H3,c14,0.3884,28
7TBF_HLA,5,cvar50,Pythia,c14,2.787660464644432,28
7TBF_HLA,5,cvar50,FoldX,c14,1.012496,28
7TBF_HLA,5,cvar50,MM-GBSA,c14,9.566122413380981,28
7TBF_HLA,1,cvar20,BA-DDG,c14,0.562,28
7TBF_HLA,1,cvar20,H3,c14,0.3884,28
7TBF_HLA,1,cvar20,Pythia,c14,2.787660464644432,28
7TBF_HLA,1,cvar20,FoldX,c14,1.012496,28
7TBF_HLA,1,cvar20,MM-GBSA,c14,9.566122413380981,28
7TBF_HLA,2,cvar20,BA-DDG,c11,1.13,28
7TBF_HLA,2,cvar20,H3,c11,0.5516,28
7TBF_HLA,2,cvar20,Pythia,c11,2.9843915700912476,28
7TBF_HLA,2,cvar20,FoldX,c11,1.913925,28
7TBF_HLA,2,cvar20,MM-GBSA,c11,13.815306244634485,28
7TBF_HLA,3,cvar20,BA-DDG,c15,0.539,28
7TBF_HLA,3,cvar20,H3,c15,0.342,28
7TBF_HLA,3,cvar20,Pythia,c15,1.9728764668107033,28
7TBF_HLA,3,cvar20,FoldX,c15,1.1060210000000001,28
7TBF_HLA,3,cvar20,MM-GBSA,c15,7.641395530217778,28
7TBF_HLA,4,cvar20,BA-DDG,c16,0.549,28
7TBF_HLA,4,cvar20,H3,c16,0.7792,28
7TBF_HLA,4,cvar20,Pythia,c16,3.157382547855377,28
7TBF_HLA,4,cvar20,FoldX,c16,3.619317,28
7TBF_HLA,4,cvar20,MM-GBSA,c16,13.656723924527796,28
7TBF_HLA,5,cvar20,BA-DDG,c17,0.223,28
7TBF_HLA,5,cvar20,H3,c17,0.6614,28
7TBF_HLA,5,cvar20,Pythia,c17,3.345637083053589,28
7TBF_HLA,5,cvar20,FoldX,c17,2.949494,28
7TBF_HLA,5,cvar20,MM-GBSA,c17,8.115651775479819,28
7TBF_HLA,1,max,BA-DDG,c14,0.562,28
7TBF_HLA,1,max,H3,c14,0.3884,28
7TBF_HLA,1,max,Pythia,c14,2.787660464644432,28
7TBF_HLA,1,max,FoldX,c14,1.012496,28
7TBF_HLA,1,max,MM-GBSA,c14,9.566122413380981,28
7TBF_HLA,2,max,BA-DDG,c11,1.13,28
7TBF_HLA,2,max,H3,c11,0.5516,28
7TBF_HLA,2,max,Pythia,c11,2.9843915700912476,28
7TBF_HLA,2,max,FoldX,c11,1.913925,28
7TBF_HLA,2,max,MM-GBSA,c11,13.815306244634485,28
7TBF_HLA,3,max,BA-DDG,c15,0.539,28
7TBF_HLA,3,max,H3,c15,0.342,28
7TBF_HLA,3,max,Pythia,c15,1.9728764668107033,28
7TBF_HLA,3,max,FoldX,c15,1.1060210000000001,28
7TBF_HLA,3,max,MM-GBSA,c15,7.641395530217778,28
7TBF_HLA,4,max,BA-DDG,c16,0.549,28
7TBF_HLA,4,max,H3,c16,0.7792,28
7TBF_HLA,4,max,Pythia,c16,3.157382547855377,28
7TBF_HLA,4,max,FoldX,c16,3.619317,28
7TBF_HLA,4,max,MM-GBSA,c16,13.656723924527796,28
7TBF_HLA,5,max,BA-DDG,c17,0.223,28
7TBF_HLA,5,max,H3,c17,0.6614,28
7TBF_HLA,5,max,Pythia,c17,3.345637083053589,28
7TBF_HLA,5,max,FoldX,c17,2.949494,28
7TBF_HLA,5,max,MM-GBSA,c17,8.115651775479819,28
7TTX_HLA,1,afll,BA-DDG,c0,0.194,25
7TTX_HLA,1,afll,H3,c0,-0.2705,25
7TTX_HLA,1,afll,Pythia,c0,0.18983689323067665,25
7TTX_HLA,1,afll,FoldX,c0,-0.7792469999999998,25
7TTX_HLA,1,afll,MM-GBSA,c0,12.506965078866415,25
7TTX_HLA,2,afll,BA-DDG,c1,3.762,25
7TTX_HLA,2,afll,H3,c1,1.7954,25
7TTX_HLA,2,afll,Pythia,c1,0.6148128174245358,25
7TTX_HLA,2,afll,FoldX,c1,0.5593599999999999,25
7TTX_HLA,2,afll,MM-GBSA,c1,11.999283024029864,25
7TTX_HLA,3,afll,BA-DDG,c2,2.514,25
7TTX_HLA,3,afll,H3,c2,1.3181,25
7TTX_HLA,3,afll,Pythia,c2,8.602666705381125,25
7TTX_HLA,3,afll,FoldX,c2,-0.11159799999999898,25
7TTX_HLA,3,afll,MM-GBSA,c2,17.433893957879263,25
7TTX_HLA,4,afll,BA-DDG,c3,3.607,25
7TTX_HLA,4,afll,H3,c3,3.1656,25
7TTX_HLA,4,afll,Pythia,c3,3.5786983813159168,25
7TTX_HLA,4,afll,FoldX,c3,1.2497300000000005,25
7TTX_HLA,4,afll,MM-GBSA,c3,8.978069128746029,25
7TTX_HLA,5,afll,BA-DDG,c4,-0.088,25
7TTX_HLA,5,afll,H3,c4,0.1161,25
7TTX_HLA,5,afll,Pythia,c4,-3.098023783415556,25
7TTX_HLA,5,afll,FoldX,c4,-0.30662199999999906,25
7TTX_HLA,5,afll,MM-GBSA,c4,16.812773550987913,25
7TTX_HLA,1,random,BA-DDG,c5,5.956,25
7TTX_HLA,1,random,H3,c5,3.4143,25
7TTX_HLA,1,random,Pythia,c5,2.609520722180605,25
7TTX_HLA,1,random,FoldX,c5,0.3339010000000009,25
7TTX_HLA,1,random,MM-GBSA,c5,14.751141659960922,25
7TTX_HLA,2,random,BA-DDG,c6,3.094,25
7TTX_HLA,2,random,H3,c6,0.9183,25
7TTX_HLA,2,random,Pythia,c6,2.744354832917452,25
7TTX_HLA,2,random,FoldX,c6,0.33467999999999876,25
7TTX_HLA,2,random,MM-GBSA,c6,11.827197488753882,25
7TTX_HLA,3,random,BA-DDG,c7,3.705,25
7TTX_HLA,3,random,H3,c7,3.4265,25
7TTX_HLA,3,random,Pythia,c7,3.6715277582406998,25
7TTX_HLA,3,random,FoldX,c7,1.8595500000000005,25
7TTX_HLA,3,random,MM-GBSA,c7,11.089457538463648,25
7TTX_HLA,4,random,BA-DDG,c8,6.02,25
7TTX_HLA,4,random,H3,c8,3.7906,25
7TTX_HLA,4,random,Pythia,c8,7.679864440113306,25
7TTX_HLA,4,random,FoldX,c8,0.07153900000000135,25
7TTX_HLA,4,random,MM-GBSA,c8,5.885894283214839,25
7TTX_HLA,5,random,BA-DDG,c9,4.703,25
7TTX_HLA,5,random,H3,c9,4.8687,25
7TTX_HLA,5,random,Pythia,c9,18.943532079458237,25
7TTX_HLA,5,random,FoldX,c9,-0.01158999999999999,25
7TTX_HLA,5,random,MM-GBSA,c9,20.091200584373837,25
7TTX_HLA,1,wt,BA-DDG,c10,1.016,25
7TTX_HLA,1,wt,H3,c10,0.0576,25
7TTX_HLA,1,wt,Pythia,c10,0.10801257565617561,25
7TTX_HLA,1,wt,FoldX,c10,-0.7124199999999998,25
7TTX_HLA,1,wt,MM-GBSA,c10,9.453660793942618,25
7TTX_HLA,2,wt,BA-DDG,c11,-0.562,25
7TTX_HLA,2,wt,H3,c11,-0.1094,25
7TTX_HLA,2,wt,Pythia,c11,-1.5541701130568981,25
7TTX_HLA,2,wt,FoldX,c11,-1.468630000000001,25
7TTX_HLA,2,wt,MM-GBSA,c11,13.322653663763049,25
7TTX_HLA,3,wt,BA-DDG,c12,0.55,25
7TTX_HLA,3,wt,H3,c12,0.7837,25
7TTX_HLA,3,wt,Pythia,c12,6.039395602419972,25
7TTX_HLA,3,wt,FoldX,c12,1.798509000000002,25
7TTX_HLA,3,wt,MM-GBSA,c12,19.28737517906302,25
7TTX_HLA,4,wt,BA-DDG,c13,1.054,25
7TTX_HLA,4,wt,H3,c13,0.9805,25
7TTX_HLA,4,wt,Pythia,c13,3.819691479206085,25
7TTX_HLA,4,wt,FoldX,c13,0.18558300000000116,25
7TTX_HLA,4,wt,MM-GBSA,c13,10.267372931299178,25
7TTX_HLA,5,wt,BA-DDG,c14,-0.281,25
7TTX_HLA,5,wt,H3,c14,0.2636,25
7TTX_HLA,5,wt,Pythia,c14,4.218235265463591,25
7TTX_HLA,5,wt,FoldX,c14,0.14560000000000173,25
7TTX_HLA,5,wt,MM-GBSA,c14,9.610695003544606,25
7TTX_HLA,1,mean,BA-DDG,c15,-0.057,25
7TTX_HLA,1,mean,H3,c15,-0.8807,25
7TTX_HLA,1,mean,Pythia,c15,-4.73032952286303,25
7TTX_HLA,1,mean,FoldX,c15,-0.9571050000000003,25
7TTX_HLA,1,mean,MM-GBSA,c15,8.952931772000738,25
7TTX_HLA,2,mean,BA-DDG,c11,-0.562,25
7TTX_HLA,2,mean,H3,c11,-0.1094,25
7TTX_HLA,2,mean,Pythia,c11,-1.5541701130568981,25
7TTX_HLA,2,mean,FoldX,c11,-1.468630000000001,25
7TTX_HLA,2,mean,MM-GBSA,c11,13.322653663763049,25
7TTX_HLA,3,mean,BA-DDG,c16,0.473,25
7TTX_HLA,3,mean,H3,c16,-0.6488,25
7TTX_HLA,3,mean,Pythia,c16,-2.6918952334672213,25
7TTX_HLA,3,mean,FoldX,c16,-2.978999,25
7TTX_HLA,3,mean,MM-GBSA,c16,8.456612965095701,25
7TTX_HLA,4,mean,BA-DDG,c17,0.82,25
7TTX_HLA,4,mean,H3,c17,0.115,25
7TTX_HLA,4,mean,Pythia,c17,2.1039159297943115,25
7TTX_HLA,4,mean,FoldX,c17,-0.5778099999999995,25
7TTX_HLA,4,mean,MM-GBSA,c17,9.5771706315154,25
7TTX_HLA,5,mean,BA-DDG,c18,-0.096,25
7TTX_HLA,5,mean,H3,c18,-1.2441,25
7TTX_HLA,5,mean,Pythia,c18,-4.176938202232122,25
7TTX_HLA,5,mean,FoldX,c18,-0.4436020000000003,25
7TTX_HLA,5,mean,MM-GBSA,c18,8.4180141486313,25
7TTX_HLA,1,cvar50,BA-DDG,c15,-0.057,25
7TTX_HLA,1,cvar50,H3,c15,-0.8807,25
7TTX_HLA,1,cvar50,Pythia,c15,-4.73032952286303,25
7TTX_HLA,1,cvar50,FoldX,c15,-0.9571050000000003,25
7TTX_HLA,1,cvar50,MM-GBSA,c15,8.952931772000738,25
7TTX_HLA,2,cvar50,BA-DDG,c11,-0.562,25
7TTX_HLA,2,cvar50,H3,c11,-0.1094,25
7TTX_HLA,2,cvar50,Pythia,c11,-1.5541701130568981,25
7TTX_HLA,2,cvar50,FoldX,c11,-1.468630000000001,25
7TTX_HLA,2,cvar50,MM-GBSA,c11,13.322653663763049,25
7TTX_HLA,3,cvar50,BA-DDG,c16,0.473,25
7TTX_HLA,3,cvar50,H3,c16,-0.6488,25
7TTX_HLA,3,cvar50,Pythia,c16,-2.6918952334672213,25
7TTX_HLA,3,cvar50,FoldX,c16,-2.978999,25
7TTX_HLA,3,cvar50,MM-GBSA,c16,8.456612965095701,25
7TTX_HLA,4,cvar50,BA-DDG,c19,0.142,25
7TTX_HLA,4,cvar50,H3,c19,-0.6799,25
7TTX_HLA,4,cvar50,Pythia,c19,-0.9235830567777157,25
7TTX_HLA,4,cvar50,FoldX,c19,0.34252900000000075,25
7TTX_HLA,4,cvar50,MM-GBSA,c19,12.777851669963638,25
7TTX_HLA,5,cvar50,BA-DDG,c18,-0.096,25
7TTX_HLA,5,cvar50,H3,c18,-1.2441,25
7TTX_HLA,5,cvar50,Pythia,c18,-4.176938202232122,25
7TTX_HLA,5,cvar50,FoldX,c18,-0.4436020000000003,25
7TTX_HLA,5,cvar50,MM-GBSA,c18,8.4180141486313,25
7TTX_HLA,1,cvar20,BA-DDG,c15,-0.057,25
7TTX_HLA,1,cvar20,H3,c15,-0.8807,25
7TTX_HLA,1,cvar20,Pythia,c15,-4.73032952286303,25
7TTX_HLA,1,cvar20,FoldX,c15,-0.9571050000000003,25
7TTX_HLA,1,cvar20,MM-GBSA,c15,8.952931772000738,25
7TTX_HLA,2,cvar20,BA-DDG,c11,-0.562,25
7TTX_HLA,2,cvar20,H3,c11,-0.1094,25
7TTX_HLA,2,cvar20,Pythia,c11,-1.5541701130568981,25
7TTX_HLA,2,cvar20,FoldX,c11,-1.468630000000001,25
7TTX_HLA,2,cvar20,MM-GBSA,c11,13.322653663763049,25
7TTX_HLA,3,cvar20,BA-DDG,c16,0.473,25
7TTX_HLA,3,cvar20,H3,c16,-0.6488,25
7TTX_HLA,3,cvar20,Pythia,c16,-2.6918952334672213,25
7TTX_HLA,3,cvar20,FoldX,c16,-2.978999,25
7TTX_HLA,3,cvar20,MM-GBSA,c16,8.456612965095701,25
7TTX_HLA,4,cvar20,BA-DDG,c19,0.142,25
7TTX_HLA,4,cvar20,H3,c19,-0.6799,25
7TTX_HLA,4,cvar20,Pythia,c19,-0.9235830567777157,25
7TTX_HLA,4,cvar20,FoldX,c19,0.34252900000000075,25
7TTX_HLA,4,cvar20,MM-GBSA,c19,12.777851669963638,25
7TTX_HLA,5,cvar20,BA-DDG,c18,-0.096,25
7TTX_HLA,5,cvar20,H3,c18,-1.2441,25
7TTX_HLA,5,cvar20,Pythia,c18,-4.176938202232122,25
7TTX_HLA,5,cvar20,FoldX,c18,-0.4436020000000003,25
7TTX_HLA,5,cvar20,MM-GBSA,c18,8.4180141486313,25
7TTX_HLA,1,max,BA-DDG,c15,-0.057,25
7TTX_HLA,1,max,H3,c15,-0.8807,25
7TTX_HLA,1,max,Pythia,c15,-4.73032952286303,25
7TTX_HLA,1,max,FoldX,c15,-0.9571050000000003,25
7TTX_HLA,1,max,MM-GBSA,c15,8.952931772000738,25
7TTX_HLA,2,max,BA-DDG,c11,-0.562,25
7TTX_HLA,2,max,H3,c11,-0.1094,25
7TTX_HLA,2,max,Pythia,c11,-1.5541701130568981,25
7TTX_HLA,2,max,FoldX,c11,-1.468630000000001,25
7TTX_HLA,2,max,MM-GBSA,c11,13.322653663763049,25
7TTX_HLA,3,max,BA-DDG,c16,0.473,25
7TTX_HLA,3,max,H3,c16,-0.6488,25
7TTX_HLA,3,max,Pythia,c16,-2.6918952334672213,25
7TTX_HLA,3,max,FoldX,c16,-2.978999,25
7TTX_HLA,3,max,MM-GBSA,c16,8.456612965095701,25
7TTX_HLA,4,max,BA-DDG,c19,0.142,25
7TTX_HLA,4,max,H3,c19,-0.6799,25
7TTX_HLA,4,max,Pythia,c19,-0.9235830567777157,25
7TTX_HLA,4,max,FoldX,c19,0.34252900000000075,25
7TTX_HLA,4,max,MM-GBSA,c19,12.777851669963638,25
7TTX_HLA,5,max,BA-DDG,c18,-0.096,25
7TTX_HLA,5,max,H3,c18,-1.2441,25
7TTX_HLA,5,max,Pythia,c18,-4.176938202232122,25
7TTX_HLA,5,max,FoldX,c18,-0.4436020000000003,25
7TTX_HLA,5,max,MM-GBSA,c18,8.4180141486313,25
7VYR_HLR,1,afll,BA-DDG,c0,1.23,25
7VYR_HLR,1,afll,H3,c0,-0.7831,25
7VYR_HLR,1,afll,Pythia,c0,-4.477889719419181,25
7VYR_HLR,1,afll,FoldX,c0,2.42933,25
7VYR_HLR,1,afll,MM-GBSA,c0,7.999316844875466,25
7VYR_HLR,2,afll,BA-DDG,c0,1.23,25
7VYR_HLR,2,afll,H3,c0,-0.7831,25
7VYR_HLR,2,afll,Pythia,c0,-4.477889719419181,25
7VYR_HLR,2,afll,FoldX,c0,2.42933,25
7VYR_HLR,2,afll,MM-GBSA,c0,7.999316844875466,25
7VYR_HLR,3,afll,BA-DDG,c0,1.23,25
7VYR_HLR,3,afll,H3,c0,-0.7831,25
7VYR_HLR,3,afll,Pythia,c0,-4.477889719419181,25
7VYR_HLR,3,afll,FoldX,c0,2.42933,25
7VYR_HLR,3,afll,MM-GBSA,c0,7.999316844875466,25
7VYR_HLR,4,afll,BA-DDG,c1,0.864,25
7VYR_HLR,4,afll,H3,c1,-0.4918,25
7VYR_HLR,4,afll,Pythia,c1,-4.659185471944511,25
7VYR_HLR,4,afll,FoldX,c1,1.8405400000000007,25
7VYR_HLR,4,afll,MM-GBSA,c1,11.970706230625183,25
7VYR_HLR,5,afll,BA-DDG,c0,1.23,25
7VYR_HLR,5,afll,H3,c0,-0.7831,25
7VYR_HLR,5,afll,Pythia,c0,-4.477889719419181,25
7VYR_HLR,5,afll,FoldX,c0,2.42933,25
7VYR_HLR,5,afll,MM-GBSA,c0,7.999316844875466,25
7VYR_HLR,1,random,BA-DDG,c2,0.893,25
7VYR_HLR,1,random,H3,c2,1.1478,25
7VYR_HLR,1,random,Pythia,c2,-2.410245438106358,25
7VYR_HLR,1,random,FoldX,c2,1.903550000000001,25
7VYR_HLR,1,random,MM-GBSA,c2,11.42991301312486,25
7VYR_HLR,2,random,BA-DDG,c3,0.806,25
7VYR_HLR,2,random,H3,c3,-0.2427,25
7VYR_HLR,2,random,Pythia,c3,0.9124705940485001,25
7VYR_HLR,2,random,FoldX,c3,3.2051099999999995,25
7VYR_HLR,2,random,MM-GBSA,c3,17.61997414736743,25
7VYR_HLR,3,random,BA-DDG,c4,2.159,25
7VYR_HLR,3,random,H3,c4,1.3924,25
7VYR_HLR,3,random,Pythia,c4,1.7280695736408234,25
7VYR_HLR,3,random,FoldX,c4,0.9778800000000007,25
7VYR_HLR,3,random,MM-GBSA,c4,9.24640490514048,25
7VYR_HLR,4,random,BA-DDG,c5,0.501,25
7VYR_HLR,4,random,H3,c5,-0.7846,25
7VYR_HLR,4,random,Pythia,c5,-4.742396377027035,25
7VYR_HLR,4,random,FoldX,c5,3.7347300000000008,25
7VYR_HLR,4,random,MM-GBSA,c5,12.94986340138712,25
7VYR_HLR,5,random,BA-DDG,c6,0.053,25
7VYR_HLR,5,random,H3,c6,-0.4531,25
7VYR_HLR,5,random,Pythia,c6,-4.247916026972234,25
7VYR_HLR,5,random,FoldX,c6,2.08099,25
7VYR_HLR,5,random,MM-GBSA,c6,9.270969623225938,25
7VYR_HLR,1,wt,BA-DDG,c7,0.409,25
7VYR_HLR,1,wt,H3,c7,0.2327,25
7VYR_HLR,1,wt,Pythia,c7,0.7983748679980636,25
7VYR_HLR,1,wt,FoldX,c7,2.40113,25
7VYR_HLR,1,wt,MM-GBSA,c7,13.837781480102421,25
7VYR_HLR,2,wt,BA-DDG,c8,0.275,25
7VYR_HLR,2,wt,H3,c8,0.3552,25
7VYR_HLR,2,wt,Pythia,c8,-0.4761089375242591,25
7VYR_HLR,2,wt,FoldX,c8,2.3331000000000017,25
7VYR_HLR,2,wt,MM-GBSA,c8,5.292064911262969,25
7VYR_HLR,3,wt,BA-DDG,c9,0.458,25
7VYR_HLR,3,wt,H3,c9,-0.1721,25
7VYR_HLR,3,wt,Pythia,c9,-2.1339829144999385,25
7VYR_HLR,3,wt,FoldX,c9,1.871830000000001,25
7VYR_HLR,3,wt,MM-GBSA,c9,10.448552665196985,25
7VYR_HLR,4,wt,BA-DDG,c10,0.738,25
7VYR_HLR,4,wt,H3,c10,0.1781,25
7VYR_HLR,4,wt,Pythia,c10,-1.4921715762466192,25
7VYR_HLR,4,wt,FoldX,c10,2.28031,25
7VYR_HLR,4,wt,MM-GBSA,c10,8.525581274735487,25
7VYR_HLR,5,wt,BA-DDG,c11,1.842,25
7VYR_HLR,5,wt,H3,c11,0.5416,25
7VYR_HLR,5,wt,Pythia,c11,-3.1538248360157013,25
7VYR_HLR,5,wt,FoldX,c11,1.8387499999999992,25
7VYR_HLR,5,wt,MM-GBSA,c11,11.263327237597878,25
7VYR_HLR,1,mean,BA-DDG,c12,0.909,25
7VYR_HLR,1,mean,H3,c12,0.3828,25
7VYR_HLR,1,mean,Pythia,c12,-1.5682917926460505,25
7VYR_HLR,1,mean,FoldX,c12,1.5455900000000007,25
7VYR_HLR,1,mean,MM-GBSA,c12,11.316770363716387,25
7VYR_HLR,2,mean,BA-DDG,c13,1.034,25
7VYR_HLR,2,mean,H3,c13,-0.1405,25
7VYR_HLR,2,mean,Pythia,c13,-4.595623034983873,25
7VYR_HLR,2,mean,FoldX,c13,2.2482500000000005,25
7VYR_HLR,2,mean,MM-GBSA,c13,17.899534162105738,25
7VYR_HLR,3,mean,BA-DDG,c14,0.394,25
7VYR_HLR,3,mean,H3,c14,-0.8319,25
7VYR_HLR,3,mean,Pythia,c14,-4.573458238504827,25
7VYR_HLR,3,mean,FoldX,c14,2.833779999999999,25
7VYR_HLR,3,mean,MM-GBSA,c14,22.88263246573206,25
7VYR_HLR,4,mean,BA-DDG,c15,0.327,25
7VYR_HLR,4,mean,H3,c15,-0.768,25
7VYR_HLR,4,mean,Pythia,c15,-4.402886181138456,25
7VYR_HLR,4,mean,FoldX,c15,1.604940000000001,25
7VYR_HLR,4,mean,MM-GBSA,c15,92.325616934967,25
7VYR_HLR,5,mean,BA-DDG,c16,0.404,25
7VYR_HLR,5,mean,H3,c16,0.1693,25
7VYR_HLR,5,mean,Pythia,c16,-1.588599349372089,25
7VYR_HLR,5,mean,FoldX,c16,1.891160000000001,25
7VYR_HLR,5,mean,MM-GBSA,c16,13.121860825403019,25
7VYR_HLR,1,cvar50,BA-DDG,c12,0.909,25
7VYR_HLR,1,cvar50,H3,c12,0.3828,25
7VYR_HLR,1,cvar50,Pythia,c12,-1.5682917926460505,25
7VYR_HLR,1,cvar50,FoldX,c12,1.5455900000000007,25
7VYR_HLR,1,cvar50,MM-GBSA,c12,11.316770363716387,25
7VYR_HLR,2,cvar50,BA-DDG,c17,0.775,25
7VYR_HLR,2,cvar50,H3,c17,-0.3311,25
7VYR_HLR,2,cvar50,Pythia,c17,-2.590271937660873,25
7VYR_HLR,2,cvar50,FoldX,c17,2.8402600000000007,25
7VYR_HLR,2,cvar50,MM-GBSA,c17,9.668658372524987,25
7VYR_HLR,3,cvar50,BA-DDG,c18,-0.51,25
7VYR_HLR,3,cvar50,H3,c18,-0.3324,25
7VYR_HLR,3,cvar50,Pythia,c18,-3.041648550890386,25
7VYR_HLR,3,cvar50,FoldX,c18,2.15555,25
7VYR_HLR,3,cvar50,MM-GBSA,c18,12.326606895793702,25
7VYR_HLR,4,cvar50,BA-DDG,c15,0.327,25
7VYR_HLR,4,cvar50,H3,c15,-0.768,25
7VYR_HLR,4,cvar50,Pythia,c15,-4.402886181138456,25
7VYR_HLR,4,cvar50,FoldX,c15,1.604940000000001,25
7VYR_HLR,4,cvar50,MM-GBSA,c15,92.325616934967,25
7VYR_HLR,5,cvar50,BA-DDG,c19,0.617,25
7VYR_HLR,5,cvar50,H3,c19,-0.7185,25
7VYR_HLR,5,cvar50,Pythia,c19,-4.819794717244804,25
7VYR_HLR,5,cvar50,FoldX,c19,3.18046,25
7VYR_HLR,5,cvar50,MM-GBSA,c19,11.30038960706679,25
7VYR_HLR,1,cvar20,BA-DDG,c20,1.203,25
7VYR_HLR,1,cvar20,H3,c20,-0.0104,25
7VYR_HLR,1,cvar20,Pythia,c20,-1.1520493533462286,25
7VYR_HLR,1,cvar20,FoldX,c20,1.9923900000000003,25
7VYR_HLR,1,cvar20,MM-GBSA,c20,10.286249624270567,25
7VYR_HLR,2,cvar20,BA-DDG,c21,0.632,25
7VYR_HLR,2,cvar20,H3,c21,-0.6471,25
7VYR_HLR,2,cvar20,Pythia,c21,-3.407921053469181,25
7VYR_HLR,2,cvar20,FoldX,c21,3.273430000000001,25
7VYR_HLR,2,cvar20,MM-GBSA,c21,15.012715038443275,25
7VYR_HLR,3,cvar20,BA-DDG,c18,-0.51,25
7VYR_HLR,3,cvar20,H3,c18,-0.3324,25
7VYR_HLR,3,cvar20,Pythia,c18,-3.041648550890386,25
7VYR_HLR,3,cvar20,FoldX,c18,2.15555,25
7VYR_HLR,3,cvar20,MM-GBSA,c18,12.326606895793702,25
7VYR_HLR,4,cvar20,BA-DDG,c22,-0.162,25
7VYR_HLR,4,cvar20,H3,c22,0.6746,25
7VYR_HLR,4,cvar20,Pythia,c22,4.774244358763099,25
7VYR_HLR,4,cvar20,FoldX,c22,2.2708200000000005,25
7VYR_HLR,4,cvar20,MM-GBSA,c22,9.999808232279065,25
7VYR_HLR,5,cvar20,BA-DDG,c23,-0.155,25
7VYR_HLR,5,cvar20,H3,c23,0.2192,25
7VYR_HLR,5,cvar20,Pythia,c23,-2.204957067966461,25
7VYR_HLR,5,cvar20,FoldX,c23,2.4063,25
7VYR_HLR,5,cvar20,MM-GBSA,c23,5.750448543360108,25
7VYR_HLR,1,max,BA-DDG,c20,1.203,25
7VYR_HLR,1,max,H3,c20,-0.0104,25
7VYR_HLR,1,max,Pythia,c20,-1.1520493533462286,25
7VYR_HLR,1,max,FoldX,c20,1.9923900000000003,25
7VYR_HLR,1,max,MM-GBSA,c20,10.286249624270567,25
7VYR_HLR,2,max,BA-DDG,c21,0.632,25
7VYR_HLR,2,max,H3,c21,-0.6471,25
7VYR_HLR,2,max,Pythia,c21,-3.407921053469181,25
7VYR_HLR,2,max,FoldX,c21,3.273430000000001,25
7VYR_HLR,2,max,MM-GBSA,c21,15.012715038443275,25
7VYR_HLR,3,max,BA-DDG,c18,-0.51,25
7VYR_HLR,3,max,H3,c18,-0.3324,25
7VYR_HLR,3,max,Pythia,c18,-3.041648550890386,25
7VYR_HLR,3,max,FoldX,c18,2.15555,25
7VYR_HLR,3,max,MM-GBSA,c18,12.326606895793702,25
7VYR_HLR,4,max,BA-DDG,c15,0.327,25
7VYR_HLR,4,max,H3,c15,-0.768,25
7VYR_HLR,4,max,Pythia,c15,-4.402886181138456,25
7VYR_HLR,4,max,FoldX,c15,1.604940000000001,25
7VYR_HLR,4,max,MM-GBSA,c15,92.325616934967,25
7VYR_HLR,5,max,BA-DDG,c23,-0.155,25
7VYR_HLR,5,max,H3,c23,0.2192,25
7VYR_HLR,5,max,Pythia,c23,-2.204957067966461,25
7VYR_HLR,5,max,FoldX,c23,2.4063,25
7VYR_HLR,5,max,MM-GBSA,c23,5.750448543360108,25
7WPH_HLB,1,afll,BA-DDG,c0,1.771,25
7WPH_HLB,1,afll,H3,c0,0.7297,25
7WPH_HLB,1,afll,Pythia,c0,-0.39290904998779297,25
7WPH_HLB,1,afll,FoldX,c0,2.23494,25
7WPH_HLB,1,afll,MM-GBSA,c0,15.374756060143227,25
7WPH_HLB,2,afll,BA-DDG,c1,0.821,25
7WPH_HLB,2,afll,H3,c1,0.2677,25
7WPH_HLB,2,afll,Pythia,c1,0.2798456400632858,25
7WPH_HLB,2,afll,FoldX,c1,1.3040599999999998,25
7WPH_HLB,2,afll,MM-GBSA,c1,12.798927083744275,25
7WPH_HLB,3,afll,BA-DDG,c2,0.192,25
7WPH_HLB,3,afll,H3,c2,0.2842,25
7WPH_HLB,3,afll,Pythia,c2,0.2390388697385788,25
7WPH_HLB,3,afll,FoldX,c2,0.6426699999999999,25
7WPH_HLB,3,afll,MM-GBSA,c2,9.64243220843673,25
7WPH_HLB,4,afll,BA-DDG,c3,0.109,25
7WPH_HLB,4,afll,H3,c3,0.3232,25
7WPH_HLB,4,afll,Pythia,c3,0.46582047641277313,25
7WPH_HLB,4,afll,FoldX,c3,1.4670800000000002,25
7WPH_HLB,4,afll,MM-GBSA,c3,7.886502792111969,25
7WPH_HLB,5,afll,BA-DDG,c0,1.771,25
7WPH_HLB,5,afll,H3,c0,0.7297,25
7WPH_HLB,5,afll,Pythia,c0,-0.39290904998779297,25
7WPH_HLB,5,afll,FoldX,c0,2.23494,25
7WPH_HLB,5,afll,MM-GBSA,c0,15.374756060143227,25
7WPH_HLB,1,random,BA-DDG,c4,1.03,25
7WPH_HLB,1,random,H3,c4,-0.7535,25
7WPH_HLB,1,random,Pythia,c4,-0.13019819557666779,25
7WPH_HLB,1,random,FoldX,c4,1.4569,25
7WPH_HLB,1,random,MM-GBSA,c4,6.562012961454457,25
7WPH_HLB,2,random,BA-DDG,c5,1.402,25
7WPH_HLB,2,random,H3,c5,0.7137,25
7WPH_HLB,2,random,Pythia,c5,4.575196901336312,25
7WPH_HLB,2,random,FoldX,c5,1.2729099999999995,25
7WPH_HLB,2,random,MM-GBSA,c5,6.638187736668442,25
7WPH_HLB,3,random,BA-DDG,c6,1.667,25
7WPH_HLB,3,random,H3,c6,0.2594,25
7WPH_HLB,3,random,Pythia,c6,1.0433109384030104,25
7WPH_HLB,3,random,FoldX,c6,2.0022896,25
7WPH_HLB,3,random,MM-GBSA,c6,4.630109792999974,25
7WPH_HLB,4,random,BA-DDG,c7,1.334,25
7WPH_HLB,4,random,H3,c7,0.5871,25
7WPH_HLB,4,random,Pythia,c7,2.057047888636589,25
7WPH_HLB,4,random,FoldX,c7,4.7097,25
7WPH_HLB,4,random,MM-GBSA,c7,9.604505622662145,25
7WPH_HLB,5,random,BA-DDG,c8,0.813,25
7WPH_HLB,5,random,H3,c8,0.2603,25
7WPH_HLB,5,random,Pythia,c8,0.2715057209134102,25
7WPH_HLB,5,random,FoldX,c8,1.03648,25
7WPH_HLB,5,random,MM-GBSA,c8,9.15389778223198,25
7WPH_HLB,1,wt,BA-DDG,c9,-0.337,25
7WPH_HLB,1,wt,H3,c9,-0.4084,25
7WPH_HLB,1,wt,Pythia,c9,2.463030681014061,25
7WPH_HLB,1,wt,FoldX,c9,8.955309999999999,25
7WPH_HLB,1,wt,MM-GBSA,c9,15.357261450183614,25
7WPH_HLB,2,wt,BA-DDG,c10,0.213,25
7WPH_HLB,2,wt,H3,c10,0.3618,25
7WPH_HLB,2,wt,Pythia,c10,0.7759656757116318,25
7WPH_HLB,2,wt,FoldX,c10,4.4660899999999994,25
7WPH_HLB,2,wt,MM-GBSA,c10,11.625259336315139,25
7WPH_HLB,3,wt,BA-DDG,c11,-0.626,25
7WPH_HLB,3,wt,H3,c11,-0.2647,25
7WPH_HLB,3,wt,Pythia,c11,6.597517982125282,25
7WPH_HLB,3,wt,FoldX,c11,0.50319,25
7WPH_HLB,3,wt,MM-GBSA,c11,12.834536170083084,25
7WPH_HLB,4,wt,BA-DDG,c12,0.256,25
7WPH_HLB,4,wt,H3,c12,0.1143,25
7WPH_HLB,4,wt,Pythia,c12,6.121586695313454,25
7WPH_HLB,4,wt,FoldX,c12,4.523819999999999,25
7WPH_HLB,4,wt,MM-GBSA,c12,14.139446001640863,25
7WPH_HLB,5,wt,BA-DDG,c13,-0.344,25
7WPH_HLB,5,wt,H3,c13,0.2032,25
7WPH_HLB,5,wt,Pythia,c13,1.002747282385826,25
7WPH_HLB,5,wt,FoldX,c13,1.4743899999999996,25
7WPH_HLB,5,wt,MM-GBSA,c13,20.601196972464095,25
7WPH_HLB,1,mean,BA-DDG,c14,-0.287,25
7WPH_HLB,1,mean,H3,c14,-0.2997,25
7WPH_HLB,1,mean,Pythia,c14,3.6769839823246,25
7WPH_HLB,1,mean,FoldX,c14,4.518744,25
7WPH_HLB,1,mean,MM-GBSA,c14,22.357008088596558,25
7WPH_HLB,2,mean,BA-DDG,c15,0.118,25
7WPH_HLB,2,mean,H3,c15,-0.8903,25
7WPH_HLB,2,mean,Pythia,c15,1.0308290868997574,25
7WPH_HLB,2,mean,FoldX,c15,1.5570900000000005,25
7WPH_HLB,2,mean,MM-GBSA,c15,13.394569174296521,25
7WPH_HLB,3,mean,BA-DDG,c16,-0.085,25
7WPH_HLB,3,mean,H3,c16,-0.6257,25
7WPH_HLB,3,mean,Pythia,c16,4.862751618027687,25
7WPH_HLB,3,mean,FoldX,c16,1.1022299999999996,25
7WPH_HLB,3,mean,MM-GBSA,c16,8.198742510527154,25
7WPH_HLB,4,mean,BA-DDG,c17,0.029,25
7WPH_HLB,4,mean,H3,c17,-0.3924,25
7WPH_HLB,4,mean,Pythia,c17,6.143127411603928,25
7WPH_HLB,4,mean,FoldX,c17,0.0745799999999992,25
7WPH_HLB,4,mean,MM-GBSA,c17,18.51292109219048,25
7WPH_HLB,5,mean,BA-DDG,c18,0.69,25
7WPH_HLB,5,mean,H3,c18,-0.3834,25
7WPH_HLB,5,mean,Pythia,c18,-0.9172303527593613,25
7WPH_HLB,5,mean,FoldX,c18,5.886059999999999,25
7WPH_HLB,5,mean,MM-GBSA,c18,14.062599017650427,25
7WPH_HLB,1,cvar50,BA-DDG,c14,-0.287,25
7WPH_HLB,1,cvar50,H3,c14,-0.2997,25
7WPH_HLB,1,cvar50,Pythia,c14,3.6769839823246,25
7WPH_HLB,1,cvar50,FoldX,c14,4.518744,25
7WPH_HLB,1,cvar50,MM-GBSA,c14,22.357008088596558,25
7WPH_HLB,2,cvar50,BA-DDG,c15,0.118,25
7WPH_HLB,2,cvar50,H3,c15,-0.8903,25
7WPH_HLB,2,cvar50,Pythia,c15,1.0308290868997574,25
7WPH_HLB,2,cvar50,FoldX,c15,1.5570900000000005,25
7WPH_HLB,2,cvar50,MM-GBSA,c15,13.394569174296521,25
7WPH_HLB,3,cvar50,BA-DDG,c16,-0.085,25
7WPH_HLB,3,cvar50,H3,c16,-0.6257,25
7WPH_HLB,3,cvar50,Pythia,c16,4.862751618027687,25
7WPH_HLB,3,cvar50,FoldX,c16,1.1022299999999996,25
7WPH_HLB,3,cvar50,MM-GBSA,c16,8.198742510527154,25
7WPH_HLB,4,cvar50,BA-DDG,c17,0.029,25
7WPH_HLB,4,cvar50,H3,c17,-0.3924,25
7WPH_HLB,4,cvar50,Pythia,c17,6.143127411603928,25
7WPH_HLB,4,cvar50,FoldX,c17,0.0745799999999992,25
7WPH_HLB,4,cvar50,MM-GBSA,c17,18.51292109219048,25
7WPH_HLB,5,cvar50,BA-DDG,c19,-0.536,25
7WPH_HLB,5,cvar50,H3,c19,-0.358,25
7WPH_HLB,5,cvar50,Pythia,c19,0.45456062257289886,25
7WPH_HLB,5,cvar50,FoldX,c19,1.63454,25
7WPH_HLB,5,cvar50,MM-GBSA,c19,15.554764195879216,25
7WPH_HLB,1,cvar20,BA-DDG,c14,-0.287,25
7WPH_HLB,1,cvar20,H3,c14,-0.2997,25
7WPH_HLB,1,cvar20,Pythia,c14,3.6769839823246,25
7WPH_HLB,1,cvar20,FoldX,c14,4.518744,25
7WPH_HLB,1,cvar20,MM-GBSA,c14,22.357008088596558,25
7WPH_HLB,2,cvar20,BA-DDG,c20,-0.998,25
7WPH_HLB,2,cvar20,H3,c20,0.1123,25
7WPH_HLB,2,cvar20,Pythia,c20,6.1405424028635025,25
7WPH_HLB,2,cvar20,FoldX,c20,6.419279999999999,25
7WPH_HLB,2,cvar20,MM-GBSA,c20,11.962242660402808,25
7WPH_HLB,3,cvar20,BA-DDG,c16,-0.085,25
7WPH_HLB,3,cvar20,H3,c16,-0.6257,25
7WPH_HLB,3,cvar20,Pythia,c16,4.862751618027687,25
7WPH_HLB,3,cvar20,FoldX,c16,1.1022299999999996,25
7WPH_HLB,3,cvar20,MM-GBSA,c16,8.198742510527154,25
7WPH_HLB,4,cvar20,BA-DDG,c17,0.029,25
7WPH_HLB,4,cvar20,H3,c17,-0.3924,25
7WPH_HLB,4,cvar20,Pythia,c17,6.143127411603928,25
7WPH_HLB,4,cvar20,FoldX,c17,0.0745799999999992,25
7WPH_HLB,4,cvar20,MM-GBSA,c17,18.51292109219048,25
7WPH_HLB,5,cvar20,BA-DDG,c19,-0.536,25
7WPH_HLB,5,cvar20,H3,c19,-0.358,25
7WPH_HLB,5,cvar20,Pythia,c19,0.45456062257289886,25
7WPH_HLB,5,cvar20,FoldX,c19,1.63454,25
7WPH_HLB,5,cvar20,MM-GBSA,c19,15.554764195879216,25
7WPH_HLB,1,max,BA-DDG,c14,-0.287,25
7WPH_HLB,1,max,H3,c14,-0.2997,25
7WPH_HLB,1,max,Pythia,c14,3.6769839823246,25
7WPH_HLB,1,max,FoldX,c14,4.518744,25
7WPH_HLB,1,max,MM-GBSA,c14,22.357008088596558,25
7WPH_HLB,2,max,BA-DDG,c20,-0.998,25
7WPH_HLB,2,max,H3,c20,0.1123,25
7WPH_HLB,2,max,Pythia,c20,6.1405424028635025,25
7WPH_HLB,2,max,FoldX,c20,6.419279999999999,25
7WPH_HLB,2,max,MM-GBSA,c20,11.962242660402808,25
7WPH_HLB,3,max,BA-DDG,c16,-0.085,25
7WPH_HLB,3,max,H3,c16,-0.6257,25
7WPH_HLB,3,max,Pythia,c16,4.862751618027687,25
7WPH_HLB,3,max,FoldX,c16,1.1022299999999996,25
7WPH_HLB,3,max,MM-GBSA,c16,8.198742510527154,25
7WPH_HLB,4,max,BA-DDG,c17,0.029,25
7WPH_HLB,4,max,H3,c17,-0.3924,25
7WPH_HLB,4,max,Pythia,c17,6.143127411603928,25
7WPH_HLB,4,max,FoldX,c17,0.0745799999999992,25
7WPH_HLB,4,max,MM-GBSA,c17,18.51292109219048,25
7WPH_HLB,5,max,BA-DDG,c19,-0.536,25
7WPH_HLB,5,max,H3,c19,-0.358,25
7WPH_HLB,5,max,Pythia,c19,0.45456062257289886,25
7WPH_HLB,5,max,FoldX,c19,1.63454,25
7WPH_HLB,5,max,MM-GBSA,c19,15.554764195879216,25
7X2O_HLB,1,afll,BA-DDG,c0,3.222,27
7X2O_HLB,1,afll,H3,c0,3.6537,27
7X2O_HLB,1,afll,Pythia,c0,2.652130663394928,27
7X2O_HLB,1,afll,FoldX,c0,5.13021,27
7X2O_HLB,1,afll,MM-GBSA,c0,17.113108913078577,27
7X2O_HLB,2,afll,BA-DDG,c1,2.863,27
7X2O_HLB,2,afll,H3,c1,4.3717,27
7X2O_HLB,2,afll,Pythia,c1,3.1403430700302124,27
7X2O_HLB,2,afll,FoldX,c1,1.4311299999999996,27
7X2O_HLB,2,afll,MM-GBSA,c1,13.714467135532686,27
7X2O_HLB,3,afll,BA-DDG,c2,3.156,27
7X2O_HLB,3,afll,H3,c2,3.7234,27
7X2O_HLB,3,afll,Pythia,c2,2.652130663394928,27
7X2O_HLB,3,afll,FoldX,c2,2.59628,27
7X2O_HLB,3,afll,MM-GBSA,c2,16.936345591222562,27
7X2O_HLB,4,afll,BA-DDG,c3,2.892,27
7X2O_HLB,4,afll,H3,c3,2.5975,27
7X2O_HLB,4,afll,Pythia,c3,2.4795058369636536,27
7X2O_HLB,4,afll,FoldX,c3,1.2280799999999994,27
7X2O_HLB,4,afll,MM-GBSA,c3,13.679938536762165,27
7X2O_HLB,5,afll,BA-DDG,c4,3.404,27
7X2O_HLB,5,afll,H3,c4,3.924,27
7X2O_HLB,5,afll,Pythia,c4,2.652130663394928,27
7X2O_HLB,5,afll,FoldX,c4,3.8986127,27
7X2O_HLB,5,afll,MM-GBSA,c4,13.730456088588653,27
7X2O_HLB,1,random,BA-DDG,c5,4.88,27
7X2O_HLB,1,random,H3,c5,5.9091,27
7X2O_HLB,1,random,Pythia,c5,6.556039102375507,27
7X2O_HLB,1,random,FoldX,c5,4.873558,27
7X2O_HLB,1,random,MM-GBSA,c5,20.115679478561105,27
7X2O_HLB,2,random,BA-DDG,c6,3.66,27
7X2O_HLB,2,random,H3,c6,3.2461,27
7X2O_HLB,2,random,Pythia,c6,2.7372929751873016,27
7X2O_HLB,2,random,FoldX,c6,2.1333900000000003,27
7X2O_HLB,2,random,MM-GBSA,c6,5.7419201660204635,27
7X2O_HLB,3,random,BA-DDG,c7,3.434,27
7X2O_HLB,3,random,H3,c7,5.0087,27
7X2O_HLB,3,random,Pythia,c7,2.3076077103614807,27
7X2O_HLB,3,random,FoldX,c7,4.9069210000000005,27
7X2O_HLB,3,random,MM-GBSA,c7,13.421062170974437,27
7X2O_HLB,4,random,BA-DDG,c8,4.205,27
7X2O_HLB,4,random,H3,c8,2.4245,27
7X2O_HLB,4,random,Pythia,c8,5.770177930593491,27
7X2O_HLB,4,random,FoldX,c8,3.596174,27
7X2O_HLB,4,random,MM-GBSA,c8,18.92715887894792,27
7X2O_HLB,5,random,BA-DDG,c9,2.591,27
7X2O_HLB,5,random,H3,c9,5.3737,27
7X2O_HLB,5,random,Pythia,c9,3.3922972083091736,27
7X2O_HLB,5,random,FoldX,c9,2.0597399999999997,27
7X2O_HLB,5,random,MM-GBSA,c9,19.57736578677941,27
7X2O_HLB,1,wt,BA-DDG,c10,1.514,27
7X2O_HLB,1,wt,H3,c10,0.7743,27
7X2O_HLB,1,wt,Pythia,c10,0.6608372330665588,27
7X2O_HLB,1,wt,FoldX,c10,0.8689,27
7X2O_HLB,1,wt,MM-GBSA,c10,4.029905907642387,27
7X2O_HLB,2,wt,BA-DDG,c11,0.778,27
7X2O_HLB,2,wt,H3,c11,0.0991,27
7X2O_HLB,2,wt,Pythia,c11,0.0,27
7X2O_HLB,2,wt,FoldX,c11,0.659460000000001,27
7X2O_HLB,2,wt,MM-GBSA,c11,4.646025693131378,27
7X2O_HLB,3,wt,BA-DDG,c12,-0.093,27
7X2O_HLB,3,wt,H3,c12,3.156,27
7X2O_HLB,3,wt,Pythia,c12,4.558916985988617,27
7X2O_HLB,3,wt,FoldX,c12,9.23942,27
7X2O_HLB,3,wt,MM-GBSA,c12,6.05998959943463,27
7X2O_HLB,4,wt,BA-DDG,c13,0.727,27
7X2O_HLB,4,wt,H3,c13,0.1456,27
7X2O_HLB,4,wt,Pythia,c13,0.0,27
7X2O_HLB,4,wt,FoldX,c13,0.3669899999999995,27
7X2O_HLB,4,wt,MM-GBSA,c13,9.74931072727486,27
7X2O_HLB,5,wt,BA-DDG,c14,0.976,27
7X2O_HLB,5,wt,H3,c14,1.6146,27
7X2O_HLB,5,wt,Pythia,c14,1.7170924842357635,27
7X2O_HLB,5,wt,FoldX,c14,0.39284999999999926,27
7X2O_HLB,5,wt,MM-GBSA,c14,17.302075585889725,27
7X2O_HLB,1,mean,BA-DDG,c15,0.48,27
7X2O_HLB,1,mean,H3,c15,0.6862,27
7X2O_HLB,1,mean,Pythia,c15,0.5626961588859558,27
7X2O_HLB,1,mean,FoldX,c15,-0.60351,27
7X2O_HLB,1,mean,MM-GBSA,c15,8.838810637183997,27
7X2O_HLB,2,mean,BA-DDG,c15,0.48,27
7X2O_HLB,2,mean,H3,c15,0.6862,27
7X2O_HLB,2,mean,Pythia,c15,0.5626961588859558,27
7X2O_HLB,2,mean,FoldX,c15,-0.60351,27
7X2O_HLB,2,mean,MM-GBSA,c15,8.838810637183997,27
7X2O_HLB,3,mean,BA-DDG,c12,-0.093,27
7X2O_HLB,3,mean,H3,c12,3.156,27
7X2O_HLB,3,mean,Pythia,c12,4.558916985988617,27
7X2O_HLB,3,mean,FoldX,c12,9.23942,27
7X2O_HLB,3,mean,MM-GBSA,c12,6.05998959943463,27
7X2O_HLB,4,mean,BA-DDG,c16,1.061,27
7X2O_HLB,4,mean,H3,c16,1.1601,27
7X2O_HLB,4,mean,Pythia,c16,1.7929306626319885,27
7X2O_HLB,4,mean,FoldX,c16,2.503,27
7X2O_HLB,4,mean,MM-GBSA,c16,-1.3638347200076169,27
7X2O_HLB,5,mean,BA-DDG,c17,0.803,27
7X2O_HLB,5,mean,H3,c17,0.0666,27
7X2O_HLB,5,mean,Pythia,c17,0.0,27
7X2O_HLB,5,mean,FoldX,c17,0.3881199999999998,27
7X2O_HLB,5,mean,MM-GBSA,c17,7.95767885056739,27
7X2O_HLB,1,cvar50,BA-DDG,c18,1.601,27
7X2O_HLB,1,cvar50,H3,c18,2.578,27
7X2O_HLB,1,cvar50,Pythia,c18,1.2235333919525146,27
7X2O_HLB,1,cvar50,FoldX,c18,-0.053010000000000446,27
7X2O_HLB,1,cvar50,MM-GBSA,c18,5.216123006734961,27
7X2O_HLB,2,cvar50,BA-DDG,c15,0.48,27
7X2O_HLB,2,cvar50,H3,c15,0.6862,27
7X2O_HLB,2,cvar50,Pythia,c15,0.5626961588859558,27
7X2O_HLB,2,cvar50,FoldX,c15,-0.60351,27
7X2O_HLB,2,cvar50,MM-GBSA,c15,8.838810637183997,27
7X2O_HLB,3,cvar50,BA-DDG,c12,-0.093,27
7X2O_HLB,3,cvar50,H3,c12,3.156,27
7X2O_HLB,3,cvar50,Pythia,c12,4.558916985988617,27
7X2O_HLB,3,cvar50,FoldX,c12,9.23942,27
7X2O_HLB,3,cvar50,MM-GBSA,c12,6.05998959943463,27
7X2O_HLB,4,cvar50,BA-DDG,c16,1.061,27
7X2O_HLB,4,cvar50,H3,c16,1.1601,27
7X2O_HLB,4,cvar50,Pythia,c16,1.7929306626319885,27
7X2O_HLB,4,cvar50,FoldX,c16,2.503,27
7X2O_HLB,4,cvar50,MM-GBSA,c16,-1.3638347200076169,27
7X2O_HLB,5,cvar50,BA-DDG,c19,0.751,27
7X2O_HLB,5,cvar50,H3,c19,1.4051,27
7X2O_HLB,5,cvar50,Pythia,c19,2.7970643639564514,27
7X2O_HLB,5,cvar50,FoldX,c19,1.40644,27
7X2O_HLB,5,cvar50,MM-GBSA,c19,15.574608324183828,27
7X2O_HLB,1,cvar20,BA-DDG,c18,1.601,27
7X2O_HLB,1,cvar20,H3,c18,2.578,27
7X2O_HLB,1,cvar20,Pythia,c18,1.2235333919525146,27
7X2O_HLB,1,cvar20,FoldX,c18,-0.053010000000000446,27
7X2O_HLB,1,cvar20,MM-GBSA,c18,5.216123006734961,27
7X2O_HLB,2,cvar20,BA-DDG,c15,0.48,27
7X2O_HLB,2,cvar20,H3,c15,0.6862,27
7X2O_HLB,2,cvar20,Pythia,c15,0.5626961588859558,27
7X2O_HLB,2,cvar20,FoldX,c15,-0.60351,27
7X2O_HLB,2,cvar20,MM-GBSA,c15,8.838810637183997,27
7X2O_HLB,3,cvar20,BA-DDG,c12,-0.093,27
7X2O_HLB,3,cvar20,H3,c12,3.156,27
7X2O_HLB,3,cvar20,Pythia,c12,4.558916985988617,27
7X2O_HLB,3,cvar20,FoldX,c12,9.23942,27
7X2O_HLB,3,cvar20,MM-GBSA,c12,6.05998959943463,27
7X2O_HLB,4,cvar20,BA-DDG,c16,1.061,27
7X2O_HLB,4,cvar20,H3,c16,1.1601,27
7X2O_HLB,4,cvar20,Pythia,c16,1.7929306626319885,27
7X2O_HLB,4,cvar20,FoldX,c16,2.503,27
7X2O_HLB,4,cvar20,MM-GBSA,c16,-1.3638347200076169,27
7X2O_HLB,5,cvar20,BA-DDG,c17,0.803,27
7X2O_HLB,5,cvar20,H3,c17,0.0666,27
7X2O_HLB,5,cvar20,Pythia,c17,0.0,27
7X2O_HLB,5,cvar20,FoldX,c17,0.3881199999999998,27
7X2O_HLB,5,cvar20,MM-GBSA,c17,7.95767885056739,27
7X2O_HLB,1,max,BA-DDG,c18,1.601,27
7X2O_HLB,1,max,H3,c18,2.578,27
7X2O_HLB,1,max,Pythia,c18,1.2235333919525146,27
7X2O_HLB,1,max,FoldX,c18,-0.053010000000000446,27
7X2O_HLB,1,max,MM-GBSA,c18,5.216123006734961,27
7X2O_HLB,2,max,BA-DDG,c20,1.351,27
7X2O_HLB,2,max,H3,c20,3.3853,27
7X2O_HLB,2,max,Pythia,c20,1.2808117866516113,27
7X2O_HLB,2,max,FoldX,c20,-0.6785099999999993,27
7X2O_HLB,2,max,MM-GBSA,c20,10.391319525568179,27
7X2O_HLB,3,max,BA-DDG,c12,-0.093,27
7X2O_HLB,3,max,H3,c12,3.156,27
7X2O_HLB,3,max,Pythia,c12,4.558916985988617,27
7X2O_HLB,3,max,FoldX,c12,9.23942,27
7X2O_HLB,3,max,MM-GBSA,c12,6.05998959943463,27
7X2O_HLB,4,max,BA-DDG,c21,0.79,27
7X2O_HLB,4,max,H3,c21,2.3044,27
7X2O_HLB,4,max,Pythia,c21,1.2235333919525146,27
7X2O_HLB,4,max,FoldX,c21,-0.1429999999999989,27
7X2O_HLB,4,max,MM-GBSA,c21,3.916889369505043,27
7X2O_HLB,5,max,BA-DDG,c17,0.803,27
7X2O_HLB,5,max,H3,c17,0.0666,27
7X2O_HLB,5,max,Pythia,c17,0.0,27
7X2O_HLB,5,max,FoldX,c17,0.3881199999999998,27
7X2O_HLB,5,max,MM-GBSA,c17,7.95767885056739,27
7X2W_HLC,1,afll,BA-DDG,c0,0.889,26
7X2W_HLC,1,afll,H3,c0,0.7643,26
7X2W_HLC,1,afll,Pythia,c0,1.8577988967299461,26
7X2W_HLC,1,afll,FoldX,c0,4.28611,26
7X2W_HLC,1,afll,MM-GBSA,c0,26.111968180780423,26
7X2W_HLC,2,afll,BA-DDG,c1,1.148,26
7X2W_HLC,2,afll,H3,c1,1.1137,26
7X2W_HLC,2,afll,Pythia,c1,5.394092060625553,26
7X2W_HLC,2,afll,FoldX,c1,3.54519,26
7X2W_HLC,2,afll,MM-GBSA,c1,21.317610784859426,26
7X2W_HLC,3,afll,BA-DDG,c2,1.295,26
7X2W_HLC,3,afll,H3,c2,0.9044,26
7X2W_HLC,3,afll,Pythia,c2,2.283953569829464,26
7X2W_HLC,3,afll,FoldX,c2,5.11876,26
7X2W_HLC,3,afll,MM-GBSA,c2,26.31695820699224,26
7X2W_HLC,4,afll,BA-DDG,c0,0.889,26
7X2W_HLC,4,afll,H3,c0,0.7643,26
7X2W_HLC,4,afll,Pythia,c0,1.8577988967299461,26
7X2W_HLC,4,afll,FoldX,c0,4.28611,26
7X2W_HLC,4,afll,MM-GBSA,c0,26.111968180780423,26
7X2W_HLC,5,afll,BA-DDG,c2,1.295,26
7X2W_HLC,5,afll,H3,c2,0.9044,26
7X2W_HLC,5,afll,Pythia,c2,2.283953569829464,26
7X2W_HLC,5,afll,FoldX,c2,5.11876,26
7X2W_HLC,5,afll,MM-GBSA,c2,26.31695820699224,26
7X2W_HLC,1,random,BA-DDG,c3,0.998,26
7X2W_HLC,1,random,H3,c3,0.7572,26
7X2W_HLC,1,random,Pythia,c3,1.3852865919470787,26
7X2W_HLC,1,random,FoldX,c3,5.74808,26
7X2W_HLC,1,random,MM-GBSA,c3,28.10870304616401,26
7X2W_HLC,2,random,BA-DDG,c4,0.416,26
7X2W_HLC,2,random,H3,c4,0.277,26
7X2W_HLC,2,random,Pythia,c4,-0.9517847634851933,26
7X2W_HLC,2,random,FoldX,c4,3.0962700000000005,26
7X2W_HLC,2,random,MM-GBSA,c4,24.59086903459138,26
7X2W_HLC,3,random,BA-DDG,c5,1.47,26
7X2W_HLC,3,random,H3,c5,1.4556,26
7X2W_HLC,3,random,Pythia,c5,4.544158287346363,26
7X2W_HLC,3,random,FoldX,c5,4.66676,26
7X2W_HLC,3,random,MM-GBSA,c5,27.3148435603498,26
7X2W_HLC,4,random,BA-DDG,c6,1.043,26
7X2W_HLC,4,random,H3,c6,0.828,26
7X2W_HLC,4,random,Pythia,c6,6.413292720913887,26
7X2W_HLC,4,random,FoldX,c6,4.485618,26
7X2W_HLC,4,random,MM-GBSA,c6,31.221981092809074,26
7X2W_HLC,5,random,BA-DDG,c7,0.957,26
7X2W_HLC,5,random,H3,c7,1.1218,26
7X2W_HLC,5,random,Pythia,c7,3.3708643950521946,26
7X2W_HLC,5,random,FoldX,c7,4.52691,26
7X2W_HLC,5,random,MM-GBSA,c7,29.466164063113865,26
7X2W_HLC,1,wt,BA-DDG,c8,0.164,26
7X2W_HLC,1,wt,H3,c8,0.7374,26
7X2W_HLC,1,wt,Pythia,c8,6.003308482468128,26
7X2W_HLC,1,wt,FoldX,c8,5.6495,26
7X2W_HLC,1,wt,MM-GBSA,c8,23.876263116510927,26
7X2W_HLC,2,wt,BA-DDG,c9,1.603,26
7X2W_HLC,2,wt,H3,c9,1.2382,26
7X2W_HLC,2,wt,Pythia,c9,1.827882431447506,26
7X2W_HLC,2,wt,FoldX,c9,5.08344,26
7X2W_HLC,2,wt,MM-GBSA,c9,27.009041134825566,26
7X2W_HLC,3,wt,BA-DDG,c10,1.21,26
7X2W_HLC,3,wt,H3,c10,0.2988,26
7X2W_HLC,3,wt,Pythia,c10,6.3086821511387825,26
7X2W_HLC,3,wt,FoldX,c10,4.0294,26
7X2W_HLC,3,wt,MM-GBSA,c10,29.655423581340074,26
7X2W_HLC,4,wt,BA-DDG,c11,0.62,26
7X2W_HLC,4,wt,H3,c11,0.5513,26
7X2W_HLC,4,wt,Pythia,c11,1.2710719890892506,26
7X2W_HLC,4,wt,FoldX,c11,5.318148,26
7X2W_HLC,4,wt,MM-GBSA,c11,25.243112510505853,26
7X2W_HLC,5,wt,BA-DDG,c12,-0.132,26
7X2W_HLC,5,wt,H3,c12,0.9065,26
7X2W_HLC,5,wt,Pythia,c12,5.040685406886041,26
7X2W_HLC,5,wt,FoldX,c12,4.33847,26
7X2W_HLC,5,wt,MM-GBSA,c12,19.911146729861684,26
7X2W_HLC,1,mean,BA-DDG,c13,-0.667,26
7X2W_HLC,1,mean,H3,c13,-0.3952,26
7X2W_HLC,1,mean,Pythia,c13,-1.8284286670386791,26
7X2W_HLC,1,mean,FoldX,c13,2.4558,26
7X2W_HLC,1,mean,MM-GBSA,c13,18.920307835949643,26
7X2W_HLC,2,mean,BA-DDG,c4,0.416,26
7X2W_HLC,2,mean,H3,c4,0.277,26
7X2W_HLC,2,mean,Pythia,c4,-0.9517847634851933,26
7X2W_HLC,2,mean,FoldX,c4,3.0962700000000005,26
7X2W_HLC,2,mean,MM-GBSA,c4,24.59086903459138,26
7X2W_HLC,3,mean,BA-DDG,c14,0.229,26
7X2W_HLC,3,mean,H3,c14,-0.2454,26
7X2W_HLC,3,mean,Pythia,c14,-1.5466713607311249,26
7X2W_HLC,3,mean,FoldX,c14,4.907900000000001,26
7X2W_HLC,3,mean,MM-GBSA,c14,22.711557452129455,26
7X2W_HLC,4,mean,BA-DDG,c15,0.508,26
7X2W_HLC,4,mean,H3,c15,0.5403,26
7X2W_HLC,4,mean,Pythia,c15,1.6165033653378487,26
7X2W_HLC,4,mean,FoldX,c15,5.17595,26
7X2W_HLC,4,mean,MM-GBSA,c15,29.113806666489836,26
7X2W_HLC,5,mean,BA-DDG,c16,0.339,26
7X2W_HLC,5,mean,H3,c16,0.2557,26
7X2W_HLC,5,mean,Pythia,c16,-1.531131461262703,26
7X2W_HLC,5,mean,FoldX,c16,2.8192699999999995,26
7X2W_HLC,5,mean,MM-GBSA,c16,19.401885457152275,26
7X2W_HLC,1,cvar50,BA-DDG,c17,-0.131,26
7X2W_HLC,1,cvar50,H3,c17,0.1484,26
7X2W_HLC,1,cvar50,Pythia,c17,1.1587949045933783,26
7X2W_HLC,1,cvar50,FoldX,c17,7.307179999999999,26
7X2W_HLC,1,cvar50,MM-GBSA,c17,26.719781709468407,26
7X2W_HLC,2,cvar50,BA-DDG,c4,0.416,26
7X2W_HLC,2,cvar50,H3,c4,0.277,26
7X2W_HLC,2,cvar50,Pythia,c4,-0.9517847634851933,26
7X2W_HLC,2,cvar50,FoldX,c4,3.0962700000000005,26
7X2W_HLC,2,cvar50,MM-GBSA,c4,24.59086903459138,26
7X2W_HLC,3,cvar50,BA-DDG,c14,0.229,26
7X2W_HLC,3,cvar50,H3,c14,-0.2454,26
7X2W_HLC,3,cvar50,Pythia,c14,-1.5466713607311249,26
7X2W_HLC,3,cvar50,FoldX,c14,4.907900000000001,26
7X2W_HLC,3,cvar50,MM-GBSA,c14,22.711557452129455,26
7X2W_HLC,4,cvar50,BA-DDG,c18,0.182,26
7X2W_HLC,4,cvar50,H3,c18,0.7684,26
7X2W_HLC,4,cvar50,Pythia,c18,0.44844821095466614,26
7X2W_HLC,4,cvar50,FoldX,c18,6.04739,26
7X2W_HLC,4,cvar50,MM-GBSA,c18,27.438355254081216,26
7X2W_HLC,5,cvar50,BA-DDG,c19,0.24,26
7X2W_HLC,5,cvar50,H3,c19,0.2904,26
7X2W_HLC,5,cvar50,Pythia,c19,-2.1228352822363377,26
7X2W_HLC,5,cvar50,FoldX,c19,4.07757,26
7X2W_HLC,5,cvar50,MM-GBSA,c19,22.069273763926503,26
7X2W_HLC,1,cvar20,BA-DDG,c17,-0.131,26
7X2W_HLC,1,cvar20,H3,c17,0.1484,26
7X2W_HLC,1,cvar20,Pythia,c17,1.1587949045933783,26
7X2W_HLC,1,cvar20,FoldX,c17,7.307179999999999,26
7X2W_HLC,1,cvar20,MM-GBSA,c17,26.719781709468407,26
7X2W_HLC,2,cvar20,BA-DDG,c20,0.501,26
7X2W_HLC,2,cvar20,H3,c20,0.6411,26
7X2W_HLC,2,cvar20,Pythia,c20,0.4491388164460659,26
7X2W_HLC,2,cvar20,FoldX,c20,4.58694,26
7X2W_HLC,2,cvar20,MM-GBSA,c20,14.828615793421704,26
7X2W_HLC,3,cvar20,BA-DDG,c14,0.229,26
7X2W_HLC,3,cvar20,H3,c14,-0.2454,26
7X2W_HLC,3,cvar20,Pythia,c14,-1.5466713607311249,26
7X2W_HLC,3,cvar20,FoldX,c14,4.907900000000001,26
7X2W_HLC,3,cvar20,MM-GBSA,c14,22.711557452129455,26
7X2W_HLC,4,cvar20,BA-DDG,c18,0.182,26
7X2W_HLC,4,cvar20,H3,c18,0.7684,26
7X2W_HLC,4,cvar20,Pythia,c18,0.44844821095466614,26
7X2W_HLC,4,cvar20,FoldX,c18,6.04739,26
7X2W_HLC,4,cvar20,MM-GBSA,c18,27.438355254081216,26
7X2W_HLC,5,cvar20,BA-DDG,c21,0.037,26
7X2W_HLC,5,cvar20,H3,c21,-0.0846,26
7X2W_HLC,5,cvar20,Pythia,c21,-4.143086526542902,26
7X2W_HLC,5,cvar20,FoldX,c21,3.24349,26
7X2W_HLC,5,cvar20,MM-GBSA,c21,26.165664781738087,26
7X2W_HLC,1,max,BA-DDG,c22,1.083,26
7X2W_HLC,1,max,H3,c22,1.5707,26
7X2W_HLC,1,max,Pythia,c22,10.671186117921025,26
7X2W_HLC,1,max,FoldX,c22,8.990503,26
7X2W_HLC,1,max,MM-GBSA,c22,28.86691774652445,26
7X2W_HLC,2,max,BA-DDG,c20,0.501,26
7X2W_HLC,2,max,H3,c20,0.6411,26
7X2W_HLC,2,max,Pythia,c20,0.4491388164460659,26
7X2W_HLC,2,max,FoldX,c20,4.58694,26
7X2W_HLC,2,max,MM-GBSA,c20,14.828615793421704,26
7X2W_HLC,3,max,BA-DDG,c14,0.229,26
7X2W_HLC,3,max,H3,c14,-0.2454,26
7X2W_HLC,3,max,Pythia,c14,-1.5466713607311249,26
7X2W_HLC,3,max,FoldX,c14,4.907900000000001,26
7X2W_HLC,3,max,MM-GBSA,c14,22.711557452129455,26
7X2W_HLC,4,max,BA-DDG,c23,0.11,26
7X2W_HLC,4,max,H3,c23,0.7576,26
7X2W_HLC,4,max,Pythia,c23,6.649672366678715,26
7X2W_HLC,4,max,FoldX,c23,9.20854,26
7X2W_HLC,4,max,MM-GBSA,c23,30.69969238311114,26
7X2W_HLC,5,max,BA-DDG,c21,0.037,26
7X2W_HLC,5,max,H3,c21,-0.0846,26
7X2W_HLC,5,max,Pythia,c21,-4.143086526542902,26
7X2W_HLC,5,max,FoldX,c21,3.24349,26
7X2W_HLC,5,max,MM-GBSA,c21,26.165664781738087,26
7X3D_HLB,1,afll,BA-DDG,c0,0.263,27
7X3D_HLB,1,afll,H3,c0,0.2799,27
7X3D_HLB,1,afll,Pythia,c0,0.18149787187576294,27
7X3D_HLB,1,afll,FoldX,c0,-0.14587390000000067,27
7X3D_HLB,1,afll,MM-GBSA,c0,17.269545845570065,27
7X3D_HLB,2,afll,BA-DDG,c1,1.255,27
7X3D_HLB,2,afll,H3,c1,0.5622,27
7X3D_HLB,2,afll,Pythia,c1,-0.013270378112792969,27
7X3D_HLB,2,afll,FoldX,c1,0.9897528999999992,27
7X3D_HLB,2,afll,MM-GBSA,c1,12.501209100099004,27
7X3D_HLB,3,afll,BA-DDG,c2,1.329,27
7X3D_HLB,3,afll,H3,c2,0.1695,27
7X3D_HLB,3,afll,Pythia,c2,0.06852729246020317,27
7X3D_HLB,3,afll,FoldX,c2,0.9586191999999998,27
7X3D_HLB,3,afll,MM-GBSA,c2,8.16978896141336,27
7X3D_HLB,4,afll,BA-DDG,c3,0.588,27
7X3D_HLB,4,afll,H3,c3,0.2563,27
7X3D_HLB,4,afll,Pythia,c3,0.4923771023750305,27
7X3D_HLB,4,afll,FoldX,c3,0.5349689999999994,27
7X3D_HLB,4,afll,MM-GBSA,c3,11.686501060045885,27
7X3D_HLB,5,afll,BA-DDG,c4,1.643,27
7X3D_HLB,5,afll,H3,c4,0.3741,27
7X3D_HLB,5,afll,Pythia,c4,-0.0058348774909973145,27
7X3D_HLB,5,afll,FoldX,c4,1.4495510000000005,27
7X3D_HLB,5,afll,MM-GBSA,c4,10.804204963352277,27
7X3D_HLB,1,random,BA-DDG,c5,1.595,27
7X3D_HLB,1,random,H3,c5,0.4926,27
7X3D_HLB,1,random,Pythia,c5,-0.22000467777252197,27
7X3D_HLB,1,random,FoldX,c5,-1.10527,27
7X3D_HLB,1,random,MM-GBSA,c5,11.17735188050301,27
7X3D_HLB,2,random,BA-DDG,c6,2.607,27
7X3D_HLB,2,random,H3,c6,0.989,27
7X3D_HLB,2,random,Pythia,c6,-0.0668913722038269,27
7X3D_HLB,2,random,FoldX,c6,0.5217235000000002,27
7X3D_HLB,2,random,MM-GBSA,c6,14.818298553315799,27
7X3D_HLB,3,random,BA-DDG,c7,2.067,27
7X3D_HLB,3,random,H3,c7,1.1612,27
7X3D_HLB,3,random,Pythia,c7,1.5803442597389221,27
7X3D_HLB,3,random,FoldX,c7,0.743837899999999,27
7X3D_HLB,3,random,MM-GBSA,c7,16.354604601272513,27
7X3D_HLB,4,random,BA-DDG,c8,3.348,27
7X3D_HLB,4,random,H3,c8,2.0125,27
7X3D_HLB,4,random,Pythia,c8,2.8041207790374756,27
7X3D_HLB,4,random,FoldX,c8,0.5107909999999993,27
7X3D_HLB,4,random,MM-GBSA,c8,19.572019287141302,27
7X3D_HLB,5,random,BA-DDG,c9,4.343,27
7X3D_HLB,5,random,H3,c9,2.4214,27
7X3D_HLB,5,random,Pythia,c9,1.6207352839410305,27
7X3D_HLB,5,random,FoldX,c9,0.20705090000000048,27
7X3D_HLB,5,random,MM-GBSA,c9,15.388222768229753,27
7X3D_HLB,1,wt,BA-DDG,c10,0.451,27
7X3D_HLB,1,wt,H3,c10,-0.0107,27
7X3D_HLB,1,wt,Pythia,c10,-0.15940015017986298,27
7X3D_HLB,1,wt,FoldX,c10,0.6534309999999994,27
7X3D_HLB,1,wt,MM-GBSA,c10,16.321909326036803,27
7X3D_HLB,2,wt,BA-DDG,c11,1.099,27
7X3D_HLB,2,wt,H3,c11,0.2685,27
7X3D_HLB,2,wt,Pythia,c11,-0.31197822093963623,27
7X3D_HLB,2,wt,FoldX,c11,3.037759,27
7X3D_HLB,2,wt,MM-GBSA,c11,13.315573909974773,27
7X3D_HLB,3,wt,BA-DDG,c12,2.069,27
7X3D_HLB,3,wt,H3,c12,0.7911,27
7X3D_HLB,3,wt,Pythia,c12,-0.008698761463165283,27
7X3D_HLB,3,wt,FoldX,c12,0.8738910000000004,27
7X3D_HLB,3,wt,MM-GBSA,c12,13.25357638033347,27
7X3D_HLB,4,wt,BA-DDG,c3,0.588,27
7X3D_HLB,4,wt,H3,c3,0.2563,27
7X3D_HLB,4,wt,Pythia,c3,0.4923771023750305,27
7X3D_HLB,4,wt,FoldX,c3,0.5349689999999994,27
7X3D_HLB,4,wt,MM-GBSA,c3,11.686501060045885,27
7X3D_HLB,5,wt,BA-DDG,c13,1.582,27
7X3D_HLB,5,wt,H3,c13,0.75,27
7X3D_HLB,5,wt,Pythia,c13,1.615675762295723,27
7X3D_HLB,5,wt,FoldX,c13,1.2069638999999999,27
7X3D_HLB,5,wt,MM-GBSA,c13,21.07560716079297,27
7X3D_HLB,1,mean,BA-DDG,c14,0.039,27
7X3D_HLB,1,mean,H3,c14,-0.2392,27
7X3D_HLB,1,mean,Pythia,c14,-2.7120816856622696,27
7X3D_HLB,1,mean,FoldX,c14,0.6908209999999997,27
7X3D_HLB,1,mean,MM-GBSA,c14,11.89328679193568,27
7X3D_HLB,2,mean,BA-DDG,c15,1.317,27
7X3D_HLB,2,mean,H3,c15,0.3394,27
7X3D_HLB,2,mean,Pythia,c15,1.101617954671383,27
7X3D_HLB,2,mean,FoldX,c15,2.1162419,27
7X3D_HLB,2,mean,MM-GBSA,c15,14.178492382613513,27
7X3D_HLB,3,mean,BA-DDG,c16,1.327,27
7X3D_HLB,3,mean,H3,c16,0.6563,27
7X3D_HLB,3,mean,Pythia,c16,-1.124512255191803,27
7X3D_HLB,3,mean,FoldX,c16,-1.6724800000000002,27
7X3D_HLB,3,mean,MM-GBSA,c16,13.006515516633954,27
7X3D_HLB,4,mean,BA-DDG,c17,1.366,27
7X3D_HLB,4,mean,H3,c17,0.2427,27
7X3D_HLB,4,mean,Pythia,c17,-0.27126850187778473,27
7X3D_HLB,4,mean,FoldX,c17,-0.2928241000000007,27
7X3D_HLB,4,mean,MM-GBSA,c17,15.3496777354585,27
7X3D_HLB,5,mean,BA-DDG,c18,0.871,27
7X3D_HLB,5,mean,H3,c18,0.51,27
7X3D_HLB,5,mean,Pythia,c18,-2.014462858438492,27
7X3D_HLB,5,mean,FoldX,c18,-0.5751900000000001,27
7X3D_HLB,5,mean,MM-GBSA,c18,11.985452913437257,27
7X3D_HLB,1,cvar50,BA-DDG,c14,0.039,27
7X3D_HLB,1,cvar50,H3,c14,-0.2392,27
7X3D_HLB,1,cvar50,Pythia,c14,-2.7120816856622696,27
7X3D_HLB,1,cvar50,FoldX,c14,0.6908209999999997,27
7X3D_HLB,1,cvar50,MM-GBSA,c14,11.89328679193568,27
7X3D_HLB,2,cvar50,BA-DDG,c19,1.137,27
7X3D_HLB,2,cvar50,H3,c19,0.7288,27
7X3D_HLB,2,cvar50,Pythia,c19,0.18315401673316956,27
7X3D_HLB,2,cvar50,FoldX,c19,3.618813,27
7X3D_HLB,2,cvar50,MM-GBSA,c19,16.28870018039288,27
7X3D_HLB,3,cvar50,BA-DDG,c16,1.327,27
7X3D_HLB,3,cvar50,H3,c16,0.6563,27
7X3D_HLB,3,cvar50,Pythia,c16,-1.124512255191803,27
7X3D_HLB,3,cvar50,FoldX,c16,-1.6724800000000002,27
7X3D_HLB,3,cvar50,MM-GBSA,c16,13.006515516633954,27
7X3D_HLB,4,cvar50,BA-DDG,c20,0.292,27
7X3D_HLB,4,cvar50,H3,c20,-0.1364,27
7X3D_HLB,4,cvar50,Pythia,c20,1.374832984060049,27
7X3D_HLB,4,cvar50,FoldX,c20,0.5809788999999999,27
7X3D_HLB,4,cvar50,MM-GBSA,c20,12.970914673353036,27
7X3D_HLB,5,cvar50,BA-DDG,c18,0.871,27
7X3D_HLB,5,cvar50,H3,c18,0.51,27
7X3D_HLB,5,cvar50,Pythia,c18,-2.014462858438492,27
7X3D_HLB,5,cvar50,FoldX,c18,-0.5751900000000001,27
7X3D_HLB,5,cvar50,MM-GBSA,c18,11.985452913437257,27
7X3D_HLB,1,cvar20,BA-DDG,c21,0.321,27
7X3D_HLB,1,cvar20,H3,c21,0.1272,27
7X3D_HLB,1,cvar20,Pythia,c21,-0.17148191900923848,27
7X3D_HLB,1,cvar20,FoldX,c21,-0.3390399999999998,27
7X3D_HLB,1,cvar20,MM-GBSA,c21,14.921321468881615,27
7X3D_HLB,2,cvar20,BA-DDG,c19,1.137,27
7X3D_HLB,2,cvar20,H3,c19,0.7288,27
7X3D_HLB,2,cvar20,Pythia,c19,0.18315401673316956,27
7X3D_HLB,2,cvar20,FoldX,c19,3.618813,27
7X3D_HLB,2,cvar20,MM-GBSA,c19,16.28870018039288,27
7X3D_HLB,3,cvar20,BA-DDG,c16,1.327,27
7X3D_HLB,3,cvar20,H3,c16,0.6563,27
7X3D_HLB,3,cvar20,Pythia,c16,-1.124512255191803,27
7X3D_HLB,3,cvar20,FoldX,c16,-1.6724800000000002,27
7X3D_HLB,3,cvar20,MM-GBSA,c16,13.006515516633954,27
7X3D_HLB,4,cvar20,BA-DDG,c20,0.292,27
7X3D_HLB,4,cvar20,H3,c20,-0.1364,27
7X3D_HLB,4,cvar20,Pythia,c20,1.374832984060049,27
7X3D_HLB,4,cvar20,FoldX,c20,0.5809788999999999,27
7X3D_HLB,4,cvar20,MM-GBSA,c20,12.970914673353036,27
7X3D_HLB,5,cvar20,BA-DDG,c18,0.871,27
7X3D_HLB,5,cvar20,H3,c18,0.51,27
7X3D_HLB,5,cvar20,Pythia,c18,-2.014462858438492,27
7X3D_HLB,5,cvar20,FoldX,c18,-0.5751900000000001,27
7X3D_HLB,5,cvar20,MM-GBSA,c18,11.985452913437257,27
7X3D_HLB,1,max,BA-DDG,c21,0.321,27
7X3D_HLB,1,max,H3,c21,0.1272,27
7X3D_HLB,1,max,Pythia,c21,-0.17148191900923848,27
7X3D_HLB,1,max,FoldX,c21,-0.3390399999999998,27
7X3D_HLB,1,max,MM-GBSA,c21,14.921321468881615,27
7X3D_HLB,2,max,BA-DDG,c19,1.137,27
7X3D_HLB,2,max,H3,c19,0.7288,27
7X3D_HLB,2,max,Pythia,c19,0.18315401673316956,27
7X3D_HLB,2,max,FoldX,c19,3.618813,27
7X3D_HLB,2,max,MM-GBSA,c19,16.28870018039288,27
7X3D_HLB,3,max,BA-DDG,c16,1.327,27
7X3D_HLB,3,max,H3,c16,0.6563,27
7X3D_HLB,3,max,Pythia,c16,-1.124512255191803,27
7X3D_HLB,3,max,FoldX,c16,-1.6724800000000002,27
7X3D_HLB,3,max,MM-GBSA,c16,13.006515516633954,27
7X3D_HLB,4,max,BA-DDG,c20,0.292,27
7X3D_HLB,4,max,H3,c20,-0.1364,27
7X3D_HLB,4,max,Pythia,c20,1.374832984060049,27
7X3D_HLB,4,max,FoldX,c20,0.5809788999999999,27
7X3D_HLB,4,max,MM-GBSA,c20,12.970914673353036,27
7X3D_HLB,5,max,BA-DDG,c18,0.871,27
7X3D_HLB,5,max,H3,c18,0.51,27
7X3D_HLB,5,max,Pythia,c18,-2.014462858438492,27
7X3D_HLB,5,max,FoldX,c18,-0.5751900000000001,27
7X3D_HLB,5,max,MM-GBSA,c18,11.985452913437257,27
7X4I_HA,1,afll,BA-DDG,c0,-0.048,28
7X4I_HA,1,afll,H3,c0,-1.7752,28
7X4I_HA,1,afll,Pythia,c0,-8.889010146260262,28
7X4I_HA,1,afll,FoldX,c0,5.988944,28
7X4I_HA,1,afll,MM-GBSA,c0,20.64310841268616,28
7X4I_HA,2,afll,BA-DDG,c1,-0.227,28
7X4I_HA,2,afll,H3,c1,-2.0446,28
7X4I_HA,2,afll,Pythia,c1,-11.274111898615956,28
7X4I_HA,2,afll,FoldX,c1,6.320471,28
7X4I_HA,2,afll,MM-GBSA,c1,10.143785231435686,28
7X4I_HA,3,afll,BA-DDG,c2,2.214,28
7X4I_HA,3,afll,H3,c2,1.2117,28
7X4I_HA,3,afll,Pythia,c2,-0.8962799329310656,28
7X4I_HA,3,afll,FoldX,c2,2.8524500000000006,28
7X4I_HA,3,afll,MM-GBSA,c2,16.40097567326302,28
7X4I_HA,4,afll,BA-DDG,c3,0.714,28
7X4I_HA,4,afll,H3,c3,1.5555,28
7X4I_HA,4,afll,Pythia,c3,-7.623543359339237,28
7X4I_HA,4,afll,FoldX,c3,7.211754,28
7X4I_HA,4,afll,MM-GBSA,c3,17.634887302036077,28
7X4I_HA,5,afll,BA-DDG,c4,-0.795,28
7X4I_HA,5,afll,H3,c4,-1.8217,28
7X4I_HA,5,afll,Pythia,c4,-6.411469329148531,28
7X4I_HA,5,afll,FoldX,c4,3.87815,28
7X4I_HA,5,afll,MM-GBSA,c4,17.988270320501215,28
7X4I_HA,1,random,BA-DDG,c5,2.171,28
7X4I_HA,1,random,H3,c5,1.8845,28
7X4I_HA,1,random,Pythia,c5,-0.17572687566280365,28
7X4I_HA,1,random,FoldX,c5,2.76738,28
7X4I_HA,1,random,MM-GBSA,c5,5.714071886223792,28
7X4I_HA,2,random,BA-DDG,c6,0.836,28
7X4I_HA,2,random,H3,c6,0.0681,28
7X4I_HA,2,random,Pythia,c6,-4.826789151877165,28
7X4I_HA,2,random,FoldX,c6,-0.00032999999999994145,28
7X4I_HA,2,random,MM-GBSA,c6,20.870948059840885,28
7X4I_HA,3,random,BA-DDG,c7,-0.955,28
7X4I_HA,3,random,H3,c7,-3.2529,28
7X4I_HA,3,random,Pythia,c7,-15.344256049022079,28
7X4I_HA,3,random,FoldX,c7,7.2793600000000005,28
7X4I_HA,3,random,MM-GBSA,c7,12.105592527091176,28
7X4I_HA,4,random,BA-DDG,c8,2.096,28
7X4I_HA,4,random,H3,c8,2.4565,28
7X4I_HA,4,random,Pythia,c8,-2.12149496935308,28
7X4I_HA,4,random,FoldX,c8,4.481319,28
7X4I_HA,4,random,MM-GBSA,c8,28.104843074824203,28
7X4I_HA,5,random,BA-DDG,c9,4.857,28
7X4I_HA,5,random,H3,c9,4.2415,28
7X4I_HA,5,random,Pythia,c9,3.245126873254776,28
7X4I_HA,5,random,FoldX,c9,4.32326,28
7X4I_HA,5,random,MM-GBSA,c9,30.605607930799124,28
7X4I_HA,1,wt,BA-DDG,c10,-1.661,28
7X4I_HA,1,wt,H3,c10,-2.4491,28
7X4I_HA,1,wt,Pythia,c10,-6.259496450424194,28
7X4I_HA,1,wt,FoldX,c10,7.5347,28
7X4I_HA,1,wt,MM-GBSA,c10,21.980525792443586,28
7X4I_HA,2,wt,BA-DDG,c11,-1.804,28
7X4I_HA,2,wt,H3,c11,-1.0517,28
7X4I_HA,2,wt,Pythia,c11,-4.420894853770733,28
7X4I_HA,2,wt,FoldX,c11,3.97435,28
7X4I_HA,2,wt,MM-GBSA,c11,20.21821467558493,28
7X4I_HA,3,wt,BA-DDG,c12,-3.383,28
7X4I_HA,3,wt,H3,c12,-2.4097,28
7X4I_HA,3,wt,Pythia,c12,-13.695245157927275,28
7X4I_HA,3,wt,FoldX,c12,7.9863599999999995,28
7X4I_HA,3,wt,MM-GBSA,c12,13.060440529276093,28
7X4I_HA,4,wt,BA-DDG,c13,-4.009,28
7X4I_HA,4,wt,H3,c13,-4.0722,28
7X4I_HA,4,wt,Pythia,c13,-1.925256185233593,28
7X4I_HA,4,wt,FoldX,c13,3.41776,28
7X4I_HA,4,wt,MM-GBSA,c13,14.316521842351904,28
7X4I_HA,5,wt,BA-DDG,c14,-3.66,28
7X4I_HA,5,wt,H3,c14,-3.0419,28
7X4I_HA,5,wt,Pythia,c14,-6.770253278315067,28
7X4I_HA,5,wt,FoldX,c14,0.18226999999999993,28
7X4I_HA,5,wt,MM-GBSA,c14,22.67306270789686,28
7X4I_HA,1,mean,BA-DDG,c10,-1.661,28
7X4I_HA,1,mean,H3,c10,-2.4491,28
7X4I_HA,1,mean,Pythia,c10,-6.259496450424194,28
7X4I_HA,1,mean,FoldX,c10,7.5347,28
7X4I_HA,1,mean,MM-GBSA,c10,21.980525792443586,28
7X4I_HA,2,mean,BA-DDG,c15,-2.279,28
7X4I_HA,2,mean,H3,c15,-1.4881,28
7X4I_HA,2,mean,Pythia,c15,-2.8987840488553047,28
7X4I_HA,2,mean,FoldX,c15,1.3906900000000002,28
7X4I_HA,2,mean,MM-GBSA,c15,22.773846295462135,28
7X4I_HA,3,mean,BA-DDG,c12,-3.383,28
7X4I_HA,3,mean,H3,c12,-2.4097,28
7X4I_HA,3,mean,Pythia,c12,-13.695245157927275,28
7X4I_HA,3,mean,FoldX,c12,7.9863599999999995,28
7X4I_HA,3,mean,MM-GBSA,c12,13.060440529276093,28
7X4I_HA,4,mean,BA-DDG,c16,-4.111,28
7X4I_HA,4,mean,H3,c16,-4.7629,28
7X4I_HA,4,mean,Pythia,c16,-8.969507709145546,28
7X4I_HA,4,mean,FoldX,c16,-0.19582000000000033,28
7X4I_HA,4,mean,MM-GBSA,c16,15.81644874169615,28
7X4I_HA,5,mean,BA-DDG,c14,-3.66,28
7X4I_HA,5,mean,H3,c14,-3.0419,28
7X4I_HA,5,mean,Pythia,c14,-6.770253278315067,28
7X4I_HA,5,mean,FoldX,c14,0.18226999999999993,28
7X4I_HA,5,mean,MM-GBSA,c14,22.67306270789686,28
7X4I_HA,1,cvar50,BA-DDG,c10,-1.661,28
7X4I_HA,1,cvar50,H3,c10,-2.4491,28
7X4I_HA,1,cvar50,Pythia,c10,-6.259496450424194,28
7X4I_HA,1,cvar50,FoldX,c10,7.5347,28
7X4I_HA,1,cvar50,MM-GBSA,c10,21.980525792443586,28
7X4I_HA,2,cvar50,BA-DDG,c17,-3.148,28
7X4I_HA,2,cvar50,H3,c17,-2.9008,28
7X4I_HA,2,cvar50,Pythia,c17,-8.972091114148498,28
7X4I_HA,2,cvar50,FoldX,c17,4.01882,28
7X4I_HA,2,cvar50,MM-GBSA,c17,20.721703187146886,28
7X4I_HA,3,cvar50,BA-DDG,c12,-3.383,28
7X4I_HA,3,cvar50,H3,c12,-2.4097,28
7X4I_HA,3,cvar50,Pythia,c12,-13.695245157927275,28
7X4I_HA,3,cvar50,FoldX,c12,7.9863599999999995,28
7X4I_HA,3,cvar50,MM-GBSA,c12,13.060440529276093,28
7X4I_HA,4,cvar50,BA-DDG,c13,-4.009,28
7X4I_HA,4,cvar50,H3,c13,-4.0722,28
7X4I_HA,4,cvar50,Pythia,c13,-1.925256185233593,28
7X4I_HA,4,cvar50,FoldX,c13,3.41776,28
7X4I_HA,4,cvar50,MM-GBSA,c13,14.316521842351904,28
7X4I_HA,5,cvar50,BA-DDG,c14,-3.66,28
7X4I_HA,5,cvar50,H3,c14,-3.0419,28
7X4I_HA,5,cvar50,Pythia,c14,-6.770253278315067,28
7X4I_HA,5,cvar50,FoldX,c14,0.18226999999999993,28
7X4I_HA,5,cvar50,MM-GBSA,c14,22.67306270789686,28
7X4I_HA,1,cvar20,BA-DDG,c18,-1.632,28
7X4I_HA,1,cvar20,H3,c18,-2.3559,28
7X4I_HA,1,cvar20,Pythia,c18,-2.685534054413438,28
7X4I_HA,1,cvar20,FoldX,c18,2.8105900000000004,28
7X4I_HA,1,cvar20,MM-GBSA,c18,28.963659463262047,28
7X4I_HA,2,cvar20,BA-DDG,c17,-3.148,28
7X4I_HA,2,cvar20,H3,c17,-2.9008,28
7X4I_HA,2,cvar20,Pythia,c17,-8.972091114148498,28
7X4I_HA,2,cvar20,FoldX,c17,4.01882,28
7X4I_HA,2,cvar20,MM-GBSA,c17,20.721703187146886,28
7X4I_HA,3,cvar20,BA-DDG,c12,-3.383,28
7X4I_HA,3,cvar20,H3,c12,-2.4097,28
7X4I_HA,3,cvar20,Pythia,c12,-13.695245157927275,28
7X4I_HA,3,cvar20,FoldX,c12,7.9863599999999995,28
7X4I_HA,3,cvar20,MM-GBSA,c12,13.060440529276093,28
7X4I_HA,4,cvar20,BA-DDG,c13,-4.009,28
7X4I_HA,4,cvar20,H3,c13,-4.0722,28
7X4I_HA,4,cvar20,Pythia,c13,-1.925256185233593,28
7X4I_HA,4,cvar20,FoldX,c13,3.41776,28
7X4I_HA,4,cvar20,MM-GBSA,c13,14.316521842351904,28
7X4I_HA,5,cvar20,BA-DDG,c14,-3.66,28
7X4I_HA,5,cvar20,H3,c14,-3.0419,28
7X4I_HA,5,cvar20,Pythia,c14,-6.770253278315067,28
7X4I_HA,5,cvar20,FoldX,c14,0.18226999999999993,28
7X4I_HA,5,cvar20,MM-GBSA,c14,22.67306270789686,28
7X4I_HA,1,max,BA-DDG,c18,-1.632,28
7X4I_HA,1,max,H3,c18,-2.3559,28
7X4I_HA,1,max,Pythia,c18,-2.685534054413438,28
7X4I_HA,1,max,FoldX,c18,2.8105900000000004,28
7X4I_HA,1,max,MM-GBSA,c18,28.963659463262047,28
7X4I_HA,2,max,BA-DDG,c17,-3.148,28
7X4I_HA,2,max,H3,c17,-2.9008,28
7X4I_HA,2,max,Pythia,c17,-8.972091114148498,28
7X4I_HA,2,max,FoldX,c17,4.01882,28
7X4I_HA,2,max,MM-GBSA,c17,20.721703187146886,28
7X4I_HA,3,max,BA-DDG,c12,-3.383,28
7X4I_HA,3,max,H3,c12,-2.4097,28
7X4I_HA,3,max,Pythia,c12,-13.695245157927275,28
7X4I_HA,3,max,FoldX,c12,7.9863599999999995,28
7X4I_HA,3,max,MM-GBSA,c12,13.060440529276093,28
7X4I_HA,4,max,BA-DDG,c13,-4.009,28
7X4I_HA,4,max,H3,c13,-4.0722,28
7X4I_HA,4,max,Pythia,c13,-1.925256185233593,28
7X4I_HA,4,max,FoldX,c13,3.41776,28
7X4I_HA,4,max,MM-GBSA,c13,14.316521842351904,28
7X4I_HA,5,max,BA-DDG,c14,-3.66,28
7X4I_HA,5,max,H3,c14,-3.0419,28
7X4I_HA,5,max,Pythia,c14,-6.770253278315067,28
7X4I_HA,5,max,FoldX,c14,0.18226999999999993,28
7X4I_HA,5,max,MM-GBSA,c14,22.67306270789686,28
7YCL_HLD,1,afll,BA-DDG,c0,3.475,28
7YCL_HLD,1,afll,H3,c0,2.4576,28
7YCL_HLD,1,afll,Pythia,c0,22.031849458813667,28
7YCL_HLD,1,afll,FoldX,c0,4.651125999999999,28
7YCL_HLD,1,afll,MM-GBSA,c0,10.374116086959475,28
7YCL_HLD,2,afll,BA-DDG,c1,3.547,28
7YCL_HLD,2,afll,H3,c1,2.4019,28
7YCL_HLD,2,afll,Pythia,c1,21.3232424557209,28
7YCL_HLD,2,afll,FoldX,c1,5.607294,28
7YCL_HLD,2,afll,MM-GBSA,c1,25.974036676672767,28
7YCL_HLD,3,afll,BA-DDG,c2,2.765,28
7YCL_HLD,3,afll,H3,c2,2.419,28
7YCL_HLD,3,afll,Pythia,c2,20.707768470048904,28
7YCL_HLD,3,afll,FoldX,c2,4.992620999999999,28
7YCL_HLD,3,afll,MM-GBSA,c2,20.069513837835075,28
7YCL_HLD,4,afll,BA-DDG,c2,2.765,28
7YCL_HLD,4,afll,H3,c2,2.419,28
7YCL_HLD,4,afll,Pythia,c2,20.707768470048904,28
7YCL_HLD,4,afll,FoldX,c2,4.992620999999999,28
7YCL_HLD,4,afll,MM-GBSA,c2,20.069513837835075,28
7YCL_HLD,5,afll,BA-DDG,c3,4.187,28
7YCL_HLD,5,afll,H3,c3,2.4919,28
7YCL_HLD,5,afll,Pythia,c3,21.41637547314167,28
7YCL_HLD,5,afll,FoldX,c3,5.053323999999999,28
7YCL_HLD,5,afll,MM-GBSA,c3,29.076767719562667,28
7YCL_HLD,1,random,BA-DDG,c4,6.258,28
7YCL_HLD,1,random,H3,c4,5.1911,28
7YCL_HLD,1,random,Pythia,c4,24.87474036216736,28
7YCL_HLD,1,random,FoldX,c4,6.0321505,28
7YCL_HLD,1,random,MM-GBSA,c4,34.19167440585443,28
7YCL_HLD,2,random,BA-DDG,c5,4.622,28
7YCL_HLD,2,random,H3,c5,4.2112,28
7YCL_HLD,2,random,Pythia,c5,23.759903125464916,28
7YCL_HLD,2,random,FoldX,c5,12.350572,28
7YCL_HLD,2,random,MM-GBSA,c5,37.86403004314798,28
7YCL_HLD,3,random,BA-DDG,c6,3.282,28
7YCL_HLD,3,random,H3,c6,3.2015,28
7YCL_HLD,3,random,Pythia,c6,24.47786995768547,28
7YCL_HLD,3,random,FoldX,c6,10.621971,28
7YCL_HLD,3,random,MM-GBSA,c6,670.2824757113322,28
7YCL_HLD,4,random,BA-DDG,c7,7.942,28
7YCL_HLD,4,random,H3,c7,4.4659,28
7YCL_HLD,4,random,Pythia,c7,18.893601313233376,28
7YCL_HLD,4,random,FoldX,c7,7.026891000000001,28
7YCL_HLD,4,random,MM-GBSA,c7,36.456109721669236,28
7YCL_HLD,5,random,BA-DDG,c8,2.427,28
7YCL_HLD,5,random,H3,c8,2.6204,28
7YCL_HLD,5,random,Pythia,c8,19.24696320295334,28
7YCL_HLD,5,random,FoldX,c8,9.047471,28
7YCL_HLD,5,random,MM-GBSA,c8,28.44053208267178,28
7YCL_HLD,1,wt,BA-DDG,c9,2.041,28
7YCL_HLD,1,wt,H3,c9,2.6679,28
7YCL_HLD,1,wt,Pythia,c9,22.749555261572823,28
7YCL_HLD,1,wt,FoldX,c9,7.927110999999999,28
7YCL_HLD,1,wt,MM-GBSA,c9,31.01937183816517,28
7YCL_HLD,2,wt,BA-DDG,c10,1.248,28
7YCL_HLD,2,wt,H3,c10,1.6447,28
7YCL_HLD,2,wt,Pythia,c10,15.874766796827316,28
7YCL_HLD,2,wt,FoldX,c10,2.006177,28
7YCL_HLD,2,wt,MM-GBSA,c10,30.532984903362376,28
7YCL_HLD,3,wt,BA-DDG,c11,2.649,28
7YCL_HLD,3,wt,H3,c11,1.7645,28
7YCL_HLD,3,wt,Pythia,c11,20.466534576378763,28
7YCL_HLD,3,wt,FoldX,c11,9.593768999999998,28
7YCL_HLD,3,wt,MM-GBSA,c11,32.98862186327369,28
7YCL_HLD,4,wt,BA-DDG,c12,1.742,28
7YCL_HLD,4,wt,H3,c12,1.4913,28
7YCL_HLD,4,wt,Pythia,c12,15.28967997431755,28
7YCL_HLD,4,wt,FoldX,c12,2.594887999999999,28
7YCL_HLD,4,wt,MM-GBSA,c12,23.18121165759112,28
7YCL_HLD,5,wt,BA-DDG,c13,2.85,28
7YCL_HLD,5,wt,H3,c13,2.6456,28
7YCL_HLD,5,wt,Pythia,c13,21.11440573632717,28
7YCL_HLD,5,wt,FoldX,c13,4.491621,28
7YCL_HLD,5,wt,MM-GBSA,c13,21.069942300227012,28
7YCL_HLD,1,mean,BA-DDG,c14,1.798,28
7YCL_HLD,1,mean,H3,c14,1.2483,28
7YCL_HLD,1,mean,Pythia,c14,16.85075005888939,28
7YCL_HLD,1,mean,FoldX,c14,4.371001000000001,28
7YCL_HLD,1,mean,MM-GBSA,c14,8.068993109106486,28
7YCL_HLD,2,mean,BA-DDG,c10,1.248,28
7YCL_HLD,2,mean,H3,c10,1.6447,28
7YCL_HLD,2,mean,Pythia,c10,15.874766796827316,28
7YCL_HLD,2,mean,FoldX,c10,2.006177,28
7YCL_HLD,2,mean,MM-GBSA,c10,30.532984903362376,28
7YCL_HLD,3,mean,BA-DDG,c15,0.28,28
7YCL_HLD,3,mean,H3,c15,1.0351,28
7YCL_HLD,3,mean,Pythia,c15,10.106123898178339,28
7YCL_HLD,3,mean,FoldX,c15,4.491290999999999,28
7YCL_HLD,3,mean,MM-GBSA,c15,14.70598443471772,28
7YCL_HLD,4,mean,BA-DDG,c16,0.726,28
7YCL_HLD,4,mean,H3,c16,2.3205,28
7YCL_HLD,4,mean,Pythia,c16,11.273449650965631,28
7YCL_HLD,4,mean,FoldX,c16,9.341201000000002,28
7YCL_HLD,4,mean,MM-GBSA,c16,26.211933061134914,28
7YCL_HLD,5,mean,BA-DDG,c17,0.398,28
7YCL_HLD,5,mean,H3,c17,0.2885,28
7YCL_HLD,5,mean,Pythia,c17,15.084788501262665,28
7YCL_HLD,5,mean,FoldX,c17,5.315216,28
7YCL_HLD,5,mean,MM-GBSA,c17,17.40517974708746,28
7YCL_HLD,1,cvar50,BA-DDG,c14,1.798,28
7YCL_HLD,1,cvar50,H3,c14,1.2483,28
7YCL_HLD,1,cvar50,Pythia,c14,16.85075005888939,28
7YCL_HLD,1,cvar50,FoldX,c14,4.371001000000001,28
7YCL_HLD,1,cvar50,MM-GBSA,c14,8.068993109106486,28
7YCL_HLD,2,cvar50,BA-DDG,c10,1.248,28
7YCL_HLD,2,cvar50,H3,c10,1.6447,28
7YCL_HLD,2,cvar50,Pythia,c10,15.874766796827316,28
7YCL_HLD,2,cvar50,FoldX,c10,2.006177,28
7YCL_HLD,2,cvar50,MM-GBSA,c10,30.532984903362376,28
7YCL_HLD,3,cvar50,BA-DDG,c15,0.28,28
7YCL_HLD,3,cvar50,H3,c15,1.0351,28
7YCL_HLD,3,cvar50,Pythia,c15,10.106123898178339,28
7YCL_HLD,3,cvar50,FoldX,c15,4.491290999999999,28
7YCL_HLD,3,cvar50,MM-GBSA,c15,14.70598443471772,28
7YCL_HLD,4,cvar50,BA-DDG,c16,0.726,28
7YCL_HLD,4,cvar50,H3,c16,2.3205,28
7YCL_HLD,4,cvar50,Pythia,c16,11.273449650965631,28
7YCL_HLD,4,cvar50,FoldX,c16,9.341201000000002,28
7YCL_HLD,4,cvar50,MM-GBSA,c16,26.211933061134914,28
7YCL_HLD,5,cvar50,BA-DDG,c18,0.143,28
7YCL_HLD,5,cvar50,H3,c18,1.9068,28
7YCL_HLD,5,cvar50,Pythia,c18,14.252540826797485,28
7YCL_HLD,5,cvar50,FoldX,c18,2.6880479999999993,28
7YCL_HLD,5,cvar50,MM-GBSA,c18,24.24666649786286,28
7YCL_HLD,1,cvar20,BA-DDG,c14,1.798,28
7YCL_HLD,1,cvar20,H3,c14,1.2483,28
7YCL_HLD,1,cvar20,Pythia,c14,16.85075005888939,28
7YCL_HLD,1,cvar20,FoldX,c14,4.371001000000001,28
7YCL_HLD,1,cvar20,MM-GBSA,c14,8.068993109106486,28
7YCL_HLD,2,cvar20,BA-DDG,c10,1.248,28
7YCL_HLD,2,cvar20,H3,c10,1.6447,28
7YCL_HLD,2,cvar20,Pythia,c10,15.874766796827316,28
7YCL_HLD,2,cvar20,FoldX,c10,2.006177,28
7YCL_HLD,2,cvar20,MM-GBSA,c10,30.532984903362376,28
7YCL_HLD,3,cvar20,BA-DDG,c15,0.28,28
7YCL_HLD,3,cvar20,H3,c15,1.0351,28
7YCL_HLD,3,cvar20,Pythia,c15,10.106123898178339,28
7YCL_HLD,3,cvar20,FoldX,c15,4.491290999999999,28
7YCL_HLD,3,cvar20,MM-GBSA,c15,14.70598443471772,28
7YCL_HLD,4,cvar20,BA-DDG,c16,0.726,28
7YCL_HLD,4,cvar20,H3,c16,2.3205,28
7YCL_HLD,4,cvar20,Pythia,c16,11.273449650965631,28
7YCL_HLD,4,cvar20,FoldX,c16,9.341201000000002,28
7YCL_HLD,4,cvar20,MM-GBSA,c16,26.211933061134914,28
7YCL_HLD,5,cvar20,BA-DDG,c18,0.143,28
7YCL_HLD,5,cvar20,H3,c18,1.9068,28
7YCL_HLD,5,cvar20,Pythia,c18,14.252540826797485,28
7YCL_HLD,5,cvar20,FoldX,c18,2.6880479999999993,28
7YCL_HLD,5,cvar20,MM-GBSA,c18,24.24666649786286,28
7YCL_HLD,1,max,BA-DDG,c19,2.074,28
7YCL_HLD,1,max,H3,c19,1.1223,28
7YCL_HLD,1,max,Pythia,c19,16.57932074368,28
7YCL_HLD,1,max,FoldX,c19,5.3230569999999995,28
7YCL_HLD,1,max,MM-GBSA,c19,23.664423100223758,28
7YCL_HLD,2,max,BA-DDG,c20,1.52,28
7YCL_HLD,2,max,H3,c20,1.1104,28
7YCL_HLD,2,max,Pythia,c20,15.40238519012928,28
7YCL_HLD,2,max,FoldX,c20,6.333811,28
7YCL_HLD,2,max,MM-GBSA,c20,29.777787100870228,28
7YCL_HLD,3,max,BA-DDG,c15,0.28,28
7YCL_HLD,3,max,H3,c15,1.0351,28
7YCL_HLD,3,max,Pythia,c15,10.106123898178339,28
7YCL_HLD,3,max,FoldX,c15,4.491290999999999,28
7YCL_HLD,3,max,MM-GBSA,c15,14.70598443471772,28
7YCL_HLD,4,max,BA-DDG,c21,1.161,28
7YCL_HLD,4,max,H3,c21,3.3607,28
7YCL_HLD,4,max,Pythia,c21,17.816919043660164,28
7YCL_HLD,4,max,FoldX,c21,7.629281000000001,28
7YCL_HLD,4,max,MM-GBSA,c21,29.36050493967923,28
7YCL_HLD,5,max,BA-DDG,c17,0.398,28
7YCL_HLD,5,max,H3,c17,0.2885,28
7YCL_HLD,5,max,Pythia,c17,15.084788501262665,28
7YCL_HLD,5,max,FoldX,c17,5.315216,28
7YCL_HLD,5,max,MM-GBSA,c17,17.40517974708746,28
7ZRA_FC,1,afll,BA-DDG,c0,1.135,29
7ZRA_FC,1,afll,H3,c0,0.2706,29
7ZRA_FC,1,afll,Pythia,c0,-9.642341569531709,29
7ZRA_FC,1,afll,FoldX,c0,1.7424400000000002,29
7ZRA_FC,1,afll,MM-GBSA,c0,11.154144768032893,29
7ZRA_FC,2,afll,BA-DDG,c1,1.86,29
7ZRA_FC,2,afll,H3,c1,1.3881,29
7ZRA_FC,2,afll,Pythia,c1,-7.8968975325115025,29
7ZRA_FC,2,afll,FoldX,c1,1.98817,29
7ZRA_FC,2,afll,MM-GBSA,c1,15.009470974133365,29
7ZRA_FC,3,afll,BA-DDG,c2,0.878,29
7ZRA_FC,3,afll,H3,c2,0.0407,29
7ZRA_FC,3,afll,Pythia,c2,-10.333454236853868,29
7ZRA_FC,3,afll,FoldX,c2,2.57043,29
7ZRA_FC,3,afll,MM-GBSA,c2,12.245813794000242,29
7ZRA_FC,4,afll,BA-DDG,c3,1.149,29
7ZRA_FC,4,afll,H3,c3,0.1675,29
7ZRA_FC,4,afll,Pythia,c3,-6.854096815455705,29
7ZRA_FC,4,afll,FoldX,c3,2.1688460000000003,29
7ZRA_FC,4,afll,MM-GBSA,c3,12.658369197421962,29
7ZRA_FC,5,afll,BA-DDG,c4,1.537,29
7ZRA_FC,5,afll,H3,c4,0.5854,29
7ZRA_FC,5,afll,Pythia,c4,-8.06998796062544,29
7ZRA_FC,5,afll,FoldX,c4,0.14021000000000017,29
7ZRA_FC,5,afll,MM-GBSA,c4,6.884348276328637,29
7ZRA_FC,1,random,BA-DDG,c5,1.796,29
7ZRA_FC,1,random,H3,c5,2.2009,29
7ZRA_FC,1,random,Pythia,c5,-0.2963117223698646,29
7ZRA_FC,1,random,FoldX,c5,2.83149,29
7ZRA_FC,1,random,MM-GBSA,c5,14.540688309922189,29
7ZRA_FC,2,random,BA-DDG,c6,1.093,29
7ZRA_FC,2,random,H3,c6,1.0746,29
7ZRA_FC,2,random,Pythia,c6,-2.100720733869821,29
7ZRA_FC,2,random,FoldX,c6,1.09701,29
7ZRA_FC,2,random,MM-GBSA,c6,7.514791123105169,29
7ZRA_FC,3,random,BA-DDG,c7,0.024,29
7ZRA_FC,3,random,H3,c7,-0.2096,29
7ZRA_FC,3,random,Pythia,c7,-11.358236700296402,29
7ZRA_FC,3,random,FoldX,c7,2.6245700000000003,29
7ZRA_FC,3,random,MM-GBSA,c7,10.014947663139537,29
7ZRA_FC,4,random,BA-DDG,c8,3.023,29
7ZRA_FC,4,random,H3,c8,2.3498,29
7ZRA_FC,4,random,Pythia,c8,-1.0437465053983033,29
7ZRA_FC,4,random,FoldX,c8,1.677638,29
7ZRA_FC,4,random,MM-GBSA,c8,15.446399807708076,29
7ZRA_FC,5,random,BA-DDG,c9,2.417,29
7ZRA_FC,5,random,H3,c9,1.6116,29
7ZRA_FC,5,random,Pythia,c9,-10.044448071566876,29
7ZRA_FC,5,random,FoldX,c9,2.7638100000000003,29
7ZRA_FC,5,random,MM-GBSA,c9,15.441290918600316,29
7ZRA_FC,1,wt,BA-DDG,c10,1.107,29
7ZRA_FC,1,wt,H3,c10,0.2231,29
7ZRA_FC,1,wt,Pythia,c10,-16.853792921174318,29
7ZRA_FC,1,wt,FoldX,c10,1.2759,29
7ZRA_FC,1,wt,MM-GBSA,c10,9.04194995618036,29
7ZRA_FC,2,wt,BA-DDG,c11,0.829,29
7ZRA_FC,2,wt,H3,c11,0.6544,29
7ZRA_FC,2,wt,Pythia,c11,-15.638817880768329,29
7ZRA_FC,2,wt,FoldX,c11,2.5004300000000006,29
7ZRA_FC,2,wt,MM-GBSA,c11,10.422852575036814,29
7ZRA_FC,3,wt,BA-DDG,c12,-2.923,29
7ZRA_FC,3,wt,H3,c12,-2.2633,29
7ZRA_FC,3,wt,Pythia,c12,-14.757707756012678,29
7ZRA_FC,3,wt,FoldX,c12,0.7145099999999998,29
7ZRA_FC,3,wt,MM-GBSA,c12,2.378163186594975,29
7ZRA_FC,4,wt,BA-DDG,c13,0.161,29
7ZRA_FC,4,wt,H3,c13,0.2905,29
7ZRA_FC,4,wt,Pythia,c13,-16.38391453307122,29
7ZRA_FC,4,wt,FoldX,c13,2.0932700000000004,29
7ZRA_FC,4,wt,MM-GBSA,c13,8.660194365496864,29
7ZRA_FC,5,wt,BA-DDG,c14,0.442,29
7ZRA_FC,5,wt,H3,c14,0.4859,29
7ZRA_FC,5,wt,Pythia,c14,-3.2518590912222862,29
7ZRA_FC,5,wt,FoldX,c14,1.5237999999999996,29
7ZRA_FC,5,wt,MM-GBSA,c14,8.837183152155376,29
7ZRA_FC,1,mean,BA-DDG,c15,-1.281,29
7ZRA_FC,1,mean,H3,c15,-1.5221,29
7ZRA_FC,1,mean,Pythia,c15,-15.095510067418218,29
7ZRA_FC,1,mean,FoldX,c15,-0.39959999999999996,29
7ZRA_FC,1,mean,MM-GBSA,c15,-0.835311335365077,29
7ZRA_FC,2,mean,BA-DDG,c16,-1.09,29
7ZRA_FC,2,mean,H3,c16,-1.2964,29
7ZRA_FC,2,mean,Pythia,c16,-8.897944935131818,29
7ZRA_FC,2,mean,FoldX,c16,1.9872999999999998,29
7ZRA_FC,2,mean,MM-GBSA,c16,1.6854307419998804,29
7ZRA_FC,3,mean,BA-DDG,c12,-2.923,29
7ZRA_FC,3,mean,H3,c12,-2.2633,29
7ZRA_FC,3,mean,Pythia,c12,-14.757707756012678,29
7ZRA_FC,3,mean,FoldX,c12,0.7145099999999998,29
7ZRA_FC,3,mean,MM-GBSA,c12,2.378163186594975,29
7ZRA_FC,4,mean,BA-DDG,c17,-0.96,29
7ZRA_FC,4,mean,H3,c17,-0.4158,29
7ZRA_FC,4,mean,Pythia,c17,-5.146096215117723,29
7ZRA_FC,4,mean,FoldX,c17,0.8131900000000005,29
7ZRA_FC,4,mean,MM-GBSA,c17,4.7780595840886235,29
7ZRA_FC,5,mean,BA-DDG,c18,-1.058,29
7ZRA_FC,5,mean,H3,c18,-2.1161,29
7ZRA_FC,5,mean,Pythia,c18,-14.702030117157847,29
7ZRA_FC,5,mean,FoldX,c18,-1.7533800000000004,29
7ZRA_FC,5,mean,MM-GBSA,c18,2.1892230256280527,29
7ZRA_FC,1,cvar50,BA-DDG,c19,-1.279,29
7ZRA_FC,1,cvar50,H3,c19,-1.5101,29
7ZRA_FC,1,cvar50,Pythia,c19,-13.14207622082904,29
7ZRA_FC,1,cvar50,FoldX,c19,0.15388000000000002,29
7ZRA_FC,1,cvar50,MM-GBSA,c19,6.205045313957271,29
7ZRA_FC,2,cvar50,BA-DDG,c16,-1.09,29
7ZRA_FC,2,cvar50,H3,c16,-1.2964,29
7ZRA_FC,2,cvar50,Pythia,c16,-8.897944935131818,29
7ZRA_FC,2,cvar50,FoldX,c16,1.9872999999999998,29
7ZRA_FC,2,cvar50,MM-GBSA,c16,1.6854307419998804,29
7ZRA_FC,3,cvar50,BA-DDG,c12,-2.923,29
7ZRA_FC,3,cvar50,H3,c12,-2.2633,29
7ZRA_FC,3,cvar50,Pythia,c12,-14.757707756012678,29
7ZRA_FC,3,cvar50,FoldX,c12,0.7145099999999998,29
7ZRA_FC,3,cvar50,MM-GBSA,c12,2.378163186594975,29
7ZRA_FC,4,cvar50,BA-DDG,c17,-0.96,29
7ZRA_FC,4,cvar50,H3,c17,-0.4158,29
7ZRA_FC,4,cvar50,Pythia,c17,-5.146096215117723,29
7ZRA_FC,4,cvar50,FoldX,c17,0.8131900000000005,29
7ZRA_FC,4,cvar50,MM-GBSA,c17,4.7780595840886235,29
7ZRA_FC,5,cvar50,BA-DDG,c18,-1.058,29
7ZRA_FC,5,cvar50,H3,c18,-2.1161,29
7ZRA_FC,5,cvar50,Pythia,c18,-14.702030117157847,29
7ZRA_FC,5,cvar50,FoldX,c18,-1.7533800000000004,29
7ZRA_FC,5,cvar50,MM-GBSA,c18,2.1892230256280527,29
7ZRA_FC,1,cvar20,BA-DDG,c19,-1.279,29
7ZRA_FC,1,cvar20,H3,c19,-1.5101,29
7ZRA_FC,1,cvar20,Pythia,c19,-13.14207622082904,29
7ZRA_FC,1,cvar20,FoldX,c19,0.15388000000000002,29
7ZRA_FC,1,cvar20,MM-GBSA,c19,6.205045313957271,29
7ZRA_FC,2,cvar20,BA-DDG,c16,-1.09,29
7ZRA_FC,2,cvar20,H3,c16,-1.2964,29
7ZRA_FC,2,cvar20,Pythia,c16,-8.897944935131818,29
7ZRA_FC,2,cvar20,FoldX,c16,1.9872999999999998,29
7ZRA_FC,2,cvar20,MM-GBSA,c16,1.6854307419998804,29
7ZRA_FC,3,cvar20,BA-DDG,c12,-2.923,29
7ZRA_FC,3,cvar20,H3,c12,-2.2633,29
7ZRA_FC,3,cvar20,Pythia,c12,-14.757707756012678,29
7ZRA_FC,3,cvar20,FoldX,c12,0.7145099999999998,29
7ZRA_FC,3,cvar20,MM-GBSA,c12,2.378163186594975,29
7ZRA_FC,4,cvar20,BA-DDG,c17,-0.96,29
7ZRA_FC,4,cvar20,H3,c17,-0.4158,29
7ZRA_FC,4,cvar20,Pythia,c17,-5.146096215117723,29
7ZRA_FC,4,cvar20,FoldX,c17,0.8131900000000005,29
7ZRA_FC,4,cvar20,MM-GBSA,c17,4.7780595840886235,29
7ZRA_FC,5,cvar20,BA-DDG,c18,-1.058,29
7ZRA_FC,5,cvar20,H3,c18,-2.1161,29
7ZRA_FC,5,cvar20,Pythia,c18,-14.702030117157847,29
7ZRA_FC,5,cvar20,FoldX,c18,-1.7533800000000004,29
7ZRA_FC,5,cvar20,MM-GBSA,c18,2.1892230256280527,29
7ZRA_FC,1,max,BA-DDG,c20,-0.525,29
7ZRA_FC,1,max,H3,c20,-1.3888,29
7ZRA_FC,1,max,Pythia,c20,-12.107757356017828,29
7ZRA_FC,1,max,FoldX,c20,-0.09810000000000008,29
7ZRA_FC,1,max,MM-GBSA,c20,11.159283085612515,29
7ZRA_FC,2,max,BA-DDG,c16,-1.09,29
7ZRA_FC,2,max,H3,c16,-1.2964,29
7ZRA_FC,2,max,Pythia,c16,-8.897944935131818,29
7ZRA_FC,2,max,FoldX,c16,1.9872999999999998,29
7ZRA_FC,2,max,MM-GBSA,c16,1.6854307419998804,29
7ZRA_FC,3,max,BA-DDG,c12,-2.923,29
7ZRA_FC,3,max,H3,c12,-2.2633,29
7ZRA_FC,3,max,Pythia,c12,-14.757707756012678,29
7ZRA_FC,3,max,FoldX,c12,0.7145099999999998,29
7ZRA_FC,3,max,MM-GBSA,c12,2.378163186594975,29
7ZRA_FC,4,max,BA-DDG,c17,-0.96,29
7ZRA_FC,4,max,H3,c17,-0.4158,29
7ZRA_FC,4,max,Pythia,c17,-5.146096215117723,29
7ZRA_FC,4,max,FoldX,c17,0.8131900000000005,29
7ZRA_FC,4,max,MM-GBSA,c17,4.7780595840886235,29
7ZRA_FC,5,max,BA-DDG,c21,-0.521,29
7ZRA_FC,5,max,H3,c21,-0.8133,29
7ZRA_FC,5,max,Pythia,c21,-8.003478765487671,29
7ZRA_FC,5,max,FoldX,c21,1.57835,29
7ZRA_FC,5,max,MM-GBSA,c21,9.569391225517393,29
8CYH_HLM,1,afll,BA-DDG,c0,2.421,30
8CYH_HLM,1,afll,H3,c0,1.9088,30
8CYH_HLM,1,afll,Pythia,c0,3.31011063978076,30
8CYH_HLM,1,afll,FoldX,c0,5.69077,30
8CYH_HLM,1,afll,MM-GBSA,c0,21.288267693253147,30
8CYH_HLM,2,afll,BA-DDG,c1,1.09,30
8CYH_HLM,2,afll,H3,c1,2.0028,30
8CYH_HLM,2,afll,Pythia,c1,2.1027603447437286,30
8CYH_HLM,2,afll,FoldX,c1,8.19619,30
8CYH_HLM,2,afll,MM-GBSA,c1,20.042908538534903,30
8CYH_HLM,3,afll,BA-DDG,c2,2.347,30
8CYH_HLM,3,afll,H3,c2,1.8446,30
8CYH_HLM,3,afll,Pythia,c2,1.5622644871473312,30
8CYH_HLM,3,afll,FoldX,c2,2.82613,30
8CYH_HLM,3,afll,MM-GBSA,c2,475.09274760480366,30
8CYH_HLM,4,afll,BA-DDG,c0,2.421,30
8CYH_HLM,4,afll,H3,c0,1.9088,30
8CYH_HLM,4,afll,Pythia,c0,3.31011063978076,30
8CYH_HLM,4,afll,FoldX,c0,5.69077,30
8CYH_HLM,4,afll,MM-GBSA,c0,21.288267693253147,30
8CYH_HLM,5,afll,BA-DDG,c1,1.09,30
8CYH_HLM,5,afll,H3,c1,2.0028,30
8CYH_HLM,5,afll,Pythia,c1,2.1027603447437286,30
8CYH_HLM,5,afll,FoldX,c1,8.19619,30
8CYH_HLM,5,afll,MM-GBSA,c1,20.042908538534903,30
8CYH_HLM,1,random,BA-DDG,c3,3.716,30
8CYH_HLM,1,random,H3,c3,3.4351,30
8CYH_HLM,1,random,Pythia,c3,4.192517772316933,30
8CYH_HLM,1,random,FoldX,c3,9.297529999999998,30
8CYH_HLM,1,random,MM-GBSA,c3,21.506247158489714,30
8CYH_HLM,2,random,BA-DDG,c4,2.536,30
8CYH_HLM,2,random,H3,c4,1.8723,30
8CYH_HLM,2,random,Pythia,c4,2.354879178106785,30
8CYH_HLM,2,random,FoldX,c4,3.7447300000000006,30
8CYH_HLM,2,random,MM-GBSA,c4,13.538517182190844,30
8CYH_HLM,3,random,BA-DDG,c5,2.897,30
8CYH_HLM,3,random,H3,c5,2.5577,30
8CYH_HLM,3,random,Pythia,c5,7.050796877592802,30
8CYH_HLM,3,random,FoldX,c5,4.74813,30
8CYH_HLM,3,random,MM-GBSA,c5,30.972315743147192,30
8CYH_HLM,4,random,BA-DDG,c6,1.93,30
8CYH_HLM,4,random,H3,c6,1.7798,30
8CYH_HLM,4,random,Pythia,c6,5.033269416540861,30
8CYH_HLM,4,random,FoldX,c6,5.0799900000000004,30
8CYH_HLM,4,random,MM-GBSA,c6,25.28570123866666,30
8CYH_HLM,5,random,BA-DDG,c7,0.785,30
8CYH_HLM,5,random,H3,c7,1.5841,30
8CYH_HLM,5,random,Pythia,c7,4.79997181892395,30
8CYH_HLM,5,random,FoldX,c7,5.549340000000003,30
8CYH_HLM,5,random,MM-GBSA,c7,506.220268507921,30
8CYH_HLM,1,wt,BA-DDG,c8,-0.135,30
8CYH_HLM,1,wt,H3,c8,0.5806,30
8CYH_HLM,1,wt,Pythia,c8,1.2343871593475342,30
8CYH_HLM,1,wt,FoldX,c8,4.59027,30
8CYH_HLM,1,wt,MM-GBSA,c8,23.763925511653724,30
8CYH_HLM,2,wt,BA-DDG,c9,-0.365,30
8CYH_HLM,2,wt,H3,c9,1.658,30
8CYH_HLM,2,wt,Pythia,c9,9.60676597058773,30
8CYH_HLM,2,wt,FoldX,c9,6.871789999999999,30
8CYH_HLM,2,wt,MM-GBSA,c9,27.332574251806363,30
8CYH_HLM,3,wt,BA-DDG,c10,0.129,30
8CYH_HLM,3,wt,H3,c10,0.3747,30
8CYH_HLM,3,wt,Pythia,c10,0.2841697782278061,30
8CYH_HLM,3,wt,FoldX,c10,6.4584,30
8CYH_HLM,3,wt,MM-GBSA,c10,6317.7821782100455,30
8CYH_HLM,4,wt,BA-DDG,c11,0.461,30
8CYH_HLM,4,wt,H3,c11,0.4935,30
8CYH_HLM,4,wt,Pythia,c11,3.099901333451271,30
8CYH_HLM,4,wt,FoldX,c11,4.582200000000002,30
8CYH_HLM,4,wt,MM-GBSA,c11,18.407455341781315,30
8CYH_HLM,5,wt,BA-DDG,c12,0.439,30
8CYH_HLM,5,wt,H3,c12,0.727,30
8CYH_HLM,5,wt,Pythia,c12,1.677060216665268,30
8CYH_HLM,5,wt,FoldX,c12,5.2847300000000015,30
8CYH_HLM,5,wt,MM-GBSA,c12,19.57526151251477,30
8CYH_HLM,1,mean,BA-DDG,c8,-0.135,30
8CYH_HLM,1,mean,H3,c8,0.5806,30
8CYH_HLM,1,mean,Pythia,c8,1.2343871593475342,30
8CYH_HLM,1,mean,FoldX,c8,4.59027,30
8CYH_HLM,1,mean,MM-GBSA,c8,23.763925511653724,30
8CYH_HLM,2,mean,BA-DDG,c9,-0.365,30
8CYH_HLM,2,mean,H3,c9,1.658,30
8CYH_HLM,2,mean,Pythia,c9,9.60676597058773,30
8CYH_HLM,2,mean,FoldX,c9,6.871789999999999,30
8CYH_HLM,2,mean,MM-GBSA,c9,27.332574251806363,30
8CYH_HLM,3,mean,BA-DDG,c13,1.262,30
8CYH_HLM,3,mean,H3,c13,1.3334,30
8CYH_HLM,3,mean,Pythia,c13,5.027272158360574,30
8CYH_HLM,3,mean,FoldX,c13,6.2189000000000005,30
8CYH_HLM,3,mean,MM-GBSA,c13,24.38966265652016,30
8CYH_HLM,4,mean,BA-DDG,c14,-0.798,30
8CYH_HLM,4,mean,H3,c14,1.1572,30
8CYH_HLM,4,mean,Pythia,c14,3.447643280029297,30
8CYH_HLM,4,mean,FoldX,c14,7.677610000000001,30
8CYH_HLM,4,mean,MM-GBSA,c14,16.179580086440183,30
8CYH_HLM,5,mean,BA-DDG,c15,-0.188,30
8CYH_HLM,5,mean,H3,c15,0.033,30
8CYH_HLM,5,mean,Pythia,c15,5.573981285095215,30
8CYH_HLM,5,mean,FoldX,c15,8.93338,30
8CYH_HLM,5,mean,MM-GBSA,c15,20.226090341689996,30
8CYH_HLM,1,cvar50,BA-DDG,c16,0.357,30
8CYH_HLM,1,cvar50,H3,c16,0.1562,30
8CYH_HLM,1,cvar50,Pythia,c16,1.1379469111561775,30
8CYH_HLM,1,cvar50,FoldX,c16,4.38396,30
8CYH_HLM,1,cvar50,MM-GBSA,c16,25.697666254818614,30
8CYH_HLM,2,cvar50,BA-DDG,c9,-0.365,30
8CYH_HLM,2,cvar50,H3,c9,1.658,30
8CYH_HLM,2,cvar50,Pythia,c9,9.60676597058773,30
8CYH_HLM,2,cvar50,FoldX,c9,6.871789999999999,30
8CYH_HLM,2,cvar50,MM-GBSA,c9,27.332574251806363,30
8CYH_HLM,3,cvar50,BA-DDG,c13,1.262,30
8CYH_HLM,3,cvar50,H3,c13,1.3334,30
8CYH_HLM,3,cvar50,Pythia,c13,5.027272158360574,30
8CYH_HLM,3,cvar50,FoldX,c13,6.2189000000000005,30
8CYH_HLM,3,cvar50,MM-GBSA,c13,24.38966265652016,30
8CYH_HLM,4,cvar50,BA-DDG,c14,-0.798,30
8CYH_HLM,4,cvar50,H3,c14,1.1572,30
8CYH_HLM,4,cvar50,Pythia,c14,3.447643280029297,30
8CYH_HLM,4,cvar50,FoldX,c14,7.677610000000001,30
8CYH_HLM,4,cvar50,MM-GBSA,c14,16.179580086440183,30
8CYH_HLM,5,cvar50,BA-DDG,c17,0.618,30
8CYH_HLM,5,cvar50,H3,c17,0.5333,30
8CYH_HLM,5,cvar50,Pythia,c17,0.7982038855552673,30
8CYH_HLM,5,cvar50,FoldX,c17,4.801410000000001,30
8CYH_HLM,5,cvar50,MM-GBSA,c17,25.943175246904502,30
8CYH_HLM,1,cvar20,BA-DDG,c18,1.184,30
8CYH_HLM,1,cvar20,H3,c18,1.6541,30
8CYH_HLM,1,cvar20,Pythia,c18,7.192481350153685,30
8CYH_HLM,1,cvar20,FoldX,c18,7.023370000000001,30
8CYH_HLM,1,cvar20,MM-GBSA,c18,24.271968075931,30
8CYH_HLM,2,cvar20,BA-DDG,c19,0.472,30
8CYH_HLM,2,cvar20,H3,c19,0.7409,30
8CYH_HLM,2,cvar20,Pythia,c19,1.6538053825497627,30
8CYH_HLM,2,cvar20,FoldX,c19,4.974970000000001,30
8CYH_HLM,2,cvar20,MM-GBSA,c19,22.665403422543022,30
8CYH_HLM,3,cvar20,BA-DDG,c13,1.262,30
8CYH_HLM,3,cvar20,H3,c13,1.3334,30
8CYH_HLM,3,cvar20,Pythia,c13,5.027272158360574,30
8CYH_HLM,3,cvar20,FoldX,c13,6.2189000000000005,30
8CYH_HLM,3,cvar20,MM-GBSA,c13,24.38966265652016,30
8CYH_HLM,4,cvar20,BA-DDG,c14,-0.798,30
8CYH_HLM,4,cvar20,H3,c14,1.1572,30
8CYH_HLM,4,cvar20,Pythia,c14,3.447643280029297,30
8CYH_HLM,4,cvar20,FoldX,c14,7.677610000000001,30
8CYH_HLM,4,cvar20,MM-GBSA,c14,16.179580086440183,30
8CYH_HLM,5,cvar20,BA-DDG,c20,0.648,30
8CYH_HLM,5,cvar20,H3,c20,1.5691,30
8CYH_HLM,5,cvar20,Pythia,c20,1.9434522837400436,30
8CYH_HLM,5,cvar20,FoldX,c20,12.842600000000001,30
8CYH_HLM,5,cvar20,MM-GBSA,c20,25.611429275964838,30
8CYH_HLM,1,max,BA-DDG,c18,1.184,30
8CYH_HLM,1,max,H3,c18,1.6541,30
8CYH_HLM,1,max,Pythia,c18,7.192481350153685,30
8CYH_HLM,1,max,FoldX,c18,7.023370000000001,30
8CYH_HLM,1,max,MM-GBSA,c18,24.271968075931,30
8CYH_HLM,2,max,BA-DDG,c19,0.472,30
8CYH_HLM,2,max,H3,c19,0.7409,30
8CYH_HLM,2,max,Pythia,c19,1.6538053825497627,30
8CYH_HLM,2,max,FoldX,c19,4.974970000000001,30
8CYH_HLM,2,max,MM-GBSA,c19,22.665403422543022,30
8CYH_HLM,3,max,BA-DDG,c13,1.262,30
8CYH_HLM,3,max,H3,c13,1.3334,30
8CYH_HLM,3,max,Pythia,c13,5.027272158360574,30
8CYH_HLM,3,max,FoldX,c13,6.2189000000000005,30
8CYH_HLM,3,max,MM-GBSA,c13,24.38966265652016,30
8CYH_HLM,4,max,BA-DDG,c14,-0.798,30
8CYH_HLM,4,max,H3,c14,1.1572,30
8CYH_HLM,4,max,Pythia,c14,3.447643280029297,30
8CYH_HLM,4,max,FoldX,c14,7.677610000000001,30
8CYH_HLM,4,max,MM-GBSA,c14,16.179580086440183,30
8CYH_HLM,5,max,BA-DDG,c17,0.618,30
8CYH_HLM,5,max,H3,c17,0.5333,30
8CYH_HLM,5,max,Pythia,c17,0.7982038855552673,30
8CYH_HLM,5,max,FoldX,c17,4.801410000000001,30
8CYH_HLM,5,max,MM-GBSA,c17,25.943175246904502,30
8IDN_HLA,1,afll,BA-DDG,c0,-1.63,28
8IDN_HLA,1,afll,H3,c0,0.6423,28
8IDN_HLA,1,afll,Pythia,c0,-1.0129358619451523,28
8IDN_HLA,1,afll,FoldX,c0,3.505444,28
8IDN_HLA,1,afll,MM-GBSA,c0,2077.500353015624,28
8IDN_HLA,2,afll,BA-DDG,c1,-0.934,28
8IDN_HLA,2,afll,H3,c1,0.7507,28
8IDN_HLA,2,afll,Pythia,c1,-1.0129358619451523,28
8IDN_HLA,2,afll,FoldX,c1,-2.178311,28
8IDN_HLA,2,afll,MM-GBSA,c1,4.086113873469003,28
8IDN_HLA,3,afll,BA-DDG,c2,-0.349,28
8IDN_HLA,3,afll,H3,c2,0.987,28
8IDN_HLA,3,afll,Pythia,c2,-1.8878767043352127,28
8IDN_HLA,3,afll,FoldX,c2,3.468198,28
8IDN_HLA,3,afll,MM-GBSA,c2,9.429400588668614,28
8IDN_HLA,4,afll,BA-DDG,c0,-1.63,28
8IDN_HLA,4,afll,H3,c0,0.6423,28
8IDN_HLA,4,afll,Pythia,c0,-1.0129358619451523,28
8IDN_HLA,4,afll,FoldX,c0,3.505444,28
8IDN_HLA,4,afll,MM-GBSA,c0,2077.500353015624,28
8IDN_HLA,5,afll,BA-DDG,c3,-0.648,28
8IDN_HLA,5,afll,H3,c3,0.6738,28
8IDN_HLA,5,afll,Pythia,c3,-2.4110818952322006,28
8IDN_HLA,5,afll,FoldX,c3,6.323508999999999,28
8IDN_HLA,5,afll,MM-GBSA,c3,6.775055995934963,28
8IDN_HLA,1,random,BA-DDG,c4,0.326,28
8IDN_HLA,1,random,H3,c4,1.4447,28
8IDN_HLA,1,random,Pythia,c4,1.2758987471461296,28
8IDN_HLA,1,random,FoldX,c4,5.460749,28
8IDN_HLA,1,random,MM-GBSA,c4,3.762373683566693,28
8IDN_HLA,2,random,BA-DDG,c5,0.619,28
8IDN_HLA,2,random,H3,c5,2.7459,28
8IDN_HLA,2,random,Pythia,c5,-0.06999803334474564,28
8IDN_HLA,2,random,FoldX,c5,2.7268489999999996,28
8IDN_HLA,2,random,MM-GBSA,c5,15.165326205397832,28
8IDN_HLA,3,random,BA-DDG,c6,2.18,28
8IDN_HLA,3,random,H3,c6,1.8307,28
8IDN_HLA,3,random,Pythia,c6,-0.45900488644838333,28
8IDN_HLA,3,random,FoldX,c6,0.4398489999999997,28
8IDN_HLA,3,random,MM-GBSA,c6,4.314334507770582,28
8IDN_HLA,4,random,BA-DDG,c7,-0.337,28
8IDN_HLA,4,random,H3,c7,1.961,28
8IDN_HLA,4,random,Pythia,c7,4.686863586306572,28
8IDN_HLA,4,random,FoldX,c7,3.975288,28
8IDN_HLA,4,random,MM-GBSA,c7,9.628723169529621,28
8IDN_HLA,5,random,BA-DDG,c8,3.05,28
8IDN_HLA,5,random,H3,c8,4.7877,28
8IDN_HLA,5,random,Pythia,c8,3.025910757482052,28
8IDN_HLA,5,random,FoldX,c8,6.035003999999999,28
8IDN_HLA,5,random,MM-GBSA,c8,3.6744945981017736,28
8IDN_HLA,1,wt,BA-DDG,c9,-2.875,28
8IDN_HLA,1,wt,H3,c9,-0.0582,28
8IDN_HLA,1,wt,Pythia,c9,-2.7248226404190063,28
8IDN_HLA,1,wt,FoldX,c9,0.39451900000000073,28
8IDN_HLA,1,wt,MM-GBSA,c9,2.9889623845747337,28
8IDN_HLA,2,wt,BA-DDG,c10,-2.444,28
8IDN_HLA,2,wt,H3,c10,-0.5433,28
8IDN_HLA,2,wt,Pythia,c10,-2.334312215447426,28
8IDN_HLA,2,wt,FoldX,c10,1.265558,28
8IDN_HLA,2,wt,MM-GBSA,c10,10.790087072832648,28
8IDN_HLA,3,wt,BA-DDG,c11,-2.304,28
8IDN_HLA,3,wt,H3,c11,-0.3777,28
8IDN_HLA,3,wt,Pythia,c11,-2.017462193965912,28
8IDN_HLA,3,wt,FoldX,c11,2.8178039999999998,28
8IDN_HLA,3,wt,MM-GBSA,c11,-1.0723451735757408,28
8IDN_HLA,4,wt,BA-DDG,c12,-3.199,28
8IDN_HLA,4,wt,H3,c12,-0.554,28
8IDN_HLA,4,wt,Pythia,c12,-2.387174606323242,28
8IDN_HLA,4,wt,FoldX,c12,3.704884,28
8IDN_HLA,4,wt,MM-GBSA,c12,9.157160510160793,28
8IDN_HLA,5,wt,BA-DDG,c13,-2.346,28
8IDN_HLA,5,wt,H3,c13,0.2862,28
8IDN_HLA,5,wt,Pythia,c13,-2.466586008667946,28
8IDN_HLA,5,wt,FoldX,c13,2.8947179999999992,28
8IDN_HLA,5,wt,MM-GBSA,c13,6.418214829954195,28
8IDN_HLA,1,mean,BA-DDG,c14,-0.971,28
8IDN_HLA,1,mean,H3,c14,0.1967,28
8IDN_HLA,1,mean,Pythia,c14,-1.9225842878222466,28
8IDN_HLA,1,mean,FoldX,c14,3.3151279999999996,28
8IDN_HLA,1,mean,MM-GBSA,c14,6.130408253740825,28
8IDN_HLA,2,mean,BA-DDG,c15,0.729,28
8IDN_HLA,2,mean,H3,c15,0.3024,28
8IDN_HLA,2,mean,Pythia,c15,-2.8076620176434517,28
8IDN_HLA,2,mean,FoldX,c15,6.719929,28
8IDN_HLA,2,mean,MM-GBSA,c15,-2.228643737339553,28
8IDN_HLA,3,mean,BA-DDG,c16,1.147,28
8IDN_HLA,3,mean,H3,c16,0.5034,28
8IDN_HLA,3,mean,Pythia,c16,-1.0465425923466682,28
8IDN_HLA,3,mean,FoldX,c16,-0.3544199999999993,28
8IDN_HLA,3,mean,MM-GBSA,c16,6.109239397653255,28
8IDN_HLA,4,mean,BA-DDG,c17,-0.276,28
8IDN_HLA,4,mean,H3,c17,0.3904,28
8IDN_HLA,4,mean,Pythia,c17,-1.678036391735077,28
8IDN_HLA,4,mean,FoldX,c17,7.7195540000000005,28
8IDN_HLA,4,mean,MM-GBSA,c17,13.228809867622658,28
8IDN_HLA,5,mean,BA-DDG,c18,-0.039,28
8IDN_HLA,5,mean,H3,c18,-0.2767,28
8IDN_HLA,5,mean,Pythia,c18,-3.5789669528603554,28
8IDN_HLA,5,mean,FoldX,c18,5.283207,28
8IDN_HLA,5,mean,MM-GBSA,c18,10.86316918063767,28
8IDN_HLA,1,cvar50,BA-DDG,c14,-0.971,28
8IDN_HLA,1,cvar50,H3,c14,0.1967,28
8IDN_HLA,1,cvar50,Pythia,c14,-1.9225842878222466,28
8IDN_HLA,1,cvar50,FoldX,c14,3.3151279999999996,28
8IDN_HLA,1,cvar50,MM-GBSA,c14,6.130408253740825,28
8IDN_HLA,2,cvar50,BA-DDG,c15,0.729,28
8IDN_HLA,2,cvar50,H3,c15,0.3024,28
8IDN_HLA,2,cvar50,Pythia,c15,-2.8076620176434517,28
8IDN_HLA,2,cvar50,FoldX,c15,6.719929,28
8IDN_HLA,2,cvar50,MM-GBSA,c15,-2.228643737339553,28
8IDN_HLA,3,cvar50,BA-DDG,c16,1.147,28
8IDN_HLA,3,cvar50,H3,c16,0.5034,28
8IDN_HLA,3,cvar50,Pythia,c16,-1.0465425923466682,28
8IDN_HLA,3,cvar50,FoldX,c16,-0.3544199999999993,28
8IDN_HLA,3,cvar50,MM-GBSA,c16,6.109239397653255,28
8IDN_HLA,4,cvar50,BA-DDG,c17,-0.276,28
8IDN_HLA,4,cvar50,H3,c17,0.3904,28
8IDN_HLA,4,cvar50,Pythia,c17,-1.678036391735077,28
8IDN_HLA,4,cvar50,FoldX,c17,7.7195540000000005,28
8IDN_HLA,4,cvar50,MM-GBSA,c17,13.228809867622658,28
8IDN_HLA,5,cvar50,BA-DDG,c18,-0.039,28
8IDN_HLA,5,cvar50,H3,c18,-0.2767,28
8IDN_HLA,5,cvar50,Pythia,c18,-3.5789669528603554,28
8IDN_HLA,5,cvar50,FoldX,c18,5.283207,28
8IDN_HLA,5,cvar50,MM-GBSA,c18,10.86316918063767,28
8IDN_HLA,1,cvar20,BA-DDG,c14,-0.971,28
8IDN_HLA,1,cvar20,H3,c14,0.1967,28
8IDN_HLA,1,cvar20,Pythia,c14,-1.9225842878222466,28
8IDN_HLA,1,cvar20,FoldX,c14,3.3151279999999996,28
8IDN_HLA,1,cvar20,MM-GBSA,c14,6.130408253740825,28
8IDN_HLA,2,cvar20,BA-DDG,c15,0.729,28
8IDN_HLA,2,cvar20,H3,c15,0.3024,28
8IDN_HLA,2,cvar20,Pythia,c15,-2.8076620176434517,28
8IDN_HLA,2,cvar20,FoldX,c15,6.719929,28
8IDN_HLA,2,cvar20,MM-GBSA,c15,-2.228643737339553,28
8IDN_HLA,3,cvar20,BA-DDG,c16,1.147,28
8IDN_HLA,3,cvar20,H3,c16,0.5034,28
8IDN_HLA,3,cvar20,Pythia,c16,-1.0465425923466682,28
8IDN_HLA,3,cvar20,FoldX,c16,-0.3544199999999993,28
8IDN_HLA,3,cvar20,MM-GBSA,c16,6.109239397653255,28
8IDN_HLA,4,cvar20,BA-DDG,c17,-0.276,28
8IDN_HLA,4,cvar20,H3,c17,0.3904,28
8IDN_HLA,4,cvar20,Pythia,c17,-1.678036391735077,28
8IDN_HLA,4,cvar20,FoldX,c17,7.7195540000000005,28
8IDN_HLA,4,cvar20,MM-GBSA,c17,13.228809867622658,28
8IDN_HLA,5,cvar20,BA-DDG,c18,-0.039,28
8IDN_HLA,5,cvar20,H3,c18,-0.2767,28
8IDN_HLA,5,cvar20,Pythia,c18,-3.5789669528603554,28
8IDN_HLA,5,cvar20,FoldX,c18,5.283207,28
8IDN_HLA,5,cvar20,MM-GBSA,c18,10.86316918063767,28
8IDN_HLA,1,max,BA-DDG,c14,-0.971,28
8IDN_HLA,1,max,H3,c14,0.1967,28
8IDN_HLA,1,max,Pythia,c14,-1.9225842878222466,28
8IDN_HLA,1,max,FoldX,c14,3.3151279999999996,28
8IDN_HLA,1,max,MM-GBSA,c14,6.130408253740825,28
8IDN_HLA,2,max,BA-DDG,c15,0.729,28
8IDN_HLA,2,max,H3,c15,0.3024,28
8IDN_HLA,2,max,Pythia,c15,-2.8076620176434517,28
8IDN_HLA,2,max,FoldX,c15,6.719929,28
8IDN_HLA,2,max,MM-GBSA,c15,-2.228643737339553,28
8IDN_HLA,3,max,BA-DDG,c16,1.147,28
8IDN_HLA,3,max,H3,c16,0.5034,28
8IDN_HLA,3,max,Pythia,c16,-1.0465425923466682,28
8IDN_HLA,3,max,FoldX,c16,-0.3544199999999993,28
8IDN_HLA,3,max,MM-GBSA,c16,6.109239397653255,28
8IDN_HLA,4,max,BA-DDG,c17,-0.276,28
8IDN_HLA,4,max,H3,c17,0.3904,28
8IDN_HLA,4,max,Pythia,c17,-1.678036391735077,28
8IDN_HLA,4,max,FoldX,c17,7.7195540000000005,28
8IDN_HLA,4,max,MM-GBSA,c17,13.228809867622658,28
8IDN_HLA,5,max,BA-DDG,c18,-0.039,28
8IDN_HLA,5,max,H3,c18,-0.2767,28
8IDN_HLA,5,max,Pythia,c18,-3.5789669528603554,28
8IDN_HLA,5,max,FoldX,c18,5.283207,28
8IDN_HLA,5,max,MM-GBSA,c18,10.86316918063767,28
