target,ag_cluster,vh_cluster,in_old_51,cell,best_of_pool_margin,one_shot_margin,n_designs,wall_s,cuda_s,reward_evals
1FDL_HLY,4TTD_HLA,1FDL_HLY,0,base_abmpnn_ar,-0.5185,0.6492,18,7.5,6.6,0
1FDL_HLY,4TTD_HLA,1FDL_HLY,0,base_abmpnn_ar_t1,-0.4575,1.6631,18,7.9,7.1,0
1FDL_HLY,4TTD_HLA,1FDL_HLY,0,base_abmpnn_npz,-0.1222,1.6031,18,0.0,0.0,0
1FDL_HLY,4TTD_HLA,1FDL_HLY,0,base_antifold,2.2772,2.9629,18,0.0,0.0,0
1FDL_HLY,4TTD_HLA,1FDL_HLY,0,base_antifold_t1,0.5182,3.7003,18,0.6,0.0,0
1FDL_HLY,4TTD_HLA,1FDL_HLY,0,base_diffab,2.9202,5.3116,18,16.7,0.0,0
1FDL_HLY,4TTD_HLA,1FDL_HLY,0,base_diffusion,2.6893,6.1132,18,20.1,10.9,0
1FDL_HLY,4TTD_HLA,1FDL_HLY,0,base_diffusion_s,4.4220,5.5124,6,19.4,11.0,70
1FDL_HLY,4TTD_HLA,1FDL_HLY,0,base_esmif,0.2885,2.0378,18,0.0,0.0,0
1FDL_HLY,4TTD_HLA,1FDL_HLY,0,base_esmif_ar,1.0341,2.8118,18,6.9,0.0,0
1FDL_HLY,4TTD_HLA,1FDL_HLY,0,base_esmif_ar_t1,1.8093,4.0135,18,10.6,0.0,0
1FDL_HLY,4TTD_HLA,1FDL_HLY,0,base_iglm,7.6235,8.1122,18,2.3,0.0,0
1FDL_HLY,4TTD_HLA,1FDL_HLY,0,base_proteinmpnn,0.3456,1.0648,18,0.0,0.0,0
1FDL_HLY,4TTD_HLA,1FDL_HLY,0,base_proteinmpnn_ar,0.8137,3.4646,18,6.4,5.6,0
1FDL_HLY,4TTD_HLA,1FDL_HLY,0,base_proteinmpnn_ar_t1,2.3331,4.6369,18,7.6,6.9,0
1FDL_HLY,4TTD_HLA,1FDL_HLY,0,grad_diffusion,0.0269,0.7554,18,20.1,10.8,0
1FDL_HLY,4TTD_HLA,1FDL_HLY,0,obj_mint,2.2071,3.3947,12,99.7,83.3,316
1FDL_HLY,4TTD_HLA,1FDL_HLY,0,obj_wt,1.1044,2.7667,6,15.3,8.1,312
1FDL_HLY,4TTD_HLA,1FDL_HLY,0,ours_abmpnn_live,-0.5311,0.9166,18,57.4,48.0,309
1FDL_HLY,4TTD_HLA,1FDL_HLY,0,ours_abmpnn_npz,0.0974,1.7275,18,57.3,47.8,312
1FDL_HLY,4TTD_HLA,1FDL_HLY,0,ours_antifold,0.4120,2.9053,18,57.8,48.5,319
1FDL_HLY,4TTD_HLA,1FDL_HLY,0,ours_diffusion,1.6587,4.9971,18,62.2,52.1,345
1FDL_HLY,4TTD_HLA,1FDL_HLY,0,ours_esmif,-0.3537,1.8064,18,57.9,48.6,316
1FDL_HLY,4TTD_HLA,1FDL_HLY,0,ours_proteinmpnn,0.5358,2.4070,18,64.8,55.2,364
1FDL_HLY,4TTD_HLA,1FDL_HLY,0,ours_proteinmpnn_live,1.2804,3.3884,18,65.8,56.1,368
1FDL_HLY,4TTD_HLA,1FDL_HLY,0,rand_base_abmpnn_ar,0.0675,2.3604,18,,,
1FDL_HLY,4TTD_HLA,1FDL_HLY,0,rand_base_antifold,0.9253,3.8141,18,,,
1FDL_HLY,4TTD_HLA,1FDL_HLY,0,rand_base_proteinmpnn_ar,1.3170,5.6868,18,,,
1FDL_HLY,4TTD_HLA,1FDL_HLY,0,rand_ours_abmpnn_live,0.1477,2.2854,18,,,
1FDL_HLY,4TTD_HLA,1FDL_HLY,0,rand_ours_antifold,0.4329,3.3746,18,,,
1FDL_HLY,4TTD_HLA,1FDL_HLY,0,rand_ours_proteinmpnn_live,2.8777,5.5630,18,,,
1FE8_HLA,1FE8_HLA,1FE8_HLA,0,base_abmpnn_ar,-0.7514,-0.3980,18,10.7,10.0,0
1FE8_HLA,1FE8_HLA,1FE8_HLA,0,base_abmpnn_ar_t1,-0.4609,0.9026,18,8.5,7.7,0
1FE8_HLA,1FE8_HLA,1FE8_HLA,0,base_abmpnn_npz,-0.5489,0.0299,18,0.0,0.0,0
1FE8_HLA,1FE8_HLA,1FE8_HLA,0,base_antifold,-0.6095,0.0886,18,0.0,0.0,0
1FE8_HLA,1FE8_HLA,1FE8_HLA,0,base_antifold_t1,-0.6740,1.1485,18,0.2,0.0,0
1FE8_HLA,1FE8_HLA,1FE8_HLA,0,base_diffab,1.5790,4.0155,18,22.9,0.0,0
1FE8_HLA,1FE8_HLA,1FE8_HLA,0,base_diffusion,3.7472,4.5512,18,19.0,9.9,0
1FE8_HLA,1FE8_HLA,1FE8_HLA,0,base_diffusion_s,1.4643,4.2069,18,18.7,10.3,63
1FE8_HLA,1FE8_HLA,1FE8_HLA,0,base_esmif,-0.5941,0.1984,18,0.0,0.0,0
1FE8_HLA,1FE8_HLA,1FE8_HLA,0,base_esmif_ar,-0.6145,0.0877,18,11.6,0.0,0
1FE8_HLA,1FE8_HLA,1FE8_HLA,0,base_esmif_ar_t1,-0.2300,1.2384,18,8.4,0.0,0
1FE8_HLA,1FE8_HLA,1FE8_HLA,0,base_iglm,4.3567,4.6319,18,2.2,0.0,0
1FE8_HLA,1FE8_HLA,1FE8_HLA,0,base_proteinmpnn,-0.7871,-0.4258,18,0.0,0.0,0
1FE8_HLA,1FE8_HLA,1FE8_HLA,0,base_proteinmpnn_ar,-0.6883,-0.1037,18,11.5,10.6,0
1FE8_HLA,1FE8_HLA,1FE8_HLA,0,base_proteinmpnn_ar_t1,-0.1221,1.8007,18,8.2,7.5,0
1FE8_HLA,1FE8_HLA,1FE8_HLA,0,grad_diffusion,-0.1463,0.5350,18,19.4,10.1,0
1FE8_HLA,1FE8_HLA,1FE8_HLA,0,obj_mint,-0.3700,0.6967,12,88.5,74.5,264
1FE8_HLA,1FE8_HLA,1FE8_HLA,0,obj_wt,-0.3389,0.4320,6,14.4,7.2,265
1FE8_HLA,1FE8_HLA,1FE8_HLA,0,ours_abmpnn_live,-0.7733,-0.2938,18,52.2,42.6,268
1FE8_HLA,1FE8_HLA,1FE8_HLA,0,ours_abmpnn_npz,-0.8481,-0.1678,18,51.4,42.1,268
1FE8_HLA,1FE8_HLA,1FE8_HLA,0,ours_antifold,-0.5333,0.5794,18,51.5,42.2,271
1FE8_HLA,1FE8_HLA,1FE8_HLA,0,ours_diffusion,0.7201,2.9452,18,58.2,48.7,316
1FE8_HLA,1FE8_HLA,1FE8_HLA,0,ours_esmif,-0.6585,0.0305,18,49.4,40.2,261
1FE8_HLA,1FE8_HLA,1FE8_HLA,0,ours_proteinmpnn,-0.8564,-0.0484,18,55.1,45.5,292
1FE8_HLA,1FE8_HLA,1FE8_HLA,0,ours_proteinmpnn_live,-1.0362,0.0777,18,57.7,48.0,304
1FE8_HLA,1FE8_HLA,1FE8_HLA,0,rand_base_abmpnn_ar,-0.0225,1.4992,18,,,
1FE8_HLA,1FE8_HLA,1FE8_HLA,0,rand_base_antifold,-0.4861,1.4090,18,,,
1FE8_HLA,1FE8_HLA,1FE8_HLA,0,rand_base_proteinmpnn_ar,0.2217,2.1430,18,,,
1FE8_HLA,1FE8_HLA,1FE8_HLA,0,rand_ours_abmpnn_live,0.0313,1.4584,18,,,
1FE8_HLA,1FE8_HLA,1FE8_HLA,0,rand_ours_antifold,0.2625,2.6412,18,,,
1FE8_HLA,1FE8_HLA,1FE8_HLA,0,rand_ours_proteinmpnn_live,0.5951,2.9283,18,,,
1IC7_HLY,4TTD_HLA,2DQD_HLY,1,base_abmpnn_ar,-1.5087,-0.4819,18,7.0,6.4,0
1IC7_HLY,4TTD_HLA,2DQD_HLY,1,base_abmpnn_ar_t1,-1.7483,0.2700,18,5.5,4.5,0
1IC7_HLY,4TTD_HLA,2DQD_HLY,1,base_abmpnn_npz,-1.5578,-0.3337,18,0.1,0.0,0
1IC7_HLY,4TTD_HLA,2DQD_HLY,1,base_antifold,-1.5180,-0.5869,18,0.1,0.0,0
1IC7_HLY,4TTD_HLA,2DQD_HLY,1,base_antifold_t1,-1.5121,-0.2790,18,0.6,0.0,0
1IC7_HLY,4TTD_HLA,2DQD_HLY,1,base_diffab,-0.9509,2.3040,18,29.9,0.0,0
1IC7_HLY,4TTD_HLA,2DQD_HLY,1,base_diffusion,2.3539,3.7120,18,16.4,7.2,0
1IC7_HLY,4TTD_HLA,2DQD_HLY,1,base_diffusion_s,0.8264,3.0489,12,15.9,7.8,49
1IC7_HLY,4TTD_HLA,2DQD_HLY,1,base_esmif,0.7989,1.5615,18,0.0,0.0,0
1IC7_HLY,4TTD_HLA,2DQD_HLY,1,base_esmif_ar,0.5650,1.1197,18,5.0,0.0,0
1IC7_HLY,4TTD_HLA,2DQD_HLY,1,base_esmif_ar_t1,-0.6242,0.6796,18,7.2,0.0,0
1IC7_HLY,4TTD_HLA,2DQD_HLY,1,base_iglm,3.3061,3.5092,18,3.5,0.0,0
1IC7_HLY,4TTD_HLA,2DQD_HLY,1,base_proteinmpnn,-0.8806,-0.4683,18,0.0,0.0,0
1IC7_HLY,4TTD_HLA,2DQD_HLY,1,base_proteinmpnn_ar,-0.6833,0.8837,18,5.4,4.8,0
1IC7_HLY,4TTD_HLA,2DQD_HLY,1,base_proteinmpnn_ar_t1,-0.0530,1.7294,18,5.0,4.6,0
1IC7_HLY,4TTD_HLA,2DQD_HLY,1,base_rfantibody,3.1486,3.6356,6,271.0,0.0,0
1IC7_HLY,4TTD_HLA,2DQD_HLY,1,grad_diffusion,-0.0788,0.1734,18,15.7,6.8,0
1IC7_HLY,4TTD_HLA,2DQD_HLY,1,obj_mint,-1.4772,-0.4134,18,47.8,33.5,185
1IC7_HLY,4TTD_HLA,2DQD_HLY,1,obj_wt,-1.4996,-0.7172,12,11.7,4.9,180
1IC7_HLY,4TTD_HLA,2DQD_HLY,1,ours_abmpnn_live,-1.4382,-0.5343,18,39.3,30.7,203
1IC7_HLY,4TTD_HLA,2DQD_HLY,1,ours_abmpnn_npz,-1.7031,-0.1248,18,40.9,32.2,212
1IC7_HLY,4TTD_HLA,2DQD_HLY,1,ours_antifold,-1.6145,-0.7339,18,36.1,27.6,184
1IC7_HLY,4TTD_HLA,2DQD_HLY,1,ours_diffusion,-0.8254,1.9604,18,44.6,35.7,239
1IC7_HLY,4TTD_HLA,2DQD_HLY,1,ours_esmif,-1.2402,0.3648,18,43.8,34.6,228
1IC7_HLY,4TTD_HLA,2DQD_HLY,1,ours_proteinmpnn,-0.7943,0.4364,18,45.9,37.0,248
1IC7_HLY,4TTD_HLA,2DQD_HLY,1,ours_proteinmpnn_live,-0.8447,0.6079,18,45.9,35.3,233
1IC7_HLY,4TTD_HLA,2DQD_HLY,1,rand_base_abmpnn_ar,-0.4130,1.7933,18,,,
1IC7_HLY,4TTD_HLA,2DQD_HLY,1,rand_base_antifold,-0.4960,1.6296,18,,,
1IC7_HLY,4TTD_HLA,2DQD_HLY,1,rand_base_proteinmpnn_ar,0.2766,2.5348,18,,,
1IC7_HLY,4TTD_HLA,2DQD_HLY,1,rand_ours_abmpnn_live,-0.5084,1.3425,18,,,
1IC7_HLY,4TTD_HLA,2DQD_HLY,1,rand_ours_antifold,-0.1170,1.6105,18,,,
1IC7_HLY,4TTD_HLA,2DQD_HLY,1,rand_ours_proteinmpnn_live,0.9420,2.8741,18,,,
1KB5_HLA,1KB5_HLA,1KB5_HLB,0,base_abmpnn_ar,-0.5037,0.6145,18,7.3,6.3,0
1KB5_HLA,1KB5_HLA,1KB5_HLB,0,base_abmpnn_ar_t1,0.1452,2.2774,18,8.8,6.7,0
1KB5_HLA,1KB5_HLA,1KB5_HLB,0,base_abmpnn_npz,-0.6138,-0.0362,18,0.0,0.0,0
1KB5_HLA,1KB5_HLA,1KB5_HLB,0,base_antifold,2.1548,2.9296,18,0.0,0.0,0
1KB5_HLA,1KB5_HLA,1KB5_HLB,0,base_antifold_t1,1.2923,2.9569,18,1.5,0.0,0
1KB5_HLA,1KB5_HLA,1KB5_HLB,0,base_diffusion,3.4358,4.9173,18,22.2,13.0,0
1KB5_HLA,1KB5_HLA,1KB5_HLB,0,base_diffusion_s,1.5558,3.3915,6,21.8,13.2,84
1KB5_HLA,1KB5_HLA,1KB5_HLB,0,base_esmif,-0.1872,0.3716,18,0.0,0.0,0
1KB5_HLA,1KB5_HLA,1KB5_HLB,0,base_esmif_ar,-0.2620,0.5861,18,6.1,0.0,0
1KB5_HLA,1KB5_HLA,1KB5_HLB,0,base_esmif_ar_t1,0.1988,2.4181,18,9.1,0.0,0
1KB5_HLA,1KB5_HLA,1KB5_HLB,0,base_iglm,3.0632,3.6266,18,1.6,0.0,0
1KB5_HLA,1KB5_HLA,1KB5_HLB,0,base_proteinmpnn,0.6370,2.5281,18,0.0,0.0,0
1KB5_HLA,1KB5_HLA,1KB5_HLB,0,base_proteinmpnn_ar,-0.0536,1.4969,18,6.5,5.7,0
1KB5_HLA,1KB5_HLA,1KB5_HLB,0,base_proteinmpnn_ar_t1,2.2442,3.4068,18,7.3,6.6,0
1KB5_HLA,1KB5_HLA,1KB5_HLB,0,grad_diffusion,0.9152,1.5688,18,22.3,13.0,0
1KB5_HLA,1KB5_HLA,1KB5_HLB,0,obj_mint,0.7366,2.7494,18,124.0,107.5,407
1KB5_HLA,1KB5_HLA,1KB5_HLB,0,obj_wt,1.2884,2.2041,6,17.5,10.1,390
1KB5_HLA,1KB5_HLA,1KB5_HLB,0,ours_abmpnn_live,-0.0241,1.5101,18,73.4,63.6,408
1KB5_HLA,1KB5_HLA,1KB5_HLB,0,ours_abmpnn_npz,-0.4246,1.6251,18,72.6,62.8,410
1KB5_HLA,1KB5_HLA,1KB5_HLB,0,ours_antifold,0.5088,2.6167,18,66.7,57.0,372
1KB5_HLA,1KB5_HLA,1KB5_HLB,0,ours_diffusion,2.4742,3.2110,18,74.7,64.8,431
1KB5_HLA,1KB5_HLA,1KB5_HLB,0,ours_esmif,0.1249,1.2111,18,76.9,67.0,437
1KB5_HLA,1KB5_HLA,1KB5_HLB,0,ours_proteinmpnn,1.0611,2.7313,18,79.9,69.8,457
1KB5_HLA,1KB5_HLA,1KB5_HLB,0,ours_proteinmpnn_live,0.9868,2.5623,18,78.6,68.3,440
1KB5_HLA,1KB5_HLA,1KB5_HLB,0,rand_base_abmpnn_ar,0.0418,1.2157,18,,,
1KB5_HLA,1KB5_HLA,1KB5_HLB,0,rand_base_antifold,0.3654,1.9907,18,,,
1KB5_HLA,1KB5_HLA,1KB5_HLB,0,rand_base_proteinmpnn_ar,1.7183,3.0860,18,,,
1KB5_HLA,1KB5_HLA,1KB5_HLB,0,rand_ours_abmpnn_live,0.8603,2.7160,18,,,
1KB5_HLA,1KB5_HLA,1KB5_HLB,0,rand_ours_antifold,1.0219,2.5903,18,,,
1KB5_HLA,1KB5_HLA,1KB5_HLB,0,rand_ours_proteinmpnn_live,2.3222,3.5807,18,,,
1KB5_HLB,1KB5_HLB,1KB5_HLB,1,base_abmpnn_ar,-0.4643,0.0369,18,6.5,5.6,0
1KB5_HLB,1KB5_HLB,1KB5_HLB,1,base_abmpnn_ar_t1,-0.3693,0.2470,18,9.7,6.8,0
1KB5_HLB,1KB5_HLB,1KB5_HLB,1,base_abmpnn_npz,-0.7827,-0.3608,18,0.0,0.0,0
1KB5_HLB,1KB5_HLB,1KB5_HLB,1,base_antifold,-0.6108,-0.1783,18,0.0,0.0,0
1KB5_HLB,1KB5_HLB,1KB5_HLB,1,base_antifold_t1,-0.6780,0.1039,18,1.1,0.0,0
1KB5_HLB,1KB5_HLB,1KB5_HLB,1,base_diffusion,0.9883,1.4816,18,22.7,12.9,0
1KB5_HLB,1KB5_HLB,1KB5_HLB,1,base_diffusion_s,-0.3263,0.6142,6,21.7,13.4,84
1KB5_HLB,1KB5_HLB,1KB5_HLB,1,base_esmif,-0.2868,-0.0342,18,0.0,0.0,0
1KB5_HLB,1KB5_HLB,1KB5_HLB,1,base_esmif_ar,-0.2306,0.1899,18,6.6,0.0,0
1KB5_HLB,1KB5_HLB,1KB5_HLB,1,base_esmif_ar_t1,-0.5421,0.5562,18,9.0,0.0,0
1KB5_HLB,1KB5_HLB,1KB5_HLB,1,base_iglm,0.5662,0.8304,18,3.7,0.0,0
1KB5_HLB,1KB5_HLB,1KB5_HLB,1,base_proteinmpnn,-0.1130,0.6580,18,0.0,0.0,0
1KB5_HLB,1KB5_HLB,1KB5_HLB,1,base_proteinmpnn_ar,-0.0835,0.5171,18,6.3,5.5,0
1KB5_HLB,1KB5_HLB,1KB5_HLB,1,base_proteinmpnn_ar_t1,-0.0956,0.6121,18,7.4,6.9,0
1KB5_HLB,1KB5_HLB,1KB5_HLB,1,grad_diffusion,-0.9460,-0.2412,18,22.3,12.9,0
1KB5_HLB,1KB5_HLB,1KB5_HLB,1,obj_mint,-0.3085,0.0407,12,124.4,109.2,408
1KB5_HLB,1KB5_HLB,1KB5_HLB,1,obj_wt,-0.0886,0.1569,12,18.7,10.3,402
1KB5_HLB,1KB5_HLB,1KB5_HLB,1,ours_abmpnn_live,-0.6776,0.0835,18,72.8,62.8,404
1KB5_HLB,1KB5_HLB,1KB5_HLB,1,ours_abmpnn_npz,-1.0538,-0.0813,18,71.7,62.0,409
1KB5_HLB,1KB5_HLB,1KB5_HLB,1,ours_antifold,-0.6468,-0.0334,18,70.9,61.2,402
1KB5_HLB,1KB5_HLB,1KB5_HLB,1,ours_diffusion,0.4789,0.9687,18,74.4,64.7,426
1KB5_HLB,1KB5_HLB,1KB5_HLB,1,ours_esmif,-0.2506,0.4124,18,77.7,67.2,441
1KB5_HLB,1KB5_HLB,1KB5_HLB,1,ours_proteinmpnn,-0.0811,0.8466,18,78.0,67.9,444
1KB5_HLB,1KB5_HLB,1KB5_HLB,1,ours_proteinmpnn_live,-0.5199,0.5740,18,80.2,68.3,442
1KB5_HLB,1KB5_HLB,1KB5_HLB,1,rand_base_abmpnn_ar,-0.0267,0.4975,18,,,
1KB5_HLB,1KB5_HLB,1KB5_HLB,1,rand_base_antifold,0.0704,0.5907,18,,,
1KB5_HLB,1KB5_HLB,1KB5_HLB,1,rand_base_proteinmpnn_ar,0.3593,0.8561,18,,,
1KB5_HLB,1KB5_HLB,1KB5_HLB,1,rand_ours_abmpnn_live,-0.0639,0.6773,18,,,
1KB5_HLB,1KB5_HLB,1KB5_HLB,1,rand_ours_antifold,-0.3189,0.6891,18,,,
1KB5_HLB,1KB5_HLB,1KB5_HLB,1,rand_ours_proteinmpnn_live,0.1688,0.7925,18,,,
1KEN_HLA,6D0U_KLJ,1KEN_HLA,0,base_abmpnn_ar,0.5870,1.0384,18,8.6,7.9,0
1KEN_HLA,6D0U_KLJ,1KEN_HLA,0,base_abmpnn_ar_t1,0.9313,3.8713,18,11.1,9.1,0
1KEN_HLA,6D0U_KLJ,1KEN_HLA,0,base_abmpnn_npz,0.7139,1.2878,18,0.0,0.0,0
1KEN_HLA,6D0U_KLJ,1KEN_HLA,0,base_antifold,2.7394,4.9657,18,0.0,0.0,0
1KEN_HLA,6D0U_KLJ,1KEN_HLA,0,base_antifold_t1,4.4983,7.7702,18,0.6,0.0,0
1KEN_HLA,6D0U_KLJ,1KEN_HLA,0,base_diffab,7.4811,9.5415,18,19.1,0.0,0
1KEN_HLA,6D0U_KLJ,1KEN_HLA,0,base_diffusion,7.1851,10.1606,18,27.4,16.6,0
1KEN_HLA,6D0U_KLJ,1KEN_HLA,0,base_diffusion_s,2.4201,7.9369,12,26.3,16.7,91
1KEN_HLA,6D0U_KLJ,1KEN_HLA,0,base_esmif,1.4022,2.1810,18,0.0,0.0,0
1KEN_HLA,6D0U_KLJ,1KEN_HLA,0,base_esmif_ar,0.9019,2.4152,18,7.5,0.0,0
1KEN_HLA,6D0U_KLJ,1KEN_HLA,0,base_esmif_ar_t1,3.2323,6.9726,18,11.2,0.0,0
1KEN_HLA,6D0U_KLJ,1KEN_HLA,0,base_iglm,11.0209,11.4917,18,1.7,0.0,0
1KEN_HLA,6D0U_KLJ,1KEN_HLA,0,base_proteinmpnn,0.7209,2.1672,18,0.0,0.0,0
1KEN_HLA,6D0U_KLJ,1KEN_HLA,0,base_proteinmpnn_ar,0.1114,3.2129,18,8.6,7.6,0
1KEN_HLA,6D0U_KLJ,1KEN_HLA,0,base_proteinmpnn_ar_t1,1.9304,6.4188,18,9.8,9.1,0
1KEN_HLA,6D0U_KLJ,1KEN_HLA,0,grad_diffusion,0.3736,1.3429,18,27.6,16.8,0
1KEN_HLA,6D0U_KLJ,1KEN_HLA,0,obj_mint,4.8746,6.9344,12,359.2,310.4,477
1KEN_HLA,6D0U_KLJ,1KEN_HLA,0,obj_wt,1.8689,5.0727,6,23.0,13.7,456
1KEN_HLA,6D0U_KLJ,1KEN_HLA,0,ours_abmpnn_live,-0.0703,2.2904,18,95.4,83.7,454
1KEN_HLA,6D0U_KLJ,1KEN_HLA,0,ours_abmpnn_npz,0.9922,2.4488,18,94.1,82.5,458
1KEN_HLA,6D0U_KLJ,1KEN_HLA,0,ours_antifold,3.4140,5.6814,18,97.0,85.4,475
1KEN_HLA,6D0U_KLJ,1KEN_HLA,0,ours_diffusion,3.2081,7.5410,18,95.3,83.8,473
1KEN_HLA,6D0U_KLJ,1KEN_HLA,0,ours_esmif,2.3021,4.4290,18,100.8,89.0,498
1KEN_HLA,6D0U_KLJ,1KEN_HLA,0,ours_proteinmpnn,1.4291,4.0883,18,101.0,89.2,497
1KEN_HLA,6D0U_KLJ,1KEN_HLA,0,ours_proteinmpnn_live,0.3455,4.0892,18,100.9,88.8,488
1KEN_HLA,6D0U_KLJ,1KEN_HLA,0,rand_base_abmpnn_ar,2.4366,5.7511,18,,,
1KEN_HLA,6D0U_KLJ,1KEN_HLA,0,rand_base_antifold,2.0102,6.9321,18,,,
1KEN_HLA,6D0U_KLJ,1KEN_HLA,0,rand_base_proteinmpnn_ar,5.5571,7.9801,18,,,
1KEN_HLA,6D0U_KLJ,1KEN_HLA,0,rand_ours_abmpnn_live,1.3989,7.0935,18,,,
1KEN_HLA,6D0U_KLJ,1KEN_HLA,0,rand_ours_antifold,1.7130,6.1352,18,,,
1KEN_HLA,6D0U_KLJ,1KEN_HLA,0,rand_ours_proteinmpnn_live,2.0697,8.3142,18,,,
1KXT_DC,1KXT_FE,1KXT_FE,1,base_abmpnn_ar,-1.6338,-0.4816,18,8.4,7.4,0
1KXT_DC,1KXT_FE,1KXT_FE,1,base_abmpnn_ar_t1,-1.4704,1.1422,18,8.6,7.5,0
1KXT_DC,1KXT_FE,1KXT_FE,1,base_abmpnn_npz,-1.6377,-0.6959,18,0.0,0.0,0
1KXT_DC,1KXT_FE,1KXT_FE,1,base_antifold,-0.1741,0.7463,18,0.1,0.0,0
1KXT_DC,1KXT_FE,1KXT_FE,1,base_antifold_t1,-0.0636,1.4020,18,0.7,0.0,0
1KXT_DC,1KXT_FE,1KXT_FE,1,base_diffab,-1.4116,2.6418,18,24.7,0.0,0
1KXT_DC,1KXT_FE,1KXT_FE,1,base_diffusion,0.2749,0.9092,18,15.0,5.6,0
1KXT_DC,1KXT_FE,1KXT_FE,1,base_diffusion_s,1.2234,2.6977,6,14.1,6.1,35
1KXT_DC,1KXT_FE,1KXT_FE,1,base_esmif,0.0000,0.4950,18,0.0,0.0,0
1KXT_DC,1KXT_FE,1KXT_FE,1,base_esmif_ar,0.0000,0.5026,18,7.7,0.0,0
1KXT_DC,1KXT_FE,1KXT_FE,1,base_esmif_ar_t1,0.0000,1.5358,18,4.3,0.0,0
1KXT_DC,1KXT_FE,1KXT_FE,1,base_iglm,2.6019,2.7551,12,4.0,0.0,0
1KXT_DC,1KXT_FE,1KXT_FE,1,base_proteinmpnn,-1.2487,-0.5504,18,0.0,0.0,0
1KXT_DC,1KXT_FE,1KXT_FE,1,base_proteinmpnn_ar,-1.6576,-0.9426,18,9.1,8.2,0
1KXT_DC,1KXT_FE,1KXT_FE,1,base_proteinmpnn_ar_t1,-1.1331,0.4915,18,8.4,7.8,0
1KXT_DC,1KXT_FE,1KXT_FE,1,grad_diffusion,-0.5237,-0.2835,18,14.3,5.5,0
1KXT_DC,1KXT_FE,1KXT_FE,1,obj_mint,-0.1279,1.5013,18,57.0,43.3,154
1KXT_DC,1KXT_FE,1KXT_FE,1,obj_wt,-0.6951,0.0795,6,11.5,4.3,151
1KXT_DC,1KXT_FE,1KXT_FE,1,ours_abmpnn_live,-1.5858,-0.2771,18,33.3,24.3,154
1KXT_DC,1KXT_FE,1KXT_FE,1,ours_abmpnn_npz,-1.5001,-0.4789,18,31.7,23.0,149
1KXT_DC,1KXT_FE,1KXT_FE,1,ours_antifold,-0.8340,0.4431,18,94.2,69.1,147
1KXT_DC,1KXT_FE,1KXT_FE,1,ours_diffusion,-0.4049,1.2641,18,35.6,26.9,173
1KXT_DC,1KXT_FE,1KXT_FE,1,ours_esmif,-0.3814,0.9413,18,31.6,22.5,144
1KXT_DC,1KXT_FE,1KXT_FE,1,ours_proteinmpnn,-1.2690,-0.1386,18,33.5,24.5,160
1KXT_DC,1KXT_FE,1KXT_FE,1,ours_proteinmpnn_live,-1.7171,-0.1494,18,36.3,25.7,162
1KXT_DC,1KXT_FE,1KXT_FE,1,rand_base_abmpnn_ar,-1.6239,1.0620,18,,,
1KXT_DC,1KXT_FE,1KXT_FE,1,rand_base_antifold,-0.5831,1.0725,18,,,
1KXT_DC,1KXT_FE,1KXT_FE,1,rand_base_proteinmpnn_ar,-0.7490,1.6462,18,,,
1KXT_DC,1KXT_FE,1KXT_FE,1,rand_ours_abmpnn_live,-0.6568,1.7322,18,,,
1KXT_DC,1KXT_FE,1KXT_FE,1,rand_ours_antifold,0.2934,2.3298,18,,,
1KXT_DC,1KXT_FE,1KXT_FE,1,rand_ours_proteinmpnn_live,-0.2776,1.6027,18,,,
1KXT_FE,1KXT_FE,1KXT_FE,1,base_abmpnn_ar,-2.0488,-1.4104,18,39.7,38.9,0
1KXT_FE,1KXT_FE,1KXT_FE,1,base_abmpnn_ar_t1,-1.9760,-0.2175,18,8.9,8.0,0
1KXT_FE,1KXT_FE,1KXT_FE,1,base_abmpnn_npz,-2.0576,-1.3368,18,0.0,0.0,0
1KXT_FE,1KXT_FE,1KXT_FE,1,base_antifold,0.3268,0.9223,18,0.1,0.0,0
1KXT_FE,1KXT_FE,1KXT_FE,1,base_antifold_t1,0.4672,1.7452,18,1.3,0.0,0
1KXT_FE,1KXT_FE,1KXT_FE,1,base_diffab,1.5874,3.1402,18,19.4,0.0,0
1KXT_FE,1KXT_FE,1KXT_FE,1,base_diffusion,0.7732,1.6196,18,15.3,5.6,0
1KXT_FE,1KXT_FE,1KXT_FE,1,base_diffusion_s,-0.6714,1.5582,18,14.2,6.0,35
1KXT_FE,1KXT_FE,1KXT_FE,1,base_esmif,0.5272,1.4444,18,0.0,0.0,0
1KXT_FE,1KXT_FE,1KXT_FE,1,base_esmif_ar,0.5541,1.4627,18,7.9,0.0,0
1KXT_FE,1KXT_FE,1KXT_FE,1,base_esmif_ar_t1,0.5747,1.9612,18,5.2,0.0,0
1KXT_FE,1KXT_FE,1KXT_FE,1,base_iglm,3.0664,3.3286,18,3.0,0.0,0
1KXT_FE,1KXT_FE,1KXT_FE,1,base_proteinmpnn,-1.0909,-0.3528,18,0.0,0.0,0
1KXT_FE,1KXT_FE,1KXT_FE,1,base_proteinmpnn_ar,-1.1611,-0.0553,18,35.1,34.5,0
1KXT_FE,1KXT_FE,1KXT_FE,1,base_proteinmpnn_ar_t1,-1.0193,0.7835,18,8.2,7.6,0
1KXT_FE,1KXT_FE,1KXT_FE,1,base_rfantibody,1.0629,2.7521,6,627.8,0.0,0
1KXT_FE,1KXT_FE,1KXT_FE,1,grad_diffusion,-0.6618,0.2869,18,14.7,5.7,0
1KXT_FE,1KXT_FE,1KXT_FE,1,obj_mint,0.2362,1.0407,6,58.1,43.5,155
1KXT_FE,1KXT_FE,1KXT_FE,1,obj_wt,-0.3653,0.4004,6,12.0,4.4,152
1KXT_FE,1KXT_FE,1KXT_FE,1,ours_abmpnn_live,-2.0400,-1.0572,18,30.5,21.7,139
1KXT_FE,1KXT_FE,1KXT_FE,1,ours_abmpnn_npz,-2.0380,-1.1122,18,32.1,23.3,150
1KXT_FE,1KXT_FE,1KXT_FE,1,ours_antifold,-0.3072,0.8946,18,33.0,24.1,153
1KXT_FE,1KXT_FE,1KXT_FE,1,ours_diffusion,-0.3140,1.5149,18,37.1,28.2,182
1KXT_FE,1KXT_FE,1KXT_FE,1,ours_esmif,0.5571,1.6587,18,32.8,23.6,152
1KXT_FE,1KXT_FE,1KXT_FE,1,ours_proteinmpnn,-0.9349,-0.0019,18,33.4,24.5,159
1KXT_FE,1KXT_FE,1KXT_FE,1,ours_proteinmpnn_live,-1.0570,0.3813,18,35.7,25.2,159
1KXT_FE,1KXT_FE,1KXT_FE,1,rand_base_abmpnn_ar,-1.3095,1.0441,18,,,
1KXT_FE,1KXT_FE,1KXT_FE,1,rand_base_antifold,0.1339,2.2598,18,,,
1KXT_FE,1KXT_FE,1KXT_FE,1,rand_base_proteinmpnn_ar,-0.8736,2.1407,18,,,
1KXT_FE,1KXT_FE,1KXT_FE,1,rand_ours_abmpnn_live,-0.4031,1.7251,18,,,
1KXT_FE,1KXT_FE,1KXT_FE,1,rand_ours_antifold,-0.4488,2.6570,18,,,
1KXT_FE,1KXT_FE,1KXT_FE,1,rand_ours_proteinmpnn_live,0.0134,2.3078,18,,,
1NMB_HLN,1NMA_HLN,1A14_HLN,0,base_abmpnn_ar,0.4056,1.8602,18,7.2,6.6,0
1NMB_HLN,1NMA_HLN,1A14_HLN,0,base_abmpnn_ar_t1,0.8474,2.7919,18,8.2,7.5,0
1NMB_HLN,1NMA_HLN,1A14_HLN,0,base_abmpnn_npz,0.2586,0.8074,18,0.0,0.0,0
1NMB_HLN,1NMA_HLN,1A14_HLN,0,base_antifold,-0.6435,0.2321,18,0.0,0.0,0
1NMB_HLN,1NMA_HLN,1A14_HLN,0,base_antifold_t1,-0.6389,1.6606,18,0.4,0.0,0
1NMB_HLN,1NMA_HLN,1A14_HLN,0,base_diffab,2.5570,3.9480,18,19.6,0.0,0
1NMB_HLN,1NMA_HLN,1A14_HLN,0,base_diffusion,4.1998,5.3384,18,26.6,16.6,0
1NMB_HLN,1NMA_HLN,1A14_HLN,0,base_diffusion_s,5.4834,5.7900,6,25.3,16.5,105
1NMB_HLN,1NMA_HLN,1A14_HLN,0,base_esmif,0.4374,1.3644,18,0.0,0.0,0
1NMB_HLN,1NMA_HLN,1A14_HLN,0,base_esmif_ar,0.5112,1.9429,18,7.8,0.0,0
1NMB_HLN,1NMA_HLN,1A14_HLN,0,base_esmif_ar_t1,1.9482,3.3065,18,11.7,0.0,0
1NMB_HLN,1NMA_HLN,1A14_HLN,0,base_iglm,5.6013,6.2648,12,1.8,0.0,0
1NMB_HLN,1NMA_HLN,1A14_HLN,0,base_proteinmpnn,2.9134,3.3186,18,0.0,0.0,0
1NMB_HLN,1NMA_HLN,1A14_HLN,0,base_proteinmpnn_ar,1.2367,3.6019,18,7.0,6.2,0
1NMB_HLN,1NMA_HLN,1A14_HLN,0,base_proteinmpnn_ar_t1,2.6564,3.9611,18,8.0,7.5,0
1NMB_HLN,1NMA_HLN,1A14_HLN,0,grad_diffusion,1.1656,2.0672,18,26.4,16.6,0
1NMB_HLN,1NMA_HLN,1A14_HLN,0,obj_mint,-0.5822,1.1077,18,183.0,165.7,511
1NMB_HLN,1NMA_HLN,1A14_HLN,0,obj_wt,-0.4042,1.3004,6,21.2,13.1,500
1NMB_HLN,1NMA_HLN,1A14_HLN,0,ours_abmpnn_live,-0.0151,1.7122,18,95.6,84.5,514
1NMB_HLN,1NMA_HLN,1A14_HLN,0,ours_abmpnn_npz,0.3032,1.2911,18,92.0,81.4,516
1NMB_HLN,1NMA_HLN,1A14_HLN,0,ours_antifold,-0.7698,0.7112,18,88.4,77.7,495
1NMB_HLN,1NMA_HLN,1A14_HLN,0,ours_diffusion,2.4861,4.6641,18,96.4,85.8,547
1NMB_HLN,1NMA_HLN,1A14_HLN,0,ours_esmif,1.5455,2.5822,18,96.7,85.9,544
1NMB_HLN,1NMA_HLN,1A14_HLN,0,ours_proteinmpnn,0.6586,3.1449,18,96.8,86.1,548
1NMB_HLN,1NMA_HLN,1A14_HLN,0,ours_proteinmpnn_live,2.3052,3.9243,18,97.9,86.9,545
1NMB_HLN,1NMA_HLN,1A14_HLN,0,rand_base_abmpnn_ar,0.4091,2.1710,18,,,
1NMB_HLN,1NMA_HLN,1A14_HLN,0,rand_base_antifold,0.3833,1.7768,18,,,
1NMB_HLN,1NMA_HLN,1A14_HLN,0,rand_base_proteinmpnn_ar,1.4254,3.7522,18,,,
1NMB_HLN,1NMA_HLN,1A14_HLN,0,rand_ours_abmpnn_live,1.3789,3.1708,18,,,
1NMB_HLN,1NMA_HLN,1A14_HLN,0,rand_ours_antifold,0.3689,1.5780,18,,,
1NMB_HLN,1NMA_HLN,1A14_HLN,0,rand_ours_proteinmpnn_live,1.6154,3.8211,18,,,
1OSP_HLO,7JWG_HLC,1OSP_HLO,0,base_abmpnn_ar,-0.6836,0.4583,18,8.0,7.4,0
1OSP_HLO,7JWG_HLC,1OSP_HLO,0,base_abmpnn_ar_t1,-0.9861,1.8848,18,8.3,8.0,0
1OSP_HLO,7JWG_HLC,1OSP_HLO,0,base_abmpnn_npz,0.1257,0.9054,18,0.0,0.0,0
1OSP_HLO,7JWG_HLC,1OSP_HLO,0,base_antifold,0.0309,0.8729,18,0.2,0.0,0
1OSP_HLO,7JWG_HLC,1OSP_HLO,0,base_antifold_t1,0.1548,2.2804,18,0.3,0.0,0
1OSP_HLO,7JWG_HLC,1OSP_HLO,0,base_diffab,-0.1830,6.3984,18,14.9,0.0,0
1OSP_HLO,7JWG_HLC,1OSP_HLO,0,base_diffusion,6.6525,7.3133,18,25.8,15.9,0
1OSP_HLO,7JWG_HLC,1OSP_HLO,0,base_diffusion_s,3.7925,7.5642,18,25.2,16.4,98
1OSP_HLO,7JWG_HLC,1OSP_HLO,0,base_esmif,0.0292,1.5100,18,0.0,0.0,0
1OSP_HLO,7JWG_HLC,1OSP_HLO,0,base_esmif_ar,-0.0206,0.8424,18,10.7,0.0,0
1OSP_HLO,7JWG_HLC,1OSP_HLO,0,base_esmif_ar_t1,-0.0105,1.9799,18,7.6,0.0,0
1OSP_HLO,7JWG_HLC,1OSP_HLO,0,base_iglm,5.8871,6.1964,18,1.6,0.0,0
1OSP_HLO,7JWG_HLC,1OSP_HLO,0,base_proteinmpnn,-0.9750,-0.2038,18,0.4,0.0,0
1OSP_HLO,7JWG_HLC,1OSP_HLO,0,base_proteinmpnn_ar,-0.9639,0.3170,18,7.9,7.1,0
1OSP_HLO,7JWG_HLC,1OSP_HLO,0,base_proteinmpnn_ar_t1,0.0982,2.3865,18,8.9,8.5,0
1OSP_HLO,7JWG_HLC,1OSP_HLO,0,grad_diffusion,-1.5185,-0.3404,18,25.9,16.0,0
1OSP_HLO,7JWG_HLC,1OSP_HLO,0,obj_mint,-0.1515,1.1941,6,145.9,130.2,434
1OSP_HLO,7JWG_HLC,1OSP_HLO,0,obj_wt,0.1158,0.8184,6,20.2,12.1,441
1OSP_HLO,7JWG_HLC,1OSP_HLO,0,ours_abmpnn_live,-0.0694,0.8442,18,87.4,76.6,465
1OSP_HLO,7JWG_HLC,1OSP_HLO,0,ours_abmpnn_npz,-0.3773,0.9180,18,85.8,75.3,465
1OSP_HLO,7JWG_HLC,1OSP_HLO,0,ours_antifold,0.0652,0.8942,18,81.7,71.2,441
1OSP_HLO,7JWG_HLC,1OSP_HLO,0,ours_diffusion,-0.0380,5.1656,18,92.2,81.6,514
1OSP_HLO,7JWG_HLC,1OSP_HLO,0,ours_esmif,-0.3593,1.3517,18,87.8,77.1,481
1OSP_HLO,7JWG_HLC,1OSP_HLO,0,ours_proteinmpnn,-0.5235,0.6577,18,93.1,82.3,508
1OSP_HLO,7JWG_HLC,1OSP_HLO,0,ours_proteinmpnn_live,-0.8244,1.2141,18,94.8,83.5,505
1OSP_HLO,7JWG_HLC,1OSP_HLO,0,rand_base_abmpnn_ar,2.2348,4.6868,18,,,
1OSP_HLO,7JWG_HLC,1OSP_HLO,0,rand_base_antifold,0.1054,1.8657,18,,,
1OSP_HLO,7JWG_HLC,1OSP_HLO,0,rand_base_proteinmpnn_ar,2.6973,5.5873,18,,,
1OSP_HLO,7JWG_HLC,1OSP_HLO,0,rand_ours_abmpnn_live,2.2190,4.6025,18,,,
1OSP_HLO,7JWG_HLC,1OSP_HLO,0,rand_ours_antifold,1.6996,3.9704,18,,,
1OSP_HLO,7JWG_HLC,1OSP_HLO,0,rand_ours_proteinmpnn_live,2.4034,5.3498,18,,,
1RJC_AB,4TTD_HLA,1RJC_AB,1,base_abmpnn_ar,-2.1863,-0.6263,18,3.7,2.9,0
1RJC_AB,4TTD_HLA,1RJC_AB,1,base_abmpnn_ar_t1,-1.9696,0.7173,18,3.7,3.3,0
1RJC_AB,4TTD_HLA,1RJC_AB,1,base_abmpnn_npz,-2.6785,-1.9821,18,0.0,0.0,0
1RJC_AB,4TTD_HLA,1RJC_AB,1,base_antifold,-0.4914,-0.0501,18,0.1,0.0,0
1RJC_AB,4TTD_HLA,1RJC_AB,1,base_antifold_t1,-0.5412,0.7381,18,0.7,0.0,0
1RJC_AB,4TTD_HLA,1RJC_AB,1,base_diffab,1.0589,4.1648,18,18.2,0.0,0
1RJC_AB,4TTD_HLA,1RJC_AB,1,base_diffusion,2.8763,4.4837,18,18.4,8.8,0
1RJC_AB,4TTD_HLA,1RJC_AB,1,base_diffusion_s,2.4712,4.2770,6,17.4,9.6,63
1RJC_AB,4TTD_HLA,1RJC_AB,1,base_esmif,1.2978,1.5379,18,0.0,0.0,0
1RJC_AB,4TTD_HLA,1RJC_AB,1,base_esmif_ar,-0.0586,1.5142,18,4.7,0.0,0
1RJC_AB,4TTD_HLA,1RJC_AB,1,base_esmif_ar_t1,0.1765,1.8517,18,4.4,0.0,0
1RJC_AB,4TTD_HLA,1RJC_AB,1,base_iglm,7.7991,8.0528,18,3.2,0.0,0
1RJC_AB,4TTD_HLA,1RJC_AB,1,base_proteinmpnn,-1.4331,-0.2930,18,0.0,0.0,0
1RJC_AB,4TTD_HLA,1RJC_AB,1,base_proteinmpnn_ar,-0.6409,0.9618,18,3.6,2.7,0
1RJC_AB,4TTD_HLA,1RJC_AB,1,base_proteinmpnn_ar_t1,0.3805,2.1212,18,3.9,3.5,0
1RJC_AB,4TTD_HLA,1RJC_AB,1,grad_diffusion,-0.3593,0.7018,18,17.8,8.8,0
1RJC_AB,4TTD_HLA,1RJC_AB,1,obj_mint,0.2132,1.8645,6,65.0,50.8,315
1RJC_AB,4TTD_HLA,1RJC_AB,1,obj_wt,-0.2995,0.6343,6,15.3,7.7,295
1RJC_AB,4TTD_HLA,1RJC_AB,1,ours_abmpnn_live,-2.2290,-0.9096,18,53.8,44.6,293
1RJC_AB,4TTD_HLA,1RJC_AB,1,ours_abmpnn_npz,-2.6309,-0.9940,18,53.6,44.5,297
1RJC_AB,4TTD_HLA,1RJC_AB,1,ours_antifold,-0.9080,0.6746,18,53.2,43.5,290
1RJC_AB,4TTD_HLA,1RJC_AB,1,ours_diffusion,0.4627,4.1213,18,58.9,49.4,328
1RJC_AB,4TTD_HLA,1RJC_AB,1,ours_esmif,-0.8106,1.0584,18,50.9,41.2,278
1RJC_AB,4TTD_HLA,1RJC_AB,1,ours_proteinmpnn,-1.1070,0.3205,18,57.3,48.1,323
1RJC_AB,4TTD_HLA,1RJC_AB,1,ours_proteinmpnn_live,-1.0600,0.4096,18,58.3,46.9,309
1RJC_AB,4TTD_HLA,1RJC_AB,1,rand_base_abmpnn_ar,0.3003,2.8683,18,,,
1RJC_AB,4TTD_HLA,1RJC_AB,1,rand_base_antifold,0.2399,3.2044,18,,,
1RJC_AB,4TTD_HLA,1RJC_AB,1,rand_base_proteinmpnn_ar,1.1855,3.9455,18,,,
1RJC_AB,4TTD_HLA,1RJC_AB,1,rand_ours_abmpnn_live,0.4851,2.9372,18,,,
1RJC_AB,4TTD_HLA,1RJC_AB,1,rand_ours_antifold,0.2750,3.2134,18,,,
1RJC_AB,4TTD_HLA,1RJC_AB,1,rand_ours_proteinmpnn_live,0.3641,3.2058,18,,,
1Z3G_HLA,1Z3G_HLA,1Z3G_HLA,0,base_abmpnn_ar,-1.0449,-0.2084,18,10.2,9.5,0
1Z3G_HLA,1Z3G_HLA,1Z3G_HLA,0,base_abmpnn_ar_t1,-0.8825,1.1799,18,8.5,7.2,0
1Z3G_HLA,1Z3G_HLA,1Z3G_HLA,0,base_abmpnn_npz,-1.0527,-0.8030,18,0.0,0.0,0
1Z3G_HLA,1Z3G_HLA,1Z3G_HLA,0,base_antifold,0.1775,2.0557,18,0.0,0.0,0
1Z3G_HLA,1Z3G_HLA,1Z3G_HLA,0,base_antifold_t1,0.4027,2.4309,18,0.9,0.0,0
1Z3G_HLA,1Z3G_HLA,1Z3G_HLA,0,base_diffab,1.1747,3.5849,18,14.9,0.0,0
1Z3G_HLA,1Z3G_HLA,1Z3G_HLA,0,base_diffusion,3.5662,4.5006,18,17.8,8.8,0
1Z3G_HLA,1Z3G_HLA,1Z3G_HLA,0,base_diffusion_s,3.0445,4.9600,12,17.6,9.3,56
1Z3G_HLA,1Z3G_HLA,1Z3G_HLA,0,base_esmif,-1.0860,-0.0743,18,0.0,0.0,0
1Z3G_HLA,1Z3G_HLA,1Z3G_HLA,0,base_esmif_ar,-0.9679,1.2429,18,5.5,0.0,0
1Z3G_HLA,1Z3G_HLA,1Z3G_HLA,0,base_esmif_ar_t1,0.8920,2.2148,18,5.3,0.0,0
1Z3G_HLA,1Z3G_HLA,1Z3G_HLA,0,base_iglm,6.5823,6.9320,18,1.7,0.0,0
1Z3G_HLA,1Z3G_HLA,1Z3G_HLA,0,base_proteinmpnn,-0.0331,1.2177,18,0.0,0.0,0
1Z3G_HLA,1Z3G_HLA,1Z3G_HLA,0,base_proteinmpnn_ar,-0.9859,0.7575,18,7.4,6.8,0
1Z3G_HLA,1Z3G_HLA,1Z3G_HLA,0,base_proteinmpnn_ar_t1,-0.3085,2.2176,18,7.8,7.2,0
1Z3G_HLA,1Z3G_HLA,1Z3G_HLA,0,grad_diffusion,-0.8439,-0.6487,18,17.9,8.8,0
1Z3G_HLA,1Z3G_HLA,1Z3G_HLA,0,obj_mint,0.4017,2.1626,12,86.4,72.0,261
1Z3G_HLA,1Z3G_HLA,1Z3G_HLA,0,obj_wt,-0.5645,1.2827,6,13.6,6.5,234
1Z3G_HLA,1Z3G_HLA,1Z3G_HLA,0,ours_abmpnn_live,-1.0654,-0.0278,18,48.8,39.3,247
1Z3G_HLA,1Z3G_HLA,1Z3G_HLA,0,ours_abmpnn_npz,-1.0482,-0.5150,18,47.6,38.4,249
1Z3G_HLA,1Z3G_HLA,1Z3G_HLA,0,ours_antifold,-0.7926,1.4369,18,48.7,39.1,252
1Z3G_HLA,1Z3G_HLA,1Z3G_HLA,0,ours_diffusion,2.0853,4.1265,18,53.4,43.4,283
1Z3G_HLA,1Z3G_HLA,1Z3G_HLA,0,ours_esmif,-1.0755,0.7375,18,53.4,43.9,283
1Z3G_HLA,1Z3G_HLA,1Z3G_HLA,0,ours_proteinmpnn,-0.5338,1.3126,18,52.4,42.9,277
1Z3G_HLA,1Z3G_HLA,1Z3G_HLA,0,ours_proteinmpnn_live,-0.8446,1.5364,18,53.4,44.0,282
1Z3G_HLA,1Z3G_HLA,1Z3G_HLA,0,rand_base_abmpnn_ar,0.0526,1.6926,18,,,
1Z3G_HLA,1Z3G_HLA,1Z3G_HLA,0,rand_base_antifold,-0.0010,1.7428,18,,,
1Z3G_HLA,1Z3G_HLA,1Z3G_HLA,0,rand_base_proteinmpnn_ar,1.4076,3.3016,18,,,
1Z3G_HLA,1Z3G_HLA,1Z3G_HLA,0,rand_ours_abmpnn_live,0.8617,2.6903,18,,,
1Z3G_HLA,1Z3G_HLA,1Z3G_HLA,0,rand_ours_antifold,0.1673,1.9707,18,,,
1Z3G_HLA,1Z3G_HLA,1Z3G_HLA,0,rand_ours_proteinmpnn_live,1.3306,3.7552,18,,,
1ZA3_HLR,1ZA3_HLR,6SNI_HLX,0,base_abmpnn_ar,-0.3476,0.1426,18,6.1,5.4,0
1ZA3_HLR,1ZA3_HLR,6SNI_HLX,0,base_abmpnn_ar_t1,1.1317,3.3809,18,8.2,6.4,0
1ZA3_HLR,1ZA3_HLR,6SNI_HLX,0,base_abmpnn_npz,-0.1267,0.6937,18,0.0,0.0,0
1ZA3_HLR,1ZA3_HLR,6SNI_HLX,0,base_antifold,0.0413,1.2681,18,0.0,0.0,0
1ZA3_HLR,1ZA3_HLR,6SNI_HLX,0,base_antifold_t1,0.7455,3.7541,18,1.2,0.0,0
1ZA3_HLR,1ZA3_HLR,6SNI_HLX,0,base_diffab,2.2168,7.4959,18,13.9,0.0,0
1ZA3_HLR,1ZA3_HLR,6SNI_HLX,0,base_diffusion,5.4260,6.7317,18,31.2,21.4,0
1ZA3_HLR,1ZA3_HLR,6SNI_HLX,0,base_diffusion_s,7.3125,8.1272,12,31.3,22.4,140
1ZA3_HLR,1ZA3_HLR,6SNI_HLX,0,base_esmif,-0.0088,0.7699,18,0.0,0.0,0
1ZA3_HLR,1ZA3_HLR,6SNI_HLX,0,base_esmif_ar,-0.1739,0.6172,18,9.3,0.0,0
1ZA3_HLR,1ZA3_HLR,6SNI_HLX,0,base_esmif_ar_t1,1.5707,4.7443,18,11.8,0.0,0
1ZA3_HLR,1ZA3_HLR,6SNI_HLX,0,base_iglm,12.5884,13.2706,12,1.8,0.0,0
1ZA3_HLR,1ZA3_HLR,6SNI_HLX,0,base_proteinmpnn,0.0735,0.8094,18,0.0,0.0,0
1ZA3_HLR,1ZA3_HLR,6SNI_HLX,0,base_proteinmpnn_ar,0.9013,2.7010,18,6.5,5.5,0
1ZA3_HLR,1ZA3_HLR,6SNI_HLX,0,base_proteinmpnn_ar_t1,2.2231,6.5117,18,21.3,20.7,0
1ZA3_HLR,1ZA3_HLR,6SNI_HLX,0,grad_diffusion,0.0246,1.6477,18,31.4,21.5,0
1ZA3_HLR,1ZA3_HLR,6SNI_HLX,0,obj_mint,-0.3675,1.4832,18,217.3,199.4,750
1ZA3_HLR,1ZA3_HLR,6SNI_HLX,0,obj_wt,-0.0602,1.3042,6,28.2,19.3,742
1ZA3_HLR,1ZA3_HLR,6SNI_HLX,0,ours_abmpnn_live,-0.3461,1.5240,18,130.3,118.4,748
1ZA3_HLR,1ZA3_HLR,6SNI_HLX,0,ours_abmpnn_npz,0.1926,1.2292,18,126.8,115.2,735
1ZA3_HLR,1ZA3_HLR,6SNI_HLX,0,ours_antifold,0.4522,2.0303,18,125.9,114.5,742
1ZA3_HLR,1ZA3_HLR,6SNI_HLX,0,ours_diffusion,4.1857,7.1261,18,136.6,125.0,804
1ZA3_HLR,1ZA3_HLR,6SNI_HLX,0,ours_esmif,0.2090,1.7092,18,129.9,118.4,770
1ZA3_HLR,1ZA3_HLR,6SNI_HLX,0,ours_proteinmpnn,0.3316,2.3527,18,134.1,122.5,794
1ZA3_HLR,1ZA3_HLR,6SNI_HLX,0,ours_proteinmpnn_live,1.5803,3.8347,18,138.4,126.1,790
1ZA3_HLR,1ZA3_HLR,6SNI_HLX,0,rand_base_abmpnn_ar,0.5640,2.5322,18,,,
1ZA3_HLR,1ZA3_HLR,6SNI_HLX,0,rand_base_antifold,0.1781,4.2419,18,,,
1ZA3_HLR,1ZA3_HLR,6SNI_HLX,0,rand_base_proteinmpnn_ar,5.8332,8.4472,18,,,
1ZA3_HLR,1ZA3_HLR,6SNI_HLX,0,rand_ours_abmpnn_live,0.8121,5.1532,18,,,
1ZA3_HLR,1ZA3_HLR,6SNI_HLX,0,rand_ours_antifold,2.5023,4.9847,18,,,
1ZA3_HLR,1ZA3_HLR,6SNI_HLX,0,rand_ours_proteinmpnn_live,6.0529,9.3198,18,,,
1ZVH_AL,4TTD_HLA,1ZVH_AL,1,base_abmpnn_ar,-1.2632,0.8096,18,3.4,2.8,0
1ZVH_AL,4TTD_HLA,1ZVH_AL,1,base_abmpnn_ar_t1,0.4673,4.3378,18,4.2,3.3,0
1ZVH_AL,4TTD_HLA,1ZVH_AL,1,base_abmpnn_npz,0.2401,1.2240,18,0.0,0.0,0
1ZVH_AL,4TTD_HLA,1ZVH_AL,1,base_antifold,1.0169,4.1889,18,0.0,0.0,0
1ZVH_AL,4TTD_HLA,1ZVH_AL,1,base_antifold_t1,2.8415,5.9220,18,1.2,0.0,0
1ZVH_AL,4TTD_HLA,1ZVH_AL,1,base_diffab,9.6923,14.5765,18,17.6,0.0,0
1ZVH_AL,4TTD_HLA,1ZVH_AL,1,base_diffusion,9.5637,14.0914,18,27.3,17.2,0
1ZVH_AL,4TTD_HLA,1ZVH_AL,1,base_diffusion_s,14.5087,18.1966,12,27.3,18.9,126
1ZVH_AL,4TTD_HLA,1ZVH_AL,1,base_esmif,-0.2465,0.5110,18,0.0,0.0,0
1ZVH_AL,4TTD_HLA,1ZVH_AL,1,base_esmif_ar,-0.1396,0.6728,18,9.1,0.0,0
1ZVH_AL,4TTD_HLA,1ZVH_AL,1,base_esmif_ar_t1,-0.5329,0.7218,18,7.5,0.0,0
1ZVH_AL,4TTD_HLA,1ZVH_AL,1,base_iglm,15.3274,15.8980,18,3.4,0.0,0
1ZVH_AL,4TTD_HLA,1ZVH_AL,1,base_proteinmpnn,1.1356,2.9178,18,0.0,0.0,0
1ZVH_AL,4TTD_HLA,1ZVH_AL,1,base_proteinmpnn_ar,0.3422,2.3079,18,3.6,2.9,0
1ZVH_AL,4TTD_HLA,1ZVH_AL,1,base_proteinmpnn_ar_t1,1.3229,4.9963,18,3.8,3.4,0
1ZVH_AL,4TTD_HLA,1ZVH_AL,1,grad_diffusion,3.7828,7.8501,18,26.5,17.1,0
1ZVH_AL,4TTD_HLA,1ZVH_AL,1,obj_mint,3.3238,5.6376,12,121.4,106.0,648
1ZVH_AL,4TTD_HLA,1ZVH_AL,1,obj_wt,3.1516,4.4917,6,24.7,16.1,643
1ZVH_AL,4TTD_HLA,1ZVH_AL,1,ours_abmpnn_live,-1.2223,1.0889,18,110.2,99.1,637
1ZVH_AL,4TTD_HLA,1ZVH_AL,1,ours_abmpnn_npz,-1.1496,1.9303,18,110.4,99.5,653
1ZVH_AL,4TTD_HLA,1ZVH_AL,1,ours_antifold,0.9138,3.1368,18,110.0,98.9,647
1ZVH_AL,4TTD_HLA,1ZVH_AL,1,ours_diffusion,8.4201,14.3538,18,113.3,102.4,675
1ZVH_AL,4TTD_HLA,1ZVH_AL,1,ours_esmif,-1.3762,0.6224,18,100.4,89.4,587
1ZVH_AL,4TTD_HLA,1ZVH_AL,1,ours_proteinmpnn,0.7501,2.6753,18,109.1,98.2,640
1ZVH_AL,4TTD_HLA,1ZVH_AL,1,ours_proteinmpnn_live,0.3675,2.8472,18,112.0,98.7,632
1ZVH_AL,4TTD_HLA,1ZVH_AL,1,rand_base_abmpnn_ar,4.5166,8.7973,18,,,
1ZVH_AL,4TTD_HLA,1ZVH_AL,1,rand_base_antifold,3.7333,8.2101,18,,,
1ZVH_AL,4TTD_HLA,1ZVH_AL,1,rand_base_proteinmpnn_ar,3.2476,10.2292,18,,,
1ZVH_AL,4TTD_HLA,1ZVH_AL,1,rand_ours_abmpnn_live,2.6825,8.7866,18,,,
1ZVH_AL,4TTD_HLA,1ZVH_AL,1,rand_ours_antifold,2.8082,9.5200,18,,,
1ZVH_AL,4TTD_HLA,1ZVH_AL,1,rand_ours_proteinmpnn_live,3.8015,9.0521,18,,,
2B2X_HLA,2B2X_HLA,2B2X_HLA,0,base_abmpnn_ar,-1.5619,-0.2646,18,9.8,8.1,0
2B2X_HLA,2B2X_HLA,2B2X_HLA,0,base_abmpnn_ar_t1,-0.9670,0.5501,18,8.7,7.4,0
2B2X_HLA,2B2X_HLA,2B2X_HLA,0,base_abmpnn_npz,-1.7259,-0.4838,18,0.0,0.0,0
2B2X_HLA,2B2X_HLA,2B2X_HLA,0,base_antifold,-1.1404,-0.2995,18,0.0,0.0,0
2B2X_HLA,2B2X_HLA,2B2X_HLA,0,base_antifold_t1,-0.9478,0.4299,18,0.8,0.0,0
2B2X_HLA,2B2X_HLA,2B2X_HLA,0,base_diffab,0.4356,2.6848,18,13.5,0.0,0
2B2X_HLA,2B2X_HLA,2B2X_HLA,0,base_diffusion,1.5860,3.9813,18,22.9,13.4,0
2B2X_HLA,2B2X_HLA,2B2X_HLA,0,base_diffusion_s,1.0624,2.9448,6,21.5,13.3,84
2B2X_HLA,2B2X_HLA,2B2X_HLA,0,base_esmif,-1.0302,-0.2056,18,0.0,0.0,0
2B2X_HLA,2B2X_HLA,2B2X_HLA,0,base_esmif_ar,-1.1418,-0.7602,18,7.5,0.0,0
2B2X_HLA,2B2X_HLA,2B2X_HLA,0,base_esmif_ar_t1,-0.9173,0.2288,18,6.4,0.0,0
2B2X_HLA,2B2X_HLA,2B2X_HLA,0,base_iglm,4.0502,4.3894,12,2.0,0.0,0
2B2X_HLA,2B2X_HLA,2B2X_HLA,0,base_proteinmpnn,-1.5160,-0.8998,18,0.0,0.0,0
2B2X_HLA,2B2X_HLA,2B2X_HLA,0,base_proteinmpnn_ar,-1.0091,-0.0404,18,7.0,6.2,0
2B2X_HLA,2B2X_HLA,2B2X_HLA,0,base_proteinmpnn_ar_t1,-0.7359,0.6428,18,8.0,7.4,0
2B2X_HLA,2B2X_HLA,2B2X_HLA,0,grad_diffusion,-0.4330,0.7140,18,22.8,13.3,0
2B2X_HLA,2B2X_HLA,2B2X_HLA,0,obj_mint,-0.8231,0.4712,18,124.1,108.9,387
2B2X_HLA,2B2X_HLA,2B2X_HLA,0,obj_wt,-0.9288,0.4076,12,17.8,10.2,383
2B2X_HLA,2B2X_HLA,2B2X_HLA,0,ours_abmpnn_live,-0.8830,0.3124,18,73.1,62.9,395
2B2X_HLA,2B2X_HLA,2B2X_HLA,0,ours_abmpnn_npz,-1.5888,-0.2962,18,69.2,59.4,381
2B2X_HLA,2B2X_HLA,2B2X_HLA,0,ours_antifold,-1.3242,0.0563,18,70.3,60.3,382
2B2X_HLA,2B2X_HLA,2B2X_HLA,0,ours_diffusion,1.5503,2.9650,18,75.1,65.1,413
2B2X_HLA,2B2X_HLA,2B2X_HLA,0,ours_esmif,-1.0634,0.0833,18,72.0,62.1,397
2B2X_HLA,2B2X_HLA,2B2X_HLA,0,ours_proteinmpnn,-1.0227,-0.0123,18,77.2,67.0,425
2B2X_HLA,2B2X_HLA,2B2X_HLA,0,ours_proteinmpnn_live,-0.9610,0.5674,18,76.1,65.8,420
2B2X_HLA,2B2X_HLA,2B2X_HLA,0,rand_base_abmpnn_ar,0.0000,1.1029,18,,,
2B2X_HLA,2B2X_HLA,2B2X_HLA,0,rand_base_antifold,0.6518,2.2061,18,,,
2B2X_HLA,2B2X_HLA,2B2X_HLA,0,rand_base_proteinmpnn_ar,1.6900,2.8741,18,,,
2B2X_HLA,2B2X_HLA,2B2X_HLA,0,rand_ours_abmpnn_live,0.1689,1.9056,18,,,
2B2X_HLA,2B2X_HLA,2B2X_HLA,0,rand_ours_antifold,1.0079,1.9566,18,,,
2B2X_HLA,2B2X_HLA,2B2X_HLA,0,rand_ours_proteinmpnn_live,1.6471,3.2853,18,,,
2BDN_HLA,2BDN_HLA,2BDN_HLA,0,base_abmpnn_ar,-0.1986,0.6917,18,29.4,28.6,0
2BDN_HLA,2BDN_HLA,2BDN_HLA,0,base_abmpnn_ar_t1,-0.1066,1.2689,18,7.5,6.3,0
2BDN_HLA,2BDN_HLA,2BDN_HLA,0,base_abmpnn_npz,-0.1871,-0.0299,18,0.1,0.0,0
2BDN_HLA,2BDN_HLA,2BDN_HLA,0,base_antifold,-0.1790,1.6369,18,0.0,0.0,0
2BDN_HLA,2BDN_HLA,2BDN_HLA,0,base_antifold_t1,-0.1725,2.5912,18,1.2,0.0,0
2BDN_HLA,2BDN_HLA,2BDN_HLA,0,base_diffab,1.1684,4.1557,18,12.6,0.0,0
2BDN_HLA,2BDN_HLA,2BDN_HLA,0,base_diffusion,7.3885,8.6692,18,19.9,10.6,0
2BDN_HLA,2BDN_HLA,2BDN_HLA,0,base_diffusion_s,1.5900,6.4831,18,19.1,10.9,70
2BDN_HLA,2BDN_HLA,2BDN_HLA,0,base_esmif,2.6097,3.0891,18,0.0,0.0,0
2BDN_HLA,2BDN_HLA,2BDN_HLA,0,base_esmif_ar,2.5442,3.0975,18,11.1,0.0,0
2BDN_HLA,2BDN_HLA,2BDN_HLA,0,base_esmif_ar_t1,1.6851,2.6742,18,5.8,0.0,0
2BDN_HLA,2BDN_HLA,2BDN_HLA,0,base_iglm,8.7550,9.2956,18,1.7,0.0,0
2BDN_HLA,2BDN_HLA,2BDN_HLA,0,base_proteinmpnn,2.0565,2.8346,18,0.0,0.0,0
2BDN_HLA,2BDN_HLA,2BDN_HLA,0,base_proteinmpnn_ar,1.4180,2.3962,18,6.7,5.7,0
2BDN_HLA,2BDN_HLA,2BDN_HLA,0,base_proteinmpnn_ar_t1,0.8051,3.0896,18,6.8,6.3,0
2BDN_HLA,2BDN_HLA,2BDN_HLA,0,grad_diffusion,0.3762,1.2676,18,19.7,10.5,0
2BDN_HLA,2BDN_HLA,2BDN_HLA,0,obj_mint,0.3235,2.7922,12,82.2,68.0,280
2BDN_HLA,2BDN_HLA,2BDN_HLA,0,obj_wt,-0.1904,1.6999,6,14.4,7.3,284
2BDN_HLA,2BDN_HLA,2BDN_HLA,0,ours_abmpnn_live,-0.2181,0.6563,18,52.8,43.5,288
2BDN_HLA,2BDN_HLA,2BDN_HLA,0,ours_abmpnn_npz,-0.3830,0.0962,18,50.2,41.2,273
2BDN_HLA,2BDN_HLA,2BDN_HLA,0,ours_antifold,-0.1992,1.6596,18,50.5,41.4,277
2BDN_HLA,2BDN_HLA,2BDN_HLA,0,ours_diffusion,0.0521,4.5647,18,61.8,52.2,352
2BDN_HLA,2BDN_HLA,2BDN_HLA,0,ours_esmif,0.4372,2.3199,18,56.2,47.0,314
2BDN_HLA,2BDN_HLA,2BDN_HLA,0,ours_proteinmpnn,0.2446,1.6082,18,59.7,50.5,335
2BDN_HLA,2BDN_HLA,2BDN_HLA,0,ours_proteinmpnn_live,-0.3887,1.5913,18,59.2,49.7,327
2BDN_HLA,2BDN_HLA,2BDN_HLA,0,rand_base_abmpnn_ar,0.0000,0.6880,18,,,
2BDN_HLA,2BDN_HLA,2BDN_HLA,0,rand_base_antifold,0.5010,2.3460,18,,,
2BDN_HLA,2BDN_HLA,2BDN_HLA,0,rand_base_proteinmpnn_ar,2.5304,5.2420,18,,,
2BDN_HLA,2BDN_HLA,2BDN_HLA,0,rand_ours_abmpnn_live,0.0000,1.2633,18,,,
2BDN_HLA,2BDN_HLA,2BDN_HLA,0,rand_ours_antifold,-0.2032,2.2195,18,,,
2BDN_HLA,2BDN_HLA,2BDN_HLA,0,rand_ours_proteinmpnn_live,1.7541,4.3554,18,,,
2FEE_ILB,2FEE_ILB,7L5J_WLB,0,base_abmpnn_ar,0.4526,1.3621,18,10.3,8.6,0
2FEE_ILB,2FEE_ILB,7L5J_WLB,0,base_abmpnn_ar_t1,0.2959,2.1445,18,11.2,10.3,0
2FEE_ILB,2FEE_ILB,7L5J_WLB,0,base_abmpnn_npz,0.6482,0.9675,18,0.0,0.0,0
2FEE_ILB,2FEE_ILB,7L5J_WLB,0,base_antifold,0.2463,0.8213,18,0.0,0.0,0
2FEE_ILB,2FEE_ILB,7L5J_WLB,0,base_antifold_t1,0.0494,1.4690,18,0.8,0.0,0
2FEE_ILB,2FEE_ILB,7L5J_WLB,0,base_diffab,1.1303,4.4818,18,14.8,0.0,0
2FEE_ILB,2FEE_ILB,7L5J_WLB,0,base_diffusion,3.9931,5.7003,18,30.9,19.3,0
2FEE_ILB,2FEE_ILB,7L5J_WLB,0,base_esmif,0.7157,1.5892,18,0.0,0.0,0
2FEE_ILB,2FEE_ILB,7L5J_WLB,0,base_esmif_ar,0.8029,1.5623,18,8.7,0.0,0
2FEE_ILB,2FEE_ILB,7L5J_WLB,0,base_esmif_ar_t1,1.5290,3.2887,18,9.1,0.0,0
2FEE_ILB,2FEE_ILB,7L5J_WLB,0,base_iglm,6.2706,6.5624,6,2.0,0.0,0
2FEE_ILB,2FEE_ILB,7L5J_WLB,0,base_proteinmpnn,2.0222,2.9397,18,0.0,0.0,0
2FEE_ILB,2FEE_ILB,7L5J_WLB,0,base_proteinmpnn_ar,0.8174,2.8931,18,9.2,8.7,0
2FEE_ILB,2FEE_ILB,7L5J_WLB,0,base_proteinmpnn_ar_t1,2.0782,4.5130,18,11.2,10.5,0
2FEE_ILB,2FEE_ILB,7L5J_WLB,0,grad_diffusion,0.0243,0.8892,18,31.3,19.5,0
2FEE_ILB,2FEE_ILB,7L5J_WLB,0,obj_mint,-0.2881,1.1745,12,206.2,186.4,456
2FEE_ILB,2FEE_ILB,7L5J_WLB,0,obj_wt,0.3925,0.9300,6,23.9,14.4,441
2FEE_ILB,2FEE_ILB,7L5J_WLB,0,ours_abmpnn_live,0.2130,1.0937,18,108.2,95.5,483
2FEE_ILB,2FEE_ILB,7L5J_WLB,0,ours_abmpnn_npz,0.1474,0.9558,18,105.1,92.4,476
2FEE_ILB,2FEE_ILB,7L5J_WLB,0,ours_antifold,-0.3463,0.9405,18,98.3,86.0,450
2FEE_ILB,2FEE_ILB,7L5J_WLB,0,ours_diffusion,1.3620,3.8837,18,105.3,92.8,484
2FEE_ILB,2FEE_ILB,7L5J_WLB,0,ours_esmif,0.5602,2.1338,18,114.4,101.7,528
2FEE_ILB,2FEE_ILB,7L5J_WLB,0,ours_proteinmpnn,2.0717,3.1129,18,112.8,100.0,525
2FEE_ILB,2FEE_ILB,7L5J_WLB,0,ours_proteinmpnn_live,0.7438,2.4402,18,115.1,102.1,520
2FEE_ILB,2FEE_ILB,7L5J_WLB,0,rand_base_abmpnn_ar,0.6311,2.6991,18,,,
2FEE_ILB,2FEE_ILB,7L5J_WLB,0,rand_base_antifold,0.7762,2.3035,18,,,
2FEE_ILB,2FEE_ILB,7L5J_WLB,0,rand_base_proteinmpnn_ar,2.3135,4.9139,18,,,
2FEE_ILB,2FEE_ILB,7L5J_WLB,0,rand_ours_abmpnn_live,1.7432,3.6980,18,,,
2FEE_ILB,2FEE_ILB,7L5J_WLB,0,rand_ours_antifold,0.2573,2.5161,18,,,
2FEE_ILB,2FEE_ILB,7L5J_WLB,0,rand_ours_proteinmpnn_live,2.4330,5.3909,18,,,
2W9E_HLA,4DGI_HLA,2W9E_HLA,0,base_abmpnn_ar,-1.0619,0.5161,18,5.9,5.4,0
2W9E_HLA,4DGI_HLA,2W9E_HLA,0,base_abmpnn_ar_t1,0.0845,0.9895,18,6.6,6.4,0
2W9E_HLA,4DGI_HLA,2W9E_HLA,0,base_abmpnn_npz,-0.1650,0.2302,18,0.0,0.0,0
2W9E_HLA,4DGI_HLA,2W9E_HLA,0,base_antifold,-0.7520,0.1590,18,0.0,0.0,0
2W9E_HLA,4DGI_HLA,2W9E_HLA,0,base_antifold_t1,-0.8158,0.6193,18,0.4,0.0,0
2W9E_HLA,4DGI_HLA,2W9E_HLA,0,base_diffab,0.0185,1.7626,18,13.1,0.0,0
2W9E_HLA,4DGI_HLA,2W9E_HLA,0,base_diffusion,1.4473,2.1452,18,18.8,9.6,0
2W9E_HLA,4DGI_HLA,2W9E_HLA,0,base_diffusion_s,0.2296,1.4261,12,18.2,10.1,63
2W9E_HLA,4DGI_HLA,2W9E_HLA,0,base_esmif,-1.0355,0.8676,18,0.0,0.0,0
2W9E_HLA,4DGI_HLA,2W9E_HLA,0,base_esmif_ar,0.6543,1.2580,18,5.8,0.0,0
2W9E_HLA,4DGI_HLA,2W9E_HLA,0,base_esmif_ar_t1,-0.3510,1.3604,18,5.3,0.0,0
2W9E_HLA,4DGI_HLA,2W9E_HLA,0,base_iglm,2.3596,2.5543,12,2.1,0.0,0
2W9E_HLA,4DGI_HLA,2W9E_HLA,0,base_proteinmpnn,-0.6565,0.8194,18,0.0,0.0,0
2W9E_HLA,4DGI_HLA,2W9E_HLA,0,base_proteinmpnn_ar,0.1280,0.5503,18,6.0,5.3,0
2W9E_HLA,4DGI_HLA,2W9E_HLA,0,base_proteinmpnn_ar_t1,0.0189,0.9501,18,6.9,6.5,0
2W9E_HLA,4DGI_HLA,2W9E_HLA,0,base_rfantibody,1.1572,2.7734,6,224.2,0.0,0
2W9E_HLA,4DGI_HLA,2W9E_HLA,0,grad_diffusion,-0.2824,0.3652,18,19.0,9.6,0
2W9E_HLA,4DGI_HLA,2W9E_HLA,0,obj_mint,-0.6906,0.4417,12,98.2,84.0,324
2W9E_HLA,4DGI_HLA,2W9E_HLA,0,obj_wt,-0.7452,0.4575,12,15.2,8.1,312
2W9E_HLA,4DGI_HLA,2W9E_HLA,0,ours_abmpnn_live,-0.5808,0.6386,18,56.8,47.3,315
2W9E_HLA,4DGI_HLA,2W9E_HLA,0,ours_abmpnn_npz,-0.9361,0.6939,18,57.1,47.7,318
2W9E_HLA,4DGI_HLA,2W9E_HLA,0,ours_antifold,-1.0565,0.5252,18,57.7,48.3,319
2W9E_HLA,4DGI_HLA,2W9E_HLA,0,ours_diffusion,-0.2512,1.0805,18,56.3,46.9,314
2W9E_HLA,4DGI_HLA,2W9E_HLA,0,ours_esmif,-1.2601,0.6357,18,60.3,50.6,336
2W9E_HLA,4DGI_HLA,2W9E_HLA,0,ours_proteinmpnn,-0.5000,0.7091,18,60.5,51.0,334
2W9E_HLA,4DGI_HLA,2W9E_HLA,0,ours_proteinmpnn_live,-0.1044,0.8036,18,60.1,50.5,335
2W9E_HLA,4DGI_HLA,2W9E_HLA,0,rand_base_abmpnn_ar,0.2886,1.6492,18,,,
2W9E_HLA,4DGI_HLA,2W9E_HLA,0,rand_base_antifold,-0.0668,1.0355,18,,,
2W9E_HLA,4DGI_HLA,2W9E_HLA,0,rand_base_proteinmpnn_ar,-0.2510,1.8285,18,,,
2W9E_HLA,4DGI_HLA,2W9E_HLA,0,rand_ours_abmpnn_live,0.1956,1.9111,18,,,
2W9E_HLA,4DGI_HLA,2W9E_HLA,0,rand_ours_antifold,0.8684,1.7006,18,,,
2W9E_HLA,4DGI_HLA,2W9E_HLA,0,rand_ours_proteinmpnn_live,0.5168,1.8060,18,,,
3B9K_HLB,3B9K_HLB,3B9K_HLB,0,base_abmpnn_ar,-0.2306,0.0990,18,7.9,6.6,0
3B9K_HLB,3B9K_HLB,3B9K_HLB,0,base_abmpnn_ar_t1,-0.1252,0.8553,18,7.6,6.7,0
3B9K_HLB,3B9K_HLB,3B9K_HLB,0,base_abmpnn_npz,-0.3493,0.1206,18,0.0,0.0,0
3B9K_HLB,3B9K_HLB,3B9K_HLB,0,base_antifold,0.7328,1.2366,18,0.1,0.0,0
3B9K_HLB,3B9K_HLB,3B9K_HLB,0,base_antifold_t1,1.1798,1.8799,18,1.7,0.0,0
3B9K_HLB,3B9K_HLB,3B9K_HLB,0,base_diffab,2.2448,5.1511,18,13.4,0.0,0
3B9K_HLB,3B9K_HLB,3B9K_HLB,0,base_diffusion,2.7177,4.6661,18,21.4,12.0,0
3B9K_HLB,3B9K_HLB,3B9K_HLB,0,base_esmif,0.0078,0.4533,18,0.0,0.0,0
3B9K_HLB,3B9K_HLB,3B9K_HLB,0,base_esmif_ar,0.1484,0.3778,18,9.2,0.0,0
3B9K_HLB,3B9K_HLB,3B9K_HLB,0,base_esmif_ar_t1,0.1421,1.1605,18,6.0,0.0,0
3B9K_HLB,3B9K_HLB,3B9K_HLB,0,base_iglm,5.9056,6.0880,18,1.9,0.0,0
3B9K_HLB,3B9K_HLB,3B9K_HLB,0,base_proteinmpnn,0.8729,1.0650,18,0.0,0.0,0
3B9K_HLB,3B9K_HLB,3B9K_HLB,0,base_proteinmpnn_ar,-0.2125,0.8050,18,6.5,5.7,0
3B9K_HLB,3B9K_HLB,3B9K_HLB,0,base_proteinmpnn_ar_t1,0.5181,1.7259,18,7.3,6.7,0
3B9K_HLB,3B9K_HLB,3B9K_HLB,0,grad_diffusion,0.1416,0.8968,18,21.5,12.0,0
3B9K_HLB,3B9K_HLB,3B9K_HLB,0,obj_mint,0.4081,1.4763,6,109.3,94.1,349
3B9K_HLB,3B9K_HLB,3B9K_HLB,0,obj_wt,0.3087,0.8008,6,17.3,9.6,364
3B9K_HLB,3B9K_HLB,3B9K_HLB,0,ours_abmpnn_live,-0.3674,0.6271,18,65.7,55.8,357
3B9K_HLB,3B9K_HLB,3B9K_HLB,0,ours_abmpnn_npz,-0.4914,0.6063,18,64.0,54.5,357
3B9K_HLB,3B9K_HLB,3B9K_HLB,0,ours_antifold,0.0002,1.2066,18,65.9,56.3,370
3B9K_HLB,3B9K_HLB,3B9K_HLB,0,ours_diffusion,1.3572,3.4219,18,70.3,60.6,402
3B9K_HLB,3B9K_HLB,3B9K_HLB,0,ours_esmif,0.0705,0.9143,18,66.9,57.3,373
3B9K_HLB,3B9K_HLB,3B9K_HLB,0,ours_proteinmpnn,0.4416,1.2217,18,68.4,58.7,383
3B9K_HLB,3B9K_HLB,3B9K_HLB,0,ours_proteinmpnn_live,0.7068,1.3490,18,68.0,58.0,376
3B9K_HLB,3B9K_HLB,3B9K_HLB,0,rand_base_abmpnn_ar,0.2812,1.7936,18,,,
3B9K_HLB,3B9K_HLB,3B9K_HLB,0,rand_base_antifold,1.2869,3.1735,18,,,
3B9K_HLB,3B9K_HLB,3B9K_HLB,0,rand_base_proteinmpnn_ar,1.2240,3.9535,18,,,
3B9K_HLB,3B9K_HLB,3B9K_HLB,0,rand_ours_abmpnn_live,0.6459,3.0872,18,,,
3B9K_HLB,3B9K_HLB,3B9K_HLB,0,rand_ours_antifold,1.2243,3.2075,18,,,
3B9K_HLB,3B9K_HLB,3B9K_HLB,0,rand_ours_proteinmpnn_live,1.6691,4.2152,18,,,
3EOA_HLI,3EOA_HLI,3EOA_HLI,0,base_abmpnn_ar,-1.6302,-0.2521,18,8.6,7.8,0
3EOA_HLI,3EOA_HLI,3EOA_HLI,0,base_abmpnn_ar_t1,-0.6270,0.8142,18,8.9,7.4,0
3EOA_HLI,3EOA_HLI,3EOA_HLI,0,base_abmpnn_npz,-0.4862,-0.0448,18,0.1,0.0,0
3EOA_HLI,3EOA_HLI,3EOA_HLI,0,base_antifold,0.0307,0.4463,18,0.1,0.0,0
3EOA_HLI,3EOA_HLI,3EOA_HLI,0,base_antifold_t1,-0.3661,0.9290,18,1.9,0.0,0
3EOA_HLI,3EOA_HLI,3EOA_HLI,0,base_diffab,0.8659,3.0870,18,30.2,0.0,0
3EOA_HLI,3EOA_HLI,3EOA_HLI,0,base_diffusion,3.9219,5.4118,18,25.2,15.5,0
3EOA_HLI,3EOA_HLI,3EOA_HLI,0,base_diffusion_s,2.7035,4.3407,12,24.3,15.7,98
3EOA_HLI,3EOA_HLI,3EOA_HLI,0,base_esmif,2.2065,3.4334,18,0.0,0.0,0
3EOA_HLI,3EOA_HLI,3EOA_HLI,0,base_esmif_ar,-0.0326,2.2989,18,7.3,0.0,0
3EOA_HLI,3EOA_HLI,3EOA_HLI,0,base_esmif_ar_t1,-0.0782,2.0500,18,7.7,0.0,0
3EOA_HLI,3EOA_HLI,3EOA_HLI,0,base_iglm,6.4585,6.9937,12,2.0,0.0,0
3EOA_HLI,3EOA_HLI,3EOA_HLI,0,base_proteinmpnn,-0.8039,-0.0148,18,0.0,0.0,0
3EOA_HLI,3EOA_HLI,3EOA_HLI,0,base_proteinmpnn_ar,0.3601,1.2734,18,6.8,6.2,0
3EOA_HLI,3EOA_HLI,3EOA_HLI,0,base_proteinmpnn_ar_t1,0.7202,2.4421,18,7.9,7.5,0
3EOA_HLI,3EOA_HLI,3EOA_HLI,0,grad_diffusion,-1.3973,-0.5952,18,25.0,15.4,0
3EOA_HLI,3EOA_HLI,3EOA_HLI,0,obj_mint,0.1719,0.6979,6,145.6,129.7,468
3EOA_HLI,3EOA_HLI,3EOA_HLI,0,obj_wt,0.2922,1.2694,6,20.5,12.7,478
3EOA_HLI,3EOA_HLI,3EOA_HLI,0,ours_abmpnn_live,-1.4165,0.0414,18,81.8,71.5,448
3EOA_HLI,3EOA_HLI,3EOA_HLI,0,ours_abmpnn_npz,-0.5294,0.2593,18,81.0,70.8,453
3EOA_HLI,3EOA_HLI,3EOA_HLI,0,ours_antifold,-1.5193,0.6548,18,85.1,74.7,472
3EOA_HLI,3EOA_HLI,3EOA_HLI,0,ours_diffusion,-0.3734,2.8955,18,91.0,80.5,516
3EOA_HLI,3EOA_HLI,3EOA_HLI,0,ours_esmif,-0.0509,2.0677,18,86.7,76.5,486
3EOA_HLI,3EOA_HLI,3EOA_HLI,0,ours_proteinmpnn,-1.5943,0.6719,18,92.4,81.8,521
3EOA_HLI,3EOA_HLI,3EOA_HLI,0,ours_proteinmpnn_live,-0.3717,1.3106,18,93.1,82.4,519
3EOA_HLI,3EOA_HLI,3EOA_HLI,0,rand_base_abmpnn_ar,-0.5545,1.0969,18,,,
3EOA_HLI,3EOA_HLI,3EOA_HLI,0,rand_base_antifold,-0.3162,1.6795,18,,,
3EOA_HLI,3EOA_HLI,3EOA_HLI,0,rand_base_proteinmpnn_ar,0.6500,3.9156,18,,,
3EOA_HLI,3EOA_HLI,3EOA_HLI,0,rand_ours_abmpnn_live,0.1190,1.8192,18,,,
3EOA_HLI,3EOA_HLI,3EOA_HLI,0,rand_ours_antifold,0.0167,2.3518,18,,,
3EOA_HLI,3EOA_HLI,3EOA_HLI,0,rand_ours_proteinmpnn_live,2.2638,4.6262,18,,,
3H3B_CA,3H3B_CA,3H3B_CA,0,base_abmpnn_ar,-0.1587,0.2830,18,11.7,11.2,0
3H3B_CA,3H3B_CA,3H3B_CA,0,base_abmpnn_ar_t1,-0.5722,1.5473,18,6.3,5.5,0
3H3B_CA,3H3B_CA,3H3B_CA,0,base_abmpnn_npz,-0.1915,0.2220,18,0.0,0.0,0
3H3B_CA,3H3B_CA,3H3B_CA,0,base_antifold,-0.1856,0.5911,18,0.0,0.0,0
3H3B_CA,3H3B_CA,3H3B_CA,0,base_antifold_t1,-0.1781,1.0887,18,1.6,0.0,0
3H3B_CA,3H3B_CA,3H3B_CA,0,base_diffusion,5.8288,6.3762,18,22.8,13.5,0
3H3B_CA,3H3B_CA,3H3B_CA,0,base_diffusion_s,3.5232,4.3368,6,21.1,13.4,91
3H3B_CA,3H3B_CA,3H3B_CA,0,base_esmif,0.1206,0.3977,18,0.0,0.0,0
3H3B_CA,3H3B_CA,3H3B_CA,0,base_esmif_ar,0.1833,0.3741,18,13.3,0.0,0
3H3B_CA,3H3B_CA,3H3B_CA,0,base_esmif_ar_t1,0.1427,1.3517,18,7.6,0.0,0
3H3B_CA,3H3B_CA,3H3B_CA,0,base_proteinmpnn,1.0908,1.9499,18,0.0,0.0,0
3H3B_CA,3H3B_CA,3H3B_CA,0,base_proteinmpnn_ar,0.5494,1.7733,18,5.3,4.4,0
3H3B_CA,3H3B_CA,3H3B_CA,0,base_proteinmpnn_ar_t1,1.1473,4.2013,18,6.0,5.5,0
3H3B_CA,3H3B_CA,3H3B_CA,0,grad_diffusion,0.4243,1.1689,18,22.8,13.4,0
3H3B_CA,3H3B_CA,3H3B_CA,0,obj_mint,-0.2671,0.9570,12,109.5,95.2,402
3H3B_CA,3H3B_CA,3H3B_CA,0,obj_wt,-0.0011,0.7636,12,18.0,10.4,406
3H3B_CA,3H3B_CA,3H3B_CA,0,ours_abmpnn_live,-0.1419,0.7126,18,73.8,63.9,418
3H3B_CA,3H3B_CA,3H3B_CA,0,ours_abmpnn_npz,-0.1523,0.5888,18,73.9,64.0,427
3H3B_CA,3H3B_CA,3H3B_CA,0,ours_antifold,-0.1473,0.7098,18,69.4,59.7,399
3H3B_CA,3H3B_CA,3H3B_CA,0,ours_diffusion,1.6301,4.1646,18,79.2,69.5,476
3H3B_CA,3H3B_CA,3H3B_CA,0,ours_esmif,-0.2608,0.8266,18,74.1,63.8,424
3H3B_CA,3H3B_CA,3H3B_CA,0,ours_proteinmpnn,0.5468,2.4615,18,80.7,70.6,474
3H3B_CA,3H3B_CA,3H3B_CA,0,ours_proteinmpnn_live,0.8483,2.4540,18,82.8,72.7,472
3H3B_CA,3H3B_CA,3H3B_CA,0,rand_base_abmpnn_ar,0.1527,1.3571,18,,,
3H3B_CA,3H3B_CA,3H3B_CA,0,rand_base_antifold,0.0672,2.1785,18,,,
3H3B_CA,3H3B_CA,3H3B_CA,0,rand_base_proteinmpnn_ar,0.8499,3.4806,18,,,
3H3B_CA,3H3B_CA,3H3B_CA,0,rand_ours_abmpnn_live,0.3847,1.8607,18,,,
3H3B_CA,3H3B_CA,3H3B_CA,0,rand_ours_antifold,0.0000,1.9674,18,,,
3H3B_CA,3H3B_CA,3H3B_CA,0,rand_ours_proteinmpnn_live,2.3934,4.5467,18,,,
3KS0_HLB,3KS0_HLB,3KS0_HLB,0,base_abmpnn_ar,-0.1682,0.0558,18,6.9,6.0,0
3KS0_HLB,3KS0_HLB,3KS0_HLB,0,base_abmpnn_ar_t1,-0.0726,1.0763,18,7.4,6.4,0
3KS0_HLB,3KS0_HLB,3KS0_HLB,0,base_abmpnn_npz,-0.2544,-0.0559,18,0.0,0.0,0
3KS0_HLB,3KS0_HLB,3KS0_HLB,0,base_antifold,-0.5408,-0.2082,18,0.0,0.0,0
3KS0_HLB,3KS0_HLB,3KS0_HLB,0,base_antifold_t1,-0.2824,0.6932,18,0.9,0.0,0
3KS0_HLB,3KS0_HLB,3KS0_HLB,0,base_diffab,1.2881,2.9925,18,13.3,0.0,0
3KS0_HLB,3KS0_HLB,3KS0_HLB,0,base_diffusion,1.0671,2.8035,18,20.8,11.7,0
3KS0_HLB,3KS0_HLB,3KS0_HLB,0,base_diffusion_s,2.0695,3.3524,12,19.9,11.9,77
3KS0_HLB,3KS0_HLB,3KS0_HLB,0,base_esmif,-0.2183,1.0329,18,0.0,0.0,0
3KS0_HLB,3KS0_HLB,3KS0_HLB,0,base_esmif_ar,-0.1899,1.3600,18,7.0,0.0,0
3KS0_HLB,3KS0_HLB,3KS0_HLB,0,base_esmif_ar_t1,0.5786,2.1338,18,5.9,0.0,0
3KS0_HLB,3KS0_HLB,3KS0_HLB,0,base_iglm,5.3479,5.8494,12,1.7,0.0,0
3KS0_HLB,3KS0_HLB,3KS0_HLB,0,base_proteinmpnn,0.4296,0.6252,18,0.0,0.0,0
3KS0_HLB,3KS0_HLB,3KS0_HLB,0,base_proteinmpnn_ar,0.0561,1.2036,18,6.2,5.3,0
3KS0_HLB,3KS0_HLB,3KS0_HLB,0,base_proteinmpnn_ar_t1,0.9183,2.4356,18,6.9,6.4,0
3KS0_HLB,3KS0_HLB,3KS0_HLB,0,grad_diffusion,1.0111,2.5779,18,20.8,11.6,0
3KS0_HLB,3KS0_HLB,3KS0_HLB,0,obj_mint,-0.4330,0.6984,12,108.3,93.8,358
3KS0_HLB,3KS0_HLB,3KS0_HLB,0,obj_wt,-0.3951,0.5043,6,16.0,8.8,341
3KS0_HLB,3KS0_HLB,3KS0_HLB,0,ours_abmpnn_live,-0.7045,0.4409,18,66.5,56.7,367
3KS0_HLB,3KS0_HLB,3KS0_HLB,0,ours_abmpnn_npz,-0.1819,0.7482,18,63.3,53.6,354
3KS0_HLB,3KS0_HLB,3KS0_HLB,0,ours_antifold,-0.4321,0.3819,18,62.0,52.6,350
3KS0_HLB,3KS0_HLB,3KS0_HLB,0,ours_diffusion,1.2665,2.5230,18,69.0,58.7,390
3KS0_HLB,3KS0_HLB,3KS0_HLB,0,ours_esmif,-0.1940,1.4133,18,68.6,59.1,396
3KS0_HLB,3KS0_HLB,3KS0_HLB,0,ours_proteinmpnn,-0.4466,0.9509,18,70.7,61.1,404
3KS0_HLB,3KS0_HLB,3KS0_HLB,0,ours_proteinmpnn_live,0.4525,1.9360,18,71.7,61.9,408
3KS0_HLB,3KS0_HLB,3KS0_HLB,0,rand_base_abmpnn_ar,0.2587,1.2217,18,,,
3KS0_HLB,3KS0_HLB,3KS0_HLB,0,rand_base_antifold,-0.2359,1.2474,18,,,
3KS0_HLB,3KS0_HLB,3KS0_HLB,0,rand_base_proteinmpnn_ar,1.6356,3.7764,18,,,
3KS0_HLB,3KS0_HLB,3KS0_HLB,0,rand_ours_abmpnn_live,0.5558,2.1235,18,,,
3KS0_HLB,3KS0_HLB,3KS0_HLB,0,rand_ours_antifold,0.0868,1.6535,18,,,
3KS0_HLB,3KS0_HLB,3KS0_HLB,0,rand_ours_proteinmpnn_live,2.2362,3.6403,18,,,
3L5W_HLI,7REW_HLI,3L5X_HLA,1,base_abmpnn_ar,0.0167,1.7364,18,8.1,7.5,0
3L5W_HLI,7REW_HLI,3L5X_HLA,1,base_abmpnn_ar_t1,-0.4674,2.2857,18,9.6,6.9,0
3L5W_HLI,7REW_HLI,3L5X_HLA,1,base_abmpnn_npz,-0.4332,0.9854,18,0.0,0.0,0
3L5W_HLI,7REW_HLI,3L5X_HLA,1,base_antifold,-0.4607,-0.2677,18,0.1,0.0,0
3L5W_HLI,7REW_HLI,3L5X_HLA,1,base_antifold_t1,-0.6551,1.2473,18,1.9,0.0,0
3L5W_HLI,7REW_HLI,3L5X_HLA,1,base_diffab,1.7536,3.7364,18,18.4,0.0,0
3L5W_HLI,7REW_HLI,3L5X_HLA,1,base_diffusion,3.5458,5.3816,18,23.8,14.1,0
3L5W_HLI,7REW_HLI,3L5X_HLA,1,base_diffusion_s,0.9672,3.6058,12,22.7,14.3,91
3L5W_HLI,7REW_HLI,3L5X_HLA,1,base_esmif,-0.0116,0.5570,18,0.0,0.0,0
3L5W_HLI,7REW_HLI,3L5X_HLA,1,base_esmif_ar,-0.0496,0.3051,18,11.8,0.0,0
3L5W_HLI,7REW_HLI,3L5X_HLA,1,base_esmif_ar_t1,-0.0044,1.9486,18,6.3,0.0,0
3L5W_HLI,7REW_HLI,3L5X_HLA,1,base_iglm,4.8689,5.5038,12,4.2,0.0,0
3L5W_HLI,7REW_HLI,3L5X_HLA,1,base_proteinmpnn,-0.9461,-0.6437,18,0.0,0.0,0
3L5W_HLI,7REW_HLI,3L5X_HLA,1,base_proteinmpnn_ar,-0.6072,0.0680,18,6.0,5.4,0
3L5W_HLI,7REW_HLI,3L5X_HLA,1,base_proteinmpnn_ar_t1,-0.7486,1.7229,18,7.4,6.7,0
3L5W_HLI,7REW_HLI,3L5X_HLA,1,grad_diffusion,0.0313,1.0172,18,23.2,13.9,0
3L5W_HLI,7REW_HLI,3L5X_HLA,1,obj_mint,0.7474,2.0369,12,129.3,113.4,439
3L5W_HLI,7REW_HLI,3L5X_HLA,1,obj_wt,-0.8855,0.1123,6,18.8,10.8,422
3L5W_HLI,7REW_HLI,3L5X_HLA,1,ours_abmpnn_live,-0.3361,1.1867,18,74.7,64.7,421
3L5W_HLI,7REW_HLI,3L5X_HLA,1,ours_abmpnn_npz,-1.0929,0.3300,18,74.0,64.2,421
3L5W_HLI,7REW_HLI,3L5X_HLA,1,ours_antifold,-0.5282,0.3882,18,73.9,63.4,419
3L5W_HLI,7REW_HLI,3L5X_HLA,1,ours_diffusion,1.1522,3.4354,18,82.5,72.3,471
3L5W_HLI,7REW_HLI,3L5X_HLA,1,ours_esmif,-0.3774,0.2685,18,75.7,65.2,430
3L5W_HLI,7REW_HLI,3L5X_HLA,1,ours_proteinmpnn,-1.3127,0.4270,18,82.7,72.6,471
3L5W_HLI,7REW_HLI,3L5X_HLA,1,ours_proteinmpnn_live,-0.5450,1.2955,18,86.1,73.7,475
3L5W_HLI,7REW_HLI,3L5X_HLA,1,rand_base_abmpnn_ar,-0.4264,1.1857,18,,,
3L5W_HLI,7REW_HLI,3L5X_HLA,1,rand_base_antifold,0.4667,2.0656,18,,,
3L5W_HLI,7REW_HLI,3L5X_HLA,1,rand_base_proteinmpnn_ar,0.8350,3.5303,18,,,
3L5W_HLI,7REW_HLI,3L5X_HLA,1,rand_ours_abmpnn_live,0.2725,2.1077,18,,,
3L5W_HLI,7REW_HLI,3L5X_HLA,1,rand_ours_antifold,0.2511,1.7893,18,,,
3L5W_HLI,7REW_HLI,3L5X_HLA,1,rand_ours_proteinmpnn_live,1.5828,3.4453,18,,,
3L5X_HLA,7REW_HLI,3L5X_HLA,1,base_abmpnn_ar,-0.9756,0.1237,18,10.2,9.6,0
3L5X_HLA,7REW_HLI,3L5X_HLA,1,base_abmpnn_ar_t1,-0.9488,0.6080,18,7.1,6.6,0
3L5X_HLA,7REW_HLI,3L5X_HLA,1,base_abmpnn_npz,-0.5441,0.1225,18,0.0,0.0,0
3L5X_HLA,7REW_HLI,3L5X_HLA,1,base_antifold,-0.8987,-0.4989,18,0.1,0.0,0
3L5X_HLA,7REW_HLI,3L5X_HLA,1,base_antifold_t1,-0.7929,1.0426,18,0.5,0.0,0
3L5X_HLA,7REW_HLI,3L5X_HLA,1,base_diffab,2.1729,4.6737,18,17.7,0.0,0
3L5X_HLA,7REW_HLI,3L5X_HLA,1,base_diffusion,3.5060,4.5428,18,24.0,14.2,0
3L5X_HLA,7REW_HLI,3L5X_HLA,1,base_diffusion_s,1.4572,4.2456,12,21.9,13.9,91
3L5X_HLA,7REW_HLI,3L5X_HLA,1,base_esmif,-0.4358,2.0700,18,0.0,0.0,0
3L5X_HLA,7REW_HLI,3L5X_HLA,1,base_esmif_ar,1.3476,2.1335,18,6.8,0.0,0
3L5X_HLA,7REW_HLI,3L5X_HLA,1,base_esmif_ar_t1,0.9358,2.5632,18,8.8,0.0,0
3L5X_HLA,7REW_HLI,3L5X_HLA,1,base_iglm,6.0774,6.4237,6,2.7,0.0,0
3L5X_HLA,7REW_HLI,3L5X_HLA,1,base_proteinmpnn,-0.7686,-0.2941,18,0.0,0.0,0
3L5X_HLA,7REW_HLI,3L5X_HLA,1,base_proteinmpnn_ar,-0.5034,0.5484,18,6.0,5.5,0
3L5X_HLA,7REW_HLI,3L5X_HLA,1,base_proteinmpnn_ar_t1,-0.0323,1.4745,18,7.4,6.6,0
3L5X_HLA,7REW_HLI,3L5X_HLA,1,base_rfantibody,4.7172,5.6296,6,247.6,0.0,0
3L5X_HLA,7REW_HLI,3L5X_HLA,1,grad_diffusion,0.4137,1.1413,18,23.5,14.0,0
3L5X_HLA,7REW_HLI,3L5X_HLA,1,obj_mint,-1.2659,1.2033,18,125.8,110.9,422
3L5X_HLA,7REW_HLI,3L5X_HLA,1,obj_wt,-1.1334,0.4226,6,19.0,11.0,432
3L5X_HLA,7REW_HLI,3L5X_HLA,1,ours_abmpnn_live,-0.9648,0.1493,18,76.6,66.7,428
3L5X_HLA,7REW_HLI,3L5X_HLA,1,ours_abmpnn_npz,-1.4026,-0.0008,18,74.5,64.8,427
3L5X_HLA,7REW_HLI,3L5X_HLA,1,ours_antifold,-1.3616,0.1112,18,75.0,64.5,426
3L5X_HLA,7REW_HLI,3L5X_HLA,1,ours_diffusion,0.7490,3.6824,18,84.0,74.0,481
3L5X_HLA,7REW_HLI,3L5X_HLA,1,ours_esmif,-0.5394,1.2497,18,71.2,61.0,407
3L5X_HLA,7REW_HLI,3L5X_HLA,1,ours_proteinmpnn,-0.6668,0.4133,18,81.4,71.2,469
3L5X_HLA,7REW_HLI,3L5X_HLA,1,ours_proteinmpnn_live,-1.1178,0.5082,18,85.5,73.0,467
3L5X_HLA,7REW_HLI,3L5X_HLA,1,rand_base_abmpnn_ar,-0.7304,0.9336,18,,,
3L5X_HLA,7REW_HLI,3L5X_HLA,1,rand_base_antifold,0.1702,1.7065,18,,,
3L5X_HLA,7REW_HLI,3L5X_HLA,1,rand_base_proteinmpnn_ar,-0.9307,2.8873,18,,,
3L5X_HLA,7REW_HLI,3L5X_HLA,1,rand_ours_abmpnn_live,0.3169,2.3033,18,,,
3L5X_HLA,7REW_HLI,3L5X_HLA,1,rand_ours_antifold,-0.6498,2.5767,18,,,
3L5X_HLA,7REW_HLI,3L5X_HLA,1,rand_ours_proteinmpnn_live,0.8153,3.9753,18,,,
3NFP_HLI,3NFP_HLI,3NFP_HLI,0,base_abmpnn_ar,-0.1973,-0.0316,18,35.9,35.2,0
3NFP_HLI,3NFP_HLI,3NFP_HLI,0,base_abmpnn_ar_t1,-0.3252,0.6086,18,7.0,6.7,0
3NFP_HLI,3NFP_HLI,3NFP_HLI,0,base_abmpnn_npz,-0.1965,-0.0320,18,0.1,0.0,0
3NFP_HLI,3NFP_HLI,3NFP_HLI,0,base_antifold,-0.1732,0.0507,18,0.1,0.0,0
3NFP_HLI,3NFP_HLI,3NFP_HLI,0,base_antifold_t1,-0.4792,0.2652,18,0.6,0.0,0
3NFP_HLI,3NFP_HLI,3NFP_HLI,0,base_diffab,0.9155,3.1149,18,13.7,0.0,0
3NFP_HLI,3NFP_HLI,3NFP_HLI,0,base_diffusion,3.1259,4.0112,18,19.3,9.9,0
3NFP_HLI,3NFP_HLI,3NFP_HLI,0,base_diffusion_s,1.7312,4.2381,6,18.9,10.2,63
3NFP_HLI,3NFP_HLI,3NFP_HLI,0,base_esmif,-0.1051,0.5500,18,0.0,0.0,0
3NFP_HLI,3NFP_HLI,3NFP_HLI,0,base_esmif_ar,-0.1518,0.3042,18,8.4,0.0,0
3NFP_HLI,3NFP_HLI,3NFP_HLI,0,base_esmif_ar_t1,0.0801,0.6125,18,5.4,0.0,0
3NFP_HLI,3NFP_HLI,3NFP_HLI,0,base_iglm,6.2440,6.3664,6,1.9,0.0,0
3NFP_HLI,3NFP_HLI,3NFP_HLI,0,base_proteinmpnn,-0.3682,-0.0660,18,0.0,0.0,0
3NFP_HLI,3NFP_HLI,3NFP_HLI,0,base_proteinmpnn_ar,0.0555,0.3368,18,9.9,9.0,0
3NFP_HLI,3NFP_HLI,3NFP_HLI,0,base_proteinmpnn_ar_t1,0.2692,1.1210,18,7.5,6.9,0
3NFP_HLI,3NFP_HLI,3NFP_HLI,0,base_rfantibody,3.5341,5.2497,6,247.2,0.0,0
3NFP_HLI,3NFP_HLI,3NFP_HLI,0,grad_diffusion,-0.3504,0.6369,18,19.2,9.9,0
3NFP_HLI,3NFP_HLI,3NFP_HLI,0,obj_mint,-0.1389,0.1673,12,79.4,65.6,240
3NFP_HLI,3NFP_HLI,3NFP_HLI,0,obj_wt,-0.2987,-0.0606,6,14.0,6.5,237
3NFP_HLI,3NFP_HLI,3NFP_HLI,0,ours_abmpnn_live,-0.0227,0.3537,18,49.7,40.3,258
3NFP_HLI,3NFP_HLI,3NFP_HLI,0,ours_abmpnn_npz,-0.1880,0.3219,18,47.7,38.5,247
3NFP_HLI,3NFP_HLI,3NFP_HLI,0,ours_antifold,-0.3810,0.0393,18,45.6,36.4,238
3NFP_HLI,3NFP_HLI,3NFP_HLI,0,ours_diffusion,0.9619,3.3299,18,57.0,47.4,309
3NFP_HLI,3NFP_HLI,3NFP_HLI,0,ours_esmif,-0.0282,0.6709,18,50.7,41.3,269
3NFP_HLI,3NFP_HLI,3NFP_HLI,0,ours_proteinmpnn,-0.2891,0.3860,18,54.1,44.7,287
3NFP_HLI,3NFP_HLI,3NFP_HLI,0,ours_proteinmpnn_live,-0.2922,0.6779,18,54.2,44.6,290
3NFP_HLI,3NFP_HLI,3NFP_HLI,0,rand_base_abmpnn_ar,-0.0665,0.6164,18,,,
3NFP_HLI,3NFP_HLI,3NFP_HLI,0,rand_base_antifold,0.0000,0.2134,18,,,
3NFP_HLI,3NFP_HLI,3NFP_HLI,0,rand_base_proteinmpnn_ar,0.4394,2.6921,18,,,
3NFP_HLI,3NFP_HLI,3NFP_HLI,0,rand_ours_abmpnn_live,-0.2653,0.8082,18,,,
3NFP_HLI,3NFP_HLI,3NFP_HLI,0,rand_ours_antifold,-0.0191,1.2539,18,,,
3NFP_HLI,3NFP_HLI,3NFP_HLI,0,rand_ours_proteinmpnn_live,0.5776,3.4088,18,,,
3NH7_HLA,3NH7_HLA,3NH7_HLA,0,base_abmpnn_ar,0.5705,2.0396,18,5.8,5.1,0
3NH7_HLA,3NH7_HLA,3NH7_HLA,0,base_abmpnn_ar_t1,1.7352,3.4508,18,6.6,6.3,0
3NH7_HLA,3NH7_HLA,3NH7_HLA,0,base_abmpnn_npz,0.7447,1.2621,18,0.0,0.0,0
3NH7_HLA,3NH7_HLA,3NH7_HLA,0,base_antifold,2.4863,4.0880,18,0.0,0.0,0
3NH7_HLA,3NH7_HLA,3NH7_HLA,0,base_antifold_t1,3.2438,5.5132,18,0.9,0.0,0
3NH7_HLA,3NH7_HLA,3NH7_HLA,0,base_diffab,3.0610,6.0565,18,13.0,0.0,0
3NH7_HLA,3NH7_HLA,3NH7_HLA,0,base_diffusion,5.3599,6.7369,18,23.5,13.8,0
3NH7_HLA,3NH7_HLA,3NH7_HLA,0,base_diffusion_s,3.0313,5.9857,18,22.5,14.1,91
3NH7_HLA,3NH7_HLA,3NH7_HLA,0,base_esmif,1.8502,2.7811,18,0.0,0.0,0
3NH7_HLA,3NH7_HLA,3NH7_HLA,0,base_esmif_ar,0.5830,2.4675,18,7.1,0.0,0
3NH7_HLA,3NH7_HLA,3NH7_HLA,0,base_esmif_ar_t1,0.6772,4.2728,18,6.2,0.0,0
3NH7_HLA,3NH7_HLA,3NH7_HLA,0,base_iglm,9.3088,9.6727,12,2.1,0.0,0
3NH7_HLA,3NH7_HLA,3NH7_HLA,0,base_proteinmpnn,0.6855,1.8348,18,0.0,0.0,0
3NH7_HLA,3NH7_HLA,3NH7_HLA,0,base_proteinmpnn_ar,1.6674,2.8544,18,6.2,5.4,0
3NH7_HLA,3NH7_HLA,3NH7_HLA,0,base_proteinmpnn_ar_t1,2.5590,4.2295,18,6.8,6.2,0
3NH7_HLA,3NH7_HLA,3NH7_HLA,0,base_rfantibody,6.8505,8.6691,6,235.5,0.0,0
3NH7_HLA,3NH7_HLA,3NH7_HLA,0,grad_diffusion,0.7537,2.1480,18,23.3,13.7,0
3NH7_HLA,3NH7_HLA,3NH7_HLA,0,obj_mint,2.0113,4.2308,12,133.2,117.7,458
3NH7_HLA,3NH7_HLA,3NH7_HLA,0,obj_wt,2.1971,3.9405,6,19.6,11.4,452
3NH7_HLA,3NH7_HLA,3NH7_HLA,0,ours_abmpnn_live,-1.0909,2.0437,18,78.7,68.4,449
3NH7_HLA,3NH7_HLA,3NH7_HLA,0,ours_abmpnn_npz,-0.6653,2.2677,18,79.0,68.7,453
3NH7_HLA,3NH7_HLA,3NH7_HLA,0,ours_antifold,0.9617,3.8802,18,79.0,68.9,453
3NH7_HLA,3NH7_HLA,3NH7_HLA,0,ours_diffusion,2.6067,4.2541,18,83.6,73.4,481
3NH7_HLA,3NH7_HLA,3NH7_HLA,0,ours_esmif,1.7215,3.7697,18,82.1,71.9,477
3NH7_HLA,3NH7_HLA,3NH7_HLA,0,ours_proteinmpnn,0.8945,2.3143,18,83.5,73.4,483
3NH7_HLA,3NH7_HLA,3NH7_HLA,0,ours_proteinmpnn_live,1.1933,3.1908,18,86.1,75.4,488
3NH7_HLA,3NH7_HLA,3NH7_HLA,0,rand_base_abmpnn_ar,-0.3776,3.0766,18,,,
3NH7_HLA,3NH7_HLA,3NH7_HLA,0,rand_base_antifold,1.0232,4.4940,18,,,
3NH7_HLA,3NH7_HLA,3NH7_HLA,0,rand_base_proteinmpnn_ar,1.5967,5.4195,18,,,
3NH7_HLA,3NH7_HLA,3NH7_HLA,0,rand_ours_abmpnn_live,1.8044,4.7703,18,,,
3NH7_HLA,3NH7_HLA,3NH7_HLA,0,rand_ours_antifold,1.6936,5.1404,18,,,
3NH7_HLA,3NH7_HLA,3NH7_HLA,0,rand_ours_proteinmpnn_live,3.7187,5.7701,18,,,
3NIG_HLA,3NIG_HLA,2BDN_HLA,0,base_abmpnn_ar,-0.4848,0.9823,18,9.6,9.1,0
3NIG_HLA,3NIG_HLA,2BDN_HLA,0,base_abmpnn_ar_t1,-0.1918,4.0701,18,11.4,10.8,0
3NIG_HLA,3NIG_HLA,2BDN_HLA,0,base_abmpnn_npz,-0.6332,0.3307,18,0.0,0.0,0
3NIG_HLA,3NIG_HLA,2BDN_HLA,0,base_antifold,-0.0454,2.1904,18,0.0,0.0,0
3NIG_HLA,3NIG_HLA,2BDN_HLA,0,base_antifold_t1,2.1962,5.3935,18,0.9,0.0,0
3NIG_HLA,3NIG_HLA,2BDN_HLA,0,base_diffab,3.5971,7.4331,18,14.8,0.0,0
3NIG_HLA,3NIG_HLA,2BDN_HLA,0,base_diffusion,10.8008,11.4452,18,28.5,16.8,0
3NIG_HLA,3NIG_HLA,2BDN_HLA,0,base_diffusion_s,7.4872,9.6296,12,27.1,16.8,84
3NIG_HLA,3NIG_HLA,2BDN_HLA,0,base_esmif,0.6736,2.1829,18,0.0,0.0,0
3NIG_HLA,3NIG_HLA,2BDN_HLA,0,base_esmif_ar,0.7911,3.1038,18,8.4,0.0,0
3NIG_HLA,3NIG_HLA,2BDN_HLA,0,base_esmif_ar_t1,2.6913,5.6078,18,7.8,0.0,0
3NIG_HLA,3NIG_HLA,2BDN_HLA,0,base_iglm,11.9354,12.4047,18,1.7,0.0,0
3NIG_HLA,3NIG_HLA,2BDN_HLA,0,base_proteinmpnn,1.5354,3.2895,18,0.0,0.0,0
3NIG_HLA,3NIG_HLA,2BDN_HLA,0,base_proteinmpnn_ar,0.9160,2.3496,18,10.1,9.3,0
3NIG_HLA,3NIG_HLA,2BDN_HLA,0,base_proteinmpnn_ar_t1,2.1736,4.8855,18,11.7,10.9,0
3NIG_HLA,3NIG_HLA,2BDN_HLA,0,base_rfantibody,8.1443,10.5939,6,773.6,0.0,0
3NIG_HLA,3NIG_HLA,2BDN_HLA,0,grad_diffusion,0.4627,1.2573,18,28.5,16.8,0
3NIG_HLA,3NIG_HLA,2BDN_HLA,0,obj_mint,0.8338,3.8690,12,193.5,174.1,418
3NIG_HLA,3NIG_HLA,2BDN_HLA,0,obj_wt,0.0028,1.3533,12,22.7,13.0,395
3NIG_HLA,3NIG_HLA,2BDN_HLA,0,ours_abmpnn_live,-0.0127,1.3364,18,90.6,78.2,393
3NIG_HLA,3NIG_HLA,2BDN_HLA,0,ours_abmpnn_npz,-0.6233,0.4040,18,87.4,75.2,390
3NIG_HLA,3NIG_HLA,2BDN_HLA,0,ours_antifold,0.0912,1.9186,18,90.3,77.9,402
3NIG_HLA,3NIG_HLA,2BDN_HLA,0,ours_diffusion,3.0038,7.1688,18,96.3,83.8,432
3NIG_HLA,3NIG_HLA,2BDN_HLA,0,ours_esmif,0.3527,2.5660,18,93.9,81.5,424
3NIG_HLA,3NIG_HLA,2BDN_HLA,0,ours_proteinmpnn,0.7794,2.2169,18,95.9,83.5,427
3NIG_HLA,3NIG_HLA,2BDN_HLA,0,ours_proteinmpnn_live,0.4510,2.5505,18,99.2,86.3,435
3NIG_HLA,3NIG_HLA,2BDN_HLA,0,rand_base_abmpnn_ar,0.5990,3.9381,18,,,
3NIG_HLA,3NIG_HLA,2BDN_HLA,0,rand_base_antifold,0.3334,2.4088,18,,,
3NIG_HLA,3NIG_HLA,2BDN_HLA,0,rand_base_proteinmpnn_ar,3.9210,7.8071,18,,,
3NIG_HLA,3NIG_HLA,2BDN_HLA,0,rand_ours_abmpnn_live,1.7648,5.2826,18,,,
3NIG_HLA,3NIG_HLA,2BDN_HLA,0,rand_ours_antifold,1.0693,4.2866,18,,,
3NIG_HLA,3NIG_HLA,2BDN_HLA,0,rand_ours_proteinmpnn_live,2.7919,7.7871,18,,,
3OGO_FC,3OGO_GB,3OGO_FC,1,base_abmpnn_ar,0.1868,1.1570,18,4.7,4.1,0
3OGO_FC,3OGO_GB,3OGO_FC,1,base_abmpnn_ar_t1,0.5479,2.0202,18,5.1,4.4,0
3OGO_FC,3OGO_GB,3OGO_FC,1,base_abmpnn_npz,0.3136,0.9319,18,0.0,0.0,0
3OGO_FC,3OGO_GB,3OGO_FC,1,base_antifold,1.2451,2.1523,18,0.1,0.0,0
3OGO_FC,3OGO_GB,3OGO_FC,1,base_antifold_t1,0.5457,2.2771,18,2.4,0.0,0
3OGO_FC,3OGO_GB,3OGO_FC,1,base_diffab,1.7465,3.6843,18,19.2,0.0,0
3OGO_FC,3OGO_GB,3OGO_FC,1,base_diffusion,2.6733,3.2350,18,17.1,7.6,0
3OGO_FC,3OGO_GB,3OGO_FC,1,base_diffusion_s,1.8889,3.6475,18,16.6,8.7,56
3OGO_FC,3OGO_GB,3OGO_FC,1,base_esmif,0.5960,1.0091,18,0.0,0.0,0
3OGO_FC,3OGO_GB,3OGO_FC,1,base_esmif_ar,0.7687,1.1273,18,5.6,0.0,0
3OGO_FC,3OGO_GB,3OGO_FC,1,base_esmif_ar_t1,0.1472,1.7512,18,5.9,0.0,0
3OGO_FC,3OGO_GB,3OGO_FC,1,base_iglm,2.9218,3.1146,18,4.1,0.0,0
3OGO_FC,3OGO_GB,3OGO_FC,1,base_proteinmpnn,-0.3494,0.3206,18,0.0,0.0,0
3OGO_FC,3OGO_GB,3OGO_FC,1,base_proteinmpnn_ar,-0.5680,0.3085,18,5.1,4.4,0
3OGO_FC,3OGO_GB,3OGO_FC,1,base_proteinmpnn_ar_t1,0.3488,1.8660,18,5.0,4.5,0
3OGO_FC,3OGO_GB,3OGO_FC,1,base_rfantibody,2.8612,3.7081,6,262.7,0.0,0
3OGO_FC,3OGO_GB,3OGO_FC,1,grad_diffusion,1.7249,2.4722,18,16.9,7.9,0
3OGO_FC,3OGO_GB,3OGO_FC,1,obj_mint,0.7251,1.9207,12,60.4,47.2,262
3OGO_FC,3OGO_GB,3OGO_FC,1,obj_wt,0.9881,1.6307,6,14.1,6.9,263
3OGO_FC,3OGO_GB,3OGO_FC,1,ours_abmpnn_live,0.2576,1.7667,18,49.6,40.4,268
3OGO_FC,3OGO_GB,3OGO_FC,1,ours_abmpnn_npz,0.1608,1.2008,18,49.9,40.7,272
3OGO_FC,3OGO_GB,3OGO_FC,1,ours_antifold,0.5456,1.8261,18,48.5,39.1,264
3OGO_FC,3OGO_GB,3OGO_FC,1,ours_diffusion,1.8615,3.2664,18,50.8,41.8,286
3OGO_FC,3OGO_GB,3OGO_FC,1,ours_esmif,0.1373,1.1451,18,48.1,38.4,257
3OGO_FC,3OGO_GB,3OGO_FC,1,ours_proteinmpnn,-0.4012,1.2110,18,50.7,41.8,280
3OGO_FC,3OGO_GB,3OGO_FC,1,ours_proteinmpnn_live,-0.7228,1.0628,18,54.2,42.9,281
3OGO_FC,3OGO_GB,3OGO_FC,1,rand_base_abmpnn_ar,0.8521,2.4570,18,,,
3OGO_FC,3OGO_GB,3OGO_FC,1,rand_base_antifold,0.6253,2.5394,18,,,
3OGO_FC,3OGO_GB,3OGO_FC,1,rand_base_proteinmpnn_ar,0.0024,2.2100,18,,,
3OGO_FC,3OGO_GB,3OGO_FC,1,rand_ours_abmpnn_live,1.6308,3.0262,18,,,
3OGO_FC,3OGO_GB,3OGO_FC,1,rand_ours_antifold,1.1552,2.8606,18,,,
3OGO_FC,3OGO_GB,3OGO_FC,1,rand_ours_proteinmpnn_live,1.1193,2.4809,18,,,
3OGO_GB,3OGO_GB,3OGO_FC,1,base_abmpnn_ar,1.0420,1.6947,18,4.2,3.7,0
3OGO_GB,3OGO_GB,3OGO_FC,1,base_abmpnn_ar_t1,0.4180,2.1404,18,5.0,4.3,0
3OGO_GB,3OGO_GB,3OGO_FC,1,base_abmpnn_npz,0.5939,1.5620,18,0.0,0.0,0
3OGO_GB,3OGO_GB,3OGO_FC,1,base_antifold,1.7605,2.9682,18,0.0,0.0,0
3OGO_GB,3OGO_GB,3OGO_FC,1,base_antifold_t1,1.7082,3.4896,18,1.7,0.0,0
3OGO_GB,3OGO_GB,3OGO_FC,1,base_diffab,1.2432,4.4813,18,12.8,0.0,0
3OGO_GB,3OGO_GB,3OGO_FC,1,base_diffusion,2.8180,3.9053,18,17.3,7.7,0
3OGO_GB,3OGO_GB,3OGO_FC,1,base_diffusion_s,4.2313,5.3108,6,16.4,8.6,56
3OGO_GB,3OGO_GB,3OGO_FC,1,base_esmif,0.5026,1.3690,18,0.0,0.0,0
3OGO_GB,3OGO_GB,3OGO_FC,1,base_esmif_ar,0.4060,1.6105,18,5.1,0.0,0
3OGO_GB,3OGO_GB,3OGO_FC,1,base_esmif_ar_t1,0.5163,2.2293,18,4.4,0.0,0
3OGO_GB,3OGO_GB,3OGO_FC,1,base_iglm,3.5252,3.7213,12,4.3,0.0,0
3OGO_GB,3OGO_GB,3OGO_FC,1,base_proteinmpnn,-0.7031,0.1717,18,0.0,0.0,0
3OGO_GB,3OGO_GB,3OGO_FC,1,base_proteinmpnn_ar,-0.4635,0.4283,18,5.8,5.1,0
3OGO_GB,3OGO_GB,3OGO_FC,1,base_proteinmpnn_ar_t1,0.0679,1.8314,18,5.1,4.5,0
3OGO_GB,3OGO_GB,3OGO_FC,1,grad_diffusion,1.5499,2.6123,18,16.5,7.7,0
3OGO_GB,3OGO_GB,3OGO_FC,1,obj_mint,0.6046,2.5875,18,60.8,47.8,263
3OGO_GB,3OGO_GB,3OGO_FC,1,obj_wt,1.3186,2.4968,12,13.7,6.7,258
3OGO_GB,3OGO_GB,3OGO_FC,1,ours_abmpnn_live,-0.1269,1.9466,18,47.3,38.5,256
3OGO_GB,3OGO_GB,3OGO_FC,1,ours_abmpnn_npz,0.8158,2.0168,18,48.6,39.9,266
3OGO_GB,3OGO_GB,3OGO_FC,1,ours_antifold,0.6245,2.4174,18,48.5,38.9,262
3OGO_GB,3OGO_GB,3OGO_FC,1,ours_diffusion,1.9685,4.0327,18,51.2,42.3,282
3OGO_GB,3OGO_GB,3OGO_FC,1,ours_esmif,-0.6407,1.5051,18,46.8,37.4,251
3OGO_GB,3OGO_GB,3OGO_FC,1,ours_proteinmpnn,-0.2824,1.4129,18,50.2,41.3,276
3OGO_GB,3OGO_GB,3OGO_FC,1,ours_proteinmpnn_live,-0.8481,1.6529,18,49.7,40.8,271
3OGO_GB,3OGO_GB,3OGO_FC,1,rand_base_abmpnn_ar,0.3085,2.7153,18,,,
3OGO_GB,3OGO_GB,3OGO_FC,1,rand_base_antifold,0.9544,3.1785,18,,,
3OGO_GB,3OGO_GB,3OGO_FC,1,rand_base_proteinmpnn_ar,-0.8405,1.5788,18,,,
3OGO_GB,3OGO_GB,3OGO_FC,1,rand_ours_abmpnn_live,0.6798,3.2755,18,,,
3OGO_GB,3OGO_GB,3OGO_FC,1,rand_ours_antifold,1.5772,2.8953,18,,,
3OGO_GB,3OGO_GB,3OGO_FC,1,rand_ours_proteinmpnn_live,1.3407,3.1763,18,,,
3P0Y_HLA,5SX4_HLN,4ZFG_HLA,0,base_abmpnn_ar,-0.2408,0.3423,18,8.2,7.1,0
3P0Y_HLA,5SX4_HLN,4ZFG_HLA,0,base_abmpnn_ar_t1,0.1892,1.1174,18,8.8,7.7,0
3P0Y_HLA,5SX4_HLN,4ZFG_HLA,0,base_abmpnn_npz,0.1417,0.3476,18,0.0,0.0,0
3P0Y_HLA,5SX4_HLN,4ZFG_HLA,0,base_antifold,1.1485,1.9388,18,0.2,0.0,0
3P0Y_HLA,5SX4_HLN,4ZFG_HLA,0,base_antifold_t1,0.2947,2.1767,18,0.8,0.0,0
3P0Y_HLA,5SX4_HLN,4ZFG_HLA,0,base_diffab,2.2844,4.8308,18,14.3,0.0,0
3P0Y_HLA,5SX4_HLN,4ZFG_HLA,0,base_diffusion,6.1762,7.3021,18,25.4,15.5,0
3P0Y_HLA,5SX4_HLN,4ZFG_HLA,0,base_diffusion_s,3.6166,5.0133,6,24.1,15.7,98
3P0Y_HLA,5SX4_HLN,4ZFG_HLA,0,base_esmif,-0.7234,0.2467,18,0.0,0.0,0
3P0Y_HLA,5SX4_HLN,4ZFG_HLA,0,base_esmif_ar,-0.7325,0.4706,18,11.0,0.0,0
3P0Y_HLA,5SX4_HLN,4ZFG_HLA,0,base_esmif_ar_t1,-0.1107,1.6305,18,7.1,0.0,0
3P0Y_HLA,5SX4_HLN,4ZFG_HLA,0,base_iglm,7.2947,7.9737,18,1.7,0.0,0
3P0Y_HLA,5SX4_HLN,4ZFG_HLA,0,base_proteinmpnn,1.1452,1.8481,18,0.4,0.0,0
3P0Y_HLA,5SX4_HLN,4ZFG_HLA,0,base_proteinmpnn_ar,0.4669,2.0105,18,6.8,6.3,0
3P0Y_HLA,5SX4_HLN,4ZFG_HLA,0,base_proteinmpnn_ar_t1,1.0787,3.8441,18,7.9,7.5,0
3P0Y_HLA,5SX4_HLN,4ZFG_HLA,0,grad_diffusion,1.4026,3.1837,18,25.6,15.8,0
3P0Y_HLA,5SX4_HLN,4ZFG_HLA,0,obj_mint,0.2673,1.3754,6,147.9,132.1,470
3P0Y_HLA,5SX4_HLN,4ZFG_HLA,0,obj_wt,0.3394,1.2674,6,20.7,12.6,475
3P0Y_HLA,5SX4_HLN,4ZFG_HLA,0,ours_abmpnn_live,-1.0736,0.6464,18,84.5,74.0,459
3P0Y_HLA,5SX4_HLN,4ZFG_HLA,0,ours_abmpnn_npz,-0.7099,0.8286,18,83.5,73.1,462
3P0Y_HLA,5SX4_HLN,4ZFG_HLA,0,ours_antifold,0.1194,1.3534,18,85.3,75.0,480
3P0Y_HLA,5SX4_HLN,4ZFG_HLA,0,ours_diffusion,2.5938,5.0742,18,93.8,83.1,532
3P0Y_HLA,5SX4_HLN,4ZFG_HLA,0,ours_esmif,-0.7742,0.2263,18,84.9,74.5,471
3P0Y_HLA,5SX4_HLN,4ZFG_HLA,0,ours_proteinmpnn,0.3529,1.5696,18,88.7,78.3,502
3P0Y_HLA,5SX4_HLN,4ZFG_HLA,0,ours_proteinmpnn_live,-0.4047,1.2293,18,92.4,81.6,510
3P0Y_HLA,5SX4_HLN,4ZFG_HLA,0,rand_base_abmpnn_ar,-0.4362,1.5984,18,,,
3P0Y_HLA,5SX4_HLN,4ZFG_HLA,0,rand_base_antifold,1.4181,3.7001,18,,,
3P0Y_HLA,5SX4_HLN,4ZFG_HLA,0,rand_base_proteinmpnn_ar,1.2807,4.8941,18,,,
3P0Y_HLA,5SX4_HLN,4ZFG_HLA,0,rand_ours_abmpnn_live,0.3849,3.0236,18,,,
3P0Y_HLA,5SX4_HLN,4ZFG_HLA,0,rand_ours_antifold,1.9444,4.4727,18,,,
3P0Y_HLA,5SX4_HLN,4ZFG_HLA,0,rand_ours_proteinmpnn_live,2.5368,4.9142,18,,,
3QUM_HLP,3QUM_HLP,3QUM_HLP,0,base_abmpnn_ar,-0.0511,0.7753,18,10.2,9.6,0
3QUM_HLP,3QUM_HLP,3QUM_HLP,0,base_abmpnn_ar_t1,1.0684,2.8972,18,9.1,8.2,0
3QUM_HLP,3QUM_HLP,3QUM_HLP,0,base_abmpnn_npz,-0.0498,1.3342,18,0.0,0.0,0
3QUM_HLP,3QUM_HLP,3QUM_HLP,0,base_antifold,0.7791,2.3761,18,0.0,0.0,0
3QUM_HLP,3QUM_HLP,3QUM_HLP,0,base_antifold_t1,1.2331,2.9083,18,1.3,0.0,0
3QUM_HLP,3QUM_HLP,3QUM_HLP,0,base_diffab,3.3863,5.0408,18,14.4,0.0,0
3QUM_HLP,3QUM_HLP,3QUM_HLP,0,base_diffusion,3.9668,5.1362,18,22.2,12.5,0
3QUM_HLP,3QUM_HLP,3QUM_HLP,0,base_esmif,0.9061,2.3805,18,0.0,0.0,0
3QUM_HLP,3QUM_HLP,3QUM_HLP,0,base_esmif_ar,0.9088,2.7592,18,6.4,0.0,0
3QUM_HLP,3QUM_HLP,3QUM_HLP,0,base_esmif_ar_t1,1.4800,3.6038,18,6.3,0.0,0
3QUM_HLP,3QUM_HLP,3QUM_HLP,0,base_iglm,6.4266,6.8584,18,2.1,0.0,0
3QUM_HLP,3QUM_HLP,3QUM_HLP,0,base_proteinmpnn,1.6119,2.9759,18,0.0,0.0,0
3QUM_HLP,3QUM_HLP,3QUM_HLP,0,base_proteinmpnn_ar,1.5539,3.5518,18,7.6,6.8,0
3QUM_HLP,3QUM_HLP,3QUM_HLP,0,base_proteinmpnn_ar_t1,2.3728,4.2857,18,8.9,8.2,0
3QUM_HLP,3QUM_HLP,3QUM_HLP,0,grad_diffusion,2.1652,3.2744,18,22.1,12.6,0
3QUM_HLP,3QUM_HLP,3QUM_HLP,0,obj_mint,1.3538,3.1231,12,112.8,97.1,329
3QUM_HLP,3QUM_HLP,3QUM_HLP,0,obj_wt,0.8016,2.9868,12,17.0,9.3,338
3QUM_HLP,3QUM_HLP,3QUM_HLP,0,ours_abmpnn_live,0.2114,1.7911,18,69.7,59.6,364
3QUM_HLP,3QUM_HLP,3QUM_HLP,0,ours_abmpnn_npz,-0.0978,1.8221,18,69.3,59.2,367
3QUM_HLP,3QUM_HLP,3QUM_HLP,0,ours_antifold,0.7910,2.4624,18,63.7,53.7,332
3QUM_HLP,3QUM_HLP,3QUM_HLP,0,ours_diffusion,2.7834,3.8615,18,73.8,63.7,396
3QUM_HLP,3QUM_HLP,3QUM_HLP,0,ours_esmif,1.0321,2.7051,18,72.3,61.8,385
3QUM_HLP,3QUM_HLP,3QUM_HLP,0,ours_proteinmpnn,1.7107,3.0580,18,75.8,65.7,413
3QUM_HLP,3QUM_HLP,3QUM_HLP,0,ours_proteinmpnn_live,1.8002,3.4313,18,78.1,67.6,413
3QUM_HLP,3QUM_HLP,3QUM_HLP,0,rand_base_abmpnn_ar,-0.0995,1.2312,18,,,
3QUM_HLP,3QUM_HLP,3QUM_HLP,0,rand_base_antifold,0.7927,1.7833,18,,,
3QUM_HLP,3QUM_HLP,3QUM_HLP,0,rand_base_proteinmpnn_ar,1.9690,4.2908,18,,,
3QUM_HLP,3QUM_HLP,3QUM_HLP,0,rand_ours_abmpnn_live,1.1744,3.1898,18,,,
3QUM_HLP,3QUM_HLP,3QUM_HLP,0,rand_ours_antifold,1.2581,2.7741,18,,,
3QUM_HLP,3QUM_HLP,3QUM_HLP,0,rand_ours_proteinmpnn_live,3.6780,5.4119,18,,,
3S36_HLX,3S37_HLX,3S37_HLX,0,base_abmpnn_ar,0.4178,1.5096,18,13.5,12.7,0
3S36_HLX,3S37_HLX,3S37_HLX,0,base_abmpnn_ar_t1,0.3734,1.8428,18,6.8,6.6,0
3S36_HLX,3S37_HLX,3S37_HLX,0,base_abmpnn_npz,0.4988,0.7459,18,0.0,0.0,0
3S36_HLX,3S37_HLX,3S37_HLX,0,base_antifold,0.4463,1.0828,18,0.0,0.0,0
3S36_HLX,3S37_HLX,3S37_HLX,0,base_antifold_t1,0.1628,1.0604,18,0.3,0.0,0
3S36_HLX,3S37_HLX,3S37_HLX,0,base_diffab,1.1782,2.3784,18,13.1,0.0,0
3S36_HLX,3S37_HLX,3S37_HLX,0,base_diffusion,1.8305,2.6146,18,18.6,9.7,0
3S36_HLX,3S37_HLX,3S37_HLX,0,base_diffusion_s,1.2744,3.7721,12,17.9,10.0,63
3S36_HLX,3S37_HLX,3S37_HLX,0,base_esmif,0.1102,0.4781,18,0.0,0.0,0
3S36_HLX,3S37_HLX,3S37_HLX,0,base_esmif_ar,-0.1728,0.4530,18,7.8,0.0,0
3S36_HLX,3S37_HLX,3S37_HLX,0,base_esmif_ar_t1,0.1760,2.3126,18,5.5,0.0,0
3S36_HLX,3S37_HLX,3S37_HLX,0,base_iglm,3.2223,3.6126,18,1.9,0.0,0
3S36_HLX,3S37_HLX,3S37_HLX,0,base_proteinmpnn,0.1362,0.5850,18,0.0,0.0,0
3S36_HLX,3S37_HLX,3S37_HLX,0,base_proteinmpnn_ar,1.1711,1.6523,18,6.0,5.5,0
3S36_HLX,3S37_HLX,3S37_HLX,0,base_proteinmpnn_ar_t1,0.8088,2.3266,18,7.0,6.6,0
3S36_HLX,3S37_HLX,3S37_HLX,0,grad_diffusion,-0.3353,0.3263,18,18.7,9.7,0
3S36_HLX,3S37_HLX,3S37_HLX,0,obj_mint,-0.2479,0.8039,12,83.5,69.8,264
3S36_HLX,3S37_HLX,3S37_HLX,0,obj_wt,-0.3863,0.8435,6,13.9,6.9,266
3S36_HLX,3S37_HLX,3S37_HLX,0,ours_abmpnn_live,0.0684,1.0103,18,52.8,43.5,280
3S36_HLX,3S37_HLX,3S37_HLX,0,ours_abmpnn_npz,-0.0408,0.5802,18,49.7,40.6,270
3S36_HLX,3S37_HLX,3S37_HLX,0,ours_antifold,-0.3581,0.5772,18,46.6,37.4,249
3S36_HLX,3S37_HLX,3S37_HLX,0,ours_diffusion,0.5278,2.1612,18,59.2,49.7,334
3S36_HLX,3S37_HLX,3S37_HLX,0,ours_esmif,-0.3313,1.3694,18,58.2,48.9,323
3S36_HLX,3S37_HLX,3S37_HLX,0,ours_proteinmpnn,0.1572,1.0759,18,59.2,49.6,327
3S36_HLX,3S37_HLX,3S37_HLX,0,ours_proteinmpnn_live,0.4301,1.5678,18,61.4,51.8,339
3S36_HLX,3S37_HLX,3S37_HLX,0,rand_base_abmpnn_ar,0.2548,1.2318,18,,,
3S36_HLX,3S37_HLX,3S37_HLX,0,rand_base_antifold,-0.2132,0.7335,18,,,
3S36_HLX,3S37_HLX,3S37_HLX,0,rand_base_proteinmpnn_ar,0.7345,2.3300,18,,,
3S36_HLX,3S37_HLX,3S37_HLX,0,rand_ours_abmpnn_live,0.5863,1.4321,18,,,
3S36_HLX,3S37_HLX,3S37_HLX,0,rand_ours_antifold,0.1584,1.2514,18,,,
3S36_HLX,3S37_HLX,3S37_HLX,0,rand_ours_proteinmpnn_live,0.6139,2.5818,18,,,
3S88_HLI,3S88_HLI,3S88_HLI,0,base_abmpnn_ar,0.1082,0.5372,18,8.1,7.2,0
3S88_HLI,3S88_HLI,3S88_HLI,0,base_abmpnn_ar_t1,0.1652,0.9083,18,8.3,8.0,0
3S88_HLI,3S88_HLI,3S88_HLI,0,base_abmpnn_npz,0.2392,0.5772,18,0.0,0.0,0
3S88_HLI,3S88_HLI,3S88_HLI,0,base_antifold,0.4140,0.5905,18,0.1,0.0,0
3S88_HLI,3S88_HLI,3S88_HLI,0,base_antifold_t1,0.0325,0.8634,18,1.2,0.0,0
3S88_HLI,3S88_HLI,3S88_HLI,0,base_diffab,0.0856,1.4939,18,14.2,0.0,0
3S88_HLI,3S88_HLI,3S88_HLI,0,base_diffusion,1.7211,2.8663,18,25.6,14.9,0
3S88_HLI,3S88_HLI,3S88_HLI,0,base_diffusion_s,1.3344,1.9201,6,24.3,14.8,84
3S88_HLI,3S88_HLI,3S88_HLI,0,base_esmif,1.9450,2.2668,18,0.0,0.0,0
3S88_HLI,3S88_HLI,3S88_HLI,0,base_esmif_ar,1.8921,2.2016,18,6.7,0.0,0
3S88_HLI,3S88_HLI,3S88_HLI,0,base_esmif_ar_t1,0.9260,2.2037,18,6.9,0.0,0
3S88_HLI,3S88_HLI,3S88_HLI,0,base_iglm,2.8486,3.0112,12,1.8,0.0,0
3S88_HLI,3S88_HLI,3S88_HLI,0,base_proteinmpnn,0.8748,1.0861,18,0.0,0.0,0
3S88_HLI,3S88_HLI,3S88_HLI,0,base_proteinmpnn_ar,0.0112,0.7668,18,7.3,6.7,0
3S88_HLI,3S88_HLI,3S88_HLI,0,base_proteinmpnn_ar_t1,0.2322,1.2272,18,9.0,8.4,0
3S88_HLI,3S88_HLI,3S88_HLI,0,grad_diffusion,0.2935,0.7914,18,25.4,15.0,0
3S88_HLI,3S88_HLI,3S88_HLI,0,obj_mint,0.1790,0.6539,12,133.7,116.7,386
3S88_HLI,3S88_HLI,3S88_HLI,0,obj_wt,0.3831,0.5916,6,19.8,11.3,380
3S88_HLI,3S88_HLI,3S88_HLI,0,ours_abmpnn_live,-0.0446,0.5938,18,82.8,71.5,403
3S88_HLI,3S88_HLI,3S88_HLI,0,ours_abmpnn_npz,-0.1848,0.4805,18,79.8,68.8,399
3S88_HLI,3S88_HLI,3S88_HLI,0,ours_antifold,0.1194,0.5947,18,76.7,65.9,382
3S88_HLI,3S88_HLI,3S88_HLI,0,ours_diffusion,0.6286,1.7701,18,84.6,73.6,426
3S88_HLI,3S88_HLI,3S88_HLI,0,ours_esmif,0.1262,1.8023,18,83.3,72.0,417
3S88_HLI,3S88_HLI,3S88_HLI,0,ours_proteinmpnn,-0.1232,0.9668,18,87.4,76.1,439
3S88_HLI,3S88_HLI,3S88_HLI,0,ours_proteinmpnn_live,0.1234,0.9799,18,88.9,77.5,436
3S88_HLI,3S88_HLI,3S88_HLI,0,rand_base_abmpnn_ar,0.1266,1.3338,18,,,
3S88_HLI,3S88_HLI,3S88_HLI,0,rand_base_antifold,0.4813,1.4381,18,,,
3S88_HLI,3S88_HLI,3S88_HLI,0,rand_base_proteinmpnn_ar,1.4829,2.4587,18,,,
3S88_HLI,3S88_HLI,3S88_HLI,0,rand_ours_abmpnn_live,0.1120,1.3027,18,,,
3S88_HLI,3S88_HLI,3S88_HLI,0,rand_ours_antifold,-0.2927,1.4824,18,,,
3S88_HLI,3S88_HLI,3S88_HLI,0,rand_ours_proteinmpnn_live,1.4135,2.5367,18,,,
3SDY_HLB,4UBD_KLJ,3SDY_HLB,0,base_abmpnn_ar,-1.1063,-0.0182,18,6.9,6.1,0
3SDY_HLB,4UBD_KLJ,3SDY_HLB,0,base_abmpnn_ar_t1,-0.5740,1.2901,18,8.1,7.4,0
3SDY_HLB,4UBD_KLJ,3SDY_HLB,0,base_abmpnn_npz,-0.5264,0.0400,18,0.0,0.0,0
3SDY_HLB,4UBD_KLJ,3SDY_HLB,0,base_antifold,-0.6515,0.9389,18,0.0,0.0,0
3SDY_HLB,4UBD_KLJ,3SDY_HLB,0,base_antifold_t1,0.7438,2.4178,18,1.9,0.0,0
3SDY_HLB,4UBD_KLJ,3SDY_HLB,0,base_diffab,3.0193,7.4102,18,13.8,0.0,0
3SDY_HLB,4UBD_KLJ,3SDY_HLB,0,base_diffusion,4.1423,7.8231,18,26.0,16.4,0
3SDY_HLB,4UBD_KLJ,3SDY_HLB,0,base_esmif,-0.4271,0.2382,18,0.0,0.0,0
3SDY_HLB,4UBD_KLJ,3SDY_HLB,0,base_esmif_ar,-0.5716,0.2229,18,11.2,0.0,0
3SDY_HLB,4UBD_KLJ,3SDY_HLB,0,base_esmif_ar_t1,-1.1572,0.9749,18,7.8,0.0,0
3SDY_HLB,4UBD_KLJ,3SDY_HLB,0,base_proteinmpnn,-1.7391,-0.5493,18,0.0,0.0,0
3SDY_HLB,4UBD_KLJ,3SDY_HLB,0,base_proteinmpnn_ar,-1.8112,-0.3185,18,6.7,6.1,0
3SDY_HLB,4UBD_KLJ,3SDY_HLB,0,base_proteinmpnn_ar_t1,-1.0125,2.0840,18,8.1,7.4,0
3SDY_HLB,4UBD_KLJ,3SDY_HLB,0,grad_diffusion,1.7719,3.0715,18,26.0,16.4,0
3SDY_HLB,4UBD_KLJ,3SDY_HLB,0,obj_mint,-0.5974,2.1621,18,156.9,140.8,502
3SDY_HLB,4UBD_KLJ,3SDY_HLB,0,obj_wt,0.0753,1.1729,6,21.7,13.4,509
3SDY_HLB,4UBD_KLJ,3SDY_HLB,0,ours_abmpnn_live,-1.2593,0.6370,18,88.3,77.6,491
3SDY_HLB,4UBD_KLJ,3SDY_HLB,0,ours_abmpnn_npz,-1.1741,0.0808,18,87.8,77.3,492
3SDY_HLB,4UBD_KLJ,3SDY_HLB,0,ours_antifold,-0.9900,1.0218,18,89.6,79.4,502
3SDY_HLB,4UBD_KLJ,3SDY_HLB,0,ours_diffusion,2.7518,5.7346,18,94.8,84.2,548
3SDY_HLB,4UBD_KLJ,3SDY_HLB,0,ours_esmif,-1.2392,0.5086,18,90.7,80.2,509
3SDY_HLB,4UBD_KLJ,3SDY_HLB,0,ours_proteinmpnn,-1.5362,1.5894,18,97.8,87.1,560
3SDY_HLB,4UBD_KLJ,3SDY_HLB,0,ours_proteinmpnn_live,-1.3734,1.4529,18,99.0,88.1,556
3SDY_HLB,4UBD_KLJ,3SDY_HLB,0,rand_base_abmpnn_ar,1.1190,3.2576,18,,,
3SDY_HLB,4UBD_KLJ,3SDY_HLB,0,rand_base_antifold,2.8324,6.2853,18,,,
3SDY_HLB,4UBD_KLJ,3SDY_HLB,0,rand_base_proteinmpnn_ar,4.9338,7.8019,18,,,
3SDY_HLB,4UBD_KLJ,3SDY_HLB,0,rand_ours_abmpnn_live,0.9022,4.3958,18,,,
3SDY_HLB,4UBD_KLJ,3SDY_HLB,0,rand_ours_antifold,1.8754,4.7290,18,,,
3SDY_HLB,4UBD_KLJ,3SDY_HLB,0,rand_ours_proteinmpnn_live,3.0168,7.8348,18,,,
3SKJ_HLE,3SKJ_HLE,3SKJ_HLE,0,base_abmpnn_ar,-1.5671,0.2859,18,6.9,6.3,0
3SKJ_HLE,3SKJ_HLE,3SKJ_HLE,0,base_abmpnn_ar_t1,0.4438,2.5390,18,8.7,7.5,0
3SKJ_HLE,3SKJ_HLE,3SKJ_HLE,0,base_abmpnn_npz,-0.1458,0.7566,18,0.0,0.0,0
3SKJ_HLE,3SKJ_HLE,3SKJ_HLE,0,base_antifold,-0.5703,0.4648,18,0.0,0.0,0
3SKJ_HLE,3SKJ_HLE,3SKJ_HLE,0,base_antifold_t1,-0.3676,2.9752,18,1.4,0.0,0
3SKJ_HLE,3SKJ_HLE,3SKJ_HLE,0,base_diffab,6.0590,10.2251,18,16.8,0.0,0
3SKJ_HLE,3SKJ_HLE,3SKJ_HLE,0,base_diffusion,4.7090,7.9165,18,32.3,22.2,0
3SKJ_HLE,3SKJ_HLE,3SKJ_HLE,0,base_diffusion_s,5.3613,7.9085,12,31.3,22.5,140
3SKJ_HLE,3SKJ_HLE,3SKJ_HLE,0,base_esmif,1.5224,3.0271,18,0.0,0.0,0
3SKJ_HLE,3SKJ_HLE,3SKJ_HLE,0,base_esmif_ar,1.2619,3.0775,18,11.3,0.0,0
3SKJ_HLE,3SKJ_HLE,3SKJ_HLE,0,base_esmif_ar_t1,0.5560,3.2850,18,10.3,0.0,0
3SKJ_HLE,3SKJ_HLE,3SKJ_HLE,0,base_iglm,14.0014,14.7115,18,2.1,0.0,0
3SKJ_HLE,3SKJ_HLE,3SKJ_HLE,0,base_proteinmpnn,0.5013,1.7560,18,0.0,0.0,0
3SKJ_HLE,3SKJ_HLE,3SKJ_HLE,0,base_proteinmpnn_ar,-1.9091,0.4455,18,6.9,6.3,0
3SKJ_HLE,3SKJ_HLE,3SKJ_HLE,0,base_proteinmpnn_ar_t1,0.6161,3.3100,18,8.0,7.5,0
3SKJ_HLE,3SKJ_HLE,3SKJ_HLE,0,grad_diffusion,0.9863,2.0878,18,32.3,22.1,0
3SKJ_HLE,3SKJ_HLE,3SKJ_HLE,0,obj_mint,-0.7867,2.8547,6,233.7,215.5,767
3SKJ_HLE,3SKJ_HLE,3SKJ_HLE,0,obj_wt,0.1341,1.3701,6,29.1,19.7,751
3SKJ_HLE,3SKJ_HLE,3SKJ_HLE,0,ours_abmpnn_live,-0.8548,0.8028,18,134.5,122.3,748
3SKJ_HLE,3SKJ_HLE,3SKJ_HLE,0,ours_abmpnn_npz,-0.9193,0.7817,18,127.7,116.1,730
3SKJ_HLE,3SKJ_HLE,3SKJ_HLE,0,ours_antifold,-0.7620,1.6034,18,131.1,119.4,750
3SKJ_HLE,3SKJ_HLE,3SKJ_HLE,0,ours_diffusion,2.9632,6.6303,18,134.9,123.0,779
3SKJ_HLE,3SKJ_HLE,3SKJ_HLE,0,ours_esmif,0.2536,1.6512,18,127.6,115.3,720
3SKJ_HLE,3SKJ_HLE,3SKJ_HLE,0,ours_proteinmpnn,-0.5620,2.0333,18,133.7,121.9,772
3SKJ_HLE,3SKJ_HLE,3SKJ_HLE,0,ours_proteinmpnn_live,-0.4384,2.2179,18,140.1,127.7,772
3SKJ_HLE,3SKJ_HLE,3SKJ_HLE,0,rand_base_abmpnn_ar,3.3837,5.3042,18,,,
3SKJ_HLE,3SKJ_HLE,3SKJ_HLE,0,rand_base_antifold,3.4622,6.8071,18,,,
3SKJ_HLE,3SKJ_HLE,3SKJ_HLE,0,rand_base_proteinmpnn_ar,4.9332,7.5525,18,,,
3SKJ_HLE,3SKJ_HLE,3SKJ_HLE,0,rand_ours_abmpnn_live,3.0686,7.0132,18,,,
3SKJ_HLE,3SKJ_HLE,3SKJ_HLE,0,rand_ours_antifold,3.9380,8.1315,18,,,
3SKJ_HLE,3SKJ_HLE,3SKJ_HLE,0,rand_ours_proteinmpnn_live,4.9642,7.8255,18,,,
3UAJ_HLA,3UAJ_HLA,3UAJ_HLA,0,base_abmpnn_ar,-0.2339,0.6268,18,9.1,8.0,0
3UAJ_HLA,3UAJ_HLA,3UAJ_HLA,0,base_abmpnn_ar_t1,-0.1985,1.7189,18,11.7,9.8,0
3UAJ_HLA,3UAJ_HLA,3UAJ_HLA,0,base_abmpnn_npz,-0.1011,0.7812,18,0.0,0.0,0
3UAJ_HLA,3UAJ_HLA,3UAJ_HLA,0,base_antifold,0.2509,2.5033,18,0.1,0.0,0
3UAJ_HLA,3UAJ_HLA,3UAJ_HLA,0,base_antifold_t1,1.0524,3.5774,18,0.9,0.0,0
3UAJ_HLA,3UAJ_HLA,3UAJ_HLA,0,base_diffab,3.8070,5.6208,18,14.7,0.0,0
3UAJ_HLA,3UAJ_HLA,3UAJ_HLA,0,base_diffusion,4.4114,6.9360,18,34.8,23.0,0
3UAJ_HLA,3UAJ_HLA,3UAJ_HLA,0,base_diffusion_s,3.2820,5.6589,6,32.8,22.6,119
3UAJ_HLA,3UAJ_HLA,3UAJ_HLA,0,base_esmif,0.2005,3.0532,18,0.0,0.0,0
3UAJ_HLA,3UAJ_HLA,3UAJ_HLA,0,base_esmif_ar,1.6852,3.2764,18,9.2,0.0,0
3UAJ_HLA,3UAJ_HLA,3UAJ_HLA,0,base_esmif_ar_t1,-0.0340,3.8545,18,9.1,0.0,0
3UAJ_HLA,3UAJ_HLA,3UAJ_HLA,0,base_iglm,8.0473,8.6003,18,2.3,0.0,0
3UAJ_HLA,3UAJ_HLA,3UAJ_HLA,0,base_proteinmpnn,0.1723,1.7766,18,0.0,0.0,0
3UAJ_HLA,3UAJ_HLA,3UAJ_HLA,0,base_proteinmpnn_ar,0.5401,2.4886,18,8.7,8.1,0
3UAJ_HLA,3UAJ_HLA,3UAJ_HLA,0,base_proteinmpnn_ar_t1,1.3182,4.3949,18,10.1,9.7,0
3UAJ_HLA,3UAJ_HLA,3UAJ_HLA,0,grad_diffusion,-0.4151,0.7906,18,34.8,23.2,0
3UAJ_HLA,3UAJ_HLA,3UAJ_HLA,0,obj_mint,-0.5503,2.6469,18,261.3,240.8,595
3UAJ_HLA,3UAJ_HLA,3UAJ_HLA,0,obj_wt,0.1490,2.2284,6,29.4,19.0,592
3UAJ_HLA,3UAJ_HLA,3UAJ_HLA,0,ours_abmpnn_live,0.1491,1.1736,18,131.0,117.4,599
3UAJ_HLA,3UAJ_HLA,3UAJ_HLA,0,ours_abmpnn_npz,0.0404,1.0256,18,127.1,114.2,591
3UAJ_HLA,3UAJ_HLA,3UAJ_HLA,0,ours_antifold,0.6316,2.3783,18,126.2,113.0,599
3UAJ_HLA,3UAJ_HLA,3UAJ_HLA,0,ours_diffusion,1.7689,5.0205,18,136.5,123.2,651
3UAJ_HLA,3UAJ_HLA,3UAJ_HLA,0,ours_esmif,-0.3415,2.8663,18,133.6,120.1,631
3UAJ_HLA,3UAJ_HLA,3UAJ_HLA,0,ours_proteinmpnn,0.5662,2.4183,18,135.9,122.7,642
3UAJ_HLA,3UAJ_HLA,3UAJ_HLA,0,ours_proteinmpnn_live,0.2781,3.1018,18,137.7,123.9,645
3UAJ_HLA,3UAJ_HLA,3UAJ_HLA,0,rand_base_abmpnn_ar,-0.9774,2.5159,18,,,
3UAJ_HLA,3UAJ_HLA,3UAJ_HLA,0,rand_base_antifold,1.6179,3.9303,18,,,
3UAJ_HLA,3UAJ_HLA,3UAJ_HLA,0,rand_base_proteinmpnn_ar,2.6138,5.1414,18,,,
3UAJ_HLA,3UAJ_HLA,3UAJ_HLA,0,rand_ours_abmpnn_live,0.4860,3.4042,18,,,
3UAJ_HLA,3UAJ_HLA,3UAJ_HLA,0,rand_ours_antifold,1.3136,4.6247,18,,,
3UAJ_HLA,3UAJ_HLA,3UAJ_HLA,0,rand_ours_proteinmpnn_live,1.3774,4.7662,18,,,
3VI3_HLD,3VI3_HLD,3VI3_HLD,1,base_abmpnn_ar,-4.2552,-2.3009,18,9.0,8.5,0
3VI3_HLD,3VI3_HLD,3VI3_HLD,1,base_abmpnn_ar_t1,-4.2353,-1.3250,18,11.7,10.6,0
3VI3_HLD,3VI3_HLD,3VI3_HLD,1,base_abmpnn_npz,-4.8090,-2.7050,18,0.0,0.0,0
3VI3_HLD,3VI3_HLD,3VI3_HLD,1,base_antifold,-3.5179,-1.1541,18,0.0,0.0,0
3VI3_HLD,3VI3_HLD,3VI3_HLD,1,base_antifold_t1,-3.6270,-1.1170,18,1.9,0.0,0
3VI3_HLD,3VI3_HLD,3VI3_HLD,1,base_diffab,-0.7937,2.5061,18,15.4,0.0,0
3VI3_HLD,3VI3_HLD,3VI3_HLD,1,base_diffusion,2.2240,3.2259,18,27.3,15.4,0
3VI3_HLD,3VI3_HLD,3VI3_HLD,1,base_diffusion_s,1.0463,3.8660,12,25.1,15.1,77
3VI3_HLD,3VI3_HLD,3VI3_HLD,1,base_esmif,-5.8691,-4.8771,18,0.0,0.0,0
3VI3_HLD,3VI3_HLD,3VI3_HLD,1,base_esmif_ar,-5.0968,-3.6003,18,7.9,0.0,0
3VI3_HLD,3VI3_HLD,3VI3_HLD,1,base_esmif_ar_t1,-4.8708,-0.3793,18,7.3,0.0,0
3VI3_HLD,3VI3_HLD,3VI3_HLD,1,base_iglm,2.1854,2.3716,12,4.2,0.0,0
3VI3_HLD,3VI3_HLD,3VI3_HLD,1,base_proteinmpnn,-4.3821,-3.5618,18,0.0,0.0,0
3VI3_HLD,3VI3_HLD,3VI3_HLD,1,base_proteinmpnn_ar,-4.5330,-3.5729,18,9.3,8.6,0
3VI3_HLD,3VI3_HLD,3VI3_HLD,1,base_proteinmpnn_ar_t1,-2.3301,-0.5525,18,11.0,10.5,0
3VI3_HLD,3VI3_HLD,3VI3_HLD,1,base_rfantibody,1.0305,2.9693,6,749.1,0.0,0
3VI3_HLD,3VI3_HLD,3VI3_HLD,1,grad_diffusion,-0.4567,1.3514,18,26.6,15.3,0
3VI3_HLD,3VI3_HLD,3VI3_HLD,1,obj_mint,-2.4964,-0.8360,12,170.0,150.6,366
3VI3_HLD,3VI3_HLD,3VI3_HLD,1,obj_wt,-2.2111,-1.3046,6,21.6,11.5,348
3VI3_HLD,3VI3_HLD,3VI3_HLD,1,ours_abmpnn_live,-3.8255,-1.1439,18,81.9,70.0,354
3VI3_HLD,3VI3_HLD,3VI3_HLD,1,ours_abmpnn_npz,-5.6457,-2.7102,18,80.7,68.9,359
3VI3_HLD,3VI3_HLD,3VI3_HLD,1,ours_antifold,-3.9127,-1.3897,18,80.8,68.3,356
3VI3_HLD,3VI3_HLD,3VI3_HLD,1,ours_diffusion,-0.0934,2.3064,18,93.7,81.0,398
3VI3_HLD,3VI3_HLD,3VI3_HLD,1,ours_esmif,-5.6015,-2.7374,18,87.4,74.9,388
3VI3_HLD,3VI3_HLD,3VI3_HLD,1,ours_proteinmpnn,-4.2028,-1.9200,18,90.0,78.0,409
3VI3_HLD,3VI3_HLD,3VI3_HLD,1,ours_proteinmpnn_live,-4.0899,-2.0015,18,89.5,77.4,396
3VI3_HLD,3VI3_HLD,3VI3_HLD,1,rand_base_abmpnn_ar,-1.5868,1.9980,18,,,
3VI3_HLD,3VI3_HLD,3VI3_HLD,1,rand_base_antifold,-1.0087,1.3601,18,,,
3VI3_HLD,3VI3_HLD,3VI3_HLD,1,rand_base_proteinmpnn_ar,1.8173,4.0058,18,,,
3VI3_HLD,3VI3_HLD,3VI3_HLD,1,rand_ours_abmpnn_live,-0.8054,2.3107,18,,,
3VI3_HLD,3VI3_HLD,3VI3_HLD,1,rand_ours_antifold,-1.1944,1.5605,18,,,
3VI3_HLD,3VI3_HLD,3VI3_HLD,1,rand_ours_proteinmpnn_live,0.3818,3.0517,18,,,
3WLW_HLB,3WLW_HLB,7UL0_HLA,0,base_abmpnn_ar,-1.2304,-0.3285,18,11.4,10.9,0
3WLW_HLB,3WLW_HLB,7UL0_HLA,0,base_abmpnn_ar_t1,-0.7107,-0.0136,18,12.4,11.7,0
3WLW_HLB,3WLW_HLB,7UL0_HLA,0,base_abmpnn_npz,-0.6584,0.1092,18,0.0,0.0,0
3WLW_HLB,3WLW_HLB,7UL0_HLA,0,base_antifold,-0.7213,-0.0807,18,0.0,0.0,0
3WLW_HLB,3WLW_HLB,7UL0_HLA,0,base_antifold_t1,-0.8771,0.0985,18,0.7,0.0,0
3WLW_HLB,3WLW_HLB,7UL0_HLA,0,base_diffab,-0.8530,0.4535,18,15.6,0.0,0
3WLW_HLB,3WLW_HLB,7UL0_HLA,0,base_diffusion,1.1283,2.4002,18,26.5,14.7,0
3WLW_HLB,3WLW_HLB,7UL0_HLA,0,base_diffusion_s,0.2267,0.9428,6,24.9,14.4,70
3WLW_HLB,3WLW_HLB,7UL0_HLA,0,base_esmif,0.3795,0.8545,18,0.0,0.0,0
3WLW_HLB,3WLW_HLB,7UL0_HLA,0,base_esmif_ar,-0.3229,0.7311,18,8.1,0.0,0
3WLW_HLB,3WLW_HLB,7UL0_HLA,0,base_esmif_ar_t1,-0.0138,0.9822,18,7.7,0.0,0
3WLW_HLB,3WLW_HLB,7UL0_HLA,0,base_iglm,1.9891,2.2497,12,2.0,0.0,0
3WLW_HLB,3WLW_HLB,7UL0_HLA,0,base_proteinmpnn,-0.3754,0.0100,18,0.0,0.0,0
3WLW_HLB,3WLW_HLB,7UL0_HLA,0,base_proteinmpnn_ar,-0.2820,0.2598,18,10.6,9.7,0
3WLW_HLB,3WLW_HLB,7UL0_HLA,0,base_proteinmpnn_ar_t1,-0.6829,0.7195,18,12.0,11.4,0
3WLW_HLB,3WLW_HLB,7UL0_HLA,0,grad_diffusion,-1.3359,-0.7288,18,26.3,14.7,0
3WLW_HLB,3WLW_HLB,7UL0_HLA,0,obj_mint,-1.2145,-0.3091,12,164.3,146.0,312
3WLW_HLB,3WLW_HLB,7UL0_HLA,0,obj_wt,-0.6323,-0.2966,6,19.6,10.2,296
3WLW_HLB,3WLW_HLB,7UL0_HLA,0,ours_abmpnn_live,-1.3354,-0.3081,18,75.4,63.1,306
3WLW_HLB,3WLW_HLB,7UL0_HLA,0,ours_abmpnn_npz,-1.0177,-0.1987,18,77.0,64.7,322
3WLW_HLB,3WLW_HLB,7UL0_HLA,0,ours_antifold,-0.8016,-0.1294,18,73.1,61.0,306
3WLW_HLB,3WLW_HLB,7UL0_HLA,0,ours_diffusion,-0.4050,0.8607,18,81.7,69.7,348
3WLW_HLB,3WLW_HLB,7UL0_HLA,0,ours_esmif,-0.0911,0.9191,18,80.3,68.1,339
3WLW_HLB,3WLW_HLB,7UL0_HLA,0,ours_proteinmpnn,-0.9941,-0.1415,18,87.5,75.1,370
3WLW_HLB,3WLW_HLB,7UL0_HLA,0,ours_proteinmpnn_live,-1.0387,0.0644,18,87.5,74.9,367
3WLW_HLB,3WLW_HLB,7UL0_HLA,0,rand_base_abmpnn_ar,-0.6516,0.5415,18,,,
3WLW_HLB,3WLW_HLB,7UL0_HLA,0,rand_base_antifold,-0.5708,0.5514,18,,,
3WLW_HLB,3WLW_HLB,7UL0_HLA,0,rand_base_proteinmpnn_ar,-0.5800,1.2531,18,,,
3WLW_HLB,3WLW_HLB,7UL0_HLA,0,rand_ours_abmpnn_live,-0.7753,0.8270,18,,,
3WLW_HLB,3WLW_HLB,7UL0_HLA,0,rand_ours_antifold,0.0024,0.8517,18,,,
3WLW_HLB,3WLW_HLB,7UL0_HLA,0,rand_ours_proteinmpnn_live,-0.5475,1.0892,18,,,
4AEI_HLA,4AEI_HLA,4AEI_HLA,0,base_abmpnn_ar,1.0333,2.6052,18,7.5,6.9,0
4AEI_HLA,4AEI_HLA,4AEI_HLA,0,base_abmpnn_ar_t1,1.4045,4.0343,18,6.6,6.3,0
4AEI_HLA,4AEI_HLA,4AEI_HLA,0,base_abmpnn_npz,1.7124,2.8337,18,0.0,0.0,0
4AEI_HLA,4AEI_HLA,4AEI_HLA,0,base_antifold,1.7160,2.4979,18,0.0,0.0,0
4AEI_HLA,4AEI_HLA,4AEI_HLA,0,base_antifold_t1,2.2948,3.6403,18,0.6,0.0,0
4AEI_HLA,4AEI_HLA,4AEI_HLA,0,base_diffab,4.6701,7.2537,18,12.4,0.0,0
4AEI_HLA,4AEI_HLA,4AEI_HLA,0,base_diffusion,4.3458,7.1127,18,22.7,13.6,0
4AEI_HLA,4AEI_HLA,4AEI_HLA,0,base_diffusion_s,2.8307,7.0941,12,21.7,13.8,91
4AEI_HLA,4AEI_HLA,4AEI_HLA,0,base_esmif,1.1150,2.0889,18,0.0,0.0,0
4AEI_HLA,4AEI_HLA,4AEI_HLA,0,base_esmif_ar,1.0668,2.1144,18,7.8,0.0,0
4AEI_HLA,4AEI_HLA,4AEI_HLA,0,base_esmif_ar_t1,1.0683,3.5227,18,6.7,0.0,0
4AEI_HLA,4AEI_HLA,4AEI_HLA,0,base_iglm,7.2533,7.5570,12,3.3,0.0,0
4AEI_HLA,4AEI_HLA,4AEI_HLA,0,base_proteinmpnn,1.6249,2.2644,18,0.1,0.0,0
4AEI_HLA,4AEI_HLA,4AEI_HLA,0,base_proteinmpnn_ar,2.0416,3.7589,18,5.7,5.2,0
4AEI_HLA,4AEI_HLA,4AEI_HLA,0,base_proteinmpnn_ar_t1,1.9564,5.0349,18,6.8,6.4,0
4AEI_HLA,4AEI_HLA,4AEI_HLA,0,grad_diffusion,0.6937,1.9141,18,23.1,13.7,0
4AEI_HLA,4AEI_HLA,4AEI_HLA,0,obj_mint,1.7957,2.4460,6,119.7,105.1,427
4AEI_HLA,4AEI_HLA,4AEI_HLA,0,obj_wt,0.9507,3.1218,6,18.3,10.7,417
4AEI_HLA,4AEI_HLA,4AEI_HLA,0,ours_abmpnn_live,0.3398,2.5181,18,74.0,63.9,417
4AEI_HLA,4AEI_HLA,4AEI_HLA,0,ours_abmpnn_npz,1.1005,2.3355,18,71.0,61.3,408
4AEI_HLA,4AEI_HLA,4AEI_HLA,0,ours_antifold,1.2714,2.5663,18,70.7,61.1,407
4AEI_HLA,4AEI_HLA,4AEI_HLA,0,ours_diffusion,4.8913,6.4683,18,80.9,71.0,475
4AEI_HLA,4AEI_HLA,4AEI_HLA,0,ours_esmif,1.0049,2.3283,18,79.0,69.2,464
4AEI_HLA,4AEI_HLA,4AEI_HLA,0,ours_proteinmpnn,1.3679,2.5904,18,81.4,71.4,475
4AEI_HLA,4AEI_HLA,4AEI_HLA,0,ours_proteinmpnn_live,1.3999,3.4338,18,83.4,72.9,475
4AEI_HLA,4AEI_HLA,4AEI_HLA,0,rand_base_abmpnn_ar,1.5547,3.7391,18,,,
4AEI_HLA,4AEI_HLA,4AEI_HLA,0,rand_base_antifold,2.4108,3.8680,18,,,
4AEI_HLA,4AEI_HLA,4AEI_HLA,0,rand_base_proteinmpnn_ar,3.0366,5.9221,18,,,
4AEI_HLA,4AEI_HLA,4AEI_HLA,0,rand_ours_abmpnn_live,1.4395,4.5509,18,,,
4AEI_HLA,4AEI_HLA,4AEI_HLA,0,rand_ours_antifold,1.2881,3.6498,18,,,
4AEI_HLA,4AEI_HLA,4AEI_HLA,0,rand_ours_proteinmpnn_live,2.7714,6.0532,18,,,
4AL8_HLC,5VIC_HLE,4AL8_HLC,1,base_abmpnn_ar,0.0688,0.2540,18,10.0,9.3,0
4AL8_HLC,5VIC_HLE,4AL8_HLC,1,base_abmpnn_ar_t1,-0.1052,0.4208,18,6.6,6.3,0
4AL8_HLC,5VIC_HLE,4AL8_HLC,1,base_abmpnn_npz,0.0596,0.2453,18,0.0,0.0,0
4AL8_HLC,5VIC_HLE,4AL8_HLC,1,base_antifold,-0.0950,0.1045,18,0.1,0.0,0
4AL8_HLC,5VIC_HLE,4AL8_HLC,1,base_antifold_t1,-0.0365,0.2159,18,1.1,0.0,0
4AL8_HLC,5VIC_HLE,4AL8_HLC,1,base_diffab,0.0897,0.6643,18,13.6,0.0,0
4AL8_HLC,5VIC_HLE,4AL8_HLC,1,base_diffusion,0.7521,1.2573,18,20.8,10.9,0
4AL8_HLC,5VIC_HLE,4AL8_HLC,1,base_diffusion_s,0.4531,1.0467,6,18.8,10.7,70
4AL8_HLC,5VIC_HLE,4AL8_HLC,1,base_esmif,0.2676,0.6739,18,0.0,0.0,0
4AL8_HLC,5VIC_HLE,4AL8_HLC,1,base_esmif_ar,0.5067,0.6986,18,8.1,0.0,0
4AL8_HLC,5VIC_HLE,4AL8_HLC,1,base_esmif_ar_t1,0.0601,0.6602,18,5.4,0.0,0
4AL8_HLC,5VIC_HLE,4AL8_HLC,1,base_iglm,0.9854,1.3353,18,3.3,0.0,0
4AL8_HLC,5VIC_HLE,4AL8_HLC,1,base_proteinmpnn,0.1679,0.4131,18,0.0,0.0,0
4AL8_HLC,5VIC_HLE,4AL8_HLC,1,base_proteinmpnn_ar,0.1297,0.5514,18,6.0,5.3,0
4AL8_HLC,5VIC_HLE,4AL8_HLC,1,base_proteinmpnn_ar_t1,-0.1352,0.6493,18,7.2,6.6,0
4AL8_HLC,5VIC_HLE,4AL8_HLC,1,base_rfantibody,0.3008,0.6495,6,244.5,0.0,0
4AL8_HLC,5VIC_HLE,4AL8_HLC,1,grad_diffusion,-0.1657,0.1836,18,20.1,10.8,0
4AL8_HLC,5VIC_HLE,4AL8_HLC,1,obj_mint,0.0904,0.1715,6,93.5,77.0,303
4AL8_HLC,5VIC_HLE,4AL8_HLC,1,obj_wt,0.0252,0.2421,12,14.9,7.3,281
4AL8_HLC,5VIC_HLE,4AL8_HLC,1,ours_abmpnn_live,0.0734,0.3456,18,57.4,47.9,312
4AL8_HLC,5VIC_HLE,4AL8_HLC,1,ours_abmpnn_npz,0.1030,0.4373,18,55.8,46.5,308
4AL8_HLC,5VIC_HLE,4AL8_HLC,1,ours_antifold,-0.0795,0.2630,18,52.5,42.6,287
4AL8_HLC,5VIC_HLE,4AL8_HLC,1,ours_diffusion,0.5205,1.0263,18,64.3,54.8,360
4AL8_HLC,5VIC_HLE,4AL8_HLC,1,ours_esmif,0.2796,0.6380,18,59.1,49.8,331
4AL8_HLC,5VIC_HLE,4AL8_HLC,1,ours_proteinmpnn,-0.0745,0.4771,18,63.0,53.4,353
4AL8_HLC,5VIC_HLE,4AL8_HLC,1,ours_proteinmpnn_live,-0.2783,0.3652,18,60.4,51.0,331
4AL8_HLC,5VIC_HLE,4AL8_HLC,1,rand_base_abmpnn_ar,0.1661,0.6860,18,,,
4AL8_HLC,5VIC_HLE,4AL8_HLC,1,rand_base_antifold,-0.0303,0.6028,18,,,
4AL8_HLC,5VIC_HLE,4AL8_HLC,1,rand_base_proteinmpnn_ar,0.2323,0.9167,18,,,
4AL8_HLC,5VIC_HLE,4AL8_HLC,1,rand_ours_abmpnn_live,-0.1881,0.6259,18,,,
4AL8_HLC,5VIC_HLE,4AL8_HLC,1,rand_ours_antifold,-0.0353,0.6602,18,,,
4AL8_HLC,5VIC_HLE,4AL8_HLC,1,rand_ours_proteinmpnn_live,0.3817,1.1164,18,,,
4BZ1_HLA,5AAW_FG,4BZ1_HLA,1,base_abmpnn_ar,-0.2069,0.5341,18,8.6,8.0,0
4BZ1_HLA,5AAW_FG,4BZ1_HLA,1,base_abmpnn_ar_t1,0.0665,0.7131,18,7.5,6.6,0
4BZ1_HLA,5AAW_FG,4BZ1_HLA,1,base_abmpnn_npz,0.2753,0.5314,18,0.0,0.0,0
4BZ1_HLA,5AAW_FG,4BZ1_HLA,1,base_antifold,-0.1505,0.3418,18,0.1,0.0,0
4BZ1_HLA,5AAW_FG,4BZ1_HLA,1,base_antifold_t1,-0.0230,0.3434,18,1.2,0.0,0
4BZ1_HLA,5AAW_FG,4BZ1_HLA,1,base_diffab,-0.1615,1.3840,18,13.2,0.0,0
4BZ1_HLA,5AAW_FG,4BZ1_HLA,1,base_diffusion,1.3997,2.8972,18,20.6,10.8,0
4BZ1_HLA,5AAW_FG,4BZ1_HLA,1,base_diffusion_s,1.0061,2.0119,6,18.8,10.8,70
4BZ1_HLA,5AAW_FG,4BZ1_HLA,1,base_esmif,0.5385,0.9592,18,0.0,0.0,0
4BZ1_HLA,5AAW_FG,4BZ1_HLA,1,base_esmif_ar,0.4970,0.8207,18,5.7,0.0,0
4BZ1_HLA,5AAW_FG,4BZ1_HLA,1,base_esmif_ar_t1,0.6652,1.1164,18,5.8,0.0,0
4BZ1_HLA,5AAW_FG,4BZ1_HLA,1,base_iglm,2.7769,3.2880,18,2.5,0.0,0
4BZ1_HLA,5AAW_FG,4BZ1_HLA,1,base_proteinmpnn,0.7549,1.1749,18,0.0,0.0,0
4BZ1_HLA,5AAW_FG,4BZ1_HLA,1,base_proteinmpnn_ar,0.1032,0.8193,18,5.9,5.3,0
4BZ1_HLA,5AAW_FG,4BZ1_HLA,1,base_proteinmpnn_ar_t1,0.2337,0.8020,18,7.2,6.5,0
4BZ1_HLA,5AAW_FG,4BZ1_HLA,1,base_rfantibody,0.5284,2.4129,6,247.5,0.0,0
4BZ1_HLA,5AAW_FG,4BZ1_HLA,1,grad_diffusion,0.0196,0.9483,18,20.0,10.8,0
4BZ1_HLA,5AAW_FG,4BZ1_HLA,1,obj_mint,-0.0990,0.4769,12,91.2,77.3,294
4BZ1_HLA,5AAW_FG,4BZ1_HLA,1,obj_wt,-0.0970,0.3285,12,14.8,7.6,297
4BZ1_HLA,5AAW_FG,4BZ1_HLA,1,ours_abmpnn_live,0.0823,0.5443,18,56.1,46.7,308
4BZ1_HLA,5AAW_FG,4BZ1_HLA,1,ours_abmpnn_npz,-0.2183,0.3616,18,56.0,46.7,309
4BZ1_HLA,5AAW_FG,4BZ1_HLA,1,ours_antifold,-0.1261,0.3331,18,54.9,44.8,295
4BZ1_HLA,5AAW_FG,4BZ1_HLA,1,ours_diffusion,0.4348,2.3916,18,62.7,53.2,351
4BZ1_HLA,5AAW_FG,4BZ1_HLA,1,ours_esmif,0.2298,0.8051,18,59.9,50.4,329
4BZ1_HLA,5AAW_FG,4BZ1_HLA,1,ours_proteinmpnn,0.6032,1.0661,18,63.4,53.7,360
4BZ1_HLA,5AAW_FG,4BZ1_HLA,1,ours_proteinmpnn_live,-0.0421,0.7312,18,63.5,53.9,348
4BZ1_HLA,5AAW_FG,4BZ1_HLA,1,rand_base_abmpnn_ar,0.2875,1.1370,18,,,
4BZ1_HLA,5AAW_FG,4BZ1_HLA,1,rand_base_antifold,0.1527,1.0571,18,,,
4BZ1_HLA,5AAW_FG,4BZ1_HLA,1,rand_base_proteinmpnn_ar,1.6722,2.4610,18,,,
4BZ1_HLA,5AAW_FG,4BZ1_HLA,1,rand_ours_abmpnn_live,-0.5118,1.0473,18,,,
4BZ1_HLA,5AAW_FG,4BZ1_HLA,1,rand_ours_antifold,0.1042,1.3588,18,,,
4BZ1_HLA,5AAW_FG,4BZ1_HLA,1,rand_ours_proteinmpnn_live,0.3423,2.1188,18,,,
4CDG_CA,4CDG_CA,4CDG_CA,0,base_abmpnn_ar,-1.2313,-0.1658,18,8.3,7.4,0
4CDG_CA,4CDG_CA,4CDG_CA,0,base_abmpnn_ar_t1,-0.1212,1.5545,18,10.1,8.8,0
4CDG_CA,4CDG_CA,4CDG_CA,0,base_abmpnn_npz,-0.5394,-0.0503,18,0.0,0.0,0
4CDG_CA,4CDG_CA,4CDG_CA,0,base_antifold,-0.0673,1.4360,18,0.0,0.0,0
4CDG_CA,4CDG_CA,4CDG_CA,0,base_antifold_t1,1.2600,2.9760,18,2.1,0.0,0
4CDG_CA,4CDG_CA,4CDG_CA,0,base_diffab,3.4358,4.8359,18,29.7,0.0,0
4CDG_CA,4CDG_CA,4CDG_CA,0,base_diffusion,4.8816,6.1748,18,27.8,16.9,0
4CDG_CA,4CDG_CA,4CDG_CA,0,base_diffusion_s,4.3457,5.5253,12,26.8,16.9,91
4CDG_CA,4CDG_CA,4CDG_CA,0,base_esmif,-1.7255,-0.1838,18,0.0,0.0,0
4CDG_CA,4CDG_CA,4CDG_CA,0,base_esmif_ar,-1.4385,-0.2268,18,7.6,0.0,0
4CDG_CA,4CDG_CA,4CDG_CA,0,base_esmif_ar_t1,-1.2006,0.0461,18,11.0,0.0,0
4CDG_CA,4CDG_CA,4CDG_CA,0,base_iglm,6.6138,6.8180,18,1.7,0.0,0
4CDG_CA,4CDG_CA,4CDG_CA,0,base_proteinmpnn,0.1647,1.1532,18,0.0,0.0,0
4CDG_CA,4CDG_CA,4CDG_CA,0,base_proteinmpnn_ar,-0.6962,0.3012,18,8.2,7.4,0
4CDG_CA,4CDG_CA,4CDG_CA,0,base_proteinmpnn_ar_t1,0.2793,2.3015,18,9.5,9.1,0
4CDG_CA,4CDG_CA,4CDG_CA,0,grad_diffusion,-0.2522,1.2779,18,28.0,17.1,0
4CDG_CA,4CDG_CA,4CDG_CA,0,obj_mint,1.0094,2.5913,6,174.4,157.0,493
4CDG_CA,4CDG_CA,4CDG_CA,0,obj_wt,-0.1361,1.9926,12,24.4,15.0,494
4CDG_CA,4CDG_CA,4CDG_CA,0,ours_abmpnn_live,-0.4998,0.6157,18,96.4,84.4,456
4CDG_CA,4CDG_CA,4CDG_CA,0,ours_abmpnn_npz,-0.3600,0.6935,18,95.4,83.6,462
4CDG_CA,4CDG_CA,4CDG_CA,0,ours_antifold,0.2654,1.7723,18,102.1,90.2,497
4CDG_CA,4CDG_CA,4CDG_CA,0,ours_diffusion,3.1272,5.2880,18,98.4,86.6,475
4CDG_CA,4CDG_CA,4CDG_CA,0,ours_esmif,-1.1682,-0.1938,18,93.2,81.5,447
4CDG_CA,4CDG_CA,4CDG_CA,0,ours_proteinmpnn,-0.3878,1.7237,18,101.4,89.4,491
4CDG_CA,4CDG_CA,4CDG_CA,0,ours_proteinmpnn_live,-1.1394,1.4802,18,100.4,88.1,480
4CDG_CA,4CDG_CA,4CDG_CA,0,rand_base_abmpnn_ar,1.3396,4.3838,18,,,
4CDG_CA,4CDG_CA,4CDG_CA,0,rand_base_antifold,1.8107,4.5122,18,,,
4CDG_CA,4CDG_CA,4CDG_CA,0,rand_base_proteinmpnn_ar,2.9777,4.5913,18,,,
4CDG_CA,4CDG_CA,4CDG_CA,0,rand_ours_abmpnn_live,2.8103,4.9467,18,,,
4CDG_CA,4CDG_CA,4CDG_CA,0,rand_ours_antifold,3.2875,5.0625,18,,,
4CDG_CA,4CDG_CA,4CDG_CA,0,rand_ours_proteinmpnn_live,2.9731,4.5428,18,,,
4CNI_HLC,4O9H_HLA,4CNI_HLC,0,base_abmpnn_ar,-0.1788,0.5478,18,7.2,6.3,0
4CNI_HLC,4O9H_HLA,4CNI_HLC,0,base_abmpnn_ar_t1,-0.1371,0.6834,18,7.8,7.4,0
4CNI_HLC,4O9H_HLA,4CNI_HLC,0,base_abmpnn_npz,-0.2014,0.3580,18,0.0,0.0,0
4CNI_HLC,4O9H_HLA,4CNI_HLC,0,base_antifold,0.0170,0.3726,18,0.0,0.0,0
4CNI_HLC,4O9H_HLA,4CNI_HLC,0,base_antifold_t1,0.0567,1.0454,18,1.9,0.0,0
4CNI_HLC,4O9H_HLA,4CNI_HLC,0,base_diffab,0.5815,3.4646,18,13.7,0.0,0
4CNI_HLC,4O9H_HLA,4CNI_HLC,0,base_diffusion,4.1888,4.8982,18,21.6,12.1,0
4CNI_HLC,4O9H_HLA,4CNI_HLC,0,base_diffusion_s,2.3101,3.2268,6,21.6,12.3,77
4CNI_HLC,4O9H_HLA,4CNI_HLC,0,base_esmif,0.3711,1.1378,18,0.0,0.0,0
4CNI_HLC,4O9H_HLA,4CNI_HLC,0,base_esmif_ar,0.2252,0.8705,18,6.2,0.0,0
4CNI_HLC,4O9H_HLA,4CNI_HLC,0,base_esmif_ar_t1,0.5225,1.1312,18,7.4,0.0,0
4CNI_HLC,4O9H_HLA,4CNI_HLC,0,base_iglm,3.7855,4.5814,18,2.6,0.0,0
4CNI_HLC,4O9H_HLA,4CNI_HLC,0,base_proteinmpnn,0.6566,1.1846,18,0.0,0.0,0
4CNI_HLC,4O9H_HLA,4CNI_HLC,0,base_proteinmpnn_ar,0.5438,0.9237,18,6.8,6.1,0
4CNI_HLC,4O9H_HLA,4CNI_HLC,0,base_proteinmpnn_ar_t1,0.7296,2.2651,18,8.0,7.5,0
4CNI_HLC,4O9H_HLA,4CNI_HLC,0,grad_diffusion,0.2139,1.5997,18,21.6,12.1,0
4CNI_HLC,4O9H_HLA,4CNI_HLC,0,obj_mint,0.0558,0.7880,6,106.7,92.3,331
4CNI_HLC,4O9H_HLA,4CNI_HLC,0,obj_wt,0.0051,0.7215,6,16.9,9.3,344
4CNI_HLC,4O9H_HLA,4CNI_HLC,0,ours_abmpnn_live,-0.1355,0.6526,18,64.4,54.3,343
4CNI_HLC,4O9H_HLA,4CNI_HLC,0,ours_abmpnn_npz,-0.1326,0.6840,18,65.5,55.6,356
4CNI_HLC,4O9H_HLA,4CNI_HLC,0,ours_antifold,-0.0814,0.6791,18,64.7,54.4,351
4CNI_HLC,4O9H_HLA,4CNI_HLC,0,ours_diffusion,0.6680,2.5441,18,73.8,63.6,409
4CNI_HLC,4O9H_HLA,4CNI_HLC,0,ours_esmif,0.3865,0.9194,18,64.5,54.4,349
4CNI_HLC,4O9H_HLA,4CNI_HLC,0,ours_proteinmpnn,-0.0770,1.1286,18,72.2,62.1,401
4CNI_HLC,4O9H_HLA,4CNI_HLC,0,ours_proteinmpnn_live,0.4035,1.5641,18,72.4,62.4,398
4CNI_HLC,4O9H_HLA,4CNI_HLC,0,rand_base_abmpnn_ar,0.2716,2.3508,18,,,
4CNI_HLC,4O9H_HLA,4CNI_HLC,0,rand_base_antifold,1.1322,2.6833,18,,,
4CNI_HLC,4O9H_HLA,4CNI_HLC,0,rand_base_proteinmpnn_ar,0.7745,2.7907,18,,,
4CNI_HLC,4O9H_HLA,4CNI_HLC,0,rand_ours_abmpnn_live,0.3895,2.5232,18,,,
4CNI_HLC,4O9H_HLA,4CNI_HLC,0,rand_ours_antifold,0.7612,2.2244,18,,,
4CNI_HLC,4O9H_HLA,4CNI_HLC,0,rand_ours_proteinmpnn_live,1.2465,3.0444,18,,,
4FFW_HLA,4FFW_HLA,4FFW_HLA,0,base_abmpnn_ar,-2.2892,-1.4350,18,12.5,12.0,0
4FFW_HLA,4FFW_HLA,4FFW_HLA,0,base_abmpnn_ar_t1,-2.2257,-0.8196,18,13.5,13.2,0
4FFW_HLA,4FFW_HLA,4FFW_HLA,0,base_abmpnn_npz,-1.5667,-1.2307,18,0.0,0.0,0
4FFW_HLA,4FFW_HLA,4FFW_HLA,0,base_antifold,-1.1900,-0.6265,18,0.0,0.0,0
4FFW_HLA,4FFW_HLA,4FFW_HLA,0,base_antifold_t1,-1.7465,-0.1688,18,1.0,0.0,0
4FFW_HLA,4FFW_HLA,4FFW_HLA,0,base_diffab,-1.5002,-0.1073,18,14.9,0.0,0
4FFW_HLA,4FFW_HLA,4FFW_HLA,0,base_diffusion,-0.2942,0.5248,18,29.5,16.4,0
4FFW_HLA,4FFW_HLA,4FFW_HLA,0,base_diffusion_s,-0.7650,0.4106,12,27.9,16.0,70
4FFW_HLA,4FFW_HLA,4FFW_HLA,0,base_esmif,-1.6102,-0.7126,18,0.0,0.0,0
4FFW_HLA,4FFW_HLA,4FFW_HLA,0,base_esmif_ar,-2.1346,-1.3451,18,8.5,0.0,0
4FFW_HLA,4FFW_HLA,4FFW_HLA,0,base_esmif_ar_t1,-1.8939,-1.0457,18,7.7,0.0,0
4FFW_HLA,4FFW_HLA,4FFW_HLA,0,base_iglm,2.3369,2.6737,18,2.2,0.0,0
4FFW_HLA,4FFW_HLA,4FFW_HLA,0,base_proteinmpnn,-1.4274,-0.6522,18,0.0,0.0,0
4FFW_HLA,4FFW_HLA,4FFW_HLA,0,base_proteinmpnn_ar,-1.2468,-0.6509,18,11.8,11.1,0
4FFW_HLA,4FFW_HLA,4FFW_HLA,0,base_proteinmpnn_ar_t1,-1.1257,-0.3481,18,13.6,13.0,0
4FFW_HLA,4FFW_HLA,4FFW_HLA,0,base_rfantibody,0.4703,1.0508,6,1499.5,0.0,0
4FFW_HLA,4FFW_HLA,4FFW_HLA,0,grad_diffusion,-2.0341,-1.6227,18,29.3,16.3,0
4FFW_HLA,4FFW_HLA,4FFW_HLA,0,obj_mint,-1.5871,-0.5866,12,181.9,162.4,318
4FFW_HLA,4FFW_HLA,4FFW_HLA,0,obj_wt,-1.6610,-1.0768,6,22.4,12.0,318
4FFW_HLA,4FFW_HLA,4FFW_HLA,0,ours_abmpnn_live,-2.1746,-1.1737,18,88.7,75.1,329
4FFW_HLA,4FFW_HLA,4FFW_HLA,0,ours_abmpnn_npz,-1.8711,-0.8069,18,87.0,73.4,326
4FFW_HLA,4FFW_HLA,4FFW_HLA,0,ours_antifold,-1.9654,-0.8635,18,85.0,71.4,319
4FFW_HLA,4FFW_HLA,4FFW_HLA,0,ours_diffusion,-1.9384,0.3001,18,93.5,79.7,358
4FFW_HLA,4FFW_HLA,4FFW_HLA,0,ours_esmif,-2.1010,-1.0300,18,93.7,79.9,360
4FFW_HLA,4FFW_HLA,4FFW_HLA,0,ours_proteinmpnn,-1.4312,-0.2814,18,98.2,84.2,379
4FFW_HLA,4FFW_HLA,4FFW_HLA,0,ours_proteinmpnn_live,-2.1163,-0.8042,18,99.1,84.8,374
4FFW_HLA,4FFW_HLA,4FFW_HLA,0,rand_base_abmpnn_ar,-0.8755,0.6115,18,,,
4FFW_HLA,4FFW_HLA,4FFW_HLA,0,rand_base_antifold,-1.2548,0.6388,18,,,
4FFW_HLA,4FFW_HLA,4FFW_HLA,0,rand_base_proteinmpnn_ar,0.0396,1.2418,18,,,
4FFW_HLA,4FFW_HLA,4FFW_HLA,0,rand_ours_abmpnn_live,-0.4790,1.0828,18,,,
4FFW_HLA,4FFW_HLA,4FFW_HLA,0,rand_ours_antifold,-0.4286,0.9821,18,,,
4FFW_HLA,4FFW_HLA,4FFW_HLA,0,rand_ours_proteinmpnn_live,-0.6061,1.0149,18,,,
4G6J_HLA,4G6J_HLA,8CWK_HLC,0,base_abmpnn_ar,-0.8296,0.1172,18,8.5,7.9,0
4G6J_HLA,4G6J_HLA,8CWK_HLC,0,base_abmpnn_ar_t1,-1.4442,0.5374,18,8.0,7.3,0
4G6J_HLA,4G6J_HLA,8CWK_HLC,0,base_abmpnn_npz,-0.7174,0.0748,18,0.0,0.0,0
4G6J_HLA,4G6J_HLA,8CWK_HLC,0,base_antifold,-1.6181,-0.5746,18,0.0,0.0,0
4G6J_HLA,4G6J_HLA,8CWK_HLC,0,base_antifold_t1,-1.6668,0.3587,18,1.9,0.0,0
4G6J_HLA,4G6J_HLA,8CWK_HLC,0,base_diffab,1.0099,2.6770,18,14.5,0.0,0
4G6J_HLA,4G6J_HLA,8CWK_HLC,0,base_diffusion,2.3056,4.2795,18,21.2,11.9,0
4G6J_HLA,4G6J_HLA,8CWK_HLC,0,base_diffusion_s,4.4544,5.2686,12,20.5,12.2,77
4G6J_HLA,4G6J_HLA,8CWK_HLC,0,base_esmif,-0.7093,0.2025,18,0.0,0.0,0
4G6J_HLA,4G6J_HLA,8CWK_HLC,0,base_esmif_ar,-1.7086,-0.9163,18,13.2,0.0,0
4G6J_HLA,4G6J_HLA,8CWK_HLC,0,base_esmif_ar_t1,-1.2438,1.1032,18,6.2,0.0,0
4G6J_HLA,4G6J_HLA,8CWK_HLC,0,base_iglm,2.6849,3.4433,18,1.9,0.0,0
4G6J_HLA,4G6J_HLA,8CWK_HLC,0,base_proteinmpnn,-1.2753,-0.4323,18,0.0,0.0,0
4G6J_HLA,4G6J_HLA,8CWK_HLC,0,base_proteinmpnn_ar,-0.0491,0.9690,18,6.6,5.9,0
4G6J_HLA,4G6J_HLA,8CWK_HLC,0,base_proteinmpnn_ar_t1,-0.2893,2.4060,18,7.6,7.1,0
4G6J_HLA,4G6J_HLA,8CWK_HLC,0,grad_diffusion,-0.2583,0.9708,18,21.9,12.1,0
4G6J_HLA,4G6J_HLA,8CWK_HLC,0,obj_mint,-1.4377,0.2271,18,109.6,94.5,345
4G6J_HLA,4G6J_HLA,8CWK_HLC,0,obj_wt,-1.1798,0.3717,6,16.9,9.1,345
4G6J_HLA,4G6J_HLA,8CWK_HLC,0,ours_abmpnn_live,-0.9294,0.1448,18,63.4,53.7,339
4G6J_HLA,4G6J_HLA,8CWK_HLC,0,ours_abmpnn_npz,-0.9038,0.5153,18,61.9,52.3,339
4G6J_HLA,4G6J_HLA,8CWK_HLC,0,ours_antifold,-1.7505,-0.0429,18,62.4,52.6,337
4G6J_HLA,4G6J_HLA,8CWK_HLC,0,ours_diffusion,2.2559,3.8081,18,70.1,60.2,391
4G6J_HLA,4G6J_HLA,8CWK_HLC,0,ours_esmif,-1.8540,0.2265,18,61.6,51.9,339
4G6J_HLA,4G6J_HLA,8CWK_HLC,0,ours_proteinmpnn,-1.2066,0.8356,18,70.7,60.8,394
4G6J_HLA,4G6J_HLA,8CWK_HLC,0,ours_proteinmpnn_live,0.8054,2.0682,18,72.7,62.6,400
4G6J_HLA,4G6J_HLA,8CWK_HLC,0,rand_base_abmpnn_ar,-0.2281,1.3820,18,,,
4G6J_HLA,4G6J_HLA,8CWK_HLC,0,rand_base_antifold,-0.5505,1.1140,18,,,
4G6J_HLA,4G6J_HLA,8CWK_HLC,0,rand_base_proteinmpnn_ar,-0.3289,2.8823,18,,,
4G6J_HLA,4G6J_HLA,8CWK_HLC,0,rand_ours_abmpnn_live,0.2746,1.6203,18,,,
4G6J_HLA,4G6J_HLA,8CWK_HLC,0,rand_ours_antifold,-1.0914,1.4405,18,,,
4G6J_HLA,4G6J_HLA,8CWK_HLC,0,rand_ours_proteinmpnn_live,2.3069,4.3295,18,,,
4HT1_HLT,4HT1_HLT,4HT1_HLT,0,base_abmpnn_ar,-0.9823,0.5300,18,6.1,5.6,0
4HT1_HLT,4HT1_HLT,4HT1_HLT,0,base_abmpnn_ar_t1,-0.6886,1.2646,18,7.0,6.8,0
4HT1_HLT,4HT1_HLT,4HT1_HLT,0,base_abmpnn_npz,0.0044,0.7057,18,0.0,0.0,0
4HT1_HLT,4HT1_HLT,4HT1_HLT,0,base_antifold,0.2636,0.8443,18,0.0,0.0,0
4HT1_HLT,4HT1_HLT,4HT1_HLT,0,base_antifold_t1,0.3877,1.6125,18,1.4,0.0,0
4HT1_HLT,4HT1_HLT,4HT1_HLT,0,base_diffab,1.0905,3.4557,18,14.3,0.0,0
4HT1_HLT,4HT1_HLT,4HT1_HLT,0,base_diffusion,3.3769,3.8867,18,23.8,14.2,0
4HT1_HLT,4HT1_HLT,4HT1_HLT,0,base_esmif,-0.6826,0.6791,18,0.0,0.0,0
4HT1_HLT,4HT1_HLT,4HT1_HLT,0,base_esmif_ar,-0.4930,0.8655,18,6.9,0.0,0
4HT1_HLT,4HT1_HLT,4HT1_HLT,0,base_esmif_ar_t1,0.4212,2.0964,18,10.6,0.0,0
4HT1_HLT,4HT1_HLT,4HT1_HLT,0,base_iglm,6.0603,6.6683,18,1.7,0.0,0
4HT1_HLT,4HT1_HLT,4HT1_HLT,0,base_proteinmpnn,-0.5205,0.3797,18,0.0,0.0,0
4HT1_HLT,4HT1_HLT,4HT1_HLT,0,base_proteinmpnn_ar,-1.0244,0.1182,18,6.6,5.8,0
4HT1_HLT,4HT1_HLT,4HT1_HLT,0,base_proteinmpnn_ar_t1,-0.0895,2.2387,18,7.3,6.9,0
4HT1_HLT,4HT1_HLT,4HT1_HLT,0,grad_diffusion,-1.4754,-0.0036,18,23.8,14.2,0
4HT1_HLT,4HT1_HLT,4HT1_HLT,0,obj_mint,0.1145,0.8668,6,130.6,115.3,426
4HT1_HLT,4HT1_HLT,4HT1_HLT,0,obj_wt,0.2842,1.0837,6,19.0,11.3,435
4HT1_HLT,4HT1_HLT,4HT1_HLT,0,ours_abmpnn_live,-0.7909,0.9997,18,79.0,68.6,438
4HT1_HLT,4HT1_HLT,4HT1_HLT,0,ours_abmpnn_npz,-0.0801,0.8784,18,77.3,67.3,432
4HT1_HLT,4HT1_HLT,4HT1_HLT,0,ours_antifold,0.3687,1.0715,18,77.3,67.1,432
4HT1_HLT,4HT1_HLT,4HT1_HLT,0,ours_diffusion,1.1281,3.0196,18,83.0,72.3,478
4HT1_HLT,4HT1_HLT,4HT1_HLT,0,ours_esmif,-0.4844,0.9138,18,78.6,68.5,443
4HT1_HLT,4HT1_HLT,4HT1_HLT,0,ours_proteinmpnn,-0.5926,1.0507,18,83.2,73.0,475
4HT1_HLT,4HT1_HLT,4HT1_HLT,0,ours_proteinmpnn_live,-0.8726,1.2091,18,83.7,73.4,473
4HT1_HLT,4HT1_HLT,4HT1_HLT,0,rand_base_abmpnn_ar,0.2168,1.6893,18,,,
4HT1_HLT,4HT1_HLT,4HT1_HLT,0,rand_base_antifold,0.4800,2.1148,18,,,
4HT1_HLT,4HT1_HLT,4HT1_HLT,0,rand_base_proteinmpnn_ar,0.6507,3.2378,18,,,
4HT1_HLT,4HT1_HLT,4HT1_HLT,0,rand_ours_abmpnn_live,0.8264,2.4701,18,,,
4HT1_HLT,4HT1_HLT,4HT1_HLT,0,rand_ours_antifold,0.0745,2.4232,18,,,
4HT1_HLT,4HT1_HLT,4HT1_HLT,0,rand_ours_proteinmpnn_live,1.5070,3.5623,18,,,
4I3S_HLG,4I3S_HLG,3SE9_HLG,0,base_abmpnn_ar,0.0528,0.3884,18,6.9,6.2,0
4I3S_HLG,4I3S_HLG,3SE9_HLG,0,base_abmpnn_ar_t1,0.0279,1.2136,18,8.2,7.7,0
4I3S_HLG,4I3S_HLG,3SE9_HLG,0,base_abmpnn_npz,-0.2203,-0.0464,18,0.0,0.0,0
4I3S_HLG,4I3S_HLG,3SE9_HLG,0,base_antifold,0.2887,0.9985,18,0.0,0.0,0
4I3S_HLG,4I3S_HLG,3SE9_HLG,0,base_antifold_t1,0.1711,1.2047,18,0.9,0.0,0
4I3S_HLG,4I3S_HLG,3SE9_HLG,0,base_diffab,0.6750,3.4815,18,13.6,0.0,0
4I3S_HLG,4I3S_HLG,3SE9_HLG,0,base_diffusion,2.9508,3.5104,18,28.4,18.3,0
4I3S_HLG,4I3S_HLG,3SE9_HLG,0,base_diffusion_s,1.5703,3.5225,12,27.1,18.3,112
4I3S_HLG,4I3S_HLG,3SE9_HLG,0,base_esmif,-0.1273,0.3024,18,0.0,0.0,0
4I3S_HLG,4I3S_HLG,3SE9_HLG,0,base_esmif_ar,-0.1758,0.3434,18,8.0,0.0,0
4I3S_HLG,4I3S_HLG,3SE9_HLG,0,base_esmif_ar_t1,-0.2135,0.8872,18,7.9,0.0,0
4I3S_HLG,4I3S_HLG,3SE9_HLG,0,base_iglm,2.4632,2.7215,12,2.2,0.0,0
4I3S_HLG,4I3S_HLG,3SE9_HLG,0,base_proteinmpnn,-1.0493,-0.0467,18,0.0,0.0,0
4I3S_HLG,4I3S_HLG,3SE9_HLG,0,base_proteinmpnn_ar,-0.2605,0.4621,18,7.2,6.4,0
4I3S_HLG,4I3S_HLG,3SE9_HLG,0,base_proteinmpnn_ar_t1,0.5647,1.7036,18,8.0,7.5,0
4I3S_HLG,4I3S_HLG,3SE9_HLG,0,grad_diffusion,0.6652,1.3633,18,28.3,18.1,0
4I3S_HLG,4I3S_HLG,3SE9_HLG,0,obj_mint,-0.2251,0.6264,6,183.3,166.3,561
4I3S_HLG,4I3S_HLG,3SE9_HLG,0,obj_wt,0.9380,1.2707,6,23.6,14.8,542
4I3S_HLG,4I3S_HLG,3SE9_HLG,0,ours_abmpnn_live,-0.4692,0.6380,18,100.8,89.6,549
4I3S_HLG,4I3S_HLG,3SE9_HLG,0,ours_abmpnn_npz,-0.1405,0.4143,18,102.9,91.9,574
4I3S_HLG,4I3S_HLG,3SE9_HLG,0,ours_antifold,-0.2451,0.9475,18,99.8,89.0,546
4I3S_HLG,4I3S_HLG,3SE9_HLG,0,ours_diffusion,1.2089,2.8185,18,106.6,95.4,598
4I3S_HLG,4I3S_HLG,3SE9_HLG,0,ours_esmif,0.0495,0.5248,18,103.0,92.0,574
4I3S_HLG,4I3S_HLG,3SE9_HLG,0,ours_proteinmpnn,-0.3652,0.3320,18,104.3,93.1,583
4I3S_HLG,4I3S_HLG,3SE9_HLG,0,ours_proteinmpnn_live,-0.4168,0.7095,18,109.1,97.6,593
4I3S_HLG,4I3S_HLG,3SE9_HLG,0,rand_base_abmpnn_ar,0.5083,2.2101,18,,,
4I3S_HLG,4I3S_HLG,3SE9_HLG,0,rand_base_antifold,0.7117,2.4784,18,,,
4I3S_HLG,4I3S_HLG,3SE9_HLG,0,rand_base_proteinmpnn_ar,1.6908,3.7164,18,,,
4I3S_HLG,4I3S_HLG,3SE9_HLG,0,rand_ours_abmpnn_live,0.7896,2.7349,18,,,
4I3S_HLG,4I3S_HLG,3SE9_HLG,0,rand_ours_antifold,0.5331,2.7394,18,,,
4I3S_HLG,4I3S_HLG,3SE9_HLG,0,rand_ours_proteinmpnn_live,0.6813,3.2333,18,,,
4I77_HLZ,7REW_HLI,4I77_HLZ,0,base_abmpnn_ar,-0.2632,0.3094,18,6.2,5.4,0
4I77_HLZ,7REW_HLI,4I77_HLZ,0,base_abmpnn_ar_t1,0.1800,1.1804,18,6.6,6.4,0
4I77_HLZ,7REW_HLI,4I77_HLZ,0,base_abmpnn_npz,0.0480,0.1909,18,0.0,0.0,0
4I77_HLZ,7REW_HLI,4I77_HLZ,0,base_antifold,-0.2525,0.1889,18,0.0,0.0,0
4I77_HLZ,7REW_HLI,4I77_HLZ,0,base_antifold_t1,-0.2218,2.2110,18,1.1,0.0,0
4I77_HLZ,7REW_HLI,4I77_HLZ,0,base_diffab,4.8103,6.4621,18,12.7,0.0,0
4I77_HLZ,7REW_HLI,4I77_HLZ,0,base_diffusion,7.3011,8.5846,18,22.0,12.8,0
4I77_HLZ,7REW_HLI,4I77_HLZ,0,base_diffusion_s,6.0823,8.4722,18,21.1,12.9,84
4I77_HLZ,7REW_HLI,4I77_HLZ,0,base_esmif,-0.1224,0.1231,18,0.0,0.0,0
4I77_HLZ,7REW_HLI,4I77_HLZ,0,base_esmif_ar,-0.1587,-0.0230,18,13.1,0.0,0
4I77_HLZ,7REW_HLI,4I77_HLZ,0,base_esmif_ar_t1,-0.0671,0.6778,18,6.2,0.0,0
4I77_HLZ,7REW_HLI,4I77_HLZ,0,base_iglm,10.1426,10.5063,18,2.1,0.0,0
4I77_HLZ,7REW_HLI,4I77_HLZ,0,base_proteinmpnn,0.1216,1.3623,18,0.0,0.0,0
4I77_HLZ,7REW_HLI,4I77_HLZ,0,base_proteinmpnn_ar,-0.1210,0.5294,18,7.1,5.7,0
4I77_HLZ,7REW_HLI,4I77_HLZ,0,base_proteinmpnn_ar_t1,0.0918,1.6473,18,7.2,6.7,0
4I77_HLZ,7REW_HLI,4I77_HLZ,0,grad_diffusion,1.3553,2.5677,18,22.4,12.9,0
4I77_HLZ,7REW_HLI,4I77_HLZ,0,obj_mint,0.0287,1.5796,18,116.6,101.8,390
4I77_HLZ,7REW_HLI,4I77_HLZ,0,obj_wt,0.0267,0.5122,6,17.2,9.8,383
4I77_HLZ,7REW_HLI,4I77_HLZ,0,ours_abmpnn_live,-0.3775,1.2364,18,71.3,61.3,397
4I77_HLZ,7REW_HLI,4I77_HLZ,0,ours_abmpnn_npz,-0.0253,0.5498,18,70.1,60.3,399
4I77_HLZ,7REW_HLI,4I77_HLZ,0,ours_antifold,-0.0842,1.0245,18,67.7,58.0,383
4I77_HLZ,7REW_HLI,4I77_HLZ,0,ours_diffusion,3.6260,6.8792,18,76.6,66.7,440
4I77_HLZ,7REW_HLI,4I77_HLZ,0,ours_esmif,-0.1465,0.3140,18,66.8,57.2,375
4I77_HLZ,7REW_HLI,4I77_HLZ,0,ours_proteinmpnn,0.2477,2.3115,18,75.4,65.4,425
4I77_HLZ,7REW_HLI,4I77_HLZ,0,ours_proteinmpnn_live,0.5767,2.1603,18,73.2,63.0,406
4I77_HLZ,7REW_HLI,4I77_HLZ,0,rand_base_abmpnn_ar,0.1562,2.8417,18,,,
4I77_HLZ,7REW_HLI,4I77_HLZ,0,rand_base_antifold,0.0970,1.8305,18,,,
4I77_HLZ,7REW_HLI,4I77_HLZ,0,rand_base_proteinmpnn_ar,1.1589,3.5205,18,,,
4I77_HLZ,7REW_HLI,4I77_HLZ,0,rand_ours_abmpnn_live,0.5399,3.3520,18,,,
4I77_HLZ,7REW_HLI,4I77_HLZ,0,rand_ours_antifold,0.4136,2.9212,18,,,
4I77_HLZ,7REW_HLI,4I77_HLZ,0,rand_ours_proteinmpnn_live,1.6270,5.2576,18,,,
4IDJ_HLA,4U6V_HLA,4IDJ_HLA,0,base_abmpnn_ar,0.3679,1.3970,18,8.2,7.1,0
4IDJ_HLA,4U6V_HLA,4IDJ_HLA,0,base_abmpnn_ar_t1,1.3028,3.6153,18,9.0,8.5,0
4IDJ_HLA,4U6V_HLA,4IDJ_HLA,0,base_abmpnn_npz,0.3415,1.0472,18,0.0,0.0,0
4IDJ_HLA,4U6V_HLA,4IDJ_HLA,0,base_antifold,2.3012,2.9310,18,0.0,0.0,0
4IDJ_HLA,4U6V_HLA,4IDJ_HLA,0,base_antifold_t1,2.0769,4.2155,18,2.4,0.0,0
4IDJ_HLA,4U6V_HLA,4IDJ_HLA,0,base_diffab,2.7740,5.9913,18,14.3,0.0,0
4IDJ_HLA,4U6V_HLA,4IDJ_HLA,0,base_diffusion,6.3616,7.1920,18,33.4,22.5,0
4IDJ_HLA,4U6V_HLA,4IDJ_HLA,0,base_diffusion_s,4.2604,7.0766,12,32.0,22.3,126
4IDJ_HLA,4U6V_HLA,4IDJ_HLA,0,base_esmif,1.4052,2.4968,18,0.0,0.0,0
4IDJ_HLA,4U6V_HLA,4IDJ_HLA,0,base_esmif_ar,0.8165,1.5508,18,9.6,0.0,0
4IDJ_HLA,4U6V_HLA,4IDJ_HLA,0,base_esmif_ar_t1,1.7696,3.9647,18,9.3,0.0,0
4IDJ_HLA,4U6V_HLA,4IDJ_HLA,0,base_iglm,7.8099,8.2643,6,2.5,0.0,0
4IDJ_HLA,4U6V_HLA,4IDJ_HLA,0,base_proteinmpnn,1.7848,2.8878,18,0.0,0.0,0
4IDJ_HLA,4U6V_HLA,4IDJ_HLA,0,base_proteinmpnn_ar,1.0294,3.2337,18,7.8,7.2,0
4IDJ_HLA,4U6V_HLA,4IDJ_HLA,0,base_proteinmpnn_ar_t1,1.8319,4.4688,18,9.3,8.6,0
4IDJ_HLA,4U6V_HLA,4IDJ_HLA,0,grad_diffusion,0.2424,1.4439,18,33.5,22.5,0
4IDJ_HLA,4U6V_HLA,4IDJ_HLA,0,obj_mint,2.2629,4.1038,6,228.5,210.3,678
4IDJ_HLA,4U6V_HLA,4IDJ_HLA,0,obj_wt,2.1053,3.5315,6,29.5,19.7,663
4IDJ_HLA,4U6V_HLA,4IDJ_HLA,0,ours_abmpnn_live,0.4178,2.0338,18,132.2,119.3,661
4IDJ_HLA,4U6V_HLA,4IDJ_HLA,0,ours_abmpnn_npz,0.5033,2.2110,18,128.9,116.4,660
4IDJ_HLA,4U6V_HLA,4IDJ_HLA,0,ours_antifold,2.6429,4.0839,18,130.5,117.8,669
4IDJ_HLA,4U6V_HLA,4IDJ_HLA,0,ours_diffusion,3.2324,5.5742,18,129.8,117.3,680
4IDJ_HLA,4U6V_HLA,4IDJ_HLA,0,ours_esmif,1.3852,2.3564,18,134.8,121.4,691
4IDJ_HLA,4U6V_HLA,4IDJ_HLA,0,ours_proteinmpnn,1.2536,2.9405,18,134.1,121.5,685
4IDJ_HLA,4U6V_HLA,4IDJ_HLA,0,ours_proteinmpnn_live,1.4805,3.3515,18,137.1,124.1,687
4IDJ_HLA,4U6V_HLA,4IDJ_HLA,0,rand_base_abmpnn_ar,0.2992,2.8314,18,,,
4IDJ_HLA,4U6V_HLA,4IDJ_HLA,0,rand_base_antifold,2.5285,4.6963,18,,,
4IDJ_HLA,4U6V_HLA,4IDJ_HLA,0,rand_base_proteinmpnn_ar,2.4294,5.0883,18,,,
4IDJ_HLA,4U6V_HLA,4IDJ_HLA,0,rand_ours_abmpnn_live,1.5664,4.4980,18,,,
4IDJ_HLA,4U6V_HLA,4IDJ_HLA,0,rand_ours_antifold,2.3902,4.9968,18,,,
4IDJ_HLA,4U6V_HLA,4IDJ_HLA,0,rand_ours_proteinmpnn_live,3.2363,5.5017,18,,,
4IRZ_HLA,4IRZ_HLA,4IRZ_HLA,0,base_abmpnn_ar,-1.4563,0.4622,18,12.1,11.4,0
4IRZ_HLA,4IRZ_HLA,4IRZ_HLA,0,base_abmpnn_ar_t1,-0.5592,3.7488,18,13.5,12.5,0
4IRZ_HLA,4IRZ_HLA,4IRZ_HLA,0,base_abmpnn_npz,0.0268,0.8586,18,0.0,0.0,0
4IRZ_HLA,4IRZ_HLA,4IRZ_HLA,0,base_antifold,0.6825,1.4799,18,0.0,0.0,0
4IRZ_HLA,4IRZ_HLA,4IRZ_HLA,0,base_antifold_t1,0.6698,3.7944,18,2.5,0.0,0
4IRZ_HLA,4IRZ_HLA,4IRZ_HLA,0,base_diffab,4.8605,11.9946,18,20.0,0.0,0
4IRZ_HLA,4IRZ_HLA,4IRZ_HLA,0,base_diffusion,9.9926,12.3265,18,36.2,23.8,0
4IRZ_HLA,4IRZ_HLA,4IRZ_HLA,0,base_diffusion_s,9.4746,11.7439,6,34.5,23.2,112
4IRZ_HLA,4IRZ_HLA,4IRZ_HLA,0,base_esmif,2.2761,3.2300,18,0.0,0.0,0
4IRZ_HLA,4IRZ_HLA,4IRZ_HLA,0,base_esmif_ar,2.4338,3.4258,18,12.2,0.0,0
4IRZ_HLA,4IRZ_HLA,4IRZ_HLA,0,base_esmif_ar_t1,1.5110,3.3880,18,14.8,0.0,0
4IRZ_HLA,4IRZ_HLA,4IRZ_HLA,0,base_iglm,17.0097,17.5328,18,1.8,0.0,0
4IRZ_HLA,4IRZ_HLA,4IRZ_HLA,0,base_proteinmpnn,0.5840,1.8060,18,0.0,0.0,0
4IRZ_HLA,4IRZ_HLA,4IRZ_HLA,0,base_proteinmpnn_ar,2.2123,3.8477,18,10.7,9.9,0
4IRZ_HLA,4IRZ_HLA,4IRZ_HLA,0,base_proteinmpnn_ar_t1,2.5747,6.6244,18,12.4,12.0,0
4IRZ_HLA,4IRZ_HLA,4IRZ_HLA,0,base_rfantibody,12.3433,15.7512,6,1141.7,0.0,0
4IRZ_HLA,4IRZ_HLA,4IRZ_HLA,0,grad_diffusion,0.1054,1.5899,18,36.0,23.6,0
4IRZ_HLA,4IRZ_HLA,4IRZ_HLA,0,obj_mint,0.7806,2.4617,6,283.1,262.0,544
4IRZ_HLA,4IRZ_HLA,4IRZ_HLA,0,obj_wt,-0.0657,1.8766,6,29.6,18.7,552
4IRZ_HLA,4IRZ_HLA,4IRZ_HLA,0,ours_abmpnn_live,-1.4153,1.4928,18,127.6,113.5,542
4IRZ_HLA,4IRZ_HLA,4IRZ_HLA,0,ours_abmpnn_npz,-1.4959,1.2030,18,124.1,110.6,545
4IRZ_HLA,4IRZ_HLA,4IRZ_HLA,0,ours_antifold,0.6166,2.3073,18,124.1,110.5,542
4IRZ_HLA,4IRZ_HLA,4IRZ_HLA,0,ours_diffusion,0.9753,7.4748,18,132.7,118.8,588
4IRZ_HLA,4IRZ_HLA,4IRZ_HLA,0,ours_esmif,1.4719,2.7383,18,124.4,110.7,538
4IRZ_HLA,4IRZ_HLA,4IRZ_HLA,0,ours_proteinmpnn,1.6022,3.6660,18,132.1,118.3,582
4IRZ_HLA,4IRZ_HLA,4IRZ_HLA,0,ours_proteinmpnn_live,-0.2698,2.9724,18,137.8,123.3,594
4IRZ_HLA,4IRZ_HLA,4IRZ_HLA,0,rand_base_abmpnn_ar,-0.7778,1.7850,18,,,
4IRZ_HLA,4IRZ_HLA,4IRZ_HLA,0,rand_base_antifold,-1.0972,1.5429,18,,,
4IRZ_HLA,4IRZ_HLA,4IRZ_HLA,0,rand_base_proteinmpnn_ar,3.6812,8.7838,18,,,
4IRZ_HLA,4IRZ_HLA,4IRZ_HLA,0,rand_ours_abmpnn_live,3.8566,7.2317,18,,,
4IRZ_HLA,4IRZ_HLA,4IRZ_HLA,0,rand_ours_antifold,1.0144,4.8049,18,,,
4IRZ_HLA,4IRZ_HLA,4IRZ_HLA,0,rand_ours_proteinmpnn_live,3.7845,9.2522,18,,,
4JPV_HLG,4DVR_HLG,4LSV_HLG,0,base_abmpnn_ar,-1.2168,-0.1538,18,8.5,7.6,0
4JPV_HLG,4DVR_HLG,4LSV_HLG,0,base_abmpnn_ar_t1,-0.2396,0.7266,18,9.9,9.4,0
4JPV_HLG,4DVR_HLG,4LSV_HLG,0,base_abmpnn_npz,-1.1960,-0.6610,18,0.0,0.0,0
4JPV_HLG,4DVR_HLG,4LSV_HLG,0,base_antifold,0.3568,0.9098,18,0.0,0.0,0
4JPV_HLG,4DVR_HLG,4LSV_HLG,0,base_antifold_t1,-0.2855,0.9354,18,0.7,0.0,0
4JPV_HLG,4DVR_HLG,4LSV_HLG,0,base_diffab,-0.4981,1.7023,18,14.4,0.0,0
4JPV_HLG,4DVR_HLG,4LSV_HLG,0,base_diffusion,2.8880,3.1881,18,28.3,16.8,0
4JPV_HLG,4DVR_HLG,4LSV_HLG,0,base_diffusion_s,-0.2127,1.0729,6,26.6,16.5,84
4JPV_HLG,4DVR_HLG,4LSV_HLG,0,base_esmif,0.7066,1.3872,18,0.0,0.0,0
4JPV_HLG,4DVR_HLG,4LSV_HLG,0,base_esmif_ar,0.3436,0.9296,18,7.1,0.0,0
4JPV_HLG,4DVR_HLG,4LSV_HLG,0,base_esmif_ar_t1,0.7180,1.6379,18,8.1,0.0,0
4JPV_HLG,4DVR_HLG,4LSV_HLG,0,base_iglm,2.3027,2.5906,18,3.1,0.0,0
4JPV_HLG,4DVR_HLG,4LSV_HLG,0,base_proteinmpnn,-0.6885,0.2923,18,0.0,0.0,0
4JPV_HLG,4DVR_HLG,4LSV_HLG,0,base_proteinmpnn_ar,-0.8447,0.4225,18,8.2,7.6,0
4JPV_HLG,4DVR_HLG,4LSV_HLG,0,base_proteinmpnn_ar_t1,-0.0806,1.2665,18,9.9,9.2,0
4JPV_HLG,4DVR_HLG,4LSV_HLG,0,base_rfantibody,0.9147,1.6882,6,537.7,0.0,0
4JPV_HLG,4DVR_HLG,4LSV_HLG,0,grad_diffusion,-0.9118,-0.5066,18,27.9,16.7,0
4JPV_HLG,4DVR_HLG,4LSV_HLG,0,obj_mint,-0.3554,0.7818,18,195.7,176.8,426
4JPV_HLG,4DVR_HLG,4LSV_HLG,0,obj_wt,0.1353,0.8270,6,23.2,13.8,422
4JPV_HLG,4DVR_HLG,4LSV_HLG,0,ours_abmpnn_live,-0.9385,-0.2244,18,94.0,81.6,419
4JPV_HLG,4DVR_HLG,4LSV_HLG,0,ours_abmpnn_npz,-1.1048,-0.1841,18,93.7,81.6,419
4JPV_HLG,4DVR_HLG,4LSV_HLG,0,ours_antifold,-0.8940,0.4626,18,91.4,79.2,414
4JPV_HLG,4DVR_HLG,4LSV_HLG,0,ours_diffusion,-0.1193,1.1158,18,95.8,83.6,434
4JPV_HLG,4DVR_HLG,4LSV_HLG,0,ours_esmif,-0.0866,1.1900,18,95.4,83.4,435
4JPV_HLG,4DVR_HLG,4LSV_HLG,0,ours_proteinmpnn,-0.7113,0.3311,18,100.6,88.2,458
4JPV_HLG,4DVR_HLG,4LSV_HLG,0,ours_proteinmpnn_live,-0.4043,0.6296,18,100.5,87.9,451
4JPV_HLG,4DVR_HLG,4LSV_HLG,0,rand_base_abmpnn_ar,-0.3065,1.0357,18,,,
4JPV_HLG,4DVR_HLG,4LSV_HLG,0,rand_base_antifold,-0.3059,1.0490,18,,,
4JPV_HLG,4DVR_HLG,4LSV_HLG,0,rand_base_proteinmpnn_ar,0.8372,2.1542,18,,,
4JPV_HLG,4DVR_HLG,4LSV_HLG,0,rand_ours_abmpnn_live,0.4056,1.4022,18,,,
4JPV_HLG,4DVR_HLG,4LSV_HLG,0,rand_ours_antifold,0.3551,1.1944,18,,,
4JPV_HLG,4DVR_HLG,4LSV_HLG,0,rand_ours_proteinmpnn_live,0.6960,2.3824,18,,,
4K2U_HLA,4K2U_HLA,4K2U_HLA,0,base_abmpnn_ar,0.8172,1.4304,18,7.8,7.1,0
4K2U_HLA,4K2U_HLA,4K2U_HLA,0,base_abmpnn_ar_t1,1.4595,2.7597,18,8.4,8.0,0
4K2U_HLA,4K2U_HLA,4K2U_HLA,0,base_abmpnn_npz,0.8280,1.0681,18,0.0,0.0,0
4K2U_HLA,4K2U_HLA,4K2U_HLA,0,base_antifold,0.1110,1.2200,18,0.0,0.0,0
4K2U_HLA,4K2U_HLA,4K2U_HLA,0,base_antifold_t1,0.7782,2.5286,18,1.6,0.0,0
4K2U_HLA,4K2U_HLA,4K2U_HLA,0,base_diffab,1.7147,5.0381,18,15.0,0.0,0
4K2U_HLA,4K2U_HLA,4K2U_HLA,0,base_diffusion,4.9537,6.4234,18,26.4,16.3,0
4K2U_HLA,4K2U_HLA,4K2U_HLA,0,base_diffusion_s,3.5185,5.2893,6,25.1,16.3,98
4K2U_HLA,4K2U_HLA,4K2U_HLA,0,base_esmif,0.2926,1.0118,18,0.0,0.0,0
4K2U_HLA,4K2U_HLA,4K2U_HLA,0,base_esmif_ar,-0.2946,0.5312,18,7.9,0.0,0
4K2U_HLA,4K2U_HLA,4K2U_HLA,0,base_esmif_ar_t1,-0.0277,1.5104,18,7.4,0.0,0
4K2U_HLA,4K2U_HLA,4K2U_HLA,0,base_iglm,6.3070,6.7153,12,1.7,0.0,0
4K2U_HLA,4K2U_HLA,4K2U_HLA,0,base_proteinmpnn,-0.2972,1.0592,18,0.0,0.0,0
4K2U_HLA,4K2U_HLA,4K2U_HLA,0,base_proteinmpnn_ar,0.1038,1.3017,18,7.7,6.5,0
4K2U_HLA,4K2U_HLA,4K2U_HLA,0,base_proteinmpnn_ar_t1,0.5470,2.8802,18,8.4,7.9,0
4K2U_HLA,4K2U_HLA,4K2U_HLA,0,grad_diffusion,-0.1009,0.9999,18,26.9,16.5,0
4K2U_HLA,4K2U_HLA,4K2U_HLA,0,obj_wt,0.3900,1.1691,6,21.4,13.0,466
4K2U_HLA,4K2U_HLA,4K2U_HLA,0,ours_abmpnn_live,-0.6389,1.2260,18,92.3,80.8,476
4K2U_HLA,4K2U_HLA,4K2U_HLA,0,ours_abmpnn_npz,-0.7109,1.7330,18,92.0,81.0,495
4K2U_HLA,4K2U_HLA,4K2U_HLA,0,ours_antifold,-1.1702,0.8328,18,86.8,75.9,456
4K2U_HLA,4K2U_HLA,4K2U_HLA,0,ours_diffusion,2.5932,4.7207,18,97.3,86.1,521
4K2U_HLA,4K2U_HLA,4K2U_HLA,0,ours_esmif,-0.8487,0.4860,18,90.4,79.5,481
4K2U_HLA,4K2U_HLA,4K2U_HLA,0,ours_proteinmpnn,0.4223,1.4034,18,97.3,86.3,526
4K2U_HLA,4K2U_HLA,4K2U_HLA,0,ours_proteinmpnn_live,-1.0091,1.4030,18,97.3,85.8,513
4K2U_HLA,4K2U_HLA,4K2U_HLA,0,rand_base_abmpnn_ar,1.5903,3.5692,18,,,
4K2U_HLA,4K2U_HLA,4K2U_HLA,0,rand_base_antifold,1.1543,3.6659,18,,,
4K2U_HLA,4K2U_HLA,4K2U_HLA,0,rand_base_proteinmpnn_ar,2.4834,5.1069,18,,,
4K2U_HLA,4K2U_HLA,4K2U_HLA,0,rand_ours_abmpnn_live,0.9964,3.2739,18,,,
4K2U_HLA,4K2U_HLA,4K2U_HLA,0,rand_ours_antifold,0.4513,2.8636,18,,,
4K2U_HLA,4K2U_HLA,4K2U_HLA,0,rand_ours_proteinmpnn_live,2.7338,5.5023,18,,,
4L5F_HLE,5VIC_HLE,4L5F_HLE,1,base_abmpnn_ar,-0.2062,0.3120,18,6.8,6.1,0
4L5F_HLE,5VIC_HLE,4L5F_HLE,1,base_abmpnn_ar_t1,-0.0652,1.4711,18,7.1,6.6,0
4L5F_HLE,5VIC_HLE,4L5F_HLE,1,base_abmpnn_npz,0.1664,0.9583,18,0.0,0.0,0
4L5F_HLE,5VIC_HLE,4L5F_HLE,1,base_antifold,1.1222,2.3989,18,0.0,0.0,0
4L5F_HLE,5VIC_HLE,4L5F_HLE,1,base_antifold_t1,1.1032,2.4053,18,1.9,0.0,0
4L5F_HLE,5VIC_HLE,4L5F_HLE,1,base_diffab,2.8044,3.9771,18,13.5,0.0,0
4L5F_HLE,5VIC_HLE,4L5F_HLE,1,base_diffusion,3.3687,4.4121,18,20.6,10.7,0
4L5F_HLE,5VIC_HLE,4L5F_HLE,1,base_diffusion_s,2.9371,4.4336,12,18.7,10.8,70
4L5F_HLE,5VIC_HLE,4L5F_HLE,1,base_esmif,0.0277,0.4156,18,0.0,0.0,0
4L5F_HLE,5VIC_HLE,4L5F_HLE,1,base_esmif_ar,0.1815,0.7726,18,6.0,0.0,0
4L5F_HLE,5VIC_HLE,4L5F_HLE,1,base_esmif_ar_t1,0.6058,1.8008,18,5.6,0.0,0
4L5F_HLE,5VIC_HLE,4L5F_HLE,1,base_iglm,5.2373,5.8381,18,2.4,0.0,0
4L5F_HLE,5VIC_HLE,4L5F_HLE,1,base_proteinmpnn,2.3779,3.2497,18,0.0,0.0,0
4L5F_HLE,5VIC_HLE,4L5F_HLE,1,base_proteinmpnn_ar,1.0799,2.8937,18,6.5,5.5,0
4L5F_HLE,5VIC_HLE,4L5F_HLE,1,base_proteinmpnn_ar_t1,1.4561,3.3950,18,7.3,6.5,0
4L5F_HLE,5VIC_HLE,4L5F_HLE,1,grad_diffusion,-0.0815,1.2267,18,19.8,10.7,0
4L5F_HLE,5VIC_HLE,4L5F_HLE,1,obj_mint,0.9049,2.6251,18,101.3,86.6,333
4L5F_HLE,5VIC_HLE,4L5F_HLE,1,obj_wt,-0.0234,1.8618,12,15.4,8.2,324
4L5F_HLE,5VIC_HLE,4L5F_HLE,1,ours_abmpnn_live,-0.1709,0.7093,18,55.7,46.5,300
4L5F_HLE,5VIC_HLE,4L5F_HLE,1,ours_abmpnn_npz,0.1761,1.5183,18,57.2,47.9,318
4L5F_HLE,5VIC_HLE,4L5F_HLE,1,ours_antifold,0.6008,1.9752,18,57.7,47.6,319
4L5F_HLE,5VIC_HLE,4L5F_HLE,1,ours_diffusion,0.8084,4.2115,18,62.0,52.7,348
4L5F_HLE,5VIC_HLE,4L5F_HLE,1,ours_esmif,0.3291,1.2437,18,62.6,52.9,352
4L5F_HLE,5VIC_HLE,4L5F_HLE,1,ours_proteinmpnn,0.4235,2.8238,18,63.5,54.0,357
4L5F_HLE,5VIC_HLE,4L5F_HLE,1,ours_proteinmpnn_live,0.4112,2.5256,18,63.3,53.8,350
4L5F_HLE,5VIC_HLE,4L5F_HLE,1,rand_base_abmpnn_ar,0.0026,1.7189,18,,,
4L5F_HLE,5VIC_HLE,4L5F_HLE,1,rand_base_antifold,1.3142,2.8456,18,,,
4L5F_HLE,5VIC_HLE,4L5F_HLE,1,rand_base_proteinmpnn_ar,2.9471,5.0089,18,,,
4L5F_HLE,5VIC_HLE,4L5F_HLE,1,rand_ours_abmpnn_live,0.4720,2.3974,18,,,
4L5F_HLE,5VIC_HLE,4L5F_HLE,1,rand_ours_antifold,1.3680,3.1978,18,,,
4L5F_HLE,5VIC_HLE,4L5F_HLE,1,rand_ours_proteinmpnn_live,1.9700,4.9839,18,,,
4LMQ_HLD,4LMQ_HLD,4LMQ_HLD,0,base_abmpnn_ar,0.0753,1.3455,18,6.7,5.0,0
4LMQ_HLD,4LMQ_HLD,4LMQ_HLD,0,base_abmpnn_ar_t1,-0.9674,1.7866,18,6.4,6.0,0
4LMQ_HLD,4LMQ_HLD,4LMQ_HLD,0,base_abmpnn_npz,0.7866,1.4409,18,0.0,0.0,0
4LMQ_HLD,4LMQ_HLD,4LMQ_HLD,0,base_antifold,-0.4570,-0.2109,18,0.0,0.0,0
4LMQ_HLD,4LMQ_HLD,4LMQ_HLD,0,base_antifold_t1,-0.5032,0.8592,18,1.4,0.0,0
4LMQ_HLD,4LMQ_HLD,4LMQ_HLD,0,base_diffab,0.3527,2.7487,18,11.8,0.0,0
4LMQ_HLD,4LMQ_HLD,4LMQ_HLD,0,base_diffusion,3.2568,5.3269,18,23.9,14.7,0
4LMQ_HLD,4LMQ_HLD,4LMQ_HLD,0,base_diffusion_s,1.9879,4.5993,12,22.8,14.8,98
4LMQ_HLD,4LMQ_HLD,4LMQ_HLD,0,base_esmif,0.8625,1.8227,18,0.0,0.0,0
4LMQ_HLD,4LMQ_HLD,4LMQ_HLD,0,base_esmif_ar,0.7526,1.7380,18,6.6,0.0,0
4LMQ_HLD,4LMQ_HLD,4LMQ_HLD,0,base_esmif_ar_t1,0.5721,1.8759,18,6.6,0.0,0
4LMQ_HLD,4LMQ_HLD,4LMQ_HLD,0,base_iglm,4.4666,4.6744,12,2.0,0.0,0
4LMQ_HLD,4LMQ_HLD,4LMQ_HLD,0,base_proteinmpnn,-0.3240,1.2245,18,0.0,0.0,0
4LMQ_HLD,4LMQ_HLD,4LMQ_HLD,0,base_proteinmpnn_ar,0.7013,2.0176,18,6.0,5.1,0
4LMQ_HLD,4LMQ_HLD,4LMQ_HLD,0,base_proteinmpnn_ar_t1,-0.6804,2.2329,18,6.5,6.0,0
4LMQ_HLD,4LMQ_HLD,4LMQ_HLD,0,grad_diffusion,-0.3719,0.5258,18,23.8,14.6,0
4LMQ_HLD,4LMQ_HLD,4LMQ_HLD,0,obj_mint,-0.3792,0.5708,6,126.1,111.5,459
4LMQ_HLD,4LMQ_HLD,4LMQ_HLD,0,obj_wt,-1.1464,0.5457,6,19.7,11.8,461
4LMQ_HLD,4LMQ_HLD,4LMQ_HLD,0,ours_abmpnn_live,-0.8072,0.9605,18,81.2,70.9,463
4LMQ_HLD,4LMQ_HLD,4LMQ_HLD,0,ours_abmpnn_npz,-0.2369,1.2963,18,77.7,67.2,449
4LMQ_HLD,4LMQ_HLD,4LMQ_HLD,0,ours_antifold,-1.9311,0.0713,18,79.2,69.1,460
4LMQ_HLD,4LMQ_HLD,4LMQ_HLD,0,ours_diffusion,2.5412,3.7796,18,88.2,78.1,520
4LMQ_HLD,4LMQ_HLD,4LMQ_HLD,0,ours_esmif,0.1678,1.6235,18,85.0,75.1,497
4LMQ_HLD,4LMQ_HLD,4LMQ_HLD,0,ours_proteinmpnn,0.5199,1.6473,18,88.3,78.1,515
4LMQ_HLD,4LMQ_HLD,4LMQ_HLD,0,ours_proteinmpnn_live,0.6442,2.0971,18,87.6,77.2,510
4LMQ_HLD,4LMQ_HLD,4LMQ_HLD,0,rand_base_abmpnn_ar,0.6521,2.3546,18,,,
4LMQ_HLD,4LMQ_HLD,4LMQ_HLD,0,rand_base_antifold,0.4214,1.3610,18,,,
4LMQ_HLD,4LMQ_HLD,4LMQ_HLD,0,rand_base_proteinmpnn_ar,2.0645,3.8651,18,,,
4LMQ_HLD,4LMQ_HLD,4LMQ_HLD,0,rand_ours_abmpnn_live,0.7872,2.8721,18,,,
4LMQ_HLD,4LMQ_HLD,4LMQ_HLD,0,rand_ours_antifold,1.0015,2.4333,18,,,
4LMQ_HLD,4LMQ_HLD,4LMQ_HLD,0,rand_ours_proteinmpnn_live,1.7037,4.2386,18,,,
4NZT_HLM,4NZT_HLM,4FQI_HLA,0,base_abmpnn_ar,-0.8540,-0.4232,18,9.4,8.0,0
4NZT_HLM,4NZT_HLM,4FQI_HLA,0,base_abmpnn_ar_t1,-0.5609,0.1600,18,10.7,10.1,0
4NZT_HLM,4NZT_HLM,4FQI_HLA,0,base_abmpnn_npz,-0.0898,0.1223,18,0.0,0.0,0
4NZT_HLM,4NZT_HLM,4FQI_HLA,0,base_antifold,-0.0292,0.1559,18,0.0,0.0,0
4NZT_HLM,4NZT_HLM,4FQI_HLA,0,base_antifold_t1,-0.2764,0.2051,18,1.0,0.0,0
4NZT_HLM,4NZT_HLM,4FQI_HLA,0,base_diffab,-0.7088,-0.1464,18,14.3,0.0,0
4NZT_HLM,4NZT_HLM,4FQI_HLA,0,base_diffusion,-0.5529,0.4978,18,31.1,19.1,0
4NZT_HLM,4NZT_HLM,4FQI_HLA,0,base_diffusion_s,-0.4706,0.3054,12,29.8,19.1,98
4NZT_HLM,4NZT_HLM,4FQI_HLA,0,base_esmif,0.0145,0.2890,18,0.3,0.0,0
4NZT_HLM,4NZT_HLM,4FQI_HLA,0,base_esmif_ar,0.1541,0.2729,18,8.0,0.0,0
4NZT_HLM,4NZT_HLM,4FQI_HLA,0,base_esmif_ar_t1,-0.4055,0.3893,18,8.6,0.0,0
4NZT_HLM,4NZT_HLM,4FQI_HLA,0,base_iglm,0.4022,0.8616,18,3.2,0.0,0
4NZT_HLM,4NZT_HLM,4FQI_HLA,0,base_proteinmpnn,-0.4061,-0.1018,18,0.0,0.0,0
4NZT_HLM,4NZT_HLM,4FQI_HLA,0,base_proteinmpnn_ar,-0.5425,0.1571,18,8.9,8.2,0
4NZT_HLM,4NZT_HLM,4FQI_HLA,0,base_proteinmpnn_ar_t1,-0.5198,0.3163,18,10.7,10.0,0
4NZT_HLM,4NZT_HLM,4FQI_HLA,0,base_rfantibody,0.6014,0.7798,6,608.2,0.0,0
4NZT_HLM,4NZT_HLM,4FQI_HLA,0,grad_diffusion,-1.4047,-0.9688,18,31.0,19.1,0
4NZT_HLM,4NZT_HLM,4FQI_HLA,0,obj_mint,-0.4016,0.0134,12,182.8,165.0,496
4NZT_HLM,4NZT_HLM,4FQI_HLA,0,obj_wt,-0.3483,0.1839,6,25.7,15.7,485
4NZT_HLM,4NZT_HLM,4FQI_HLA,0,ours_abmpnn_live,-0.8961,-0.1946,18,108.2,95.0,496
4NZT_HLM,4NZT_HLM,4FQI_HLA,0,ours_abmpnn_npz,-0.4270,-0.0192,18,105.6,92.7,489
4NZT_HLM,4NZT_HLM,4FQI_HLA,0,ours_antifold,-0.5121,0.0442,18,101.9,89.1,471
4NZT_HLM,4NZT_HLM,4FQI_HLA,0,ours_diffusion,-0.2386,0.3386,18,112.0,98.7,515
4NZT_HLM,4NZT_HLM,4FQI_HLA,0,ours_esmif,-0.3824,0.2888,18,111.5,98.4,516
4NZT_HLM,4NZT_HLM,4FQI_HLA,0,ours_proteinmpnn,-0.4621,0.0338,18,115.6,102.6,541
4NZT_HLM,4NZT_HLM,4FQI_HLA,0,ours_proteinmpnn_live,-0.8646,-0.0278,18,117.2,104.0,542
4NZT_HLM,4NZT_HLM,4FQI_HLA,0,rand_base_abmpnn_ar,-0.3805,0.2234,18,,,
4NZT_HLM,4NZT_HLM,4FQI_HLA,0,rand_base_antifold,-0.3852,0.3182,18,,,
4NZT_HLM,4NZT_HLM,4FQI_HLA,0,rand_base_proteinmpnn_ar,-0.6580,0.5033,18,,,
4NZT_HLM,4NZT_HLM,4FQI_HLA,0,rand_ours_abmpnn_live,-0.1596,0.3642,18,,,
4NZT_HLM,4NZT_HLM,4FQI_HLA,0,rand_ours_antifold,-0.0474,0.4921,18,,,
4NZT_HLM,4NZT_HLM,4FQI_HLA,0,rand_ours_proteinmpnn_live,-0.6411,0.6232,18,,,
4OCL_FE,4OCL_FE,4OCN_FE,0,base_abmpnn_ar,2.7244,3.5210,18,4.1,3.4,0
4OCL_FE,4OCL_FE,4OCN_FE,0,base_abmpnn_ar_t1,0.9764,3.9832,18,4.3,4.1,0
4OCL_FE,4OCL_FE,4OCN_FE,0,base_abmpnn_npz,2.9428,3.3760,18,0.0,0.0,0
4OCL_FE,4OCL_FE,4OCN_FE,0,base_antifold,4.1644,4.9072,18,0.1,0.0,0
4OCL_FE,4OCL_FE,4OCN_FE,0,base_antifold_t1,2.9736,4.9211,18,0.7,0.0,0
4OCL_FE,4OCL_FE,4OCN_FE,0,base_diffab,5.8707,10.4543,18,13.5,0.0,0
4OCL_FE,4OCL_FE,4OCN_FE,0,base_diffusion,7.3517,9.4437,18,23.5,14.3,0
4OCL_FE,4OCL_FE,4OCN_FE,0,base_diffusion_s,5.8468,11.3977,12,24.7,16.4,105
4OCL_FE,4OCL_FE,4OCN_FE,0,base_esmif,-0.1576,0.8645,18,0.0,0.0,0
4OCL_FE,4OCL_FE,4OCN_FE,0,base_esmif_ar,-0.3091,0.7943,18,6.8,0.0,0
4OCL_FE,4OCL_FE,4OCN_FE,0,base_esmif_ar_t1,1.0823,2.2551,18,6.0,0.0,0
4OCL_FE,4OCL_FE,4OCN_FE,0,base_iglm,11.8806,12.3567,12,2.0,0.0,0
4OCL_FE,4OCL_FE,4OCN_FE,0,base_proteinmpnn,1.0954,2.0746,18,0.0,0.0,0
4OCL_FE,4OCL_FE,4OCN_FE,0,base_proteinmpnn_ar,0.9792,2.3543,18,4.1,3.4,0
4OCL_FE,4OCL_FE,4OCN_FE,0,base_proteinmpnn_ar_t1,1.3106,3.8627,18,4.7,4.1,0
4OCL_FE,4OCL_FE,4OCN_FE,0,grad_diffusion,-0.1372,0.4432,18,24.2,14.6,0
4OCL_FE,4OCL_FE,4OCN_FE,0,obj_mint,3.0224,4.7453,18,107.3,93.5,519
4OCL_FE,4OCL_FE,4OCN_FE,0,obj_wt,3.1753,3.6766,6,21.4,13.2,512
4OCL_FE,4OCL_FE,4OCN_FE,0,ours_abmpnn_live,0.4973,2.3671,18,91.0,80.7,514
4OCL_FE,4OCL_FE,4OCN_FE,0,ours_abmpnn_npz,1.5426,3.2705,18,86.8,76.6,509
4OCL_FE,4OCL_FE,4OCN_FE,0,ours_antifold,0.1963,2.6575,18,92.1,81.3,527
4OCL_FE,4OCL_FE,4OCN_FE,0,ours_diffusion,3.1204,7.5950,18,93.7,83.2,550
4OCL_FE,4OCL_FE,4OCN_FE,0,ours_esmif,0.4857,1.5009,18,88.8,77.7,513
4OCL_FE,4OCL_FE,4OCN_FE,0,ours_proteinmpnn,0.6538,1.9444,18,91.2,80.4,531
4OCL_FE,4OCL_FE,4OCN_FE,0,ours_proteinmpnn_live,0.5122,2.7020,18,94.5,84.0,540
4OCL_FE,4OCL_FE,4OCN_FE,0,rand_base_abmpnn_ar,5.5825,9.0065,18,,,
4OCL_FE,4OCL_FE,4OCN_FE,0,rand_base_antifold,4.6488,8.0249,18,,,
4OCL_FE,4OCL_FE,4OCN_FE,0,rand_base_proteinmpnn_ar,5.0106,7.5766,18,,,
4OCL_FE,4OCL_FE,4OCN_FE,0,rand_ours_abmpnn_live,5.6075,7.9863,18,,,
4OCL_FE,4OCL_FE,4OCN_FE,0,rand_ours_antifold,4.6213,8.0865,18,,,
4OCL_FE,4OCL_FE,4OCN_FE,0,rand_ours_proteinmpnn_live,4.3953,8.1097,18,,,
4OII_HLA,4OII_HLA,4OII_HLA,0,base_abmpnn_ar,0.0879,0.6327,18,11.6,10.8,0
4OII_HLA,4OII_HLA,4OII_HLA,0,base_abmpnn_ar_t1,-0.2852,2.0255,18,7.6,7.2,0
4OII_HLA,4OII_HLA,4OII_HLA,0,base_abmpnn_npz,-0.2539,0.1370,18,0.1,0.0,0
4OII_HLA,4OII_HLA,4OII_HLA,0,base_antifold,2.3619,3.8869,18,0.1,0.0,0
4OII_HLA,4OII_HLA,4OII_HLA,0,base_antifold_t1,2.8266,4.9733,18,1.4,0.0,0
4OII_HLA,4OII_HLA,4OII_HLA,0,base_diffab,2.3958,5.4593,18,14.5,0.0,0
4OII_HLA,4OII_HLA,4OII_HLA,0,base_diffusion,7.4171,8.4233,18,20.2,11.0,0
4OII_HLA,4OII_HLA,4OII_HLA,0,base_diffusion_s,5.0570,7.9969,12,19.3,11.2,70
4OII_HLA,4OII_HLA,4OII_HLA,0,base_esmif,0.2468,2.2872,18,0.0,0.0,0
4OII_HLA,4OII_HLA,4OII_HLA,0,base_esmif_ar,0.6483,2.4880,18,12.0,0.0,0
4OII_HLA,4OII_HLA,4OII_HLA,0,base_esmif_ar_t1,2.0632,3.6306,18,6.1,0.0,0
4OII_HLA,4OII_HLA,4OII_HLA,0,base_iglm,9.8634,10.4908,18,1.7,0.0,0
4OII_HLA,4OII_HLA,4OII_HLA,0,base_proteinmpnn,1.0333,2.8772,18,0.0,0.0,0
4OII_HLA,4OII_HLA,4OII_HLA,0,base_proteinmpnn_ar,0.2040,3.4408,18,7.0,6.1,0
4OII_HLA,4OII_HLA,4OII_HLA,0,base_proteinmpnn_ar_t1,3.1428,5.1511,18,7.8,7.2,0
4OII_HLA,4OII_HLA,4OII_HLA,0,grad_diffusion,0.0235,0.7059,18,20.7,11.1,0
4OII_HLA,4OII_HLA,4OII_HLA,0,obj_mint,0.3238,3.7925,6,102.6,88.0,314
4OII_HLA,4OII_HLA,4OII_HLA,0,obj_wt,0.3107,2.3480,6,15.8,8.3,307
4OII_HLA,4OII_HLA,4OII_HLA,0,ours_abmpnn_live,-0.1881,0.4620,18,57.7,48.0,301
4OII_HLA,4OII_HLA,4OII_HLA,0,ours_abmpnn_npz,-0.1362,0.7968,18,57.8,47.5,304
4OII_HLA,4OII_HLA,4OII_HLA,0,ours_antifold,-0.0564,3.1725,18,57.6,47.8,313
4OII_HLA,4OII_HLA,4OII_HLA,0,ours_diffusion,3.5414,7.3695,18,65.3,55.5,357
4OII_HLA,4OII_HLA,4OII_HLA,0,ours_esmif,0.1416,1.7091,18,57.5,47.9,310
4OII_HLA,4OII_HLA,4OII_HLA,0,ours_proteinmpnn,-0.1381,1.7508,18,63.4,53.6,341
4OII_HLA,4OII_HLA,4OII_HLA,0,ours_proteinmpnn_live,0.3854,3.0103,18,65.0,55.0,345
4OII_HLA,4OII_HLA,4OII_HLA,0,rand_base_abmpnn_ar,-0.0723,3.3179,18,,,
4OII_HLA,4OII_HLA,4OII_HLA,0,rand_base_antifold,0.4920,3.5281,18,,,
4OII_HLA,4OII_HLA,4OII_HLA,0,rand_base_proteinmpnn_ar,3.6427,6.6692,18,,,
4OII_HLA,4OII_HLA,4OII_HLA,0,rand_ours_abmpnn_live,0.3712,2.5444,18,,,
4OII_HLA,4OII_HLA,4OII_HLA,0,rand_ours_antifold,1.1271,4.7927,18,,,
4OII_HLA,4OII_HLA,4OII_HLA,0,rand_ours_proteinmpnn_live,1.0804,6.7096,18,,,
4UT9_HLA,4UT9_HLA,4UT9_HLA,0,base_abmpnn_ar,2.3772,4.0591,18,7.9,7.3,0
4UT9_HLA,4UT9_HLA,4UT9_HLA,0,base_abmpnn_ar_t1,1.5791,4.2192,18,9.7,8.5,0
4UT9_HLA,4UT9_HLA,4UT9_HLA,0,base_abmpnn_npz,1.1039,2.8303,18,0.0,0.0,0
4UT9_HLA,4UT9_HLA,4UT9_HLA,0,base_antifold,2.6436,3.9861,18,0.0,0.0,0
4UT9_HLA,4UT9_HLA,4UT9_HLA,0,base_antifold_t1,3.6021,5.1828,18,1.1,0.0,0
4UT9_HLA,4UT9_HLA,4UT9_HLA,0,base_diffab,4.6087,7.4631,18,15.3,0.0,0
4UT9_HLA,4UT9_HLA,4UT9_HLA,0,base_diffusion,6.6762,8.9411,18,60.6,42.9,0
4UT9_HLA,4UT9_HLA,4UT9_HLA,0,base_diffusion_s,5.9029,8.9392,18,58.6,42.6,140
4UT9_HLA,4UT9_HLA,4UT9_HLA,0,base_esmif,1.3375,2.8415,18,0.0,0.0,0
4UT9_HLA,4UT9_HLA,4UT9_HLA,0,base_esmif_ar,2.2887,3.4115,18,9.4,0.0,0
4UT9_HLA,4UT9_HLA,4UT9_HLA,0,base_esmif_ar_t1,1.8254,4.3538,18,10.1,0.0,0
4UT9_HLA,4UT9_HLA,4UT9_HLA,0,base_iglm,8.4671,8.9252,18,3.0,0.0,0
4UT9_HLA,4UT9_HLA,4UT9_HLA,0,base_proteinmpnn,2.5402,4.0271,18,0.0,0.0,0
4UT9_HLA,4UT9_HLA,4UT9_HLA,0,base_proteinmpnn_ar,1.5321,3.4285,18,8.5,7.4,0
4UT9_HLA,4UT9_HLA,4UT9_HLA,0,base_proteinmpnn_ar_t1,1.8057,4.9155,18,27.1,26.5,0
4UT9_HLA,4UT9_HLA,4UT9_HLA,0,grad_diffusion,1.9442,3.9076,18,60.3,42.7,0
4UT9_HLA,4UT9_HLA,4UT9_HLA,0,obj_wt,2.5865,3.3335,6,53.9,36.8,731
4UT9_HLA,4UT9_HLA,4UT9_HLA,0,ours_abmpnn_live,0.9363,2.9910,18,246.5,224.5,735
4UT9_HLA,4UT9_HLA,4UT9_HLA,0,ours_abmpnn_npz,0.3371,2.5917,18,240.2,219.4,743
4UT9_HLA,4UT9_HLA,4UT9_HLA,0,ours_antifold,2.0723,3.4898,18,238.1,217.4,734
4UT9_HLA,4UT9_HLA,4UT9_HLA,0,ours_diffusion,5.5552,8.4086,18,258.6,237.1,795
4UT9_HLA,4UT9_HLA,4UT9_HLA,0,ours_esmif,1.2785,2.7345,18,246.9,225.9,762
4UT9_HLA,4UT9_HLA,4UT9_HLA,0,ours_proteinmpnn,1.4262,3.6108,18,251.7,230.6,782
4UT9_HLA,4UT9_HLA,4UT9_HLA,0,ours_proteinmpnn_live,1.1785,3.3349,18,256.9,234.7,768
4UT9_HLA,4UT9_HLA,4UT9_HLA,0,rand_base_abmpnn_ar,2.5465,5.5120,18,,,
4UT9_HLA,4UT9_HLA,4UT9_HLA,0,rand_base_antifold,2.2357,4.4504,18,,,
4UT9_HLA,4UT9_HLA,4UT9_HLA,0,rand_base_proteinmpnn_ar,4.0730,5.5220,18,,,
4UT9_HLA,4UT9_HLA,4UT9_HLA,0,rand_ours_abmpnn_live,1.9705,5.8709,18,,,
4UT9_HLA,4UT9_HLA,4UT9_HLA,0,rand_ours_antifold,2.3502,5.1001,18,,,
4UT9_HLA,4UT9_HLA,4UT9_HLA,0,rand_ours_proteinmpnn_live,3.2150,6.7555,18,,,
4UTA_HLB,4UTA_HLB,4UTA_HLB,0,base_abmpnn_ar,-0.6646,0.7697,18,9.1,8.1,0
4UTA_HLB,4UTA_HLB,4UTA_HLB,0,base_abmpnn_ar_t1,0.7291,2.0673,18,9.9,9.5,0
4UTA_HLB,4UTA_HLB,4UTA_HLB,0,base_abmpnn_npz,0.7439,0.9872,18,0.0,0.0,0
4UTA_HLB,4UTA_HLB,4UTA_HLB,0,base_antifold,-0.0279,0.9171,18,0.1,0.0,0
4UTA_HLB,4UTA_HLB,4UTA_HLB,0,base_antifold_t1,-0.4443,1.4609,18,2.4,0.0,0
4UTA_HLB,4UTA_HLB,4UTA_HLB,0,base_diffab,2.3267,6.9190,18,14.2,0.0,0
4UTA_HLB,4UTA_HLB,4UTA_HLB,0,base_diffusion,4.3426,5.5060,18,31.8,20.4,0
4UTA_HLB,4UTA_HLB,4UTA_HLB,0,base_diffusion_s,3.0218,4.3981,6,30.0,19.9,105
4UTA_HLB,4UTA_HLB,4UTA_HLB,0,base_esmif,0.5590,2.1798,18,0.0,0.0,0
4UTA_HLB,4UTA_HLB,4UTA_HLB,0,base_esmif_ar,0.8044,1.9970,18,10.6,0.0,0
4UTA_HLB,4UTA_HLB,4UTA_HLB,0,base_esmif_ar_t1,-0.5517,2.1068,18,9.2,0.0,0
4UTA_HLB,4UTA_HLB,4UTA_HLB,0,base_iglm,8.5379,9.0966,18,2.1,0.0,0
4UTA_HLB,4UTA_HLB,4UTA_HLB,0,base_proteinmpnn,0.9858,2.4865,18,0.0,0.0,0
4UTA_HLB,4UTA_HLB,4UTA_HLB,0,base_proteinmpnn_ar,0.3262,1.6132,18,8.8,8.3,0
4UTA_HLB,4UTA_HLB,4UTA_HLB,0,base_proteinmpnn_ar_t1,1.9364,4.0177,18,10.4,9.9,0
4UTA_HLB,4UTA_HLB,4UTA_HLB,0,grad_diffusion,-0.6013,1.0259,18,32.2,20.6,0
4UTA_HLB,4UTA_HLB,4UTA_HLB,0,obj_mint,0.2971,1.0527,6,228.7,209.1,516
4UTA_HLB,4UTA_HLB,4UTA_HLB,0,obj_wt,0.2277,1.2409,6,26.6,16.3,511
4UTA_HLB,4UTA_HLB,4UTA_HLB,0,ours_abmpnn_live,-0.5307,1.6243,18,116.1,102.9,531
4UTA_HLB,4UTA_HLB,4UTA_HLB,0,ours_abmpnn_npz,0.4797,1.6430,18,113.7,100.9,530
4UTA_HLB,4UTA_HLB,4UTA_HLB,0,ours_antifold,0.0641,1.2610,18,110.2,97.0,511
4UTA_HLB,4UTA_HLB,4UTA_HLB,0,ours_diffusion,2.4813,4.8980,18,119.0,106.2,559
4UTA_HLB,4UTA_HLB,4UTA_HLB,0,ours_esmif,-0.7441,1.6979,18,112.9,100.3,527
4UTA_HLB,4UTA_HLB,4UTA_HLB,0,ours_proteinmpnn,0.8081,2.8126,18,117.0,104.2,544
4UTA_HLB,4UTA_HLB,4UTA_HLB,0,ours_proteinmpnn_live,0.6784,3.2493,18,121.0,107.8,556
4UTA_HLB,4UTA_HLB,4UTA_HLB,0,rand_base_abmpnn_ar,2.6489,4.5081,18,,,
4UTA_HLB,4UTA_HLB,4UTA_HLB,0,rand_base_antifold,1.3617,3.5408,18,,,
4UTA_HLB,4UTA_HLB,4UTA_HLB,0,rand_base_proteinmpnn_ar,4.8263,6.3344,18,,,
4UTA_HLB,4UTA_HLB,4UTA_HLB,0,rand_ours_abmpnn_live,2.6083,5.3660,18,,,
4UTA_HLB,4UTA_HLB,4UTA_HLB,0,rand_ours_antifold,0.3584,4.0789,18,,,
4UTA_HLB,4UTA_HLB,4UTA_HLB,0,rand_ours_proteinmpnn_live,4.1531,7.2405,18,,,
4YBL_HLG,4YBL_HLG,4YC2_HLG,0,base_abmpnn_ar,-0.3684,0.5884,18,6.5,5.9,0
4YBL_HLG,4YBL_HLG,4YC2_HLG,0,base_abmpnn_ar_t1,0.0265,1.7593,18,7.7,7.3,0
4YBL_HLG,4YBL_HLG,4YC2_HLG,0,base_abmpnn_npz,-0.5061,0.0898,18,0.0,0.0,0
4YBL_HLG,4YBL_HLG,4YC2_HLG,0,base_antifold,-1.3478,0.2557,18,0.0,0.0,0
4YBL_HLG,4YBL_HLG,4YC2_HLG,0,base_antifold_t1,-0.0481,2.3033,18,1.2,0.0,0
4YBL_HLG,4YBL_HLG,4YC2_HLG,0,base_diffab,1.7307,4.1548,18,13.0,0.0,0
4YBL_HLG,4YBL_HLG,4YC2_HLG,0,base_diffusion,3.4899,4.0392,18,32.4,20.8,0
4YBL_HLG,4YBL_HLG,4YC2_HLG,0,base_diffusion_s,1.1552,4.5181,12,30.4,20.3,105
4YBL_HLG,4YBL_HLG,4YC2_HLG,0,base_esmif,0.2955,0.7126,18,0.0,0.0,0
4YBL_HLG,4YBL_HLG,4YC2_HLG,0,base_esmif_ar,0.2729,0.6113,18,7.7,0.0,0
4YBL_HLG,4YBL_HLG,4YC2_HLG,0,base_esmif_ar_t1,0.2229,2.2692,18,6.8,0.0,0
4YBL_HLG,4YBL_HLG,4YC2_HLG,0,base_iglm,5.9045,6.2329,18,2.5,0.0,0
4YBL_HLG,4YBL_HLG,4YC2_HLG,0,base_proteinmpnn,-0.7508,0.0224,18,0.0,0.0,0
4YBL_HLG,4YBL_HLG,4YC2_HLG,0,base_proteinmpnn_ar,-2.0913,-0.5596,18,6.6,5.9,0
4YBL_HLG,4YBL_HLG,4YC2_HLG,0,base_proteinmpnn_ar_t1,-0.4493,2.7906,18,7.5,7.0,0
4YBL_HLG,4YBL_HLG,4YC2_HLG,0,grad_diffusion,0.1409,1.1688,18,32.3,20.8,0
4YBL_HLG,4YBL_HLG,4YC2_HLG,0,obj_mint,-1.0551,0.7513,6,233.3,214.0,518
4YBL_HLG,4YBL_HLG,4YC2_HLG,0,obj_wt,-1.1191,1.8200,6,27.2,17.1,524
4YBL_HLG,4YBL_HLG,4YC2_HLG,0,ours_abmpnn_live,-1.8547,-0.1591,18,118.0,104.8,527
4YBL_HLG,4YBL_HLG,4YC2_HLG,0,ours_abmpnn_npz,-1.3188,0.2044,18,115.0,102.2,527
4YBL_HLG,4YBL_HLG,4YC2_HLG,0,ours_antifold,-0.9298,1.1107,18,114.5,101.7,525
4YBL_HLG,4YBL_HLG,4YC2_HLG,0,ours_diffusion,0.4774,2.9568,18,122.3,109.3,563
4YBL_HLG,4YBL_HLG,4YC2_HLG,0,ours_esmif,-0.8952,1.4046,18,119.3,106.1,549
4YBL_HLG,4YBL_HLG,4YC2_HLG,0,ours_proteinmpnn,-1.1067,0.5690,18,120.5,107.6,560
4YBL_HLG,4YBL_HLG,4YC2_HLG,0,ours_proteinmpnn_live,-1.3553,0.0345,18,122.3,108.8,555
4YBL_HLG,4YBL_HLG,4YC2_HLG,0,rand_base_abmpnn_ar,0.4603,2.3897,18,,,
4YBL_HLG,4YBL_HLG,4YC2_HLG,0,rand_base_antifold,0.7710,2.0410,18,,,
4YBL_HLG,4YBL_HLG,4YC2_HLG,0,rand_base_proteinmpnn_ar,0.0016,3.5316,18,,,
4YBL_HLG,4YBL_HLG,4YC2_HLG,0,rand_ours_abmpnn_live,0.5267,3.2779,18,,,
4YBL_HLG,4YBL_HLG,4YC2_HLG,0,rand_ours_antifold,1.2189,3.0016,18,,,
4YBL_HLG,4YBL_HLG,4YC2_HLG,0,rand_ours_proteinmpnn_live,1.6299,4.3145,18,,,
4YGA_DC,4YGA_FE,4YGA_FE,0,base_abmpnn_ar,-0.1860,0.8421,18,6.5,5.8,0
4YGA_DC,4YGA_FE,4YGA_FE,0,base_abmpnn_ar_t1,1.3502,3.9084,18,8.0,7.0,0
4YGA_DC,4YGA_FE,4YGA_FE,0,base_abmpnn_npz,-0.0657,1.1939,18,0.0,0.0,0
4YGA_DC,4YGA_FE,4YGA_FE,0,base_antifold,0.4988,2.3327,18,0.0,0.0,0
4YGA_DC,4YGA_FE,4YGA_FE,0,base_antifold_t1,0.7979,2.8216,18,1.8,0.0,0
4YGA_DC,4YGA_FE,4YGA_FE,0,base_diffab,2.3691,5.0145,18,13.7,0.0,0
4YGA_DC,4YGA_FE,4YGA_FE,0,base_diffusion,6.5565,7.0769,18,19.2,10.0,0
4YGA_DC,4YGA_FE,4YGA_FE,0,base_diffusion_s,2.9211,5.7050,12,18.1,10.0,63
4YGA_DC,4YGA_FE,4YGA_FE,0,base_esmif,1.7125,2.8468,18,0.0,0.0,0
4YGA_DC,4YGA_FE,4YGA_FE,0,base_esmif_ar,0.5230,1.8139,18,6.5,0.0,0
4YGA_DC,4YGA_FE,4YGA_FE,0,base_esmif_ar_t1,-0.0976,2.4763,18,5.5,0.0,0
4YGA_DC,4YGA_FE,4YGA_FE,0,base_iglm,8.2542,8.6824,18,2.0,0.0,0
4YGA_DC,4YGA_FE,4YGA_FE,0,base_proteinmpnn,-0.5325,0.2147,18,0.0,0.0,0
4YGA_DC,4YGA_FE,4YGA_FE,0,base_proteinmpnn_ar,-1.0555,0.8133,18,6.6,5.8,0
4YGA_DC,4YGA_FE,4YGA_FE,0,base_proteinmpnn_ar_t1,2.1837,4.0690,18,7.6,7.0,0
4YGA_DC,4YGA_FE,4YGA_FE,0,grad_diffusion,-1.5313,-1.1459,18,19.4,10.0,0
4YGA_DC,4YGA_FE,4YGA_FE,0,obj_mint,0.7721,2.9968,12,100.7,85.7,315
4YGA_DC,4YGA_FE,4YGA_FE,0,obj_wt,0.2137,1.4762,6,15.7,8.2,308
4YGA_DC,4YGA_FE,4YGA_FE,0,ours_abmpnn_live,-0.3558,0.8625,18,57.8,48.1,308
4YGA_DC,4YGA_FE,4YGA_FE,0,ours_abmpnn_npz,0.2771,1.8981,18,58.3,48.7,318
4YGA_DC,4YGA_FE,4YGA_FE,0,ours_antifold,0.3056,1.3698,18,56.4,46.9,304
4YGA_DC,4YGA_FE,4YGA_FE,0,ours_diffusion,2.6484,5.2725,18,57.6,48.1,311
4YGA_DC,4YGA_FE,4YGA_FE,0,ours_esmif,-0.5635,1.4194,18,57.1,47.7,313
4YGA_DC,4YGA_FE,4YGA_FE,0,ours_proteinmpnn,-0.7607,0.7880,18,59.5,49.8,326
4YGA_DC,4YGA_FE,4YGA_FE,0,ours_proteinmpnn_live,-0.9640,0.4093,18,60.0,50.2,326
4YGA_DC,4YGA_FE,4YGA_FE,0,rand_base_abmpnn_ar,2.7696,5.6831,18,,,
4YGA_DC,4YGA_FE,4YGA_FE,0,rand_base_antifold,3.6310,7.0274,18,,,
4YGA_DC,4YGA_FE,4YGA_FE,0,rand_base_proteinmpnn_ar,1.6762,5.2022,18,,,
4YGA_DC,4YGA_FE,4YGA_FE,0,rand_ours_abmpnn_live,1.8487,6.0223,18,,,
4YGA_DC,4YGA_FE,4YGA_FE,0,rand_ours_antifold,2.4132,6.3005,18,,,
4YGA_DC,4YGA_FE,4YGA_FE,0,rand_ours_proteinmpnn_live,1.6382,5.8011,18,,,
5CZX_HLA,5CZV_HLA,5CZX_HLA,0,base_abmpnn_ar,-0.4591,-0.2148,18,12.6,12.1,0
5CZX_HLA,5CZV_HLA,5CZX_HLA,0,base_abmpnn_ar_t1,-0.3540,-0.0170,18,8.1,7.9,0
5CZX_HLA,5CZV_HLA,5CZX_HLA,0,base_abmpnn_npz,-0.6045,-0.4262,18,0.0,0.0,0
5CZX_HLA,5CZV_HLA,5CZX_HLA,0,base_antifold,0.1177,0.5716,18,0.0,0.0,0
5CZX_HLA,5CZV_HLA,5CZX_HLA,0,base_antifold_t1,0.2088,1.6141,18,0.9,0.0,0
5CZX_HLA,5CZV_HLA,5CZX_HLA,0,base_diffab,1.0436,4.3643,18,14.0,0.0,0
5CZX_HLA,5CZV_HLA,5CZX_HLA,0,base_diffusion,1.1158,2.7575,18,23.6,13.6,0
5CZX_HLA,5CZV_HLA,5CZX_HLA,0,base_diffusion_s,1.3238,3.9261,12,22.4,13.8,84
5CZX_HLA,5CZV_HLA,5CZX_HLA,0,base_esmif,-0.1243,0.2402,18,0.0,0.0,0
5CZX_HLA,5CZV_HLA,5CZX_HLA,0,base_esmif_ar,-0.0670,0.2844,18,14.1,0.0,0
5CZX_HLA,5CZV_HLA,5CZX_HLA,0,base_esmif_ar_t1,-0.5956,0.5616,18,6.7,0.0,0
5CZX_HLA,5CZV_HLA,5CZX_HLA,0,base_iglm,5.3631,5.6884,18,2.1,0.0,0
5CZX_HLA,5CZV_HLA,5CZX_HLA,0,base_proteinmpnn,1.1474,1.2997,18,0.0,0.0,0
5CZX_HLA,5CZV_HLA,5CZX_HLA,0,base_proteinmpnn_ar,0.5002,1.5329,18,7.9,7.0,0
5CZX_HLA,5CZV_HLA,5CZX_HLA,0,base_proteinmpnn_ar_t1,-0.1080,1.8143,18,8.6,7.8,0
5CZX_HLA,5CZV_HLA,5CZX_HLA,0,base_rfantibody,5.2532,5.7829,6,368.7,0.0,0
5CZX_HLA,5CZV_HLA,5CZX_HLA,0,grad_diffusion,0.0125,0.7119,18,24.1,14.0,0
5CZX_HLA,5CZV_HLA,5CZX_HLA,0,obj_mint,0.3025,1.3483,12,137.9,122.2,409
5CZX_HLA,5CZV_HLA,5CZX_HLA,0,obj_wt,0.1296,0.7598,6,19.1,11.0,400
5CZX_HLA,5CZV_HLA,5CZX_HLA,0,ours_abmpnn_live,-0.9137,-0.3016,18,71.0,60.5,369
5CZX_HLA,5CZV_HLA,5CZX_HLA,0,ours_abmpnn_npz,-0.7322,-0.1459,18,72.5,62.2,385
5CZX_HLA,5CZV_HLA,5CZX_HLA,0,ours_antifold,-0.3350,0.3543,18,77.2,66.5,410
5CZX_HLA,5CZV_HLA,5CZX_HLA,0,ours_diffusion,0.8279,3.3370,18,80.4,69.8,434
5CZX_HLA,5CZV_HLA,5CZX_HLA,0,ours_esmif,-0.1680,0.2774,18,73.6,63.2,394
5CZX_HLA,5CZV_HLA,5CZX_HLA,0,ours_proteinmpnn,-0.2794,0.9499,18,80.7,70.2,435
5CZX_HLA,5CZV_HLA,5CZX_HLA,0,ours_proteinmpnn_live,-0.5804,1.1348,18,78.0,67.4,411
5CZX_HLA,5CZV_HLA,5CZX_HLA,0,rand_base_abmpnn_ar,-0.1090,0.9655,18,,,
5CZX_HLA,5CZV_HLA,5CZX_HLA,0,rand_base_antifold,0.1837,2.3416,18,,,
5CZX_HLA,5CZV_HLA,5CZX_HLA,0,rand_base_proteinmpnn_ar,0.8524,3.0817,18,,,
5CZX_HLA,5CZV_HLA,5CZX_HLA,0,rand_ours_abmpnn_live,-0.2908,1.8249,18,,,
5CZX_HLA,5CZV_HLA,5CZX_HLA,0,rand_ours_antifold,-0.2823,2.5888,18,,,
5CZX_HLA,5CZV_HLA,5CZX_HLA,0,rand_ours_proteinmpnn_live,0.7981,3.6871,18,,,
5DUM_HLA,6IUT_HLA,5DUM_HLA,1,base_abmpnn_ar,-0.2466,0.4742,18,7.1,6.4,0
5DUM_HLA,6IUT_HLA,5DUM_HLA,1,base_abmpnn_ar_t1,0.1025,2.0776,18,8.3,7.8,0
5DUM_HLA,6IUT_HLA,5DUM_HLA,1,base_abmpnn_npz,-0.5576,-0.0559,18,0.0,0.0,0
5DUM_HLA,6IUT_HLA,5DUM_HLA,1,base_antifold,0.5907,1.4848,18,0.1,0.0,0
5DUM_HLA,6IUT_HLA,5DUM_HLA,1,base_antifold_t1,0.7174,2.3577,18,1.9,0.0,0
5DUM_HLA,6IUT_HLA,5DUM_HLA,1,base_diffab,4.0237,7.8838,18,14.8,0.0,0
5DUM_HLA,6IUT_HLA,5DUM_HLA,1,base_diffusion,5.3195,6.7694,18,32.5,22.4,0
5DUM_HLA,6IUT_HLA,5DUM_HLA,1,base_diffusion_s,2.6770,5.7124,12,31.2,22.5,140
5DUM_HLA,6IUT_HLA,5DUM_HLA,1,base_esmif,0.0252,0.6576,18,0.0,0.0,0
5DUM_HLA,6IUT_HLA,5DUM_HLA,1,base_esmif_ar,0.5943,1.3183,18,9.2,0.0,0
5DUM_HLA,6IUT_HLA,5DUM_HLA,1,base_esmif_ar_t1,-0.7373,1.5597,18,9.1,0.0,0
5DUM_HLA,6IUT_HLA,5DUM_HLA,1,base_iglm,10.9415,11.6404,18,2.7,0.0,0
5DUM_HLA,6IUT_HLA,5DUM_HLA,1,base_proteinmpnn,-1.3443,-0.3400,18,0.0,0.0,0
5DUM_HLA,6IUT_HLA,5DUM_HLA,1,base_proteinmpnn_ar,-1.0167,1.0732,18,7.3,6.3,0
5DUM_HLA,6IUT_HLA,5DUM_HLA,1,base_proteinmpnn_ar_t1,0.1126,3.4217,18,8.4,7.7,0
5DUM_HLA,6IUT_HLA,5DUM_HLA,1,base_rfantibody,7.8680,9.4655,6,354.3,0.0,0
5DUM_HLA,6IUT_HLA,5DUM_HLA,1,grad_diffusion,-0.2238,0.8812,18,32.4,22.3,0
5DUM_HLA,6IUT_HLA,5DUM_HLA,1,obj_mint,0.8150,3.0304,6,232.5,214.1,742
5DUM_HLA,6IUT_HLA,5DUM_HLA,1,obj_wt,0.6445,1.9861,6,28.9,19.5,722
5DUM_HLA,6IUT_HLA,5DUM_HLA,1,ours_abmpnn_live,-1.3121,0.5670,18,130.6,118.7,716
5DUM_HLA,6IUT_HLA,5DUM_HLA,1,ours_abmpnn_npz,-0.4921,0.7051,18,128.8,117.0,726
5DUM_HLA,6IUT_HLA,5DUM_HLA,1,ours_antifold,0.9662,1.8434,18,129.1,116.6,724
5DUM_HLA,6IUT_HLA,5DUM_HLA,1,ours_diffusion,1.5229,3.8922,18,133.7,121.6,757
5DUM_HLA,6IUT_HLA,5DUM_HLA,1,ours_esmif,-1.0863,1.2685,18,130.5,118.7,738
5DUM_HLA,6IUT_HLA,5DUM_HLA,1,ours_proteinmpnn,-1.6285,1.0201,18,136.7,124.7,775
5DUM_HLA,6IUT_HLA,5DUM_HLA,1,ours_proteinmpnn_live,0.0575,1.7566,18,136.6,124.4,764
5DUM_HLA,6IUT_HLA,5DUM_HLA,1,rand_base_abmpnn_ar,1.4056,3.7670,18,,,
5DUM_HLA,6IUT_HLA,5DUM_HLA,1,rand_base_antifold,1.6303,4.6107,18,,,
5DUM_HLA,6IUT_HLA,5DUM_HLA,1,rand_base_proteinmpnn_ar,3.4930,7.3381,18,,,
5DUM_HLA,6IUT_HLA,5DUM_HLA,1,rand_ours_abmpnn_live,1.2224,4.8300,18,,,
5DUM_HLA,6IUT_HLA,5DUM_HLA,1,rand_ours_antifold,1.6921,5.8832,18,,,
5DUM_HLA,6IUT_HLA,5DUM_HLA,1,rand_ours_proteinmpnn_live,3.3034,7.0023,18,,,
5DUR_HLC,6IUT_HLA,5DUR_HLC,0,base_abmpnn_ar,-1.2911,-0.1856,18,7.9,6.8,0
5DUR_HLC,6IUT_HLA,5DUR_HLC,0,base_abmpnn_ar_t1,-0.4351,1.2944,18,8.8,7.7,0
5DUR_HLC,6IUT_HLA,5DUR_HLC,0,base_abmpnn_npz,-1.2772,-0.7970,18,0.0,0.0,0
5DUR_HLC,6IUT_HLA,5DUR_HLC,0,base_antifold,0.1899,0.9723,18,0.0,0.0,0
5DUR_HLC,6IUT_HLA,5DUR_HLC,0,base_antifold_t1,-0.0467,2.2427,18,2.3,0.0,0
5DUR_HLC,6IUT_HLA,5DUR_HLC,0,base_diffab,2.2049,5.6697,18,29.8,0.0,0
5DUR_HLC,6IUT_HLA,5DUR_HLC,0,base_diffusion,3.4344,6.2522,18,24.4,14.7,0
5DUR_HLC,6IUT_HLA,5DUR_HLC,0,base_diffusion_s,4.1661,6.1286,12,23.5,14.9,91
5DUR_HLC,6IUT_HLA,5DUR_HLC,0,base_esmif,-0.6048,-0.2621,18,0.0,0.0,0
5DUR_HLC,6IUT_HLA,5DUR_HLC,0,base_esmif_ar,-0.6203,-0.0797,18,11.6,0.0,0
5DUR_HLC,6IUT_HLA,5DUR_HLC,0,base_esmif_ar_t1,-0.4459,1.1322,18,14.2,0.0,0
5DUR_HLC,6IUT_HLA,5DUR_HLC,0,base_iglm,4.0601,4.4267,18,2.2,0.0,0
5DUR_HLC,6IUT_HLA,5DUR_HLC,0,base_proteinmpnn,-0.3599,0.6566,18,0.0,0.0,0
5DUR_HLC,6IUT_HLA,5DUR_HLC,0,base_proteinmpnn_ar,-0.5553,0.5115,18,7.1,6.5,0
5DUR_HLC,6IUT_HLA,5DUR_HLC,0,base_proteinmpnn_ar_t1,-0.2957,2.0150,18,8.3,7.8,0
5DUR_HLC,6IUT_HLA,5DUR_HLC,0,grad_diffusion,0.0459,1.4830,18,24.4,14.7,0
5DUR_HLC,6IUT_HLA,5DUR_HLC,0,obj_mint,-0.0653,1.6479,6,146.8,130.5,454
5DUR_HLC,6IUT_HLA,5DUR_HLC,0,obj_wt,0.6563,1.7806,6,19.9,11.8,442
5DUR_HLC,6IUT_HLA,5DUR_HLC,0,ours_abmpnn_live,-1.0912,0.3305,18,82.5,72.0,443
5DUR_HLC,6IUT_HLA,5DUR_HLC,0,ours_abmpnn_npz,-1.9321,0.0526,18,80.9,70.5,443
5DUR_HLC,6IUT_HLA,5DUR_HLC,0,ours_antifold,-0.1099,1.4179,18,82.1,71.8,448
5DUR_HLC,6IUT_HLA,5DUR_HLC,0,ours_diffusion,2.5232,5.0466,18,86.2,75.7,478
5DUR_HLC,6IUT_HLA,5DUR_HLC,0,ours_esmif,-0.5835,0.5815,18,83.5,72.3,451
5DUR_HLC,6IUT_HLA,5DUR_HLC,0,ours_proteinmpnn,-0.9100,0.9479,18,86.9,76.0,472
5DUR_HLC,6IUT_HLA,5DUR_HLC,0,ours_proteinmpnn_live,-0.3112,0.8739,18,88.0,77.3,474
5DUR_HLC,6IUT_HLA,5DUR_HLC,0,rand_base_abmpnn_ar,0.6042,2.8903,18,,,
5DUR_HLC,6IUT_HLA,5DUR_HLC,0,rand_base_antifold,0.7788,4.4770,18,,,
5DUR_HLC,6IUT_HLA,5DUR_HLC,0,rand_base_proteinmpnn_ar,0.1195,3.7692,18,,,
5DUR_HLC,6IUT_HLA,5DUR_HLC,0,rand_ours_abmpnn_live,0.3323,3.0877,18,,,
5DUR_HLC,6IUT_HLA,5DUR_HLC,0,rand_ours_antifold,1.1015,3.3082,18,,,
5DUR_HLC,6IUT_HLA,5DUR_HLC,0,rand_ours_proteinmpnn_live,2.1586,4.9015,18,,,
5E0Q_AB,5E0Q_AB,5E0Q_AB,0,base_abmpnn_ar,-0.8617,-0.2323,18,4.0,3.0,0
5E0Q_AB,5E0Q_AB,5E0Q_AB,0,base_abmpnn_ar_t1,-0.7670,1.0142,18,4.1,3.5,0
5E0Q_AB,5E0Q_AB,5E0Q_AB,0,base_abmpnn_npz,-0.6282,-0.1008,18,0.0,0.0,0
5E0Q_AB,5E0Q_AB,5E0Q_AB,0,base_antifold,-0.2635,0.5283,18,0.0,0.0,0
5E0Q_AB,5E0Q_AB,5E0Q_AB,0,base_antifold_t1,-0.0131,1.1188,18,1.3,0.0,0
5E0Q_AB,5E0Q_AB,5E0Q_AB,0,base_diffab,3.3001,7.3637,18,12.9,0.0,0
5E0Q_AB,5E0Q_AB,5E0Q_AB,0,base_diffusion,6.2719,7.7096,18,28.2,18.4,0
5E0Q_AB,5E0Q_AB,5E0Q_AB,0,base_diffusion_s,4.1471,7.0729,12,28.2,19.9,133
5E0Q_AB,5E0Q_AB,5E0Q_AB,0,base_esmif,1.2577,1.6060,18,0.0,0.0,0
5E0Q_AB,5E0Q_AB,5E0Q_AB,0,base_esmif_ar,1.1687,1.7040,18,6.3,0.0,0
5E0Q_AB,5E0Q_AB,5E0Q_AB,0,base_esmif_ar_t1,0.5781,1.8707,18,6.3,0.0,0
5E0Q_AB,5E0Q_AB,5E0Q_AB,0,base_iglm,8.5961,8.9051,18,1.7,0.0,0
5E0Q_AB,5E0Q_AB,5E0Q_AB,0,base_proteinmpnn,-0.9110,-0.4376,18,0.0,0.0,0
5E0Q_AB,5E0Q_AB,5E0Q_AB,0,base_proteinmpnn_ar,-0.6475,-0.1767,18,3.8,3.1,0
5E0Q_AB,5E0Q_AB,5E0Q_AB,0,base_proteinmpnn_ar_t1,-0.1186,1.6220,18,4.5,3.9,0
5E0Q_AB,5E0Q_AB,5E0Q_AB,0,grad_diffusion,-0.7923,0.2683,18,28.0,18.2,0
5E0Q_AB,5E0Q_AB,5E0Q_AB,0,obj_mint,0.4712,1.5778,6,131.3,117.2,700
5E0Q_AB,5E0Q_AB,5E0Q_AB,0,obj_wt,0.2190,1.1845,6,25.8,17.2,705
5E0Q_AB,5E0Q_AB,5E0Q_AB,0,ours_abmpnn_live,-1.4482,-0.0742,18,116.2,104.8,679
5E0Q_AB,5E0Q_AB,5E0Q_AB,0,ours_abmpnn_npz,-1.0730,0.3005,18,117.8,106.5,681
5E0Q_AB,5E0Q_AB,5E0Q_AB,0,ours_antifold,-0.0355,0.9532,18,116.0,104.8,694
5E0Q_AB,5E0Q_AB,5E0Q_AB,0,ours_diffusion,2.0521,5.4614,18,123.7,112.3,723
5E0Q_AB,5E0Q_AB,5E0Q_AB,0,ours_esmif,-0.0927,1.3378,18,112.6,101.7,669
5E0Q_AB,5E0Q_AB,5E0Q_AB,0,ours_proteinmpnn,-1.0429,0.3690,18,118.2,107.1,705
5E0Q_AB,5E0Q_AB,5E0Q_AB,0,ours_proteinmpnn_live,-0.8460,0.3385,18,122.9,111.4,712
5E0Q_AB,5E0Q_AB,5E0Q_AB,0,rand_base_abmpnn_ar,2.4038,5.2049,18,,,
5E0Q_AB,5E0Q_AB,5E0Q_AB,0,rand_base_antifold,2.2317,5.8346,18,,,
5E0Q_AB,5E0Q_AB,5E0Q_AB,0,rand_base_proteinmpnn_ar,1.2932,4.5876,18,,,
5E0Q_AB,5E0Q_AB,5E0Q_AB,0,rand_ours_abmpnn_live,3.2772,6.3395,18,,,
5E0Q_AB,5E0Q_AB,5E0Q_AB,0,rand_ours_antifold,2.8412,5.9104,18,,,
5E0Q_AB,5E0Q_AB,5E0Q_AB,0,rand_ours_proteinmpnn_live,3.5264,6.2718,18,,,
5GGT_HLA,5GGT_HLA,5GGT_HLA,0,base_abmpnn_ar,-0.6474,-0.1090,18,6.3,5.5,0
5GGT_HLA,5GGT_HLA,5GGT_HLA,0,base_abmpnn_ar_t1,-0.8299,0.3093,18,7.2,6.7,0
5GGT_HLA,5GGT_HLA,5GGT_HLA,0,base_abmpnn_npz,-0.6954,-0.2213,18,0.0,0.0,0
5GGT_HLA,5GGT_HLA,5GGT_HLA,0,base_antifold,-0.8858,-0.2776,18,0.1,0.0,0
5GGT_HLA,5GGT_HLA,5GGT_HLA,0,base_antifold_t1,-0.6775,0.0296,18,1.1,0.0,0
5GGT_HLA,5GGT_HLA,5GGT_HLA,0,base_diffab,1.1817,2.3933,18,13.4,0.0,0
5GGT_HLA,5GGT_HLA,5GGT_HLA,0,base_diffusion,2.0950,3.0658,18,26.4,17.0,0
5GGT_HLA,5GGT_HLA,5GGT_HLA,0,base_diffusion_s,2.1802,3.5338,18,25.5,17.2,112
5GGT_HLA,5GGT_HLA,5GGT_HLA,0,base_esmif,-0.3784,-0.0156,18,0.0,0.0,0
5GGT_HLA,5GGT_HLA,5GGT_HLA,0,base_esmif_ar,-0.2542,0.0412,18,8.0,0.0,0
5GGT_HLA,5GGT_HLA,5GGT_HLA,0,base_esmif_ar_t1,-0.5241,0.3856,18,7.1,0.0,0
5GGT_HLA,5GGT_HLA,5GGT_HLA,0,base_iglm,3.0095,3.8007,18,1.9,0.0,0
5GGT_HLA,5GGT_HLA,5GGT_HLA,0,base_proteinmpnn,-0.6218,-0.4628,18,0.0,0.0,0
5GGT_HLA,5GGT_HLA,5GGT_HLA,0,base_proteinmpnn_ar,-0.6367,0.0194,18,6.0,5.5,0
5GGT_HLA,5GGT_HLA,5GGT_HLA,0,base_proteinmpnn_ar_t1,-0.3657,0.9858,18,6.9,6.5,0
5GGT_HLA,5GGT_HLA,5GGT_HLA,0,grad_diffusion,-0.2349,0.3943,18,27.0,17.2,0
5GGT_HLA,5GGT_HLA,5GGT_HLA,0,obj_wt,-0.5291,0.0683,6,22.7,14.1,550
5GGT_HLA,5GGT_HLA,5GGT_HLA,0,ours_abmpnn_live,-0.3288,0.2786,18,97.4,86.5,557
5GGT_HLA,5GGT_HLA,5GGT_HLA,0,ours_abmpnn_npz,-1.1586,-0.1304,18,98.1,87.4,565
5GGT_HLA,5GGT_HLA,5GGT_HLA,0,ours_antifold,-0.7764,-0.1106,18,94.0,83.0,540
5GGT_HLA,5GGT_HLA,5GGT_HLA,0,ours_diffusion,1.5138,2.7192,18,103.3,92.5,604
5GGT_HLA,5GGT_HLA,5GGT_HLA,0,ours_esmif,-0.6999,0.1049,18,98.1,86.7,565
5GGT_HLA,5GGT_HLA,5GGT_HLA,0,ours_proteinmpnn,-0.7597,0.0897,18,99.7,89.1,582
5GGT_HLA,5GGT_HLA,5GGT_HLA,0,ours_proteinmpnn_live,-0.6080,0.7922,18,102.2,91.1,590
5GGT_HLA,5GGT_HLA,5GGT_HLA,0,rand_base_abmpnn_ar,0.0843,1.8105,18,,,
5GGT_HLA,5GGT_HLA,5GGT_HLA,0,rand_base_antifold,0.4129,2.4836,18,,,
5GGT_HLA,5GGT_HLA,5GGT_HLA,0,rand_base_proteinmpnn_ar,0.1523,1.9648,18,,,
5GGT_HLA,5GGT_HLA,5GGT_HLA,0,rand_ours_abmpnn_live,1.1401,2.7469,18,,,
5GGT_HLA,5GGT_HLA,5GGT_HLA,0,rand_ours_antifold,0.9349,2.2682,18,,,
5GGT_HLA,5GGT_HLA,5GGT_HLA,0,rand_ours_proteinmpnn_live,0.9749,2.4865,18,,,
5GJS_HLB,5GJS_HLB,5GJS_HLB,1,base_abmpnn_ar,-1.9274,-0.2035,18,6.6,5.9,0
5GJS_HLB,5GJS_HLB,5GJS_HLB,1,base_abmpnn_ar_t1,-0.2010,1.9048,18,8.4,7.5,0
5GJS_HLB,5GJS_HLB,5GJS_HLB,1,base_abmpnn_npz,0.0111,1.3869,18,0.0,0.0,0
5GJS_HLB,5GJS_HLB,5GJS_HLB,1,base_antifold,1.4402,1.9213,18,0.0,0.0,0
5GJS_HLB,5GJS_HLB,5GJS_HLB,1,base_antifold_t1,0.7489,2.1550,18,1.8,0.0,0
5GJS_HLB,5GJS_HLB,5GJS_HLB,1,base_diffab,2.1853,3.9300,18,14.3,0.0,0
5GJS_HLB,5GJS_HLB,5GJS_HLB,1,base_diffusion,4.8047,6.0614,18,25.9,16.5,0
5GJS_HLB,5GJS_HLB,5GJS_HLB,1,base_diffusion_s,3.3544,4.3564,12,25.0,16.7,105
5GJS_HLB,5GJS_HLB,5GJS_HLB,1,base_esmif,-0.0927,1.5702,18,0.0,0.0,0
5GJS_HLB,5GJS_HLB,5GJS_HLB,1,base_esmif_ar,0.9706,1.9037,18,7.8,0.0,0
5GJS_HLB,5GJS_HLB,5GJS_HLB,1,base_esmif_ar_t1,-0.6442,1.9902,18,7.7,0.0,0
5GJS_HLB,5GJS_HLB,5GJS_HLB,1,base_iglm,5.8640,6.2321,12,3.3,0.0,0
5GJS_HLB,5GJS_HLB,5GJS_HLB,1,base_proteinmpnn,-1.5555,0.0303,18,0.0,0.0,0
5GJS_HLB,5GJS_HLB,5GJS_HLB,1,base_proteinmpnn_ar,-1.6599,-0.1419,18,6.6,5.8,0
5GJS_HLB,5GJS_HLB,5GJS_HLB,1,base_proteinmpnn_ar_t1,-0.7557,1.6660,18,7.8,7.1,0
5GJS_HLB,5GJS_HLB,5GJS_HLB,1,base_rfantibody,2.4346,4.7147,6,316.3,0.0,0
5GJS_HLB,5GJS_HLB,5GJS_HLB,1,grad_diffusion,1.3963,2.0547,18,26.2,16.6,0
5GJS_HLB,5GJS_HLB,5GJS_HLB,1,obj_mint,1.2975,2.1444,6,164.9,148.5,534
5GJS_HLB,5GJS_HLB,5GJS_HLB,1,obj_wt,-0.5164,0.9623,6,22.8,14.5,551
5GJS_HLB,5GJS_HLB,5GJS_HLB,1,ours_abmpnn_live,-0.8598,0.4171,18,97.4,86.4,541
5GJS_HLB,5GJS_HLB,5GJS_HLB,1,ours_abmpnn_npz,-0.5388,1.0121,18,95.1,84.8,540
5GJS_HLB,5GJS_HLB,5GJS_HLB,1,ours_antifold,-0.2334,1.0233,18,95.8,84.5,540
5GJS_HLB,5GJS_HLB,5GJS_HLB,1,ours_diffusion,2.7653,4.7353,18,99.8,89.2,569
5GJS_HLB,5GJS_HLB,5GJS_HLB,1,ours_esmif,-1.3278,1.4286,18,102.0,90.9,568
5GJS_HLB,5GJS_HLB,5GJS_HLB,1,ours_proteinmpnn,-1.5136,0.5158,18,98.6,87.9,561
5GJS_HLB,5GJS_HLB,5GJS_HLB,1,ours_proteinmpnn_live,-0.7181,0.6601,18,102.2,91.0,566
5GJS_HLB,5GJS_HLB,5GJS_HLB,1,rand_base_abmpnn_ar,0.9793,3.3771,18,,,
5GJS_HLB,5GJS_HLB,5GJS_HLB,1,rand_base_antifold,1.4434,4.2283,18,,,
5GJS_HLB,5GJS_HLB,5GJS_HLB,1,rand_base_proteinmpnn_ar,1.5181,3.6732,18,,,
5GJS_HLB,5GJS_HLB,5GJS_HLB,1,rand_ours_abmpnn_live,1.4563,3.9592,18,,,
5GJS_HLB,5GJS_HLB,5GJS_HLB,1,rand_ours_antifold,2.0505,3.7499,18,,,
5GJS_HLB,5GJS_HLB,5GJS_HLB,1,rand_ours_proteinmpnn_live,1.2350,4.7986,18,,,
5GZN_HLA,7A3U_HLA,7NX6_HLE,1,base_abmpnn_ar,-0.6780,1.9742,18,9.0,8.4,0
5GZN_HLA,7A3U_HLA,7NX6_HLE,1,base_abmpnn_ar_t1,1.4284,3.7803,18,11.0,10.1,0
5GZN_HLA,7A3U_HLA,7NX6_HLE,1,base_abmpnn_npz,-1.0117,0.2587,18,0.0,0.0,0
5GZN_HLA,7A3U_HLA,7NX6_HLE,1,base_antifold,-0.3208,0.5611,18,0.1,0.0,0
5GZN_HLA,7A3U_HLA,7NX6_HLE,1,base_antifold_t1,0.5548,2.7553,18,1.8,0.0,0
5GZN_HLA,7A3U_HLA,7NX6_HLE,1,base_diffab,5.3786,9.1490,18,14.4,0.0,0
5GZN_HLA,7A3U_HLA,7NX6_HLE,1,base_diffusion,10.4566,12.0762,18,39.5,27.5,0
5GZN_HLA,7A3U_HLA,7NX6_HLE,1,base_diffusion_s,8.8515,11.6335,12,41.0,29.5,140
5GZN_HLA,7A3U_HLA,7NX6_HLE,1,base_esmif,-0.1590,0.7261,18,0.0,0.0,0
5GZN_HLA,7A3U_HLA,7NX6_HLE,1,base_esmif_ar,0.1876,1.0612,18,10.5,0.0,0
5GZN_HLA,7A3U_HLA,7NX6_HLE,1,base_esmif_ar_t1,0.5435,2.8002,18,11.3,0.0,0
5GZN_HLA,7A3U_HLA,7NX6_HLE,1,base_iglm,11.1205,11.8462,12,2.9,0.0,0
5GZN_HLA,7A3U_HLA,7NX6_HLE,1,base_proteinmpnn,0.2642,1.8642,18,0.0,0.0,0
5GZN_HLA,7A3U_HLA,7NX6_HLE,1,base_proteinmpnn_ar,1.1850,2.7499,18,9.0,8.1,0
5GZN_HLA,7A3U_HLA,7NX6_HLE,1,base_proteinmpnn_ar_t1,2.3038,4.4366,18,10.6,10.1,0
5GZN_HLA,7A3U_HLA,7NX6_HLE,1,base_rfantibody,7.6073,10.0299,6,717.2,0.0,0
5GZN_HLA,7A3U_HLA,7NX6_HLE,1,grad_diffusion,1.4862,3.9131,18,39.5,27.4,0
5GZN_HLA,7A3U_HLA,7NX6_HLE,1,obj_mint,1.5697,2.8773,6,374.5,349.3,725
5GZN_HLA,7A3U_HLA,7NX6_HLE,1,obj_wt,0.5691,1.7961,6,34.4,23.3,713
5GZN_HLA,7A3U_HLA,7NX6_HLE,1,ours_abmpnn_live,-0.1172,1.7110,18,157.0,142.3,724
5GZN_HLA,7A3U_HLA,7NX6_HLE,1,ours_abmpnn_npz,-0.6377,1.6909,18,154.0,139.5,722
5GZN_HLA,7A3U_HLA,7NX6_HLE,1,ours_antifold,-0.6325,1.0586,18,155.8,141.0,727
5GZN_HLA,7A3U_HLA,7NX6_HLE,1,ours_diffusion,3.3326,8.2841,18,161.5,147.3,765
5GZN_HLA,7A3U_HLA,7NX6_HLE,1,ours_esmif,-0.2761,1.8961,18,156.4,142.6,737
5GZN_HLA,7A3U_HLA,7NX6_HLE,1,ours_proteinmpnn,0.8613,3.3725,18,158.4,144.3,756
5GZN_HLA,7A3U_HLA,7NX6_HLE,1,ours_proteinmpnn_live,0.6625,3.0717,18,162.2,147.4,737
5GZN_HLA,7A3U_HLA,7NX6_HLE,1,rand_base_abmpnn_ar,2.7125,6.2750,18,,,
5GZN_HLA,7A3U_HLA,7NX6_HLE,1,rand_base_antifold,2.1932,5.7836,18,,,
5GZN_HLA,7A3U_HLA,7NX6_HLE,1,rand_base_proteinmpnn_ar,4.1392,8.6480,18,,,
5GZN_HLA,7A3U_HLA,7NX6_HLE,1,rand_ours_abmpnn_live,4.0677,7.4290,18,,,
5GZN_HLA,7A3U_HLA,7NX6_HLE,1,rand_ours_antifold,3.4208,7.2853,18,,,
5GZN_HLA,7A3U_HLA,7NX6_HLE,1,rand_ours_proteinmpnn_live,5.0694,9.6819,18,,,
5HGG_SB,5HGG_SB,5HGG_SB,0,base_abmpnn_ar,-3.8358,-0.5778,18,5.2,4.4,0
5HGG_SB,5HGG_SB,5HGG_SB,0,base_abmpnn_ar_t1,-2.3124,1.8316,18,5.3,4.9,0
5HGG_SB,5HGG_SB,5HGG_SB,0,base_abmpnn_npz,-2.8680,-1.6275,18,0.0,0.0,0
5HGG_SB,5HGG_SB,5HGG_SB,0,base_antifold,-0.8536,1.2287,18,0.0,0.0,0
5HGG_SB,5HGG_SB,5HGG_SB,0,base_antifold_t1,-1.1692,2.4957,18,1.4,0.0,0
5HGG_SB,5HGG_SB,5HGG_SB,0,base_diffab,6.0714,12.8222,18,12.8,0.0,0
5HGG_SB,5HGG_SB,5HGG_SB,0,base_diffusion,11.7647,12.8175,18,21.0,11.9,0
5HGG_SB,5HGG_SB,5HGG_SB,0,base_diffusion_s,6.1487,10.7174,12,20.7,12.7,84
5HGG_SB,5HGG_SB,5HGG_SB,0,base_esmif,-3.3908,-2.9033,18,0.0,0.0,0
5HGG_SB,5HGG_SB,5HGG_SB,0,base_esmif_ar,-3.5626,-2.9238,18,8.8,0.0,0
5HGG_SB,5HGG_SB,5HGG_SB,0,base_esmif_ar_t1,-4.6411,1.0077,18,6.0,0.0,0
5HGG_SB,5HGG_SB,5HGG_SB,0,base_iglm,16.6774,16.9876,18,1.6,0.0,0
5HGG_SB,5HGG_SB,5HGG_SB,0,base_proteinmpnn,-4.4543,-1.3205,18,0.0,0.0,0
5HGG_SB,5HGG_SB,5HGG_SB,0,base_proteinmpnn_ar,-6.3221,-2.6463,18,4.6,4.0,0
5HGG_SB,5HGG_SB,5HGG_SB,0,base_proteinmpnn_ar_t1,-5.0315,1.2080,18,5.1,4.7,0
5HGG_SB,5HGG_SB,5HGG_SB,0,grad_diffusion,-3.8109,0.2289,18,20.8,11.7,0
5HGG_SB,5HGG_SB,5HGG_SB,0,obj_mint,0.1120,3.3476,6,89.3,76.2,412
5HGG_SB,5HGG_SB,5HGG_SB,0,obj_wt,-2.5194,-0.3671,6,18.0,10.6,412
5HGG_SB,5HGG_SB,5HGG_SB,0,ours_abmpnn_live,-6.8433,-0.9457,18,70.4,60.4,394
5HGG_SB,5HGG_SB,5HGG_SB,0,ours_abmpnn_npz,-5.5509,-2.0530,18,68.1,58.5,394
5HGG_SB,5HGG_SB,5HGG_SB,0,ours_antifold,-8.8444,-0.6624,18,71.4,61.5,410
5HGG_SB,5HGG_SB,5HGG_SB,0,ours_diffusion,-0.6312,6.7107,18,75.2,65.4,443
5HGG_SB,5HGG_SB,5HGG_SB,0,ours_esmif,-4.7386,-3.0887,18,69.7,59.1,395
5HGG_SB,5HGG_SB,5HGG_SB,0,ours_proteinmpnn,-6.2495,-4.7005,18,73.3,63.5,428
5HGG_SB,5HGG_SB,5HGG_SB,0,ours_proteinmpnn_live,-7.5325,-4.5384,18,73.7,63.9,424
5HGG_SB,5HGG_SB,5HGG_SB,0,rand_base_abmpnn_ar,-1.2213,6.7847,18,,,
5HGG_SB,5HGG_SB,5HGG_SB,0,rand_base_antifold,-1.9985,8.7273,18,,,
5HGG_SB,5HGG_SB,5HGG_SB,0,rand_base_proteinmpnn_ar,1.1838,8.4534,18,,,
5HGG_SB,5HGG_SB,5HGG_SB,0,rand_ours_abmpnn_live,0.5012,6.4521,18,,,
5HGG_SB,5HGG_SB,5HGG_SB,0,rand_ours_antifold,-2.9217,7.5244,18,,,
5HGG_SB,5HGG_SB,5HGG_SB,0,rand_ours_proteinmpnn_live,-0.4926,8.0821,18,,,
5JHL_HLA,7A3U_HLA,5JHL_HLA,1,base_abmpnn_ar,-0.5106,0.2721,18,8.6,8.0,0
5JHL_HLA,7A3U_HLA,5JHL_HLA,1,base_abmpnn_ar_t1,-0.7324,0.7072,18,10.6,9.8,0
5JHL_HLA,7A3U_HLA,5JHL_HLA,1,base_abmpnn_npz,-0.7963,0.2322,18,0.0,0.0,0
5JHL_HLA,7A3U_HLA,5JHL_HLA,1,base_antifold,1.4779,1.8969,18,0.0,0.0,0
5JHL_HLA,7A3U_HLA,5JHL_HLA,1,base_antifold_t1,0.9768,1.9137,18,0.8,0.0,0
5JHL_HLA,7A3U_HLA,5JHL_HLA,1,base_diffab,0.4873,1.6866,18,14.4,0.0,0
5JHL_HLA,7A3U_HLA,5JHL_HLA,1,base_diffusion,1.1764,1.9685,18,59.3,32.3,0
5JHL_HLA,7A3U_HLA,5JHL_HLA,1,base_diffusion_s,0.6035,2.2873,12,23.6,13.6,70
5JHL_HLA,7A3U_HLA,5JHL_HLA,1,base_esmif,0.0663,0.8370,18,0.0,0.0,0
5JHL_HLA,7A3U_HLA,5JHL_HLA,1,base_esmif_ar,-0.0047,1.3183,18,7.0,0.0,0
5JHL_HLA,7A3U_HLA,5JHL_HLA,1,base_esmif_ar_t1,0.7056,1.5539,18,7.7,0.0,0
5JHL_HLA,7A3U_HLA,5JHL_HLA,1,base_iglm,2.0682,2.5407,12,3.0,0.0,0
5JHL_HLA,7A3U_HLA,5JHL_HLA,1,base_proteinmpnn,0.0445,0.2914,18,0.0,0.0,0
5JHL_HLA,7A3U_HLA,5JHL_HLA,1,base_proteinmpnn_ar,-0.0916,0.8907,18,9.0,8.2,0
5JHL_HLA,7A3U_HLA,5JHL_HLA,1,base_proteinmpnn_ar_t1,0.0235,1.1893,18,10.4,9.8,0
5JHL_HLA,7A3U_HLA,5JHL_HLA,1,grad_diffusion,-0.4114,0.2078,18,24.6,13.6,0
5JHL_HLA,7A3U_HLA,5JHL_HLA,1,obj_mint,0.1513,1.4780,6,146.9,129.4,319
5JHL_HLA,7A3U_HLA,5JHL_HLA,1,obj_wt,0.3490,0.9900,6,18.9,10.3,314
5JHL_HLA,7A3U_HLA,5JHL_HLA,1,ours_abmpnn_live,-0.5763,0.6072,18,75.5,63.9,333
5JHL_HLA,7A3U_HLA,5JHL_HLA,1,ours_abmpnn_npz,-0.3790,0.1812,18,72.1,60.2,321
5JHL_HLA,7A3U_HLA,5JHL_HLA,1,ours_antifold,0.2439,1.4335,18,68.9,56.8,306
5JHL_HLA,7A3U_HLA,5JHL_HLA,1,ours_diffusion,0.2181,2.0835,18,77.5,65.9,353
5JHL_HLA,7A3U_HLA,5JHL_HLA,1,ours_esmif,0.3336,1.1266,18,81.4,69.6,369
5JHL_HLA,7A3U_HLA,5JHL_HLA,1,ours_proteinmpnn,-0.1537,0.6347,18,80.9,69.3,365
5JHL_HLA,7A3U_HLA,5JHL_HLA,1,ours_proteinmpnn_live,-0.0128,0.9476,18,83.2,71.4,373
5JHL_HLA,7A3U_HLA,5JHL_HLA,1,rand_base_abmpnn_ar,-0.4967,1.0852,18,,,
5JHL_HLA,7A3U_HLA,5JHL_HLA,1,rand_base_antifold,-0.3473,1.2314,18,,,
5JHL_HLA,7A3U_HLA,5JHL_HLA,1,rand_base_proteinmpnn_ar,0.5014,1.7221,18,,,
5JHL_HLA,7A3U_HLA,5JHL_HLA,1,rand_ours_abmpnn_live,0.9418,2.1086,18,,,
5JHL_HLA,7A3U_HLA,5JHL_HLA,1,rand_ours_antifold,0.1703,1.5739,18,,,
5JHL_HLA,7A3U_HLA,5JHL_HLA,1,rand_ours_proteinmpnn_live,1.2079,2.5249,18,,,
5JYL_BA,5JYL_DC,5JYL_DC,0,base_abmpnn_ar,-1.2221,-0.5996,18,5.1,4.2,0
5JYL_BA,5JYL_DC,5JYL_DC,0,base_abmpnn_ar_t1,-1.2679,0.5088,18,4.8,4.2,0
5JYL_BA,5JYL_DC,5JYL_DC,0,base_abmpnn_npz,-1.0451,-0.6236,18,0.1,0.0,0
5JYL_BA,5JYL_DC,5JYL_DC,0,base_antifold,-0.8343,0.1905,18,0.1,0.0,0
5JYL_BA,5JYL_DC,5JYL_DC,0,base_antifold_t1,-0.9686,0.3131,18,2.1,0.0,0
5JYL_BA,5JYL_DC,5JYL_DC,0,base_diffab,-0.3226,1.4507,18,11.7,0.0,0
5JYL_BA,5JYL_DC,5JYL_DC,0,base_diffusion,-0.2827,1.4100,18,20.8,11.6,0
5JYL_BA,5JYL_DC,5JYL_DC,0,base_diffusion_s,1.0016,2.6378,12,20.9,12.9,84
5JYL_BA,5JYL_DC,5JYL_DC,0,base_esmif,-1.0498,-0.4177,18,0.1,0.0,0
5JYL_BA,5JYL_DC,5JYL_DC,0,base_esmif_ar,-0.7496,-0.3699,18,8.9,0.0,0
5JYL_BA,5JYL_DC,5JYL_DC,0,base_esmif_ar_t1,-0.4543,1.1087,18,5.4,0.0,0
5JYL_BA,5JYL_DC,5JYL_DC,0,base_iglm,2.2203,2.5631,18,1.7,0.0,0
5JYL_BA,5JYL_DC,5JYL_DC,0,base_proteinmpnn,0.5710,0.9807,18,0.0,0.0,0
5JYL_BA,5JYL_DC,5JYL_DC,0,base_proteinmpnn_ar,0.6403,1.2803,18,4.3,3.6,0
5JYL_BA,5JYL_DC,5JYL_DC,0,base_proteinmpnn_ar_t1,0.8528,2.0067,18,5.1,4.2,0
5JYL_BA,5JYL_DC,5JYL_DC,0,grad_diffusion,-0.5108,0.5841,18,20.9,11.5,0
5JYL_BA,5JYL_DC,5JYL_DC,0,obj_wt,-0.8434,0.3029,6,16.9,9.4,370
5JYL_BA,5JYL_DC,5JYL_DC,0,ours_abmpnn_live,-1.3465,-0.0654,18,69.5,59.5,388
5JYL_BA,5JYL_DC,5JYL_DC,0,ours_abmpnn_npz,-1.2268,-0.5682,18,67.7,58.2,387
5JYL_BA,5JYL_DC,5JYL_DC,0,ours_antifold,-0.6847,0.4294,18,65.3,55.3,367
5JYL_BA,5JYL_DC,5JYL_DC,0,ours_diffusion,0.3621,2.2624,18,72.2,62.6,424
5JYL_BA,5JYL_DC,5JYL_DC,0,ours_esmif,-0.9685,0.3031,18,69.3,59.7,397
5JYL_BA,5JYL_DC,5JYL_DC,0,ours_proteinmpnn,-1.1003,0.9725,18,71.7,61.9,409
5JYL_BA,5JYL_DC,5JYL_DC,0,ours_proteinmpnn_live,0.0425,1.2003,18,73.4,63.4,415
5JYL_BA,5JYL_DC,5JYL_DC,0,rand_base_abmpnn_ar,-0.1628,1.0615,18,,,
5JYL_BA,5JYL_DC,5JYL_DC,0,rand_base_antifold,-0.4651,0.8727,18,,,
5JYL_BA,5JYL_DC,5JYL_DC,0,rand_base_proteinmpnn_ar,0.6377,2.3171,18,,,
5JYL_BA,5JYL_DC,5JYL_DC,0,rand_ours_abmpnn_live,-0.3628,1.1593,18,,,
5JYL_BA,5JYL_DC,5JYL_DC,0,rand_ours_antifold,-0.2222,1.2864,18,,,
5JYL_BA,5JYL_DC,5JYL_DC,0,rand_ours_proteinmpnn_live,-0.4618,2.5566,18,,,
5JZ7_HLB,4EDX_HLV,5JZ7_HLB,0,base_abmpnn_ar,-2.0150,-1.0111,18,4.5,3.6,0
5JZ7_HLB,4EDX_HLV,5JZ7_HLB,0,base_abmpnn_ar_t1,-0.5401,1.3666,18,14.1,13.3,0
5JZ7_HLB,4EDX_HLV,5JZ7_HLB,0,base_abmpnn_npz,-1.5311,-0.7836,18,0.0,0.0,0
5JZ7_HLB,4EDX_HLV,5JZ7_HLB,0,base_antifold,-1.7455,-0.0040,18,0.0,0.0,0
5JZ7_HLB,4EDX_HLV,5JZ7_HLB,0,base_antifold_t1,-1.4265,1.5290,18,1.2,0.0,0
5JZ7_HLB,4EDX_HLV,5JZ7_HLB,0,base_diffab,2.0240,6.4998,18,12.9,0.0,0
5JZ7_HLB,4EDX_HLV,5JZ7_HLB,0,base_diffusion,7.0294,8.5026,18,28.5,18.9,0
5JZ7_HLB,4EDX_HLV,5JZ7_HLB,0,base_diffusion_s,5.3468,8.4031,12,30.1,21.6,140
5JZ7_HLB,4EDX_HLV,5JZ7_HLB,0,base_esmif,0.6582,1.3034,18,0.0,0.0,0
5JZ7_HLB,4EDX_HLV,5JZ7_HLB,0,base_esmif_ar,0.5202,1.1685,18,7.8,0.0,0
5JZ7_HLB,4EDX_HLV,5JZ7_HLB,0,base_esmif_ar_t1,0.4205,2.5548,18,9.4,0.0,0
5JZ7_HLB,4EDX_HLV,5JZ7_HLB,0,base_iglm,7.6267,8.2333,18,1.9,0.0,0
5JZ7_HLB,4EDX_HLV,5JZ7_HLB,0,base_proteinmpnn,-1.3650,-0.9467,18,0.0,0.0,0
5JZ7_HLB,4EDX_HLV,5JZ7_HLB,0,base_proteinmpnn_ar,-2.5704,-1.5637,18,5.0,3.7,0
5JZ7_HLB,4EDX_HLV,5JZ7_HLB,0,base_proteinmpnn_ar_t1,-0.6514,2.0240,18,5.2,4.7,0
5JZ7_HLB,4EDX_HLV,5JZ7_HLB,0,grad_diffusion,-0.1307,1.5139,18,29.0,19.3,0
5JZ7_HLB,4EDX_HLV,5JZ7_HLB,0,obj_mint,-1.0041,1.4473,6,152.5,137.7,749
5JZ7_HLB,4EDX_HLV,5JZ7_HLB,0,obj_wt,-0.7460,0.7908,12,28.4,19.2,755
5JZ7_HLB,4EDX_HLV,5JZ7_HLB,0,ours_abmpnn_live,-1.4485,0.0168,18,128.5,116.5,751
5JZ7_HLB,4EDX_HLV,5JZ7_HLB,0,ours_abmpnn_npz,-2.7132,-0.2914,18,125.2,113.6,744
5JZ7_HLB,4EDX_HLV,5JZ7_HLB,0,ours_antifold,-1.1396,1.1548,18,125.4,114.3,750
5JZ7_HLB,4EDX_HLV,5JZ7_HLB,0,ours_diffusion,2.9979,6.7443,18,129.4,118.0,773
5JZ7_HLB,4EDX_HLV,5JZ7_HLB,0,ours_esmif,-0.6554,1.5619,18,129.4,117.8,768
5JZ7_HLB,4EDX_HLV,5JZ7_HLB,0,ours_proteinmpnn,-1.7476,0.0818,18,132.9,121.2,785
5JZ7_HLB,4EDX_HLV,5JZ7_HLB,0,ours_proteinmpnn_live,-1.6667,-0.2250,18,131.9,120.1,784
5JZ7_HLB,4EDX_HLV,5JZ7_HLB,0,rand_base_abmpnn_ar,1.9038,4.1187,18,,,
5JZ7_HLB,4EDX_HLV,5JZ7_HLB,0,rand_base_antifold,1.2418,4.4626,18,,,
5JZ7_HLB,4EDX_HLV,5JZ7_HLB,0,rand_base_proteinmpnn_ar,0.9492,5.1487,18,,,
5JZ7_HLB,4EDX_HLV,5JZ7_HLB,0,rand_ours_abmpnn_live,1.0919,4.9016,18,,,
5JZ7_HLB,4EDX_HLV,5JZ7_HLB,0,rand_ours_antifold,2.8249,4.9605,18,,,
5JZ7_HLB,4EDX_HLV,5JZ7_HLB,0,rand_ours_proteinmpnn_live,2.7508,5.8549,18,,,
5KZC_HLA,6D2P_HLC,6VLW_HLG,0,base_abmpnn_ar,-0.0151,0.3285,18,12.8,12.1,0
5KZC_HLA,6D2P_HLC,6VLW_HLG,0,base_abmpnn_ar_t1,0.1113,1.2070,18,7.8,7.2,0
5KZC_HLA,6D2P_HLC,6VLW_HLG,0,base_abmpnn_npz,0.0000,0.2135,18,0.0,0.0,0
5KZC_HLA,6D2P_HLC,6VLW_HLG,0,base_antifold,-0.0710,0.2807,18,0.0,0.0,0
5KZC_HLA,6D2P_HLC,6VLW_HLG,0,base_antifold_t1,-0.0548,0.6380,18,1.3,0.0,0
5KZC_HLA,6D2P_HLC,6VLW_HLG,0,base_diffab,1.0759,3.1419,18,13.7,0.0,0
5KZC_HLA,6D2P_HLC,6VLW_HLG,0,base_diffusion,3.2233,4.3498,18,18.2,8.9,0
5KZC_HLA,6D2P_HLC,6VLW_HLG,0,base_diffusion_s,0.6043,2.5393,12,17.0,9.0,56
5KZC_HLA,6D2P_HLC,6VLW_HLG,0,base_esmif,0.2652,1.0361,18,0.0,0.0,0
5KZC_HLA,6D2P_HLC,6VLW_HLG,0,base_esmif_ar,0.4095,1.0877,18,5.9,0.0,0
5KZC_HLA,6D2P_HLC,6VLW_HLG,0,base_esmif_ar_t1,1.1163,2.1570,18,5.4,0.0,0
5KZC_HLA,6D2P_HLC,6VLW_HLG,0,base_iglm,4.0531,4.3295,18,1.8,0.0,0
5KZC_HLA,6D2P_HLC,6VLW_HLG,0,base_proteinmpnn,0.8815,2.5351,18,0.0,0.0,0
5KZC_HLA,6D2P_HLC,6VLW_HLG,0,base_proteinmpnn_ar,0.6354,1.2259,18,7.6,6.5,0
5KZC_HLA,6D2P_HLC,6VLW_HLG,0,base_proteinmpnn_ar_t1,0.5433,2.5693,18,7.8,7.3,0
5KZC_HLA,6D2P_HLC,6VLW_HLG,0,base_rfantibody,3.9720,4.5123,6,291.7,0.0,0
5KZC_HLA,6D2P_HLC,6VLW_HLG,0,grad_diffusion,-0.3430,1.1284,18,18.2,8.9,0
5KZC_HLA,6D2P_HLC,6VLW_HLG,0,obj_mint,-0.1606,0.5359,6,74.5,60.0,219
5KZC_HLA,6D2P_HLC,6VLW_HLG,0,obj_wt,-0.3814,0.4185,6,13.2,6.0,216
5KZC_HLA,6D2P_HLC,6VLW_HLG,0,ours_abmpnn_live,-0.4589,0.5355,18,48.4,39.0,246
5KZC_HLA,6D2P_HLC,6VLW_HLG,0,ours_abmpnn_npz,-0.3995,0.5129,18,48.6,39.2,253
5KZC_HLA,6D2P_HLC,6VLW_HLG,0,ours_antifold,-0.8785,0.0798,18,42.0,32.6,211
5KZC_HLA,6D2P_HLC,6VLW_HLG,0,ours_diffusion,0.6285,1.8624,18,53.1,43.5,278
5KZC_HLA,6D2P_HLC,6VLW_HLG,0,ours_esmif,0.1564,1.7252,18,52.6,43.2,281
5KZC_HLA,6D2P_HLC,6VLW_HLG,0,ours_proteinmpnn,0.3676,2.0818,18,54.3,44.9,289
5KZC_HLA,6D2P_HLC,6VLW_HLG,0,ours_proteinmpnn_live,0.3989,1.7875,18,54.9,45.3,290
5KZC_HLA,6D2P_HLC,6VLW_HLG,0,rand_base_abmpnn_ar,-0.8041,0.5659,18,,,
5KZC_HLA,6D2P_HLC,6VLW_HLG,0,rand_base_antifold,-0.0100,0.6987,18,,,
5KZC_HLA,6D2P_HLC,6VLW_HLG,0,rand_base_proteinmpnn_ar,0.1674,2.8857,18,,,
5KZC_HLA,6D2P_HLC,6VLW_HLG,0,rand_ours_abmpnn_live,-0.7171,1.5477,18,,,
5KZC_HLA,6D2P_HLC,6VLW_HLG,0,rand_ours_antifold,0.0458,0.8950,18,,,
5KZC_HLA,6D2P_HLC,6VLW_HLG,0,rand_ours_proteinmpnn_live,2.2250,4.0539,18,,,
5M2M_NM,4G3Y_HLC,5M2M_NM,0,base_abmpnn_ar,0.5488,1.1438,18,3.8,3.2,0
5M2M_NM,4G3Y_HLC,5M2M_NM,0,base_abmpnn_ar_t1,1.0945,2.0245,18,4.4,3.8,0
5M2M_NM,4G3Y_HLC,5M2M_NM,0,base_abmpnn_npz,0.6774,1.0293,18,0.0,0.0,0
5M2M_NM,4G3Y_HLC,5M2M_NM,0,base_antifold,1.0971,1.5867,18,0.0,0.0,0
5M2M_NM,4G3Y_HLC,5M2M_NM,0,base_antifold_t1,1.1526,2.2575,18,1.9,0.0,0
5M2M_NM,4G3Y_HLC,5M2M_NM,0,base_diffab,3.1047,6.2204,18,13.0,0.0,0
5M2M_NM,4G3Y_HLC,5M2M_NM,0,base_diffusion,7.6212,8.5567,18,25.9,16.2,0
5M2M_NM,4G3Y_HLC,5M2M_NM,0,base_diffusion_s,5.7559,7.8521,12,25.9,17.7,119
5M2M_NM,4G3Y_HLC,5M2M_NM,0,base_esmif,0.7818,1.3009,18,0.0,0.0,0
5M2M_NM,4G3Y_HLC,5M2M_NM,0,base_esmif_ar,0.8222,1.3659,18,7.1,0.0,0
5M2M_NM,4G3Y_HLC,5M2M_NM,0,base_esmif_ar_t1,0.8919,1.8660,18,6.0,0.0,0
5M2M_NM,4G3Y_HLC,5M2M_NM,0,base_iglm,8.7526,9.0624,18,2.7,0.0,0
5M2M_NM,4G3Y_HLC,5M2M_NM,0,base_proteinmpnn,-0.0639,0.3576,18,0.0,0.0,0
5M2M_NM,4G3Y_HLC,5M2M_NM,0,base_proteinmpnn_ar,-0.4397,0.3280,18,4.2,3.3,0
5M2M_NM,4G3Y_HLC,5M2M_NM,0,base_proteinmpnn_ar_t1,1.0744,1.9922,18,4.2,3.6,0
5M2M_NM,4G3Y_HLC,5M2M_NM,0,grad_diffusion,2.6170,3.4256,18,26.0,16.3,0
5M2M_NM,4G3Y_HLC,5M2M_NM,0,obj_mint,1.0023,2.5074,6,109.1,95.6,575
5M2M_NM,4G3Y_HLC,5M2M_NM,0,obj_wt,1.2013,2.0361,6,23.0,14.4,584
5M2M_NM,4G3Y_HLC,5M2M_NM,0,ours_abmpnn_live,0.6247,1.6898,18,101.1,90.4,588
5M2M_NM,4G3Y_HLC,5M2M_NM,0,ours_abmpnn_npz,0.7861,1.5583,18,101.6,90.7,589
5M2M_NM,4G3Y_HLC,5M2M_NM,0,ours_antifold,0.9672,1.8312,18,100.6,89.0,589
5M2M_NM,4G3Y_HLC,5M2M_NM,0,ours_diffusion,3.0507,6.1788,18,109.3,98.5,646
5M2M_NM,4G3Y_HLC,5M2M_NM,0,ours_esmif,0.5649,1.3279,18,99.0,88.4,583
5M2M_NM,4G3Y_HLC,5M2M_NM,0,ours_proteinmpnn,-0.1423,1.1474,18,103.2,92.1,606
5M2M_NM,4G3Y_HLC,5M2M_NM,0,ours_proteinmpnn_live,0.5684,1.5795,18,107.4,96.4,621
5M2M_NM,4G3Y_HLC,5M2M_NM,0,rand_base_abmpnn_ar,1.1169,4.0237,18,,,
5M2M_NM,4G3Y_HLC,5M2M_NM,0,rand_base_antifold,2.1829,4.9400,18,,,
5M2M_NM,4G3Y_HLC,5M2M_NM,0,rand_base_proteinmpnn_ar,1.9646,3.3663,18,,,
5M2M_NM,4G3Y_HLC,5M2M_NM,0,rand_ours_abmpnn_live,2.3172,4.1591,18,,,
5M2M_NM,4G3Y_HLC,5M2M_NM,0,rand_ours_antifold,1.9512,4.4757,18,,,
5M2M_NM,4G3Y_HLC,5M2M_NM,0,rand_ours_proteinmpnn_live,2.9187,4.1809,18,,,
5MEV_HLA,6QFC_BA,6QB6_HLA,0,base_abmpnn_ar,-1.2784,0.0172,18,7.1,6.2,0
5MEV_HLA,6QFC_BA,6QB6_HLA,0,base_abmpnn_ar_t1,-0.5695,1.0953,18,7.8,7.0,0
5MEV_HLA,6QFC_BA,6QB6_HLA,0,base_abmpnn_npz,-0.9782,0.1629,18,0.0,0.0,0
5MEV_HLA,6QFC_BA,6QB6_HLA,0,base_antifold,-0.0962,0.9207,18,0.0,0.0,0
5MEV_HLA,6QFC_BA,6QB6_HLA,0,base_antifold_t1,-0.5611,0.9624,18,1.7,0.0,0
5MEV_HLA,6QFC_BA,6QB6_HLA,0,base_diffab,1.5957,4.9099,18,13.5,0.0,0
5MEV_HLA,6QFC_BA,6QB6_HLA,0,base_diffusion,7.6977,8.1161,18,22.5,13.1,0
5MEV_HLA,6QFC_BA,6QB6_HLA,0,base_diffusion_s,0.3666,6.9095,18,22.2,13.7,84
5MEV_HLA,6QFC_BA,6QB6_HLA,0,base_esmif,-0.7840,-0.0741,18,0.0,0.0,0
5MEV_HLA,6QFC_BA,6QB6_HLA,0,base_esmif_ar,-1.0647,0.2267,18,9.0,0.0,0
5MEV_HLA,6QFC_BA,6QB6_HLA,0,base_esmif_ar_t1,-0.7539,1.1240,18,10.6,0.0,0
5MEV_HLA,6QFC_BA,6QB6_HLA,0,base_iglm,8.0007,8.1722,12,2.2,0.0,0
5MEV_HLA,6QFC_BA,6QB6_HLA,0,base_proteinmpnn,0.9241,1.6586,18,0.0,0.0,0
5MEV_HLA,6QFC_BA,6QB6_HLA,0,base_proteinmpnn_ar,0.1600,1.1378,18,6.4,5.9,0
5MEV_HLA,6QFC_BA,6QB6_HLA,0,base_proteinmpnn_ar_t1,0.9456,2.0702,18,7.8,6.9,0
5MEV_HLA,6QFC_BA,6QB6_HLA,0,grad_diffusion,0.0297,0.5005,18,22.7,13.1,0
5MEV_HLA,6QFC_BA,6QB6_HLA,0,obj_mint,0.3503,1.0241,6,121.0,105.8,386
5MEV_HLA,6QFC_BA,6QB6_HLA,0,obj_wt,-0.2764,0.2838,6,17.8,10.3,392
5MEV_HLA,6QFC_BA,6QB6_HLA,0,ours_abmpnn_live,-1.3456,-0.0289,18,71.8,61.7,393
5MEV_HLA,6QFC_BA,6QB6_HLA,0,ours_abmpnn_npz,-0.6650,0.2001,18,71.4,61.5,394
5MEV_HLA,6QFC_BA,6QB6_HLA,0,ours_antifold,-0.9056,0.5155,18,69.7,59.9,391
5MEV_HLA,6QFC_BA,6QB6_HLA,0,ours_diffusion,0.4937,4.9572,18,78.4,68.2,444
5MEV_HLA,6QFC_BA,6QB6_HLA,0,ours_esmif,-0.4034,0.6971,18,72.3,62.3,405
5MEV_HLA,6QFC_BA,6QB6_HLA,0,ours_proteinmpnn,-0.6603,1.0136,18,74.0,63.9,416
5MEV_HLA,6QFC_BA,6QB6_HLA,0,ours_proteinmpnn_live,0.7441,1.6181,18,78.9,68.7,435
5MEV_HLA,6QFC_BA,6QB6_HLA,0,rand_base_abmpnn_ar,0.1583,2.7064,18,,,
5MEV_HLA,6QFC_BA,6QB6_HLA,0,rand_base_antifold,0.4483,2.4111,18,,,
5MEV_HLA,6QFC_BA,6QB6_HLA,0,rand_base_proteinmpnn_ar,1.6113,5.0960,18,,,
5MEV_HLA,6QFC_BA,6QB6_HLA,0,rand_ours_abmpnn_live,0.9382,3.5124,18,,,
5MEV_HLA,6QFC_BA,6QB6_HLA,0,rand_ours_antifold,0.3750,3.2379,18,,,
5MEV_HLA,6QFC_BA,6QB6_HLA,0,rand_ours_proteinmpnn_live,0.7586,4.8540,18,,,
5MVZ_HLU,4G6J_HLA,7Z4T_HLI,1,base_abmpnn_ar,-1.7227,-0.7401,18,6.5,5.8,0
5MVZ_HLU,4G6J_HLA,7Z4T_HLI,1,base_abmpnn_ar_t1,-1.3128,0.1959,18,8.3,7.2,0
5MVZ_HLU,4G6J_HLA,7Z4T_HLI,1,base_abmpnn_npz,-1.6576,-0.3911,18,0.0,0.0,0
5MVZ_HLU,4G6J_HLA,7Z4T_HLI,1,base_antifold,-0.6938,0.0348,18,0.0,0.0,0
5MVZ_HLU,4G6J_HLA,7Z4T_HLI,1,base_antifold_t1,-0.5785,0.5704,18,1.1,0.0,0
5MVZ_HLU,4G6J_HLA,7Z4T_HLI,1,base_diffab,-0.7359,1.4956,18,13.8,0.0,0
5MVZ_HLU,4G6J_HLA,7Z4T_HLI,1,base_diffusion,2.1009,3.3031,18,22.0,12.1,0
5MVZ_HLU,4G6J_HLA,7Z4T_HLI,1,base_diffusion_s,0.7003,2.6317,18,20.1,12.1,77
5MVZ_HLU,4G6J_HLA,7Z4T_HLI,1,base_esmif,-0.9550,-0.1744,18,0.0,0.0,0
5MVZ_HLU,4G6J_HLA,7Z4T_HLI,1,base_esmif_ar,-1.5549,-0.6685,18,7.8,0.0,0
5MVZ_HLU,4G6J_HLA,7Z4T_HLI,1,base_esmif_ar_t1,-1.3191,0.1353,18,6.3,0.0,0
5MVZ_HLU,4G6J_HLA,7Z4T_HLI,1,base_iglm,3.5748,3.8703,18,2.7,0.0,0
5MVZ_HLU,4G6J_HLA,7Z4T_HLI,1,base_proteinmpnn,-1.8321,-1.1610,18,0.0,0.0,0
5MVZ_HLU,4G6J_HLA,7Z4T_HLI,1,base_proteinmpnn_ar,-0.8240,0.4577,18,6.3,5.8,0
5MVZ_HLU,4G6J_HLA,7Z4T_HLI,1,base_proteinmpnn_ar_t1,-0.7079,1.0430,18,7.5,7.1,0
5MVZ_HLU,4G6J_HLA,7Z4T_HLI,1,base_rfantibody,2.9591,3.5457,6,267.9,0.0,0
5MVZ_HLU,4G6J_HLA,7Z4T_HLI,1,grad_diffusion,0.4428,0.7513,18,21.4,12.0,0
5MVZ_HLU,4G6J_HLA,7Z4T_HLI,1,obj_mint,-0.6543,0.0118,6,113.8,99.2,358
5MVZ_HLU,4G6J_HLA,7Z4T_HLI,1,obj_wt,-1.2191,0.0744,6,16.7,9.3,347
5MVZ_HLU,4G6J_HLA,7Z4T_HLI,1,ours_abmpnn_live,-1.8489,-0.5059,18,65.7,55.8,358
5MVZ_HLU,4G6J_HLA,7Z4T_HLI,1,ours_abmpnn_npz,-1.6277,-0.7629,18,65.8,55.6,364
5MVZ_HLU,4G6J_HLA,7Z4T_HLI,1,ours_antifold,-1.1989,-0.0499,18,64.2,54.4,347
5MVZ_HLU,4G6J_HLA,7Z4T_HLI,1,ours_diffusion,0.8514,1.8707,18,72.8,62.5,392
5MVZ_HLU,4G6J_HLA,7Z4T_HLI,1,ours_esmif,-2.0887,-0.5457,18,65.0,55.2,356
5MVZ_HLU,4G6J_HLA,7Z4T_HLI,1,ours_proteinmpnn,-1.3983,-0.5032,18,71.5,61.5,399
5MVZ_HLU,4G6J_HLA,7Z4T_HLI,1,ours_proteinmpnn_live,-1.2036,0.2937,18,73.7,63.5,406
5MVZ_HLU,4G6J_HLA,7Z4T_HLI,1,rand_base_abmpnn_ar,-0.6654,1.3383,18,,,
5MVZ_HLU,4G6J_HLA,7Z4T_HLI,1,rand_base_antifold,-1.1918,1.0135,18,,,
5MVZ_HLU,4G6J_HLA,7Z4T_HLI,1,rand_base_proteinmpnn_ar,-0.3428,1.7962,18,,,
5MVZ_HLU,4G6J_HLA,7Z4T_HLI,1,rand_ours_abmpnn_live,-0.4495,2.0025,18,,,
5MVZ_HLU,4G6J_HLA,7Z4T_HLI,1,rand_ours_antifold,0.4187,1.7088,18,,,
5MVZ_HLU,4G6J_HLA,7Z4T_HLI,1,rand_ours_proteinmpnn_live,1.1852,3.0345,18,,,
5MZV_DA,5MZV_DA,5MZV_DA,0,base_abmpnn_ar,0.0176,2.1259,18,5.1,4.4,0
5MZV_DA,5MZV_DA,5MZV_DA,0,base_abmpnn_ar_t1,0.0067,3.7043,18,5.9,5.4,0
5MZV_DA,5MZV_DA,5MZV_DA,0,base_abmpnn_npz,2.8325,3.7716,18,0.0,0.0,0
5MZV_DA,5MZV_DA,5MZV_DA,0,base_antifold,2.6114,4.0204,18,0.0,0.0,0
5MZV_DA,5MZV_DA,5MZV_DA,0,base_antifold_t1,3.9664,5.7394,18,0.9,0.0,0
5MZV_DA,5MZV_DA,5MZV_DA,0,base_diffab,10.0560,13.3580,18,13.8,0.0,0
5MZV_DA,5MZV_DA,5MZV_DA,0,base_diffusion,11.5724,13.6109,18,25.8,16.1,0
5MZV_DA,5MZV_DA,5MZV_DA,0,base_diffusion_s,8.9698,13.0682,12,25.5,17.1,112
5MZV_DA,5MZV_DA,5MZV_DA,0,base_esmif,3.0735,3.8529,18,0.0,0.0,0
5MZV_DA,5MZV_DA,5MZV_DA,0,base_esmif_ar,2.5867,3.7445,18,7.8,0.0,0
5MZV_DA,5MZV_DA,5MZV_DA,0,base_esmif_ar_t1,-0.8352,4.9448,18,6.9,0.0,0
5MZV_DA,5MZV_DA,5MZV_DA,0,base_iglm,12.5964,13.1047,12,1.6,0.0,0
5MZV_DA,5MZV_DA,5MZV_DA,0,base_proteinmpnn,-1.6070,0.0989,18,0.0,0.0,0
5MZV_DA,5MZV_DA,5MZV_DA,0,base_proteinmpnn_ar,-1.6751,-0.1213,18,5.5,4.4,0
5MZV_DA,5MZV_DA,5MZV_DA,0,base_proteinmpnn_ar_t1,-0.6948,2.9806,18,5.9,5.4,0
5MZV_DA,5MZV_DA,5MZV_DA,0,grad_diffusion,4.9442,6.2937,18,25.9,16.2,0
5MZV_DA,5MZV_DA,5MZV_DA,0,obj_mint,4.6120,5.9605,6,147.2,131.8,581
5MZV_DA,5MZV_DA,5MZV_DA,0,obj_wt,4.1880,4.9252,6,23.0,14.6,576
5MZV_DA,5MZV_DA,5MZV_DA,0,ours_abmpnn_live,-0.4486,1.7814,18,99.0,88.0,560
5MZV_DA,5MZV_DA,5MZV_DA,0,ours_abmpnn_npz,1.2057,2.7700,18,94.3,83.6,549
5MZV_DA,5MZV_DA,5MZV_DA,0,ours_antifold,1.4822,4.0728,18,100.4,89.5,585
5MZV_DA,5MZV_DA,5MZV_DA,0,ours_diffusion,7.9167,10.5545,18,105.3,94.0,612
5MZV_DA,5MZV_DA,5MZV_DA,0,ours_esmif,-0.2918,3.1159,18,94.3,83.9,554
5MZV_DA,5MZV_DA,5MZV_DA,0,ours_proteinmpnn,-1.2061,1.3021,18,99.1,88.6,574
5MZV_DA,5MZV_DA,5MZV_DA,0,ours_proteinmpnn_live,-1.0880,1.0335,18,102.0,91.1,580
5MZV_DA,5MZV_DA,5MZV_DA,0,rand_base_abmpnn_ar,4.1696,7.7680,18,,,
5MZV_DA,5MZV_DA,5MZV_DA,0,rand_base_antifold,5.0854,9.1162,18,,,
5MZV_DA,5MZV_DA,5MZV_DA,0,rand_base_proteinmpnn_ar,2.1370,5.7391,18,,,
5MZV_DA,5MZV_DA,5MZV_DA,0,rand_ours_abmpnn_live,4.6280,7.9424,18,,,
5MZV_DA,5MZV_DA,5MZV_DA,0,rand_ours_antifold,5.8583,9.4707,18,,,
5MZV_DA,5MZV_DA,5MZV_DA,0,rand_ours_proteinmpnn_live,4.7882,7.8845,18,,,
5O14_HLA,7SBZ_HLC,5O14_HLA,0,base_abmpnn_ar,-0.9859,-0.2273,18,8.2,7.3,0
5O14_HLA,7SBZ_HLC,5O14_HLA,0,base_abmpnn_ar_t1,-0.6630,1.3283,18,8.9,8.3,0
5O14_HLA,7SBZ_HLC,5O14_HLA,0,base_abmpnn_npz,-0.8428,-0.4019,18,0.0,0.0,0
5O14_HLA,7SBZ_HLC,5O14_HLA,0,base_antifold,-1.4428,-0.9798,18,0.1,0.0,0
5O14_HLA,7SBZ_HLC,5O14_HLA,0,base_antifold_t1,-1.6271,-0.1927,18,0.9,0.0,0
5O14_HLA,7SBZ_HLC,5O14_HLA,0,base_diffab,4.1191,8.9996,18,14.0,0.0,0
5O14_HLA,7SBZ_HLC,5O14_HLA,0,base_diffusion,8.2366,9.4602,18,26.8,17.0,0
5O14_HLA,7SBZ_HLC,5O14_HLA,0,base_diffusion_s,5.7764,10.3616,18,25.6,17.1,105
5O14_HLA,7SBZ_HLC,5O14_HLA,0,base_esmif,-1.3576,-0.4666,18,0.0,0.0,0
5O14_HLA,7SBZ_HLC,5O14_HLA,0,base_esmif_ar,-1.4175,-0.1906,18,8.6,0.0,0
5O14_HLA,7SBZ_HLC,5O14_HLA,0,base_esmif_ar_t1,-1.1771,0.5331,18,8.0,0.0,0
5O14_HLA,7SBZ_HLC,5O14_HLA,0,base_iglm,6.9416,7.3647,18,1.7,0.0,0
5O14_HLA,7SBZ_HLC,5O14_HLA,0,base_proteinmpnn,-0.8457,-0.3145,18,0.4,0.0,0
5O14_HLA,7SBZ_HLC,5O14_HLA,0,base_proteinmpnn_ar,-1.7060,-0.9786,18,8.1,7.4,0
5O14_HLA,7SBZ_HLC,5O14_HLA,0,base_proteinmpnn_ar_t1,-1.4175,1.5013,18,8.7,8.2,0
5O14_HLA,7SBZ_HLC,5O14_HLA,0,grad_diffusion,1.4880,2.2926,18,27.1,17.2,0
5O14_HLA,7SBZ_HLC,5O14_HLA,0,obj_mint,-0.2033,0.3622,6,156.9,140.6,474
5O14_HLA,7SBZ_HLC,5O14_HLA,0,obj_wt,-1.6530,-0.5082,6,21.3,13.0,480
5O14_HLA,7SBZ_HLC,5O14_HLA,0,ours_abmpnn_live,-0.8298,0.5928,18,90.9,79.9,486
5O14_HLA,7SBZ_HLC,5O14_HLA,0,ours_abmpnn_npz,-1.5024,0.0221,18,91.1,80.3,498
5O14_HLA,7SBZ_HLC,5O14_HLA,0,ours_antifold,-1.4700,-0.3848,18,88.7,78.1,482
5O14_HLA,7SBZ_HLC,5O14_HLA,0,ours_diffusion,3.0665,7.6960,18,99.7,88.8,555
5O14_HLA,7SBZ_HLC,5O14_HLA,0,ours_esmif,-0.9386,0.0693,18,90.1,79.2,496
5O14_HLA,7SBZ_HLC,5O14_HLA,0,ours_proteinmpnn,-0.6943,0.9699,18,94.7,83.9,518
5O14_HLA,7SBZ_HLC,5O14_HLA,0,ours_proteinmpnn_live,-0.9119,0.5984,18,96.1,84.9,519
5O14_HLA,7SBZ_HLC,5O14_HLA,0,rand_base_abmpnn_ar,-0.0446,1.9333,18,,,
5O14_HLA,7SBZ_HLC,5O14_HLA,0,rand_base_antifold,0.6042,3.2839,18,,,
5O14_HLA,7SBZ_HLC,5O14_HLA,0,rand_base_proteinmpnn_ar,1.1885,3.5722,18,,,
5O14_HLA,7SBZ_HLC,5O14_HLA,0,rand_ours_abmpnn_live,1.2702,3.6912,18,,,
5O14_HLA,7SBZ_HLC,5O14_HLA,0,rand_ours_antifold,1.7478,3.9600,18,,,
5O14_HLA,7SBZ_HLC,5O14_HLA,0,rand_ours_proteinmpnn_live,2.2778,5.8462,18,,,
5T1D_HLB,5T1D_HLB,5T1D_HLB,0,base_abmpnn_ar,-1.0337,0.0698,18,6.0,5.3,0
5T1D_HLB,5T1D_HLB,5T1D_HLB,0,base_abmpnn_ar_t1,-0.3709,0.9139,18,7.5,6.6,0
5T1D_HLB,5T1D_HLB,5T1D_HLB,0,base_abmpnn_npz,-0.7562,-0.2185,18,0.0,0.0,0
5T1D_HLB,5T1D_HLB,5T1D_HLB,0,base_antifold,-1.0915,-0.1092,18,0.0,0.0,0
5T1D_HLB,5T1D_HLB,5T1D_HLB,0,base_antifold_t1,-0.9395,0.3982,18,1.9,0.0,0
5T1D_HLB,5T1D_HLB,5T1D_HLB,0,base_diffab,-0.0743,1.5908,18,13.2,0.0,0
5T1D_HLB,5T1D_HLB,5T1D_HLB,0,base_diffusion,2.0725,3.0534,18,17.7,8.6,0
5T1D_HLB,5T1D_HLB,5T1D_HLB,0,base_diffusion_s,0.8035,2.4460,18,16.8,8.8,56
5T1D_HLB,5T1D_HLB,5T1D_HLB,0,base_esmif,-0.7802,-0.2664,18,0.0,0.0,0
5T1D_HLB,5T1D_HLB,5T1D_HLB,0,base_esmif_ar,-0.8272,-0.2818,18,6.2,0.0,0
5T1D_HLB,5T1D_HLB,5T1D_HLB,0,base_esmif_ar_t1,-0.4813,0.4146,18,8.9,0.0,0
5T1D_HLB,5T1D_HLB,5T1D_HLB,0,base_iglm,2.7551,3.0331,18,1.9,0.0,0
5T1D_HLB,5T1D_HLB,5T1D_HLB,0,base_proteinmpnn,-0.9798,0.0196,18,0.0,0.0,0
5T1D_HLB,5T1D_HLB,5T1D_HLB,0,base_proteinmpnn_ar,-1.4436,-0.3423,18,6.5,5.9,0
5T1D_HLB,5T1D_HLB,5T1D_HLB,0,base_proteinmpnn_ar_t1,-0.2239,0.7450,18,6.8,6.4,0
5T1D_HLB,5T1D_HLB,5T1D_HLB,0,base_rfantibody,1.8967,2.4340,6,229.7,0.0,0
5T1D_HLB,5T1D_HLB,5T1D_HLB,0,grad_diffusion,-0.2808,0.5004,18,17.6,8.6,0
5T1D_HLB,5T1D_HLB,5T1D_HLB,0,obj_mint,-0.6352,0.4334,6,81.2,67.0,256
5T1D_HLB,5T1D_HLB,5T1D_HLB,0,obj_wt,-0.4608,0.0161,6,13.5,6.7,248
5T1D_HLB,5T1D_HLB,5T1D_HLB,0,ours_abmpnn_live,-0.6329,0.3643,18,49.3,40.1,256
5T1D_HLB,5T1D_HLB,5T1D_HLB,0,ours_abmpnn_npz,-0.7607,-0.0012,18,48.9,39.9,262
5T1D_HLB,5T1D_HLB,5T1D_HLB,0,ours_antifold,-1.0690,0.0907,18,47.2,37.9,249
5T1D_HLB,5T1D_HLB,5T1D_HLB,0,ours_diffusion,-0.9195,1.7428,18,50.2,40.7,268
5T1D_HLB,5T1D_HLB,5T1D_HLB,0,ours_esmif,-1.0492,0.1509,18,51.2,42.0,276
5T1D_HLB,5T1D_HLB,5T1D_HLB,0,ours_proteinmpnn,-1.0725,0.2644,18,50.8,41.5,272
5T1D_HLB,5T1D_HLB,5T1D_HLB,0,ours_proteinmpnn_live,-1.5049,-0.0730,18,51.1,41.8,272
5T1D_HLB,5T1D_HLB,5T1D_HLB,0,rand_base_abmpnn_ar,-0.6690,1.3881,18,,,
5T1D_HLB,5T1D_HLB,5T1D_HLB,0,rand_base_antifold,-0.0356,1.4680,18,,,
5T1D_HLB,5T1D_HLB,5T1D_HLB,0,rand_base_proteinmpnn_ar,0.0197,1.5200,18,,,
5T1D_HLB,5T1D_HLB,5T1D_HLB,0,rand_ours_abmpnn_live,-0.1445,1.5936,18,,,
5T1D_HLB,5T1D_HLB,5T1D_HLB,0,rand_ours_antifold,-0.2521,1.6770,18,,,
5T1D_HLB,5T1D_HLB,5T1D_HLB,0,rand_ours_proteinmpnn_live,0.6672,1.6992,18,,,
5UGY_HLA,7SCN_HLA,5UGY_HLA,1,base_abmpnn_ar,-1.7884,-0.4882,18,8.9,7.9,0
5UGY_HLA,7SCN_HLA,5UGY_HLA,1,base_abmpnn_ar_t1,-0.7586,2.6103,18,9.5,8.9,0
5UGY_HLA,7SCN_HLA,5UGY_HLA,1,base_abmpnn_npz,-2.1297,-1.2502,18,0.0,0.0,0
5UGY_HLA,7SCN_HLA,5UGY_HLA,1,base_antifold,-1.8319,-1.3749,18,0.0,0.0,0
5UGY_HLA,7SCN_HLA,5UGY_HLA,1,base_antifold_t1,-1.8089,3.9315,18,1.7,0.0,0
5UGY_HLA,7SCN_HLA,5UGY_HLA,1,base_diffab,5.6725,11.6650,18,15.2,0.0,0
5UGY_HLA,7SCN_HLA,5UGY_HLA,1,base_diffusion,11.8462,13.0141,18,36.3,24.5,0
5UGY_HLA,7SCN_HLA,5UGY_HLA,1,base_diffusion_s,9.7840,12.3865,6,33.8,24.0,133
5UGY_HLA,7SCN_HLA,5UGY_HLA,1,base_esmif,-0.6029,0.6433,18,0.0,0.0,0
5UGY_HLA,7SCN_HLA,5UGY_HLA,1,base_esmif_ar,-0.7420,1.3613,18,10.7,0.0,0
5UGY_HLA,7SCN_HLA,5UGY_HLA,1,base_esmif_ar_t1,0.6502,3.8972,18,9.8,0.0,0
5UGY_HLA,7SCN_HLA,5UGY_HLA,1,base_iglm,14.8217,15.6616,18,2.5,0.0,0
5UGY_HLA,7SCN_HLA,5UGY_HLA,1,base_proteinmpnn,-2.0602,-1.5059,18,0.0,0.0,0
5UGY_HLA,7SCN_HLA,5UGY_HLA,1,base_proteinmpnn_ar,-1.6246,-0.4804,18,8.7,7.6,0
5UGY_HLA,7SCN_HLA,5UGY_HLA,1,base_proteinmpnn_ar_t1,0.0526,3.4393,18,9.6,9.1,0
5UGY_HLA,7SCN_HLA,5UGY_HLA,1,base_rfantibody,10.7945,13.9142,6,526.6,0.0,0
5UGY_HLA,7SCN_HLA,5UGY_HLA,1,grad_diffusion,2.2124,3.5097,18,35.7,24.4,0
5UGY_HLA,7SCN_HLA,5UGY_HLA,1,obj_mint,-0.9434,2.6310,6,224.5,206.4,656
5UGY_HLA,7SCN_HLA,5UGY_HLA,1,obj_wt,-0.6040,0.8323,6,29.5,19.3,641
5UGY_HLA,7SCN_HLA,5UGY_HLA,1,ours_abmpnn_live,-2.0426,0.0378,18,136.1,122.8,658
5UGY_HLA,7SCN_HLA,5UGY_HLA,1,ours_abmpnn_npz,-1.6550,-0.3342,18,131.0,118.3,650
5UGY_HLA,7SCN_HLA,5UGY_HLA,1,ours_antifold,-1.9600,0.0531,18,130.0,116.7,644
5UGY_HLA,7SCN_HLA,5UGY_HLA,1,ours_diffusion,5.2098,9.6947,18,145.5,132.4,726
5UGY_HLA,7SCN_HLA,5UGY_HLA,1,ours_esmif,-0.6971,1.4198,18,136.4,123.6,672
5UGY_HLA,7SCN_HLA,5UGY_HLA,1,ours_proteinmpnn,-1.5492,0.3099,18,142.7,129.7,709
5UGY_HLA,7SCN_HLA,5UGY_HLA,1,ours_proteinmpnn_live,-1.4114,0.8962,18,146.3,132.7,712
5UGY_HLA,7SCN_HLA,5UGY_HLA,1,rand_base_abmpnn_ar,0.0000,2.5159,18,,,
5UGY_HLA,7SCN_HLA,5UGY_HLA,1,rand_base_antifold,0.2413,3.5474,18,,,
5UGY_HLA,7SCN_HLA,5UGY_HLA,1,rand_base_proteinmpnn_ar,1.3646,7.8304,18,,,
5UGY_HLA,7SCN_HLA,5UGY_HLA,1,rand_ours_abmpnn_live,-0.0744,4.8323,18,,,
5UGY_HLA,7SCN_HLA,5UGY_HLA,1,rand_ours_antifold,1.8022,5.1363,18,,,
5UGY_HLA,7SCN_HLA,5UGY_HLA,1,rand_ours_proteinmpnn_live,3.0754,9.3884,18,,,
5UK4_bB,5UK4_mM,5UK4_mM,0,base_abmpnn_ar,-0.8568,0.1101,18,6.3,5.5,0
5UK4_bB,5UK4_mM,5UK4_mM,0,base_abmpnn_ar_t1,-1.1206,1.6976,18,7.4,6.8,0
5UK4_bB,5UK4_mM,5UK4_mM,0,base_abmpnn_npz,-1.8129,-0.8161,18,0.0,0.0,0
5UK4_bB,5UK4_mM,5UK4_mM,0,base_antifold,-0.4269,0.3085,18,0.0,0.0,0
5UK4_bB,5UK4_mM,5UK4_mM,0,base_antifold_t1,-0.4544,0.8688,18,2.0,0.0,0
5UK4_bB,5UK4_mM,5UK4_mM,0,base_diffab,0.1484,4.0576,18,13.4,0.0,0
5UK4_bB,5UK4_mM,5UK4_mM,0,base_diffusion,6.5065,7.3880,18,81.8,53.7,0
5UK4_bB,5UK4_mM,5UK4_mM,0,base_diffusion_s,2.8397,5.2145,18,28.4,19.6,126
5UK4_bB,5UK4_mM,5UK4_mM,0,base_esmif,0.3766,1.2498,18,0.0,0.0,0
5UK4_bB,5UK4_mM,5UK4_mM,0,base_esmif_ar,0.3149,0.9647,18,8.1,0.0,0
5UK4_bB,5UK4_mM,5UK4_mM,0,base_esmif_ar_t1,-0.6111,1.1692,18,8.4,0.0,0
5UK4_bB,5UK4_mM,5UK4_mM,0,base_iglm,5.4766,5.8792,18,2.2,0.0,0
5UK4_bB,5UK4_mM,5UK4_mM,0,base_proteinmpnn,-1.8494,-0.9394,18,0.0,0.0,0
5UK4_bB,5UK4_mM,5UK4_mM,0,base_proteinmpnn_ar,-1.8297,-0.4854,18,6.1,5.5,0
5UK4_bB,5UK4_mM,5UK4_mM,0,base_proteinmpnn_ar_t1,-0.6261,1.4696,18,7.4,6.7,0
5UK4_bB,5UK4_mM,5UK4_mM,0,grad_diffusion,-0.7675,0.3693,18,29.5,19.5,0
5UK4_bB,5UK4_mM,5UK4_mM,0,obj_mint,-0.9364,0.6748,6,190.7,173.7,659
5UK4_bB,5UK4_mM,5UK4_mM,0,obj_wt,-2.2317,0.6928,6,25.5,16.4,652
5UK4_bB,5UK4_mM,5UK4_mM,0,ours_abmpnn_live,-0.7539,0.5953,18,112.1,100.8,638
5UK4_bB,5UK4_mM,5UK4_mM,0,ours_abmpnn_npz,-2.1256,-0.3580,18,106.9,96.0,628
5UK4_bB,5UK4_mM,5UK4_mM,0,ours_antifold,-1.1349,0.3585,18,112.1,101.1,658
5UK4_bB,5UK4_mM,5UK4_mM,0,ours_diffusion,2.1512,4.2381,18,116.1,104.7,684
5UK4_bB,5UK4_mM,5UK4_mM,0,ours_esmif,-0.1347,0.5296,18,110.5,99.4,648
5UK4_bB,5UK4_mM,5UK4_mM,0,ours_proteinmpnn,-1.1945,-0.1043,18,117.0,105.5,677
5UK4_bB,5UK4_mM,5UK4_mM,0,ours_proteinmpnn_live,-2.0074,-0.4118,18,115.3,103.7,666
5UK4_bB,5UK4_mM,5UK4_mM,0,rand_base_abmpnn_ar,0.8847,3.1355,18,,,
5UK4_bB,5UK4_mM,5UK4_mM,0,rand_base_antifold,0.7257,3.7978,18,,,
5UK4_bB,5UK4_mM,5UK4_mM,0,rand_base_proteinmpnn_ar,0.7497,3.6009,18,,,
5UK4_bB,5UK4_mM,5UK4_mM,0,rand_ours_abmpnn_live,-0.2631,3.5839,18,,,
5UK4_bB,5UK4_mM,5UK4_mM,0,rand_ours_antifold,1.1332,4.0527,18,,,
5UK4_bB,5UK4_mM,5UK4_mM,0,rand_ours_proteinmpnn_live,2.0509,4.9906,18,,,
5VIC_HLE,5VIC_HLE,5VIC_HLE,1,base_abmpnn_ar,-0.0642,0.3534,18,6.6,5.8,0
5VIC_HLE,5VIC_HLE,5VIC_HLE,1,base_abmpnn_ar_t1,-0.9052,1.4973,18,7.2,6.3,0
5VIC_HLE,5VIC_HLE,5VIC_HLE,1,base_abmpnn_npz,-1.1344,0.1272,18,0.0,0.0,0
5VIC_HLE,5VIC_HLE,5VIC_HLE,1,base_antifold,-1.5400,-1.0658,18,0.0,0.0,0
5VIC_HLE,5VIC_HLE,5VIC_HLE,1,base_antifold_t1,-1.2871,0.8216,18,0.7,0.0,0
5VIC_HLE,5VIC_HLE,5VIC_HLE,1,base_diffab,0.7478,4.4169,18,12.7,0.0,0
5VIC_HLE,5VIC_HLE,5VIC_HLE,1,base_diffusion,4.9319,6.7263,18,25.9,16.1,0
5VIC_HLE,5VIC_HLE,5VIC_HLE,1,base_diffusion_s,3.2090,4.7949,6,23.7,15.8,105
5VIC_HLE,5VIC_HLE,5VIC_HLE,1,base_esmif,-1.0531,-0.0915,18,0.0,0.0,0
5VIC_HLE,5VIC_HLE,5VIC_HLE,1,base_esmif_ar,-0.8438,0.2013,18,7.2,0.0,0
5VIC_HLE,5VIC_HLE,5VIC_HLE,1,base_esmif_ar_t1,-0.0761,1.7258,18,7.3,0.0,0
5VIC_HLE,5VIC_HLE,5VIC_HLE,1,base_iglm,4.6195,5.0195,18,2.3,0.0,0
5VIC_HLE,5VIC_HLE,5VIC_HLE,1,base_proteinmpnn,-0.1606,0.5455,18,0.0,0.0,0
5VIC_HLE,5VIC_HLE,5VIC_HLE,1,base_proteinmpnn_ar,-1.0347,0.3885,18,6.3,5.2,0
5VIC_HLE,5VIC_HLE,5VIC_HLE,1,base_proteinmpnn_ar_t1,-0.9055,1.2404,18,6.9,6.4,0
5VIC_HLE,5VIC_HLE,5VIC_HLE,1,grad_diffusion,0.0697,1.8054,18,25.4,16.0,0
5VIC_HLE,5VIC_HLE,5VIC_HLE,1,obj_mint,0.3986,1.7448,6,153.0,137.4,526
5VIC_HLE,5VIC_HLE,5VIC_HLE,1,obj_wt,-0.3701,0.4126,6,20.9,13.1,516
5VIC_HLE,5VIC_HLE,5VIC_HLE,1,ours_abmpnn_live,-0.3295,0.6660,18,86.8,76.5,490
5VIC_HLE,5VIC_HLE,5VIC_HLE,1,ours_abmpnn_npz,-1.6660,0.3179,18,84.2,74.1,481
5VIC_HLE,5VIC_HLE,5VIC_HLE,1,ours_antifold,-1.6812,0.0086,18,89.3,79.1,521
5VIC_HLE,5VIC_HLE,5VIC_HLE,1,ours_diffusion,1.1036,4.3259,18,96.0,85.4,560
5VIC_HLE,5VIC_HLE,5VIC_HLE,1,ours_esmif,-0.9039,0.2064,18,91.8,81.4,533
5VIC_HLE,5VIC_HLE,5VIC_HLE,1,ours_proteinmpnn,-0.6127,0.6725,18,95.2,84.8,551
5VIC_HLE,5VIC_HLE,5VIC_HLE,1,ours_proteinmpnn_live,-0.9824,0.4855,18,98.5,87.8,558
5VIC_HLE,5VIC_HLE,5VIC_HLE,1,rand_base_abmpnn_ar,0.0507,1.5467,18,,,
5VIC_HLE,5VIC_HLE,5VIC_HLE,1,rand_base_antifold,0.8977,2.1969,18,,,
5VIC_HLE,5VIC_HLE,5VIC_HLE,1,rand_base_proteinmpnn_ar,1.4131,3.5993,18,,,
5VIC_HLE,5VIC_HLE,5VIC_HLE,1,rand_ours_abmpnn_live,-0.1438,1.9381,18,,,
5VIC_HLE,5VIC_HLE,5VIC_HLE,1,rand_ours_antifold,0.7598,3.0088,18,,,
5VIC_HLE,5VIC_HLE,5VIC_HLE,1,rand_ours_proteinmpnn_live,1.9551,4.9498,18,,,
5VIG_HLZ,5VIG_HLZ,5VIG_HLZ,1,base_abmpnn_ar,-0.9028,0.2250,18,6.5,5.4,0
5VIG_HLZ,5VIG_HLZ,5VIG_HLZ,1,base_abmpnn_ar_t1,-0.9179,0.9150,18,7.8,6.8,0
5VIG_HLZ,5VIG_HLZ,5VIG_HLZ,1,base_abmpnn_npz,-1.2874,-0.0406,18,0.0,0.0,0
5VIG_HLZ,5VIG_HLZ,5VIG_HLZ,1,base_antifold,0.2188,1.2219,18,0.0,0.0,0
5VIG_HLZ,5VIG_HLZ,5VIG_HLZ,1,base_antifold_t1,0.2270,1.4950,18,0.8,0.0,0
5VIG_HLZ,5VIG_HLZ,5VIG_HLZ,1,base_diffab,0.0028,4.0337,18,12.6,0.0,0
5VIG_HLZ,5VIG_HLZ,5VIG_HLZ,1,base_diffusion,4.1423,6.0091,18,23.6,14.1,0
5VIG_HLZ,5VIG_HLZ,5VIG_HLZ,1,base_diffusion_s,3.2632,5.6729,6,23.0,14.1,91
5VIG_HLZ,5VIG_HLZ,5VIG_HLZ,1,base_esmif,0.6426,1.7405,18,0.0,0.0,0
5VIG_HLZ,5VIG_HLZ,5VIG_HLZ,1,base_esmif_ar,0.1148,1.2698,18,6.7,0.0,0
5VIG_HLZ,5VIG_HLZ,5VIG_HLZ,1,base_esmif_ar_t1,-0.0167,1.1290,18,6.5,0.0,0
5VIG_HLZ,5VIG_HLZ,5VIG_HLZ,1,base_iglm,5.5090,5.8077,18,2.5,0.0,0
5VIG_HLZ,5VIG_HLZ,5VIG_HLZ,1,base_proteinmpnn,-0.1780,0.8510,18,0.0,0.0,0
5VIG_HLZ,5VIG_HLZ,5VIG_HLZ,1,base_proteinmpnn_ar,-0.5740,0.9223,18,5.9,5.3,0
5VIG_HLZ,5VIG_HLZ,5VIG_HLZ,1,base_proteinmpnn_ar_t1,0.1521,2.2401,18,6.9,6.5,0
5VIG_HLZ,5VIG_HLZ,5VIG_HLZ,1,base_rfantibody,2.5660,6.3626,6,228.4,0.0,0
5VIG_HLZ,5VIG_HLZ,5VIG_HLZ,1,grad_diffusion,-0.6119,0.8164,18,23.5,14.2,0
5VIG_HLZ,5VIG_HLZ,5VIG_HLZ,1,obj_mint,-1.2177,0.3845,6,128.4,113.1,435
5VIG_HLZ,5VIG_HLZ,5VIG_HLZ,1,obj_wt,-1.6125,0.2164,12,18.5,10.7,421
5VIG_HLZ,5VIG_HLZ,5VIG_HLZ,1,ours_abmpnn_live,-2.0832,0.1441,18,77.9,67.7,439
5VIG_HLZ,5VIG_HLZ,5VIG_HLZ,1,ours_abmpnn_npz,-2.0010,-0.2540,18,76.3,66.3,440
5VIG_HLZ,5VIG_HLZ,5VIG_HLZ,1,ours_antifold,-1.6024,0.4205,18,75.9,66.1,431
5VIG_HLZ,5VIG_HLZ,5VIG_HLZ,1,ours_diffusion,1.1768,3.6392,18,83.1,72.9,480
5VIG_HLZ,5VIG_HLZ,5VIG_HLZ,1,ours_esmif,-1.0092,0.8973,18,72.4,62.6,408
5VIG_HLZ,5VIG_HLZ,5VIG_HLZ,1,ours_proteinmpnn,-0.8605,0.9953,18,83.9,73.8,485
5VIG_HLZ,5VIG_HLZ,5VIG_HLZ,1,ours_proteinmpnn_live,-0.5557,1.0914,18,83.7,73.5,473
5VIG_HLZ,5VIG_HLZ,5VIG_HLZ,1,rand_base_abmpnn_ar,0.4360,1.4393,18,,,
5VIG_HLZ,5VIG_HLZ,5VIG_HLZ,1,rand_base_antifold,0.0351,2.8925,18,,,
5VIG_HLZ,5VIG_HLZ,5VIG_HLZ,1,rand_base_proteinmpnn_ar,-0.5027,3.4408,18,,,
5VIG_HLZ,5VIG_HLZ,5VIG_HLZ,1,rand_ours_abmpnn_live,-0.3760,2.5127,18,,,
5VIG_HLZ,5VIG_HLZ,5VIG_HLZ,1,rand_ours_antifold,0.9558,3.2115,18,,,
5VIG_HLZ,5VIG_HLZ,5VIG_HLZ,1,rand_ours_proteinmpnn_live,0.2411,3.6661,18,,,
5W0K_HLA,5W0K_HLA,5W0K_HLA,0,base_abmpnn_ar,-0.3110,0.1226,18,15.5,14.7,0
5W0K_HLA,5W0K_HLA,5W0K_HLA,0,base_abmpnn_ar_t1,-0.2002,0.5705,18,13.6,12.9,0
5W0K_HLA,5W0K_HLA,5W0K_HLA,0,base_abmpnn_npz,-0.2001,0.3015,18,0.1,0.0,0
5W0K_HLA,5W0K_HLA,5W0K_HLA,0,base_antifold,-0.4045,-0.0554,18,0.0,0.0,0
5W0K_HLA,5W0K_HLA,5W0K_HLA,0,base_antifold_t1,-0.2667,0.6483,18,1.1,0.0,0
5W0K_HLA,5W0K_HLA,5W0K_HLA,0,base_diffab,0.4467,1.9530,18,15.3,0.0,0
5W0K_HLA,5W0K_HLA,5W0K_HLA,0,base_diffusion,2.6115,3.2541,18,26.8,14.2,0
5W0K_HLA,5W0K_HLA,5W0K_HLA,0,base_diffusion_s,1.4458,2.8795,6,26.0,14.1,63
5W0K_HLA,5W0K_HLA,5W0K_HLA,0,base_esmif,1.1122,1.6453,18,0.0,0.0,0
5W0K_HLA,5W0K_HLA,5W0K_HLA,0,base_esmif_ar,1.1243,1.4523,18,14.8,0.0,0
5W0K_HLA,5W0K_HLA,5W0K_HLA,0,base_esmif_ar_t1,-0.0441,2.0187,18,7.3,0.0,0
5W0K_HLA,5W0K_HLA,5W0K_HLA,0,base_iglm,2.8363,3.3007,12,2.0,0.0,0
5W0K_HLA,5W0K_HLA,5W0K_HLA,0,base_proteinmpnn,-0.6915,0.0275,18,0.0,0.0,0
5W0K_HLA,5W0K_HLA,5W0K_HLA,0,base_proteinmpnn_ar,-0.2728,0.7590,18,11.1,10.5,0
5W0K_HLA,5W0K_HLA,5W0K_HLA,0,base_proteinmpnn_ar_t1,0.0369,1.3118,18,13.6,13.0,0
5W0K_HLA,5W0K_HLA,5W0K_HLA,0,base_rfantibody,2.3938,3.7763,6,1278.7,0.0,0
5W0K_HLA,5W0K_HLA,5W0K_HLA,0,grad_diffusion,1.1387,1.8503,18,26.8,14.1,0
5W0K_HLA,5W0K_HLA,5W0K_HLA,0,obj_mint,-0.4010,0.5898,6,151.6,132.8,270
5W0K_HLA,5W0K_HLA,5W0K_HLA,0,obj_wt,-1.0045,-0.1058,6,20.3,10.2,273
5W0K_HLA,5W0K_HLA,5W0K_HLA,0,ours_abmpnn_live,-0.6317,0.3045,18,74.7,61.6,281
5W0K_HLA,5W0K_HLA,5W0K_HLA,0,ours_abmpnn_npz,-0.5539,0.3600,18,70.9,58.0,270
5W0K_HLA,5W0K_HLA,5W0K_HLA,0,ours_antifold,-1.0771,0.1461,18,164.3,134.9,270
5W0K_HLA,5W0K_HLA,5W0K_HLA,0,ours_diffusion,1.3108,2.5337,18,81.5,68.4,318
5W0K_HLA,5W0K_HLA,5W0K_HLA,0,ours_esmif,0.3263,1.3262,18,77.0,64.1,295
5W0K_HLA,5W0K_HLA,5W0K_HLA,0,ours_proteinmpnn,-0.1847,0.5188,18,81.2,68.0,318
5W0K_HLA,5W0K_HLA,5W0K_HLA,0,ours_proteinmpnn_live,-0.5928,0.9730,18,82.3,69.1,316
5W0K_HLA,5W0K_HLA,5W0K_HLA,0,rand_base_abmpnn_ar,-0.6412,1.0602,18,,,
5W0K_HLA,5W0K_HLA,5W0K_HLA,0,rand_base_antifold,-0.2946,0.9326,18,,,
5W0K_HLA,5W0K_HLA,5W0K_HLA,0,rand_base_proteinmpnn_ar,0.2061,2.1326,18,,,
5W0K_HLA,5W0K_HLA,5W0K_HLA,0,rand_ours_abmpnn_live,0.0929,1.5105,18,,,
5W0K_HLA,5W0K_HLA,5W0K_HLA,0,rand_ours_antifold,-0.0427,0.9119,18,,,
5W0K_HLA,5W0K_HLA,5W0K_HLA,0,rand_ours_proteinmpnn_live,0.9079,2.6901,18,,,
5X2Q_HLA,5X2Q_HLA,5X2O_HLA,0,base_abmpnn_ar,-0.8187,-0.2525,18,9.3,8.6,0
5X2Q_HLA,5X2Q_HLA,5X2O_HLA,0,base_abmpnn_ar_t1,-0.3752,1.2797,18,10.8,10.4,0
5X2Q_HLA,5X2Q_HLA,5X2O_HLA,0,base_abmpnn_npz,1.1327,1.4001,18,0.0,0.0,0
5X2Q_HLA,5X2Q_HLA,5X2O_HLA,0,base_antifold,0.0494,1.1344,18,0.0,0.0,0
5X2Q_HLA,5X2Q_HLA,5X2O_HLA,0,base_antifold_t1,0.5561,2.1440,18,2.0,0.0,0
5X2Q_HLA,5X2Q_HLA,5X2O_HLA,0,base_diffab,5.4657,7.3898,18,14.2,0.0,0
5X2Q_HLA,5X2Q_HLA,5X2O_HLA,0,base_diffusion,7.0421,9.7577,18,35.1,23.3,0
5X2Q_HLA,5X2Q_HLA,5X2O_HLA,0,base_diffusion_s,5.1816,7.4212,12,33.6,23.2,119
5X2Q_HLA,5X2Q_HLA,5X2O_HLA,0,base_esmif,1.8994,3.9923,18,0.0,0.0,0
5X2Q_HLA,5X2Q_HLA,5X2O_HLA,0,base_esmif_ar,3.2622,3.7065,18,10.5,0.0,0
5X2Q_HLA,5X2Q_HLA,5X2O_HLA,0,base_esmif_ar_t1,0.3088,3.0384,18,10.0,0.0,0
5X2Q_HLA,5X2Q_HLA,5X2O_HLA,0,base_iglm,10.2310,10.7281,18,1.7,0.0,0
5X2Q_HLA,5X2Q_HLA,5X2O_HLA,0,base_proteinmpnn,-1.2135,-0.5445,18,0.0,0.0,0
5X2Q_HLA,5X2Q_HLA,5X2O_HLA,0,base_proteinmpnn_ar,-0.6594,0.4234,18,9.3,8.5,0
5X2Q_HLA,5X2Q_HLA,5X2O_HLA,0,base_proteinmpnn_ar_t1,-0.2457,2.5807,18,11.1,10.4,0
5X2Q_HLA,5X2Q_HLA,5X2O_HLA,0,grad_diffusion,0.9805,2.2268,18,35.8,23.9,0
5X2Q_HLA,5X2Q_HLA,5X2O_HLA,0,obj_wt,1.1978,1.9802,6,29.5,18.8,582
5X2Q_HLA,5X2Q_HLA,5X2O_HLA,0,ours_abmpnn_live,-0.8343,0.7658,18,129.3,115.6,588
5X2Q_HLA,5X2Q_HLA,5X2O_HLA,0,ours_abmpnn_npz,-0.6651,0.7439,18,125.3,112.2,580
5X2Q_HLA,5X2Q_HLA,5X2O_HLA,0,ours_antifold,-0.1689,1.2086,18,124.6,111.3,571
5X2Q_HLA,5X2Q_HLA,5X2O_HLA,0,ours_diffusion,4.4882,6.6856,18,137.9,124.4,638
5X2Q_HLA,5X2Q_HLA,5X2O_HLA,0,ours_esmif,-0.3267,2.0445,18,127.0,113.9,582
5X2Q_HLA,5X2Q_HLA,5X2O_HLA,0,ours_proteinmpnn,-0.7719,0.4381,18,137.8,124.3,635
5X2Q_HLA,5X2Q_HLA,5X2O_HLA,0,ours_proteinmpnn_live,-1.0692,1.1627,18,138.4,124.6,626
5X2Q_HLA,5X2Q_HLA,5X2O_HLA,0,rand_base_abmpnn_ar,-0.0730,2.5337,18,,,
5X2Q_HLA,5X2Q_HLA,5X2O_HLA,0,rand_base_antifold,0.0598,2.2408,18,,,
5X2Q_HLA,5X2Q_HLA,5X2O_HLA,0,rand_base_proteinmpnn_ar,1.0009,3.6428,18,,,
5X2Q_HLA,5X2Q_HLA,5X2O_HLA,0,rand_ours_abmpnn_live,1.0350,3.7997,18,,,
5X2Q_HLA,5X2Q_HLA,5X2O_HLA,0,rand_ours_antifold,0.8856,3.6325,18,,,
5X2Q_HLA,5X2Q_HLA,5X2O_HLA,0,rand_ours_proteinmpnn_live,2.0188,4.2512,18,,,
6AJ9_HLC,6AJ9_HLC,6AJ9_HLC,1,base_abmpnn_ar,-1.5690,-0.5356,18,5.4,4.8,0
6AJ9_HLC,6AJ9_HLC,6AJ9_HLC,1,base_abmpnn_ar_t1,-1.2014,0.2144,18,6.0,5.5,0
6AJ9_HLC,6AJ9_HLC,6AJ9_HLC,1,base_abmpnn_npz,-1.0755,-0.4269,18,0.1,0.0,0
6AJ9_HLC,6AJ9_HLC,6AJ9_HLC,1,base_antifold,-0.8835,-0.6833,18,0.0,0.0,0
6AJ9_HLC,6AJ9_HLC,6AJ9_HLC,1,base_antifold_t1,-0.9444,0.2869,18,1.6,0.0,0
6AJ9_HLC,6AJ9_HLC,6AJ9_HLC,1,base_diffab,-0.0455,1.6421,18,14.2,0.0,0
6AJ9_HLC,6AJ9_HLC,6AJ9_HLC,1,base_diffusion,2.5637,3.6181,18,22.6,13.4,0
6AJ9_HLC,6AJ9_HLC,6AJ9_HLC,1,base_diffusion_s,1.3558,3.4066,12,21.9,13.9,91
6AJ9_HLC,6AJ9_HLC,6AJ9_HLC,1,base_esmif,0.2055,2.5398,18,0.0,0.0,0
6AJ9_HLC,6AJ9_HLC,6AJ9_HLC,1,base_esmif_ar,0.3648,1.5030,18,6.4,0.0,0
6AJ9_HLC,6AJ9_HLC,6AJ9_HLC,1,base_esmif_ar_t1,0.0331,2.2132,18,14.0,0.0,0
6AJ9_HLC,6AJ9_HLC,6AJ9_HLC,1,base_iglm,3.1407,3.4748,18,2.3,0.0,0
6AJ9_HLC,6AJ9_HLC,6AJ9_HLC,1,base_proteinmpnn,0.5386,0.8003,18,0.1,0.0,0
6AJ9_HLC,6AJ9_HLC,6AJ9_HLC,1,base_proteinmpnn_ar,-0.4586,0.3881,18,5.3,4.5,0
6AJ9_HLC,6AJ9_HLC,6AJ9_HLC,1,base_proteinmpnn_ar_t1,0.3772,1.5795,18,6.2,5.7,0
6AJ9_HLC,6AJ9_HLC,6AJ9_HLC,1,base_rfantibody,1.0192,1.8781,6,349.7,0.0,0
6AJ9_HLC,6AJ9_HLC,6AJ9_HLC,1,grad_diffusion,-0.0960,0.7538,18,22.7,13.4,0
6AJ9_HLC,6AJ9_HLC,6AJ9_HLC,1,obj_mint,-0.7054,0.0172,6,120.7,105.6,445
6AJ9_HLC,6AJ9_HLC,6AJ9_HLC,1,obj_wt,-0.3541,0.2639,6,18.3,10.9,435
6AJ9_HLC,6AJ9_HLC,6AJ9_HLC,1,ours_abmpnn_live,-1.8469,-0.2807,18,76.6,66.6,440
6AJ9_HLC,6AJ9_HLC,6AJ9_HLC,1,ours_abmpnn_npz,-1.4203,-0.0470,18,74.7,65.0,429
6AJ9_HLC,6AJ9_HLC,6AJ9_HLC,1,ours_antifold,-1.1854,-0.0287,18,72.9,63.0,429
6AJ9_HLC,6AJ9_HLC,6AJ9_HLC,1,ours_diffusion,0.6436,3.1708,18,82.6,72.5,480
6AJ9_HLC,6AJ9_HLC,6AJ9_HLC,1,ours_esmif,-0.8153,1.4958,18,79.2,69.5,468
6AJ9_HLC,6AJ9_HLC,6AJ9_HLC,1,ours_proteinmpnn,-0.9324,1.0459,18,83.0,72.9,482
6AJ9_HLC,6AJ9_HLC,6AJ9_HLC,1,ours_proteinmpnn_live,-0.2679,1.3111,18,84.3,74.3,492
6AJ9_HLC,6AJ9_HLC,6AJ9_HLC,1,rand_base_abmpnn_ar,-0.6312,1.8921,18,,,
6AJ9_HLC,6AJ9_HLC,6AJ9_HLC,1,rand_base_antifold,0.1666,1.6244,18,,,
6AJ9_HLC,6AJ9_HLC,6AJ9_HLC,1,rand_base_proteinmpnn_ar,0.3281,3.2055,18,,,
6AJ9_HLC,6AJ9_HLC,6AJ9_HLC,1,rand_ours_abmpnn_live,1.0508,2.3728,18,,,
6AJ9_HLC,6AJ9_HLC,6AJ9_HLC,1,rand_ours_antifold,0.3562,1.5673,18,,,
6AJ9_HLC,6AJ9_HLC,6AJ9_HLC,1,rand_ours_proteinmpnn_live,1.0306,3.4101,18,,,
6E1K_DCB,6E1K_FEA,6E1K_FEA,0,base_abmpnn_ar,-3.5616,-2.1768,18,8.2,7.4,0
6E1K_DCB,6E1K_FEA,6E1K_FEA,0,base_abmpnn_ar_t1,-1.7974,3.1130,18,9.6,8.6,0
6E1K_DCB,6E1K_FEA,6E1K_FEA,0,base_abmpnn_npz,-2.6006,-1.9201,18,0.0,0.0,0
6E1K_DCB,6E1K_FEA,6E1K_FEA,0,base_antifold,-2.7791,-1.8777,18,0.0,0.0,0
6E1K_DCB,6E1K_FEA,6E1K_FEA,0,base_antifold_t1,-1.7757,1.8792,18,1.3,0.0,0
6E1K_DCB,6E1K_FEA,6E1K_FEA,0,base_diffab,5.6930,8.7611,18,13.6,0.0,0
6E1K_DCB,6E1K_FEA,6E1K_FEA,0,base_diffusion,11.1012,12.6246,18,35.5,23.7,0
6E1K_DCB,6E1K_FEA,6E1K_FEA,0,base_diffusion_s,10.7257,12.9439,6,33.5,23.1,119
6E1K_DCB,6E1K_FEA,6E1K_FEA,0,base_esmif,-0.8276,1.4397,18,0.0,0.0,0
6E1K_DCB,6E1K_FEA,6E1K_FEA,0,base_esmif_ar,-0.5315,1.3514,18,9.0,0.0,0
6E1K_DCB,6E1K_FEA,6E1K_FEA,0,base_esmif_ar_t1,2.3003,6.1971,18,9.3,0.0,0
6E1K_DCB,6E1K_FEA,6E1K_FEA,0,base_iglm,14.7976,15.1236,18,1.7,0.0,0
6E1K_DCB,6E1K_FEA,6E1K_FEA,0,base_proteinmpnn,-1.3855,0.2655,18,0.0,0.0,0
6E1K_DCB,6E1K_FEA,6E1K_FEA,0,base_proteinmpnn_ar,-0.4129,1.7267,18,7.9,7.4,0
6E1K_DCB,6E1K_FEA,6E1K_FEA,0,base_proteinmpnn_ar_t1,2.2922,5.6635,18,9.5,8.8,0
6E1K_DCB,6E1K_FEA,6E1K_FEA,0,grad_diffusion,1.1167,3.2664,18,36.0,23.9,0
6E1K_DCB,6E1K_FEA,6E1K_FEA,0,obj_wt,-3.0920,-0.8118,6,30.3,19.8,603
6E1K_DCB,6E1K_FEA,6E1K_FEA,0,ours_abmpnn_live,-3.0524,-0.6089,18,133.2,119.5,596
6E1K_DCB,6E1K_FEA,6E1K_FEA,0,ours_abmpnn_npz,-2.7823,-0.5667,18,132.0,118.3,602
6E1K_DCB,6E1K_FEA,6E1K_FEA,0,ours_antifold,-2.3007,-0.5543,18,133.8,120.5,617
6E1K_DCB,6E1K_FEA,6E1K_FEA,0,ours_diffusion,7.8112,10.7194,18,137.6,124.0,639
6E1K_DCB,6E1K_FEA,6E1K_FEA,0,ours_esmif,-0.8125,3.2093,18,142.3,128.6,653
6E1K_DCB,6E1K_FEA,6E1K_FEA,0,ours_proteinmpnn,0.5562,2.3385,18,143.5,129.9,663
6E1K_DCB,6E1K_FEA,6E1K_FEA,0,ours_proteinmpnn_live,-0.5565,2.1476,18,143.5,129.0,651
6E1K_DCB,6E1K_FEA,6E1K_FEA,0,rand_base_abmpnn_ar,2.5133,5.2339,18,,,
6E1K_DCB,6E1K_FEA,6E1K_FEA,0,rand_base_antifold,2.3540,5.2613,18,,,
6E1K_DCB,6E1K_FEA,6E1K_FEA,0,rand_base_proteinmpnn_ar,6.1826,9.2068,18,,,
6E1K_DCB,6E1K_FEA,6E1K_FEA,0,rand_ours_abmpnn_live,2.5575,7.1504,18,,,
6E1K_DCB,6E1K_FEA,6E1K_FEA,0,rand_ours_antifold,3.5752,6.8837,18,,,
6E1K_DCB,6E1K_FEA,6E1K_FEA,0,rand_ours_proteinmpnn_live,3.3763,9.4838,18,,,
6E62_HLP,6E63_HLP,6E62_HLP,0,base_abmpnn_ar,0.7458,1.1513,18,7.1,6.2,0
6E62_HLP,6E63_HLP,6E62_HLP,0,base_abmpnn_ar_t1,-0.4872,1.4731,18,8.2,7.3,0
6E62_HLP,6E63_HLP,6E62_HLP,0,base_abmpnn_npz,-0.4572,0.0291,18,0.0,0.0,0
6E62_HLP,6E63_HLP,6E62_HLP,0,base_antifold,-0.5783,0.6595,18,0.0,0.0,0
6E62_HLP,6E63_HLP,6E62_HLP,0,base_antifold_t1,0.3086,1.2192,18,1.3,0.0,0
6E62_HLP,6E63_HLP,6E62_HLP,0,base_diffab,1.5552,2.8100,18,14.0,0.0,0
6E62_HLP,6E63_HLP,6E62_HLP,0,base_diffusion,1.9134,4.0237,18,22.4,13.1,0
6E62_HLP,6E63_HLP,6E62_HLP,0,base_diffusion_s,2.7664,3.7826,6,21.2,13.1,84
6E62_HLP,6E63_HLP,6E62_HLP,0,base_esmif,0.7229,1.1246,18,0.2,0.0,0
6E62_HLP,6E63_HLP,6E62_HLP,0,base_esmif_ar,0.4465,1.5057,18,6.5,0.0,0
6E62_HLP,6E63_HLP,6E62_HLP,0,base_esmif_ar_t1,1.1734,2.3719,18,7.2,0.0,0
6E62_HLP,6E63_HLP,6E62_HLP,0,base_iglm,3.6667,4.2812,18,2.2,0.0,0
6E62_HLP,6E63_HLP,6E62_HLP,0,base_proteinmpnn,0.0743,0.8571,18,0.0,0.0,0
6E62_HLP,6E63_HLP,6E62_HLP,0,base_proteinmpnn_ar,0.8778,1.9897,18,6.6,5.7,0
6E62_HLP,6E63_HLP,6E62_HLP,0,base_proteinmpnn_ar_t1,2.0044,3.2339,18,7.2,6.8,0
6E62_HLP,6E63_HLP,6E62_HLP,0,grad_diffusion,-0.5544,0.7799,18,22.5,13.1,0
6E62_HLP,6E63_HLP,6E62_HLP,0,obj_wt,0.1674,0.6450,6,17.3,9.8,379
6E62_HLP,6E63_HLP,6E62_HLP,0,ours_abmpnn_live,-0.4512,1.0334,18,71.6,61.6,397
6E62_HLP,6E63_HLP,6E62_HLP,0,ours_abmpnn_npz,-0.4095,0.3256,18,69.0,59.2,384
6E62_HLP,6E63_HLP,6E62_HLP,0,ours_antifold,-0.4739,1.0672,18,69.0,59.3,386
6E62_HLP,6E63_HLP,6E62_HLP,0,ours_diffusion,0.6005,2.1023,18,75.1,65.1,431
6E62_HLP,6E63_HLP,6E62_HLP,0,ours_esmif,1.0410,1.7267,18,73.6,63.8,416
6E62_HLP,6E63_HLP,6E62_HLP,0,ours_proteinmpnn,0.6663,2.0694,18,79.9,69.9,458
6E62_HLP,6E63_HLP,6E62_HLP,0,ours_proteinmpnn_live,-0.4306,2.2549,18,81.0,70.8,457
6E62_HLP,6E63_HLP,6E62_HLP,0,rand_base_abmpnn_ar,0.6220,1.8467,18,,,
6E62_HLP,6E63_HLP,6E62_HLP,0,rand_base_antifold,0.5623,1.6275,18,,,
6E62_HLP,6E63_HLP,6E62_HLP,0,rand_base_proteinmpnn_ar,1.2723,3.2230,18,,,
6E62_HLP,6E63_HLP,6E62_HLP,0,rand_ours_abmpnn_live,0.4454,2.4319,18,,,
6E62_HLP,6E63_HLP,6E62_HLP,0,rand_ours_antifold,-0.2660,1.9311,18,,,
6E62_HLP,6E63_HLP,6E62_HLP,0,rand_ours_proteinmpnn_live,1.8178,3.2717,18,,,
6EJM_HB,6EJM_HB,6EJM_HB,0,base_abmpnn_ar,0.2025,0.4961,18,4.5,3.6,0
6EJM_HB,6EJM_HB,6EJM_HB,0,base_abmpnn_ar_t1,-0.0900,0.6135,18,4.8,4.2,0
6EJM_HB,6EJM_HB,6EJM_HB,0,base_abmpnn_npz,0.1662,0.3281,18,0.0,0.0,0
6EJM_HB,6EJM_HB,6EJM_HB,0,base_antifold,-0.1714,0.2116,18,0.0,0.0,0
6EJM_HB,6EJM_HB,6EJM_HB,0,base_antifold_t1,-0.1264,0.4283,18,2.0,0.0,0
6EJM_HB,6EJM_HB,6EJM_HB,0,base_diffusion,1.6683,2.1343,18,17.9,8.8,0
6EJM_HB,6EJM_HB,6EJM_HB,0,base_diffusion_s,1.3723,2.2381,6,17.3,9.5,63
6EJM_HB,6EJM_HB,6EJM_HB,0,base_esmif,-0.1735,0.2877,18,0.0,0.0,0
6EJM_HB,6EJM_HB,6EJM_HB,0,base_esmif_ar,0.0178,0.3811,18,5.5,0.0,0
6EJM_HB,6EJM_HB,6EJM_HB,0,base_esmif_ar_t1,-0.6296,0.2876,18,4.7,0.0,0
6EJM_HB,6EJM_HB,6EJM_HB,0,base_iglm,2.0997,2.2619,12,2.2,0.0,0
6EJM_HB,6EJM_HB,6EJM_HB,0,base_proteinmpnn,-0.5835,-0.1196,18,0.0,0.0,0
6EJM_HB,6EJM_HB,6EJM_HB,0,base_proteinmpnn_ar,-0.6739,-0.2464,18,4.8,4.0,0
6EJM_HB,6EJM_HB,6EJM_HB,0,base_proteinmpnn_ar_t1,-0.1391,0.3249,18,5.0,4.3,0
6EJM_HB,6EJM_HB,6EJM_HB,0,base_rfantibody,1.1078,1.5230,6,146.8,0.0,0
6EJM_HB,6EJM_HB,6EJM_HB,0,grad_diffusion,-0.1214,0.4393,18,18.0,8.8,0
6EJM_HB,6EJM_HB,6EJM_HB,0,obj_mint,-0.1698,0.1935,6,64.7,51.9,290
6EJM_HB,6EJM_HB,6EJM_HB,0,obj_wt,-0.4269,0.2677,6,14.7,7.3,279
6EJM_HB,6EJM_HB,6EJM_HB,0,ours_abmpnn_live,-0.1926,0.3229,18,54.1,44.7,299
6EJM_HB,6EJM_HB,6EJM_HB,0,ours_abmpnn_npz,-0.2369,0.3320,18,55.9,46.5,312
6EJM_HB,6EJM_HB,6EJM_HB,0,ours_antifold,-0.2321,0.1510,18,52.5,43.1,286
6EJM_HB,6EJM_HB,6EJM_HB,0,ours_diffusion,0.2551,1.3069,18,58.2,48.7,328
6EJM_HB,6EJM_HB,6EJM_HB,0,ours_esmif,-0.5112,0.1989,18,54.6,45.5,304
6EJM_HB,6EJM_HB,6EJM_HB,0,ours_proteinmpnn,-0.6119,0.0645,18,57.3,47.8,316
6EJM_HB,6EJM_HB,6EJM_HB,0,ours_proteinmpnn_live,-0.6197,0.1505,18,56.1,46.6,310
6EJM_HB,6EJM_HB,6EJM_HB,0,rand_base_abmpnn_ar,-0.1991,1.0329,18,,,
6EJM_HB,6EJM_HB,6EJM_HB,0,rand_base_antifold,-0.4655,0.7895,18,,,
6EJM_HB,6EJM_HB,6EJM_HB,0,rand_base_proteinmpnn_ar,0.2239,1.2729,18,,,
6EJM_HB,6EJM_HB,6EJM_HB,0,rand_ours_abmpnn_live,0.4568,1.5486,18,,,
6EJM_HB,6EJM_HB,6EJM_HB,0,rand_ours_antifold,-0.5358,0.8655,18,,,
6EJM_HB,6EJM_HB,6EJM_HB,0,rand_ours_proteinmpnn_live,0.4357,1.6358,18,,,
6FLA_HLI,6FLC_HLG,6FLA_HLI,1,base_abmpnn_ar,0.1898,2.0207,18,13.3,12.7,0
6FLA_HLI,6FLC_HLG,6FLA_HLI,1,base_abmpnn_ar_t1,-0.1629,2.2861,18,7.4,6.6,0
6FLA_HLI,6FLC_HLG,6FLA_HLI,1,base_abmpnn_npz,2.0723,2.2670,18,0.1,0.0,0
6FLA_HLI,6FLC_HLG,6FLA_HLI,1,base_antifold,0.4643,1.8441,18,0.0,0.0,0
6FLA_HLI,6FLC_HLG,6FLA_HLI,1,base_antifold_t1,0.5252,2.8216,18,2.0,0.0,0
6FLA_HLI,6FLC_HLG,6FLA_HLI,1,base_diffab,2.2236,3.8102,18,12.6,0.0,0
6FLA_HLI,6FLC_HLG,6FLA_HLI,1,base_diffusion,1.8781,3.4586,18,20.1,10.7,0
6FLA_HLI,6FLC_HLG,6FLA_HLI,1,base_diffusion_s,0.8094,2.9828,18,18.7,10.8,70
6FLA_HLI,6FLC_HLG,6FLA_HLI,1,base_esmif,0.6014,2.4319,18,0.0,0.0,0
6FLA_HLI,6FLC_HLG,6FLA_HLI,1,base_esmif_ar,0.6136,2.0098,18,8.4,0.0,0
6FLA_HLI,6FLC_HLG,6FLA_HLI,1,base_esmif_ar_t1,0.3358,2.2862,18,5.7,0.0,0
6FLA_HLI,6FLC_HLG,6FLA_HLI,1,base_iglm,3.1076,3.4614,6,3.9,0.0,0
6FLA_HLI,6FLC_HLG,6FLA_HLI,1,base_proteinmpnn,0.3467,1.9838,18,0.0,0.0,0
6FLA_HLI,6FLC_HLG,6FLA_HLI,1,base_proteinmpnn_ar,0.0838,1.7370,18,6.7,5.5,0
6FLA_HLI,6FLC_HLG,6FLA_HLI,1,base_proteinmpnn_ar_t1,0.8024,2.6268,18,7.1,6.5,0
6FLA_HLI,6FLC_HLG,6FLA_HLI,1,grad_diffusion,0.2756,0.9766,18,19.7,10.7,0
6FLA_HLI,6FLC_HLG,6FLA_HLI,1,obj_mint,1.6767,2.6478,6,93.4,79.3,303
6FLA_HLI,6FLC_HLG,6FLA_HLI,1,obj_wt,0.1982,1.6744,12,14.9,7.9,300
6FLA_HLI,6FLC_HLG,6FLA_HLI,1,ours_abmpnn_live,0.5897,1.7174,18,56.5,47.0,309
6FLA_HLI,6FLC_HLG,6FLA_HLI,1,ours_abmpnn_npz,0.4803,1.8880,18,54.3,45.2,297
6FLA_HLI,6FLC_HLG,6FLA_HLI,1,ours_antifold,0.4384,1.6266,18,55.8,46.6,307
6FLA_HLI,6FLC_HLG,6FLA_HLI,1,ours_diffusion,0.4960,2.5998,18,62.3,52.8,350
6FLA_HLI,6FLC_HLG,6FLA_HLI,1,ours_esmif,-0.1267,1.2420,18,57.4,48.2,317
6FLA_HLI,6FLC_HLG,6FLA_HLI,1,ours_proteinmpnn,0.2561,1.2456,18,62.7,53.3,360
6FLA_HLI,6FLC_HLG,6FLA_HLI,1,ours_proteinmpnn_live,0.2541,1.5316,18,64.7,55.0,360
6FLA_HLI,6FLC_HLG,6FLA_HLI,1,rand_base_abmpnn_ar,-0.1781,1.0565,18,,,
6FLA_HLI,6FLC_HLG,6FLA_HLI,1,rand_base_antifold,0.0007,1.1611,18,,,
6FLA_HLI,6FLC_HLG,6FLA_HLI,1,rand_base_proteinmpnn_ar,0.6513,2.9784,18,,,
6FLA_HLI,6FLC_HLG,6FLA_HLI,1,rand_ours_abmpnn_live,0.0388,1.7926,18,,,
6FLA_HLI,6FLC_HLG,6FLA_HLI,1,rand_ours_antifold,-0.0759,1.1412,18,,,
6FLA_HLI,6FLC_HLG,6FLA_HLI,1,rand_ours_proteinmpnn_live,0.7603,3.2166,18,,,
6FLB_HLG,6FLC_HLG,6FLA_HLI,1,base_abmpnn_ar,0.0900,2.1445,18,21.3,20.7,0
6FLB_HLG,6FLC_HLG,6FLA_HLI,1,base_abmpnn_ar_t1,0.1237,2.4950,18,7.4,6.9,0
6FLB_HLG,6FLC_HLG,6FLA_HLI,1,base_abmpnn_npz,0.7195,1.4715,18,0.1,0.0,0
6FLB_HLG,6FLC_HLG,6FLA_HLI,1,base_antifold,0.0807,2.2919,18,0.0,0.0,0
6FLB_HLG,6FLC_HLG,6FLA_HLI,1,base_antifold_t1,0.1245,3.5672,18,1.4,0.0,0
6FLB_HLG,6FLC_HLG,6FLA_HLI,1,base_diffab,1.8556,4.8258,18,12.9,0.0,0
6FLB_HLG,6FLC_HLG,6FLA_HLI,1,base_diffusion,2.1154,4.0148,18,19.9,10.7,0
6FLB_HLG,6FLC_HLG,6FLA_HLI,1,base_diffusion_s,1.3175,3.4975,12,19.2,10.9,70
6FLB_HLG,6FLC_HLG,6FLA_HLI,1,base_esmif,2.3945,2.9193,18,0.0,0.0,0
6FLB_HLG,6FLC_HLG,6FLA_HLI,1,base_esmif_ar,2.5305,2.9098,18,10.8,0.0,0
6FLB_HLG,6FLC_HLG,6FLA_HLI,1,base_esmif_ar_t1,0.1273,2.7737,18,6.4,0.0,0
6FLB_HLG,6FLC_HLG,6FLA_HLI,1,base_iglm,4.1314,4.6503,12,2.8,0.0,0
6FLB_HLG,6FLC_HLG,6FLA_HLI,1,base_proteinmpnn,0.5580,2.4138,18,0.0,0.0,0
6FLB_HLG,6FLC_HLG,6FLA_HLI,1,base_proteinmpnn_ar,0.5124,2.2687,18,6.5,5.4,0
6FLB_HLG,6FLC_HLG,6FLA_HLI,1,base_proteinmpnn_ar_t1,0.2950,2.6673,18,7.2,6.7,0
6FLB_HLG,6FLC_HLG,6FLA_HLI,1,base_rfantibody,3.1555,5.0366,6,229.2,0.0,0
6FLB_HLG,6FLC_HLG,6FLA_HLI,1,grad_diffusion,0.3232,1.0460,18,19.8,10.7,0
6FLB_HLG,6FLC_HLG,6FLA_HLI,1,obj_mint,0.1130,1.6065,6,93.6,79.1,307
6FLB_HLG,6FLC_HLG,6FLA_HLI,1,obj_wt,0.1437,1.9803,12,14.9,7.9,301
6FLB_HLG,6FLC_HLG,6FLA_HLI,1,ours_abmpnn_live,0.0869,1.8689,18,54.4,45.1,292
6FLB_HLG,6FLC_HLG,6FLA_HLI,1,ours_abmpnn_npz,0.0234,1.0973,18,54.5,45.3,302
6FLB_HLG,6FLC_HLG,6FLA_HLI,1,ours_antifold,-0.2162,1.5130,18,54.4,45.3,298
6FLB_HLG,6FLC_HLG,6FLA_HLI,1,ours_diffusion,1.0617,3.2241,18,62.5,52.7,350
6FLB_HLG,6FLC_HLG,6FLA_HLI,1,ours_esmif,0.2356,2.0418,18,58.4,49.1,323
6FLB_HLG,6FLC_HLG,6FLA_HLI,1,ours_proteinmpnn,0.0519,1.4640,18,63.0,53.5,353
6FLB_HLG,6FLC_HLG,6FLA_HLI,1,ours_proteinmpnn_live,-0.1670,1.4130,18,64.8,55.1,359
6FLB_HLG,6FLC_HLG,6FLA_HLI,1,rand_base_abmpnn_ar,-0.3281,1.8809,18,,,
6FLB_HLG,6FLC_HLG,6FLA_HLI,1,rand_base_antifold,-0.0490,1.1675,18,,,
6FLB_HLG,6FLC_HLG,6FLA_HLI,1,rand_base_proteinmpnn_ar,0.2719,3.8190,18,,,
6FLB_HLG,6FLC_HLG,6FLA_HLI,1,rand_ours_abmpnn_live,-0.3855,1.7083,18,,,
6FLB_HLG,6FLC_HLG,6FLA_HLI,1,rand_ours_antifold,0.1457,1.5621,18,,,
6FLB_HLG,6FLC_HLG,6FLA_HLI,1,rand_ours_proteinmpnn_live,0.9835,3.4562,18,,,
6FY1_HLG,3U4E_HLG,6FY1_HLG,0,base_abmpnn_ar,-3.4290,-1.9540,18,6.2,5.6,0
6FY1_HLG,3U4E_HLG,6FY1_HLG,0,base_abmpnn_ar_t1,-2.5015,-0.3296,18,7.5,6.9,0
6FY1_HLG,3U4E_HLG,6FY1_HLG,0,base_abmpnn_npz,-2.2982,-1.5969,18,0.0,0.0,0
6FY1_HLG,3U4E_HLG,6FY1_HLG,0,base_antifold,-0.4594,0.0273,18,0.0,0.0,0
6FY1_HLG,3U4E_HLG,6FY1_HLG,0,base_antifold_t1,-0.8110,0.4160,18,0.9,0.0,0
6FY1_HLG,3U4E_HLG,6FY1_HLG,0,base_diffab,-0.4779,4.0027,18,13.2,0.0,0
6FY1_HLG,3U4E_HLG,6FY1_HLG,0,base_diffusion,3.7697,4.6686,18,26.9,17.1,0
6FY1_HLG,3U4E_HLG,6FY1_HLG,0,base_diffusion_s,1.9520,4.9154,6,26.2,17.4,112
6FY1_HLG,3U4E_HLG,6FY1_HLG,0,base_esmif,-1.2091,-0.8272,18,0.0,0.0,0
6FY1_HLG,3U4E_HLG,6FY1_HLG,0,base_esmif_ar,-1.9725,-1.2952,18,9.1,0.0,0
6FY1_HLG,3U4E_HLG,6FY1_HLG,0,base_esmif_ar_t1,-1.1066,0.1621,18,7.6,0.0,0
6FY1_HLG,3U4E_HLG,6FY1_HLG,0,base_iglm,4.6391,5.3156,18,2.1,0.0,0
6FY1_HLG,3U4E_HLG,6FY1_HLG,0,base_proteinmpnn,-1.9485,-1.3224,18,0.0,0.0,0
6FY1_HLG,3U4E_HLG,6FY1_HLG,0,base_proteinmpnn_ar,-2.0952,-0.8602,18,6.1,5.5,0
6FY1_HLG,3U4E_HLG,6FY1_HLG,0,base_proteinmpnn_ar_t1,-1.5338,0.5726,18,7.2,6.6,0
6FY1_HLG,3U4E_HLG,6FY1_HLG,0,base_rfantibody,3.8398,5.6465,6,259.1,0.0,0
6FY1_HLG,3U4E_HLG,6FY1_HLG,0,grad_diffusion,-2.6002,-1.4612,18,27.4,17.3,0
6FY1_HLG,3U4E_HLG,6FY1_HLG,0,obj_mint,-1.2543,-0.1803,6,167.6,151.3,566
6FY1_HLG,3U4E_HLG,6FY1_HLG,0,obj_wt,-2.0539,-0.0026,6,22.3,13.6,530
6FY1_HLG,3U4E_HLG,6FY1_HLG,0,ours_abmpnn_live,-4.7027,-1.2558,18,98.4,87.2,557
6FY1_HLG,3U4E_HLG,6FY1_HLG,0,ours_abmpnn_npz,-3.3023,-1.6779,18,96.4,85.8,553
6FY1_HLG,3U4E_HLG,6FY1_HLG,0,ours_antifold,-2.7964,-0.0314,18,94.3,83.6,541
6FY1_HLG,3U4E_HLG,6FY1_HLG,0,ours_diffusion,1.6940,4.2840,18,103.4,92.2,596
6FY1_HLG,3U4E_HLG,6FY1_HLG,0,ours_esmif,-1.5944,-0.1789,18,96.2,85.5,559
6FY1_HLG,3U4E_HLG,6FY1_HLG,0,ours_proteinmpnn,-2.7621,-0.9304,18,99.5,88.6,574
6FY1_HLG,3U4E_HLG,6FY1_HLG,0,ours_proteinmpnn_live,-2.1896,-0.3642,18,104.1,92.6,592
6FY1_HLG,3U4E_HLG,6FY1_HLG,0,rand_base_abmpnn_ar,0.6806,3.2677,18,,,
6FY1_HLG,3U4E_HLG,6FY1_HLG,0,rand_base_antifold,-0.1859,2.3780,18,,,
6FY1_HLG,3U4E_HLG,6FY1_HLG,0,rand_base_proteinmpnn_ar,-0.0733,3.8870,18,,,
6FY1_HLG,3U4E_HLG,6FY1_HLG,0,rand_ours_abmpnn_live,-0.0391,3.5370,18,,,
6FY1_HLG,3U4E_HLG,6FY1_HLG,0,rand_ours_antifold,0.5186,2.8421,18,,,
6FY1_HLG,3U4E_HLG,6FY1_HLG,0,rand_ours_proteinmpnn_live,0.2366,3.4164,18,,,
6G8R_AB,6G8R_AB,6G8R_AB,0,base_abmpnn_ar,-2.9330,-0.9199,18,5.0,4.3,0
6G8R_AB,6G8R_AB,6G8R_AB,0,base_abmpnn_ar_t1,-2.6826,0.6854,18,5.8,5.0,0
6G8R_AB,6G8R_AB,6G8R_AB,0,base_abmpnn_npz,-2.9667,-0.8303,18,0.1,0.0,0
6G8R_AB,6G8R_AB,6G8R_AB,0,base_antifold,4.1402,4.5101,18,0.0,0.0,0
6G8R_AB,6G8R_AB,6G8R_AB,0,base_antifold_t1,1.6213,5.0835,18,0.7,0.0,0
6G8R_AB,6G8R_AB,6G8R_AB,0,base_diffab,1.1177,4.4086,18,12.2,0.0,0
6G8R_AB,6G8R_AB,6G8R_AB,0,base_diffusion,5.6073,7.0469,18,20.8,11.9,0
6G8R_AB,6G8R_AB,6G8R_AB,0,base_diffusion_s,3.7478,5.2932,12,19.9,12.4,84
6G8R_AB,6G8R_AB,6G8R_AB,0,base_esmif,-0.9523,0.1413,18,0.0,0.0,0
6G8R_AB,6G8R_AB,6G8R_AB,0,base_esmif_ar,-1.0949,0.1019,18,8.6,0.0,0
6G8R_AB,6G8R_AB,6G8R_AB,0,base_esmif_ar_t1,-0.7951,1.8812,18,5.7,0.0,0
6G8R_AB,6G8R_AB,6G8R_AB,0,base_iglm,8.5329,9.0883,12,1.7,0.0,0
6G8R_AB,6G8R_AB,6G8R_AB,0,base_proteinmpnn,-0.7194,0.6138,18,0.0,0.0,0
6G8R_AB,6G8R_AB,6G8R_AB,0,base_proteinmpnn_ar,-1.9910,1.0187,18,5.1,4.4,0
6G8R_AB,6G8R_AB,6G8R_AB,0,base_proteinmpnn_ar_t1,0.8388,4.1047,18,5.5,5.0,0
6G8R_AB,6G8R_AB,6G8R_AB,0,grad_diffusion,-1.5393,-0.4505,18,21.4,12.2,0
6G8R_AB,6G8R_AB,6G8R_AB,0,obj_mint,4.1196,5.1339,6,105.9,91.8,404
6G8R_AB,6G8R_AB,6G8R_AB,0,obj_wt,0.0782,1.6638,6,17.6,10.3,411
6G8R_AB,6G8R_AB,6G8R_AB,0,ours_abmpnn_live,-2.6881,-0.4184,18,68.9,59.2,384
6G8R_AB,6G8R_AB,6G8R_AB,0,ours_abmpnn_npz,-2.7968,-0.5594,18,65.8,56.3,376
6G8R_AB,6G8R_AB,6G8R_AB,0,ours_antifold,-1.4939,2.3766,18,70.3,60.8,402
6G8R_AB,6G8R_AB,6G8R_AB,0,ours_diffusion,2.4228,4.0395,18,73.8,64.1,430
6G8R_AB,6G8R_AB,6G8R_AB,0,ours_esmif,-1.8703,0.2428,18,71.0,61.3,411
6G8R_AB,6G8R_AB,6G8R_AB,0,ours_proteinmpnn,-0.2412,1.7725,18,75.2,65.2,438
6G8R_AB,6G8R_AB,6G8R_AB,0,ours_proteinmpnn_live,-0.4405,1.4172,18,78.0,68.1,443
6G8R_AB,6G8R_AB,6G8R_AB,0,rand_base_abmpnn_ar,0.9847,4.3856,18,,,
6G8R_AB,6G8R_AB,6G8R_AB,0,rand_base_antifold,-0.1044,3.8247,18,,,
6G8R_AB,6G8R_AB,6G8R_AB,0,rand_base_proteinmpnn_ar,1.6638,5.3092,18,,,
6G8R_AB,6G8R_AB,6G8R_AB,0,rand_ours_abmpnn_live,1.1354,4.4741,18,,,
6G8R_AB,6G8R_AB,6G8R_AB,0,rand_ours_antifold,0.9413,4.6276,18,,,
6G8R_AB,6G8R_AB,6G8R_AB,0,rand_ours_proteinmpnn_live,2.8429,6.2228,18,,,
6GJU_CA,6GJU_CA,6GJU_CA,0,base_abmpnn_ar,-4.3905,-2.5598,18,3.9,3.3,0
6GJU_CA,6GJU_CA,6GJU_CA,0,base_abmpnn_ar_t1,-3.8678,-1.3487,18,4.8,3.9,0
6GJU_CA,6GJU_CA,6GJU_CA,0,base_abmpnn_npz,-4.8224,-3.7702,18,0.0,0.0,0
6GJU_CA,6GJU_CA,6GJU_CA,0,base_antifold,-3.3767,-1.4821,18,0.0,0.0,0
6GJU_CA,6GJU_CA,6GJU_CA,0,base_antifold_t1,-2.8971,-0.1632,18,1.3,0.0,0
6GJU_CA,6GJU_CA,6GJU_CA,0,base_diffab,0.9900,4.4051,18,26.4,0.0,0
6GJU_CA,6GJU_CA,6GJU_CA,0,base_diffusion,2.1422,4.9690,18,22.6,13.4,0
6GJU_CA,6GJU_CA,6GJU_CA,0,base_diffusion_s,1.9653,3.4118,12,22.8,14.8,98
6GJU_CA,6GJU_CA,6GJU_CA,0,base_esmif,-4.9121,-3.6509,18,0.0,0.0,0
6GJU_CA,6GJU_CA,6GJU_CA,0,base_esmif_ar,-3.5697,-2.6685,18,6.2,0.0,0
6GJU_CA,6GJU_CA,6GJU_CA,0,base_esmif_ar_t1,-2.8444,-1.3931,18,9.4,0.0,0
6GJU_CA,6GJU_CA,6GJU_CA,0,base_iglm,6.6573,7.0599,18,2.1,0.0,0
6GJU_CA,6GJU_CA,6GJU_CA,0,base_proteinmpnn,-4.0174,-3.3091,18,0.0,0.0,0
6GJU_CA,6GJU_CA,6GJU_CA,0,base_proteinmpnn_ar,-5.3078,-3.3608,18,4.1,3.3,0
6GJU_CA,6GJU_CA,6GJU_CA,0,base_proteinmpnn_ar_t1,-3.0376,-0.1049,18,4.5,4.1,0
6GJU_CA,6GJU_CA,6GJU_CA,0,grad_diffusion,-1.1796,-0.4882,18,22.8,13.4,0
6GJU_CA,6GJU_CA,6GJU_CA,0,obj_mint,-1.8356,-0.9361,6,102.8,89.4,520
6GJU_CA,6GJU_CA,6GJU_CA,0,obj_wt,-2.3258,-1.3580,6,20.7,12.6,508
6GJU_CA,6GJU_CA,6GJU_CA,0,ours_abmpnn_live,-4.7847,-2.5000,18,86.0,75.7,498
6GJU_CA,6GJU_CA,6GJU_CA,0,ours_abmpnn_npz,-4.2205,-2.9111,18,85.6,75.3,502
6GJU_CA,6GJU_CA,6GJU_CA,0,ours_antifold,-4.9364,-2.5407,18,86.2,76.1,501
6GJU_CA,6GJU_CA,6GJU_CA,0,ours_diffusion,-0.2399,2.5018,18,85.9,75.7,501
6GJU_CA,6GJU_CA,6GJU_CA,0,ours_esmif,-5.7581,-3.1480,18,85.6,75.3,499
6GJU_CA,6GJU_CA,6GJU_CA,0,ours_proteinmpnn,-4.5005,-2.4705,18,90.5,80.1,525
6GJU_CA,6GJU_CA,6GJU_CA,0,ours_proteinmpnn_live,-3.9921,-2.0176,18,91.2,80.5,522
6GJU_CA,6GJU_CA,6GJU_CA,0,rand_base_abmpnn_ar,0.5717,3.0498,18,,,
6GJU_CA,6GJU_CA,6GJU_CA,0,rand_base_antifold,-0.2295,2.8338,18,,,
6GJU_CA,6GJU_CA,6GJU_CA,0,rand_base_proteinmpnn_ar,-1.2677,1.9791,18,,,
6GJU_CA,6GJU_CA,6GJU_CA,0,rand_ours_abmpnn_live,-1.6136,3.0595,18,,,
6GJU_CA,6GJU_CA,6GJU_CA,0,rand_ours_antifold,-0.4408,3.4961,18,,,
6GJU_CA,6GJU_CA,6GJU_CA,0,rand_ours_proteinmpnn_live,-0.1666,3.1731,18,,,
6GK4_BA,6GKD_KI,6GK4_BA,0,base_abmpnn_ar,1.2257,2.6979,18,4.2,3.6,0
6GK4_BA,6GKD_KI,6GK4_BA,0,base_abmpnn_ar_t1,1.5354,4.4361,18,5.2,4.3,0
6GK4_BA,6GKD_KI,6GK4_BA,0,base_abmpnn_npz,1.1623,2.1231,18,0.0,0.0,0
6GK4_BA,6GKD_KI,6GK4_BA,0,base_antifold,2.8965,4.1497,18,0.0,0.0,0
6GK4_BA,6GKD_KI,6GK4_BA,0,base_antifold_t1,2.6652,4.8402,18,2.2,0.0,0
6GK4_BA,6GKD_KI,6GK4_BA,0,base_diffab,5.8050,9.1709,18,12.4,0.0,0
6GK4_BA,6GKD_KI,6GK4_BA,0,base_diffusion,7.9130,9.3929,18,26.0,16.6,0
6GK4_BA,6GKD_KI,6GK4_BA,0,base_diffusion_s,8.1657,9.3303,6,25.4,17.5,119
6GK4_BA,6GKD_KI,6GK4_BA,0,base_esmif,2.1146,2.9276,18,0.0,0.0,0
6GK4_BA,6GKD_KI,6GK4_BA,0,base_esmif_ar,0.5328,2.4828,18,7.0,0.0,0
6GK4_BA,6GKD_KI,6GK4_BA,0,base_esmif_ar_t1,1.9602,3.6761,18,7.6,0.0,0
6GK4_BA,6GKD_KI,6GK4_BA,0,base_iglm,9.3963,9.6706,12,1.7,0.0,0
6GK4_BA,6GKD_KI,6GK4_BA,0,base_proteinmpnn,-1.3858,0.2129,18,0.0,0.0,0
6GK4_BA,6GKD_KI,6GK4_BA,0,base_proteinmpnn_ar,-0.4224,0.7231,18,4.2,3.6,0
6GK4_BA,6GKD_KI,6GK4_BA,0,base_proteinmpnn_ar_t1,0.5818,3.4322,18,4.8,4.3,0
6GK4_BA,6GKD_KI,6GK4_BA,0,grad_diffusion,1.8510,3.1402,18,26.1,16.5,0
6GK4_BA,6GKD_KI,6GK4_BA,0,obj_mint,4.1340,6.2665,6,132.6,118.0,640
6GK4_BA,6GKD_KI,6GK4_BA,0,obj_wt,3.3893,4.3561,6,23.4,15.3,636
6GK4_BA,6GKD_KI,6GK4_BA,0,ours_abmpnn_live,0.5953,3.1841,18,106.7,95.6,622
6GK4_BA,6GKD_KI,6GK4_BA,0,ours_abmpnn_npz,1.9115,3.3144,18,105.9,95.1,632
6GK4_BA,6GKD_KI,6GK4_BA,0,ours_antifold,2.5228,3.9793,18,105.9,95.2,632
6GK4_BA,6GKD_KI,6GK4_BA,0,ours_diffusion,3.2701,8.1366,18,108.4,97.6,650
6GK4_BA,6GKD_KI,6GK4_BA,0,ours_esmif,-0.5303,2.1135,18,103.7,93.3,621
6GK4_BA,6GKD_KI,6GK4_BA,0,ours_proteinmpnn,0.5655,2.1117,18,107.2,96.4,636
6GK4_BA,6GKD_KI,6GK4_BA,0,ours_proteinmpnn_live,-0.2892,1.6691,18,108.7,97.5,633
6GK4_BA,6GKD_KI,6GK4_BA,0,rand_base_abmpnn_ar,5.2487,8.9060,18,,,
6GK4_BA,6GKD_KI,6GK4_BA,0,rand_base_antifold,5.2035,8.5890,18,,,
6GK4_BA,6GKD_KI,6GK4_BA,0,rand_base_proteinmpnn_ar,4.3099,7.8334,18,,,
6GK4_BA,6GKD_KI,6GK4_BA,0,rand_ours_abmpnn_live,7.1734,9.7949,18,,,
6GK4_BA,6GKD_KI,6GK4_BA,0,rand_ours_antifold,5.9080,9.2893,18,,,
6GK4_BA,6GKD_KI,6GK4_BA,0,rand_ours_proteinmpnn_live,3.9828,7.1076,18,,,
6GLW_HLA,6GLX_HLA,6GLW_HLA,0,base_abmpnn_ar,-0.3444,0.4852,18,7.7,6.7,0
6GLW_HLA,6GLX_HLA,6GLW_HLA,0,base_abmpnn_ar_t1,-0.0448,1.6111,18,7.5,7.1,0
6GLW_HLA,6GLX_HLA,6GLW_HLA,0,base_abmpnn_npz,-2.1625,0.4728,18,0.0,0.0,0
6GLW_HLA,6GLX_HLA,6GLW_HLA,0,base_antifold,0.3877,1.9587,18,0.0,0.0,0
6GLW_HLA,6GLX_HLA,6GLW_HLA,0,base_antifold_t1,1.2547,3.2737,18,1.2,0.0,0
6GLW_HLA,6GLX_HLA,6GLW_HLA,0,base_diffab,3.2847,5.4783,18,13.6,0.0,0
6GLW_HLA,6GLX_HLA,6GLW_HLA,0,base_diffusion,5.7863,6.9786,18,27.3,17.5,0
6GLW_HLA,6GLX_HLA,6GLW_HLA,0,base_diffusion_s,7.6650,8.7157,12,26.1,17.6,112
6GLW_HLA,6GLX_HLA,6GLW_HLA,0,base_esmif,-1.9685,0.3938,18,0.0,0.0,0
6GLW_HLA,6GLX_HLA,6GLW_HLA,0,base_esmif_ar,1.3252,2.1363,18,8.3,0.0,0
6GLW_HLA,6GLX_HLA,6GLW_HLA,0,base_esmif_ar_t1,0.3053,2.1850,18,7.7,0.0,0
6GLW_HLA,6GLX_HLA,6GLW_HLA,0,base_iglm,8.1814,8.7677,12,2.1,0.0,0
6GLW_HLA,6GLX_HLA,6GLW_HLA,0,base_proteinmpnn,-0.0918,0.8720,18,0.0,0.0,0
6GLW_HLA,6GLX_HLA,6GLW_HLA,0,base_proteinmpnn_ar,0.7897,1.5682,18,6.7,5.9,0
6GLW_HLA,6GLX_HLA,6GLW_HLA,0,base_proteinmpnn_ar_t1,0.7921,2.9205,18,7.6,7.2,0
6GLW_HLA,6GLX_HLA,6GLW_HLA,0,grad_diffusion,0.1301,1.5162,18,27.3,17.5,0
6GLW_HLA,6GLX_HLA,6GLW_HLA,0,obj_wt,-1.3924,0.8424,6,22.7,14.3,547
6GLW_HLA,6GLX_HLA,6GLW_HLA,0,ours_abmpnn_live,-0.9490,0.7580,18,97.3,86.5,537
6GLW_HLA,6GLX_HLA,6GLW_HLA,0,ours_abmpnn_npz,-2.6639,-0.5416,18,94.9,84.4,533
6GLW_HLA,6GLX_HLA,6GLW_HLA,0,ours_antifold,-2.4427,1.1331,18,97.5,86.9,553
6GLW_HLA,6GLX_HLA,6GLW_HLA,0,ours_diffusion,2.5111,6.7589,18,102.8,92.1,599
6GLW_HLA,6GLX_HLA,6GLW_HLA,0,ours_esmif,-2.2490,0.2699,18,93.1,82.6,535
6GLW_HLA,6GLX_HLA,6GLW_HLA,0,ours_proteinmpnn,-0.6069,1.6449,18,100.5,89.7,579
6GLW_HLA,6GLX_HLA,6GLW_HLA,0,ours_proteinmpnn_live,0.0195,2.2114,18,100.2,89.3,567
6GLW_HLA,6GLX_HLA,6GLW_HLA,0,rand_base_abmpnn_ar,0.6861,3.7631,18,,,
6GLW_HLA,6GLX_HLA,6GLW_HLA,0,rand_base_antifold,-0.0154,3.8400,18,,,
6GLW_HLA,6GLX_HLA,6GLW_HLA,0,rand_base_proteinmpnn_ar,2.3302,4.9267,18,,,
6GLW_HLA,6GLX_HLA,6GLW_HLA,0,rand_ours_abmpnn_live,1.1200,3.3950,18,,,
6GLW_HLA,6GLX_HLA,6GLW_HLA,0,rand_ours_antifold,-0.7253,4.2271,18,,,
6GLW_HLA,6GLX_HLA,6GLW_HLA,0,rand_ours_proteinmpnn_live,2.4999,5.6063,18,,,
6HGA_HLB,6HGA_HLB,6HGA_HLB,0,base_abmpnn_ar,0.0345,0.7318,18,8.1,7.3,0
6HGA_HLB,6HGA_HLB,6HGA_HLB,0,base_abmpnn_ar_t1,-0.0472,1.3305,18,9.2,8.5,0
6HGA_HLB,6HGA_HLB,6HGA_HLB,0,base_abmpnn_npz,-0.0450,0.4985,18,0.0,0.0,0
6HGA_HLB,6HGA_HLB,6HGA_HLB,0,base_antifold,0.9148,1.2999,18,0.0,0.0,0
6HGA_HLB,6HGA_HLB,6HGA_HLB,0,base_antifold_t1,1.0934,1.4928,18,1.6,0.0,0
6HGA_HLB,6HGA_HLB,6HGA_HLB,0,base_diffab,1.1634,1.9850,18,14.6,0.0,0
6HGA_HLB,6HGA_HLB,6HGA_HLB,0,base_diffusion,1.4773,2.0240,18,22.8,12.9,0
6HGA_HLB,6HGA_HLB,6HGA_HLB,0,base_diffusion_s,1.4209,2.1153,12,22.0,13.0,77
6HGA_HLB,6HGA_HLB,6HGA_HLB,0,base_esmif,0.2198,0.6263,18,0.0,0.0,0
6HGA_HLB,6HGA_HLB,6HGA_HLB,0,base_esmif_ar,0.1468,0.5994,18,6.5,0.0,0
6HGA_HLB,6HGA_HLB,6HGA_HLB,0,base_esmif_ar_t1,0.2756,1.2676,18,6.5,0.0,0
6HGA_HLB,6HGA_HLB,6HGA_HLB,0,base_iglm,2.5931,3.0184,18,2.3,0.0,0
6HGA_HLB,6HGA_HLB,6HGA_HLB,0,base_proteinmpnn,0.2348,0.5907,18,0.0,0.0,0
6HGA_HLB,6HGA_HLB,6HGA_HLB,0,base_proteinmpnn_ar,0.1706,0.7905,18,8.3,7.4,0
6HGA_HLB,6HGA_HLB,6HGA_HLB,0,base_proteinmpnn_ar_t1,0.7567,1.3258,18,9.6,8.9,0
6HGA_HLB,6HGA_HLB,6HGA_HLB,0,grad_diffusion,0.3023,1.3339,18,23.1,13.0,0
6HGA_HLB,6HGA_HLB,6HGA_HLB,0,obj_mint,1.0082,1.2077,6,125.3,109.5,362
6HGA_HLB,6HGA_HLB,6HGA_HLB,0,obj_wt,0.2055,0.8713,6,18.1,10.1,356
6HGA_HLB,6HGA_HLB,6HGA_HLB,0,ours_abmpnn_live,-0.1421,0.8870,18,71.0,60.4,363
6HGA_HLB,6HGA_HLB,6HGA_HLB,0,ours_abmpnn_npz,0.0366,0.6445,18,69.1,58.8,357
6HGA_HLB,6HGA_HLB,6HGA_HLB,0,ours_antifold,0.6149,1.2649,18,68.7,58.3,358
6HGA_HLB,6HGA_HLB,6HGA_HLB,0,ours_diffusion,0.8150,1.9244,18,75.6,65.1,398
6HGA_HLB,6HGA_HLB,6HGA_HLB,0,ours_esmif,-0.0819,0.8008,18,73.1,62.6,381
6HGA_HLB,6HGA_HLB,6HGA_HLB,0,ours_proteinmpnn,0.5976,1.2176,18,75.7,65.2,397
6HGA_HLB,6HGA_HLB,6HGA_HLB,0,ours_proteinmpnn_live,0.1269,0.9471,18,76.5,65.4,392
6HGA_HLB,6HGA_HLB,6HGA_HLB,0,rand_base_abmpnn_ar,-0.0093,0.9829,18,,,
6HGA_HLB,6HGA_HLB,6HGA_HLB,0,rand_base_antifold,0.1510,1.2202,18,,,
6HGA_HLB,6HGA_HLB,6HGA_HLB,0,rand_base_proteinmpnn_ar,0.4282,1.5289,18,,,
6HGA_HLB,6HGA_HLB,6HGA_HLB,0,rand_ours_abmpnn_live,0.4843,1.4897,18,,,
6HGA_HLB,6HGA_HLB,6HGA_HLB,0,rand_ours_antifold,0.4892,1.4841,18,,,
6HGA_HLB,6HGA_HLB,6HGA_HLB,0,rand_ours_proteinmpnn_live,0.5168,1.7737,18,,,
6HHC_HLA,6HHC_HLA,6HHC_HLA,0,base_abmpnn_ar,-0.0717,0.2665,18,13.8,13.1,0
6HHC_HLA,6HHC_HLA,6HHC_HLA,0,base_abmpnn_ar_t1,-0.0568,1.0896,18,8.5,7.9,0
6HHC_HLA,6HHC_HLA,6HHC_HLA,0,base_abmpnn_npz,0.0367,0.1967,18,0.1,0.0,0
6HHC_HLA,6HHC_HLA,6HHC_HLA,0,base_antifold,0.1269,0.6134,18,0.0,0.0,0
6HHC_HLA,6HHC_HLA,6HHC_HLA,0,base_antifold_t1,-0.0022,2.3206,18,1.5,0.0,0
6HHC_HLA,6HHC_HLA,6HHC_HLA,0,base_diffab,2.3647,6.3161,18,13.7,0.0,0
6HHC_HLA,6HHC_HLA,6HHC_HLA,0,base_diffusion,7.3101,9.6223,18,24.7,14.8,0
6HHC_HLA,6HHC_HLA,6HHC_HLA,0,base_diffusion_s,7.5080,8.4930,6,23.0,14.5,91
6HHC_HLA,6HHC_HLA,6HHC_HLA,0,base_esmif,1.0308,1.5953,18,0.0,0.0,0
6HHC_HLA,6HHC_HLA,6HHC_HLA,0,base_esmif_ar,1.0976,1.7969,18,10.0,0.0,0
6HHC_HLA,6HHC_HLA,6HHC_HLA,0,base_esmif_ar_t1,1.2934,3.1947,18,11.1,0.0,0
6HHC_HLA,6HHC_HLA,6HHC_HLA,0,base_iglm,9.1683,9.6354,18,2.0,0.0,0
6HHC_HLA,6HHC_HLA,6HHC_HLA,0,base_proteinmpnn,0.2481,0.6463,18,0.0,0.0,0
6HHC_HLA,6HHC_HLA,6HHC_HLA,0,base_proteinmpnn_ar,0.5007,1.8591,18,7.3,6.6,0
6HHC_HLA,6HHC_HLA,6HHC_HLA,0,base_proteinmpnn_ar_t1,1.0457,3.9869,18,8.7,7.9,0
6HHC_HLA,6HHC_HLA,6HHC_HLA,0,grad_diffusion,-0.1465,2.0107,18,24.7,14.8,0
6HHC_HLA,6HHC_HLA,6HHC_HLA,0,obj_mint,0.5358,2.0363,6,145.1,129.1,440
6HHC_HLA,6HHC_HLA,6HHC_HLA,0,obj_wt,0.6886,1.6877,6,19.2,11.3,420
6HHC_HLA,6HHC_HLA,6HHC_HLA,0,ours_abmpnn_live,-0.0670,0.6634,18,76.6,66.1,405
6HHC_HLA,6HHC_HLA,6HHC_HLA,0,ours_abmpnn_npz,-0.6220,0.3976,18,76.3,66.1,412
6HHC_HLA,6HHC_HLA,6HHC_HLA,0,ours_antifold,0.0544,1.0730,18,80.2,69.8,436
6HHC_HLA,6HHC_HLA,6HHC_HLA,0,ours_diffusion,1.5894,4.9489,18,84.3,74.0,470
6HHC_HLA,6HHC_HLA,6HHC_HLA,0,ours_esmif,0.2216,1.6890,18,81.2,70.8,441
6HHC_HLA,6HHC_HLA,6HHC_HLA,0,ours_proteinmpnn,-0.3928,1.6450,18,86.2,75.6,477
6HHC_HLA,6HHC_HLA,6HHC_HLA,0,ours_proteinmpnn_live,0.1236,2.9928,18,88.8,77.8,483
6HHC_HLA,6HHC_HLA,6HHC_HLA,0,rand_base_abmpnn_ar,-0.0442,1.5317,18,,,
6HHC_HLA,6HHC_HLA,6HHC_HLA,0,rand_base_antifold,-0.3165,2.3977,18,,,
6HHC_HLA,6HHC_HLA,6HHC_HLA,0,rand_base_proteinmpnn_ar,1.3385,5.4395,18,,,
6HHC_HLA,6HHC_HLA,6HHC_HLA,0,rand_ours_abmpnn_live,-0.1599,2.6184,18,,,
6HHC_HLA,6HHC_HLA,6HHC_HLA,0,rand_ours_antifold,-0.1936,2.3234,18,,,
6HHC_HLA,6HHC_HLA,6HHC_HLA,0,rand_ours_proteinmpnn_live,2.0908,7.2080,18,,,
6HX4_HLB,6HX4_HLB,6HX4_HLB,0,base_abmpnn_ar,-1.3501,-0.3355,18,8.4,7.5,0
6HX4_HLB,6HX4_HLB,6HX4_HLB,0,base_abmpnn_ar_t1,-1.6314,0.2482,18,10.0,9.4,0
6HX4_HLB,6HX4_HLB,6HX4_HLB,0,base_abmpnn_npz,-0.2513,0.2040,18,0.0,0.0,0
6HX4_HLB,6HX4_HLB,6HX4_HLB,0,base_antifold,1.5991,1.9075,18,0.0,0.0,0
6HX4_HLB,6HX4_HLB,6HX4_HLB,0,base_antifold_t1,0.7255,1.7822,18,0.9,0.0,0
6HX4_HLB,6HX4_HLB,6HX4_HLB,0,base_diffab,-0.1700,4.3487,18,15.1,0.0,0
6HX4_HLB,6HX4_HLB,6HX4_HLB,0,base_diffusion,3.2129,6.3924,18,35.6,24.1,0
6HX4_HLB,6HX4_HLB,6HX4_HLB,0,base_diffusion_s,2.5050,5.0337,12,34.5,24.0,126
6HX4_HLB,6HX4_HLB,6HX4_HLB,0,base_esmif,-1.2512,-0.5901,18,0.0,0.0,0
6HX4_HLB,6HX4_HLB,6HX4_HLB,0,base_esmif_ar,-1.4637,-0.4441,18,13.4,0.0,0
6HX4_HLB,6HX4_HLB,6HX4_HLB,0,base_esmif_ar_t1,-1.9142,0.4956,18,11.3,0.0,0
6HX4_HLB,6HX4_HLB,6HX4_HLB,0,base_iglm,7.8652,8.6540,18,3.1,0.0,0
6HX4_HLB,6HX4_HLB,6HX4_HLB,0,base_proteinmpnn,-2.0300,-0.6162,18,0.0,0.0,0
6HX4_HLB,6HX4_HLB,6HX4_HLB,0,base_proteinmpnn_ar,-2.5464,-0.7347,18,8.3,7.8,0
6HX4_HLB,6HX4_HLB,6HX4_HLB,0,base_proteinmpnn_ar_t1,-2.3484,0.8327,18,10.0,9.5,0
6HX4_HLB,6HX4_HLB,6HX4_HLB,0,grad_diffusion,-0.1748,0.9859,18,36.2,24.5,0
6HX4_HLB,6HX4_HLB,6HX4_HLB,0,obj_mint,0.2655,1.7189,6,224.5,206.1,629
6HX4_HLB,6HX4_HLB,6HX4_HLB,0,obj_wt,0.5638,1.4201,6,30.1,19.6,616
6HX4_HLB,6HX4_HLB,6HX4_HLB,0,ours_abmpnn_live,-1.4185,-0.3686,18,131.4,117.7,613
6HX4_HLB,6HX4_HLB,6HX4_HLB,0,ours_abmpnn_npz,-1.0941,-0.1103,18,129.4,116.0,614
6HX4_HLB,6HX4_HLB,6HX4_HLB,0,ours_antifold,0.1151,1.3193,18,129.5,116.1,620
6HX4_HLB,6HX4_HLB,6HX4_HLB,0,ours_diffusion,0.7925,3.1464,18,139.8,126.5,673
6HX4_HLB,6HX4_HLB,6HX4_HLB,0,ours_esmif,-1.1443,0.1912,18,137.9,124.7,659
6HX4_HLB,6HX4_HLB,6HX4_HLB,0,ours_proteinmpnn,-2.3732,-0.2944,18,140.9,127.6,671
6HX4_HLB,6HX4_HLB,6HX4_HLB,0,ours_proteinmpnn_live,-2.9309,-0.3070,18,142.4,128.6,661
6HX4_HLB,6HX4_HLB,6HX4_HLB,0,rand_base_abmpnn_ar,0.4330,2.4648,18,,,
6HX4_HLB,6HX4_HLB,6HX4_HLB,0,rand_base_antifold,-0.4324,3.8914,18,,,
6HX4_HLB,6HX4_HLB,6HX4_HLB,0,rand_base_proteinmpnn_ar,1.8411,5.0817,18,,,
6HX4_HLB,6HX4_HLB,6HX4_HLB,0,rand_ours_abmpnn_live,0.6401,3.3346,18,,,
6HX4_HLB,6HX4_HLB,6HX4_HLB,0,rand_ours_antifold,0.1447,4.1229,18,,,
6HX4_HLB,6HX4_HLB,6HX4_HLB,0,rand_ours_proteinmpnn_live,0.5203,5.5492,18,,,
6HXW_HLA,6HXW_HLA,6HXW_HLA,0,base_abmpnn_ar,0.8273,2.2281,18,10.4,9.7,0
6HXW_HLA,6HXW_HLA,6HXW_HLA,0,base_abmpnn_ar_t1,0.9784,3.4369,18,12.1,11.2,0
6HXW_HLA,6HXW_HLA,6HXW_HLA,0,base_abmpnn_npz,1.3658,2.4174,18,0.0,0.0,0
6HXW_HLA,6HXW_HLA,6HXW_HLA,0,base_antifold,3.6710,4.4243,18,0.0,0.0,0
6HXW_HLA,6HXW_HLA,6HXW_HLA,0,base_antifold_t1,2.5602,4.8265,18,0.6,0.0,0
6HXW_HLA,6HXW_HLA,6HXW_HLA,0,base_diffab,5.3336,8.9639,18,14.3,0.0,0
6HXW_HLA,6HXW_HLA,6HXW_HLA,0,base_diffusion,8.2507,9.9694,18,30.3,18.5,0
6HXW_HLA,6HXW_HLA,6HXW_HLA,0,base_diffusion_s,5.4376,8.8456,6,28.9,18.3,91
6HXW_HLA,6HXW_HLA,6HXW_HLA,0,base_esmif,2.7926,5.0589,18,0.0,0.0,0
6HXW_HLA,6HXW_HLA,6HXW_HLA,0,base_esmif_ar,2.3590,4.1651,18,13.5,0.0,0
6HXW_HLA,6HXW_HLA,6HXW_HLA,0,base_esmif_ar_t1,1.6349,4.5222,18,8.5,0.0,0
6HXW_HLA,6HXW_HLA,6HXW_HLA,0,base_iglm,11.3222,11.7186,12,2.3,0.0,0
6HXW_HLA,6HXW_HLA,6HXW_HLA,0,base_proteinmpnn,1.1539,3.4194,18,0.0,0.0,0
6HXW_HLA,6HXW_HLA,6HXW_HLA,0,base_proteinmpnn_ar,1.8360,3.3264,18,10.0,9.3,0
6HXW_HLA,6HXW_HLA,6HXW_HLA,0,base_proteinmpnn_ar_t1,2.3165,4.9033,18,11.8,11.2,0
6HXW_HLA,6HXW_HLA,6HXW_HLA,0,grad_diffusion,0.5249,2.3906,18,30.8,18.7,0
6HXW_HLA,6HXW_HLA,6HXW_HLA,0,obj_wt,1.3218,3.2507,6,24.4,14.4,428
6HXW_HLA,6HXW_HLA,6HXW_HLA,0,ours_abmpnn_live,0.8906,2.0746,18,98.2,85.2,422
6HXW_HLA,6HXW_HLA,6HXW_HLA,0,ours_abmpnn_npz,0.8606,2.4836,18,98.2,85.5,431
6HXW_HLA,6HXW_HLA,6HXW_HLA,0,ours_antifold,1.7036,3.6377,18,97.1,84.5,427
6HXW_HLA,6HXW_HLA,6HXW_HLA,0,ours_diffusion,4.4410,8.1509,18,109.7,96.8,484
6HXW_HLA,6HXW_HLA,6HXW_HLA,0,ours_esmif,1.4052,3.6118,18,98.4,85.7,435
6HXW_HLA,6HXW_HLA,6HXW_HLA,0,ours_proteinmpnn,0.4116,2.2009,18,103.9,91.0,459
6HXW_HLA,6HXW_HLA,6HXW_HLA,0,ours_proteinmpnn_live,-0.4217,2.9067,18,107.1,94.1,465
6HXW_HLA,6HXW_HLA,6HXW_HLA,0,rand_base_abmpnn_ar,0.6132,5.1137,18,,,
6HXW_HLA,6HXW_HLA,6HXW_HLA,0,rand_base_antifold,1.1443,4.2680,18,,,
6HXW_HLA,6HXW_HLA,6HXW_HLA,0,rand_base_proteinmpnn_ar,2.3345,5.6457,18,,,
6HXW_HLA,6HXW_HLA,6HXW_HLA,0,rand_ours_abmpnn_live,2.5885,5.3957,18,,,
6HXW_HLA,6HXW_HLA,6HXW_HLA,0,rand_ours_antifold,1.8579,5.7336,18,,,
6HXW_HLA,6HXW_HLA,6HXW_HLA,0,rand_ours_proteinmpnn_live,2.8789,7.3412,18,,,
6IEB_HLA,6IEC_HLA,6IEB_HLA,0,base_abmpnn_ar,0.0172,1.1996,18,7.7,7.2,0
6IEB_HLA,6IEC_HLA,6IEB_HLA,0,base_abmpnn_ar_t1,0.4436,3.3997,18,9.2,8.7,0
6IEB_HLA,6IEC_HLA,6IEB_HLA,0,base_abmpnn_npz,0.6371,1.1842,18,0.0,0.0,0
6IEB_HLA,6IEC_HLA,6IEB_HLA,0,base_antifold,0.6535,2.3464,18,0.0,0.0,0
6IEB_HLA,6IEC_HLA,6IEB_HLA,0,base_antifold_t1,0.9523,3.4311,18,2.5,0.0,0
6IEB_HLA,6IEC_HLA,6IEB_HLA,0,base_diffab,2.2597,5.5398,18,14.1,0.0,0
6IEB_HLA,6IEC_HLA,6IEB_HLA,0,base_diffusion,5.9920,7.5653,18,25.8,15.2,0
6IEB_HLA,6IEC_HLA,6IEB_HLA,0,base_diffusion_s,4.7921,7.0089,12,24.8,15.1,84
6IEB_HLA,6IEC_HLA,6IEB_HLA,0,base_esmif,0.2341,1.2611,18,0.0,0.0,0
6IEB_HLA,6IEC_HLA,6IEB_HLA,0,base_esmif_ar,0.2131,2.4176,18,9.5,0.0,0
6IEB_HLA,6IEC_HLA,6IEB_HLA,0,base_esmif_ar_t1,1.0809,3.3074,18,7.5,0.0,0
6IEB_HLA,6IEC_HLA,6IEB_HLA,0,base_iglm,8.5218,9.0213,18,2.2,0.0,0
6IEB_HLA,6IEC_HLA,6IEB_HLA,0,base_proteinmpnn,0.9359,1.4646,18,0.0,0.0,0
6IEB_HLA,6IEC_HLA,6IEB_HLA,0,base_proteinmpnn_ar,0.9125,2.7921,18,8.4,7.2,0
6IEB_HLA,6IEC_HLA,6IEB_HLA,0,base_proteinmpnn_ar_t1,1.8412,4.8266,18,9.4,8.6,0
6IEB_HLA,6IEC_HLA,6IEB_HLA,0,grad_diffusion,0.7452,1.8090,18,26.0,15.3,0
6IEB_HLA,6IEC_HLA,6IEB_HLA,0,obj_mint,2.8879,3.5791,6,137.8,121.4,393
6IEB_HLA,6IEC_HLA,6IEB_HLA,0,obj_wt,0.6739,1.7989,6,21.1,12.3,408
6IEB_HLA,6IEC_HLA,6IEB_HLA,0,ours_abmpnn_live,0.3071,2.1124,18,81.4,69.8,389
6IEB_HLA,6IEC_HLA,6IEB_HLA,0,ours_abmpnn_npz,0.1442,1.4873,18,81.8,70.5,397
6IEB_HLA,6IEC_HLA,6IEB_HLA,0,ours_antifold,-0.1253,1.9223,18,84.0,72.7,409
6IEB_HLA,6IEC_HLA,6IEB_HLA,0,ours_diffusion,3.0095,5.3614,18,88.5,77.0,431
6IEB_HLA,6IEC_HLA,6IEB_HLA,0,ours_esmif,0.2622,1.5802,18,81.7,70.6,399
6IEB_HLA,6IEC_HLA,6IEB_HLA,0,ours_proteinmpnn,0.4282,1.8770,18,89.2,77.8,435
6IEB_HLA,6IEC_HLA,6IEB_HLA,0,ours_proteinmpnn_live,0.8039,2.6937,18,88.7,77.1,430
6IEB_HLA,6IEC_HLA,6IEB_HLA,0,rand_base_abmpnn_ar,0.6463,2.4610,18,,,
6IEB_HLA,6IEC_HLA,6IEB_HLA,0,rand_base_antifold,0.5099,1.8537,18,,,
6IEB_HLA,6IEC_HLA,6IEB_HLA,0,rand_base_proteinmpnn_ar,1.3492,4.6521,18,,,
6IEB_HLA,6IEC_HLA,6IEB_HLA,0,rand_ours_abmpnn_live,1.3082,2.8302,18,,,
6IEB_HLA,6IEC_HLA,6IEB_HLA,0,rand_ours_antifold,0.1446,2.7263,18,,,
6IEB_HLA,6IEC_HLA,6IEB_HLA,0,rand_ours_proteinmpnn_live,3.2207,5.2712,18,,,
6IW2_KLJ,6IVZ_HLA,6IW2_KLJ,0,base_abmpnn_ar,-0.6804,0.0507,18,7.0,6.3,0
6IW2_KLJ,6IVZ_HLA,6IW2_KLJ,0,base_abmpnn_ar_t1,0.1937,2.3775,18,8.3,7.6,0
6IW2_KLJ,6IVZ_HLA,6IW2_KLJ,0,base_abmpnn_npz,-0.6051,-0.0105,18,0.0,0.0,0
6IW2_KLJ,6IVZ_HLA,6IW2_KLJ,0,base_antifold,-0.4443,-0.0233,18,0.0,0.0,0
6IW2_KLJ,6IVZ_HLA,6IW2_KLJ,0,base_antifold_t1,-0.0071,1.9225,18,0.9,0.0,0
6IW2_KLJ,6IVZ_HLA,6IW2_KLJ,0,base_diffab,5.2110,8.1383,18,14.5,0.0,0
6IW2_KLJ,6IVZ_HLA,6IW2_KLJ,0,base_diffusion,6.2613,9.3686,18,28.8,18.7,0
6IW2_KLJ,6IVZ_HLA,6IW2_KLJ,0,base_diffusion_s,5.9097,9.1509,12,27.8,19.1,119
6IW2_KLJ,6IVZ_HLA,6IW2_KLJ,0,base_esmif,-0.0102,1.1625,18,0.0,0.0,0
6IW2_KLJ,6IVZ_HLA,6IW2_KLJ,0,base_esmif_ar,1.1640,1.6648,18,8.6,0.0,0
6IW2_KLJ,6IVZ_HLA,6IW2_KLJ,0,base_esmif_ar_t1,0.1650,3.3922,18,16.6,0.0,0
6IW2_KLJ,6IVZ_HLA,6IW2_KLJ,0,base_iglm,13.3828,13.7861,12,2.3,0.0,0
6IW2_KLJ,6IVZ_HLA,6IW2_KLJ,0,base_proteinmpnn,3.3284,4.0811,18,0.0,0.0,0
6IW2_KLJ,6IVZ_HLA,6IW2_KLJ,0,base_proteinmpnn_ar,1.0673,2.3557,18,6.8,6.2,0
6IW2_KLJ,6IVZ_HLA,6IW2_KLJ,0,base_proteinmpnn_ar_t1,1.5705,5.7133,18,8.2,7.8,0
6IW2_KLJ,6IVZ_HLA,6IW2_KLJ,0,grad_diffusion,0.8156,2.8041,18,28.8,18.8,0
6IW2_KLJ,6IVZ_HLA,6IW2_KLJ,0,obj_mint,0.6032,1.9313,6,180.6,163.5,589
6IW2_KLJ,6IVZ_HLA,6IW2_KLJ,0,obj_wt,-0.1546,1.5040,6,24.0,15.3,586
6IW2_KLJ,6IVZ_HLA,6IW2_KLJ,0,ours_abmpnn_live,-0.1330,1.0412,18,106.0,94.7,585
6IW2_KLJ,6IVZ_HLA,6IW2_KLJ,0,ours_abmpnn_npz,-0.4568,1.4834,18,105.1,94.0,595
6IW2_KLJ,6IVZ_HLA,6IW2_KLJ,0,ours_antifold,-0.4411,1.1689,18,100.7,89.8,573
6IW2_KLJ,6IVZ_HLA,6IW2_KLJ,0,ours_diffusion,3.0198,7.6072,18,110.6,99.5,636
6IW2_KLJ,6IVZ_HLA,6IW2_KLJ,0,ours_esmif,0.3236,1.9164,18,104.1,93.2,586
6IW2_KLJ,6IVZ_HLA,6IW2_KLJ,0,ours_proteinmpnn,2.2684,4.9455,18,112.5,101.0,639
6IW2_KLJ,6IVZ_HLA,6IW2_KLJ,0,ours_proteinmpnn_live,1.1692,3.3125,18,117.0,105.3,648
6IW2_KLJ,6IVZ_HLA,6IW2_KLJ,0,rand_base_abmpnn_ar,1.4855,3.8507,18,,,
6IW2_KLJ,6IVZ_HLA,6IW2_KLJ,0,rand_base_antifold,0.1187,2.5576,18,,,
6IW2_KLJ,6IVZ_HLA,6IW2_KLJ,0,rand_base_proteinmpnn_ar,3.3277,7.0349,18,,,
6IW2_KLJ,6IVZ_HLA,6IW2_KLJ,0,rand_ours_abmpnn_live,0.1796,5.1472,18,,,
6IW2_KLJ,6IVZ_HLA,6IW2_KLJ,0,rand_ours_antifold,2.5053,4.9934,18,,,
6IW2_KLJ,6IVZ_HLA,6IW2_KLJ,0,rand_ours_proteinmpnn_live,5.8177,8.9822,18,,,
6J11_HLA,6J11_HLA,6J11_HLA,0,base_abmpnn_ar,-0.2195,0.2175,18,6.9,6.2,0
6J11_HLA,6J11_HLA,6J11_HLA,0,base_abmpnn_ar_t1,-0.0282,1.8113,18,7.9,7.0,0
6J11_HLA,6J11_HLA,6J11_HLA,0,base_abmpnn_npz,-0.0416,0.1086,18,0.1,0.0,0
6J11_HLA,6J11_HLA,6J11_HLA,0,base_antifold,-0.1351,0.6561,18,0.0,0.0,0
6J11_HLA,6J11_HLA,6J11_HLA,0,base_antifold_t1,0.2502,1.2156,18,1.4,0.0,0
6J11_HLA,6J11_HLA,6J11_HLA,0,base_diffab,3.2225,4.5428,18,14.0,0.0,0
6J11_HLA,6J11_HLA,6J11_HLA,0,base_diffusion,3.6833,5.2168,18,24.1,14.4,0
6J11_HLA,6J11_HLA,6J11_HLA,0,base_diffusion_s,2.7310,5.5596,18,22.4,14.2,91
6J11_HLA,6J11_HLA,6J11_HLA,0,base_esmif,0.4808,0.7826,18,0.0,0.0,0
6J11_HLA,6J11_HLA,6J11_HLA,0,base_esmif_ar,0.5002,0.9408,18,12.6,0.0,0
6J11_HLA,6J11_HLA,6J11_HLA,0,base_esmif_ar_t1,2.0101,2.6831,18,8.0,0.0,0
6J11_HLA,6J11_HLA,6J11_HLA,0,base_iglm,6.2406,6.7897,18,1.8,0.0,0
6J11_HLA,6J11_HLA,6J11_HLA,0,base_proteinmpnn,0.6900,1.5219,18,0.0,0.0,0
6J11_HLA,6J11_HLA,6J11_HLA,0,base_proteinmpnn_ar,0.7327,1.4014,18,7.6,7.0,0
6J11_HLA,6J11_HLA,6J11_HLA,0,base_proteinmpnn_ar_t1,1.1026,2.8331,18,7.9,7.1,0
6J11_HLA,6J11_HLA,6J11_HLA,0,grad_diffusion,2.4744,3.4585,18,23.9,14.2,0
6J11_HLA,6J11_HLA,6J11_HLA,0,obj_mint,0.7546,1.2791,6,126.2,111.1,406
6J11_HLA,6J11_HLA,6J11_HLA,0,obj_wt,0.1451,1.2448,6,18.0,10.3,399
6J11_HLA,6J11_HLA,6J11_HLA,0,ours_abmpnn_live,-0.0294,0.6817,18,77.0,66.7,428
6J11_HLA,6J11_HLA,6J11_HLA,0,ours_abmpnn_npz,-0.1235,0.3011,18,70.4,60.5,395
6J11_HLA,6J11_HLA,6J11_HLA,0,ours_antifold,-0.0852,0.7292,18,73.0,62.8,410
6J11_HLA,6J11_HLA,6J11_HLA,0,ours_diffusion,4.1571,5.2312,18,83.9,73.8,480
6J11_HLA,6J11_HLA,6J11_HLA,0,ours_esmif,0.1671,1.5829,18,80.4,70.3,460
6J11_HLA,6J11_HLA,6J11_HLA,0,ours_proteinmpnn,0.7165,1.8113,18,79.6,69.5,456
6J11_HLA,6J11_HLA,6J11_HLA,0,ours_proteinmpnn_live,0.9541,1.9555,18,82.9,72.5,465
6J11_HLA,6J11_HLA,6J11_HLA,0,rand_base_abmpnn_ar,0.6149,1.6254,18,,,
6J11_HLA,6J11_HLA,6J11_HLA,0,rand_base_antifold,-0.0999,2.0840,18,,,
6J11_HLA,6J11_HLA,6J11_HLA,0,rand_base_proteinmpnn_ar,1.7378,3.8312,18,,,
6J11_HLA,6J11_HLA,6J11_HLA,0,rand_ours_abmpnn_live,0.2123,2.6009,18,,,
6J11_HLA,6J11_HLA,6J11_HLA,0,rand_ours_antifold,0.5091,2.2960,18,,,
6J11_HLA,6J11_HLA,6J11_HLA,0,rand_ours_proteinmpnn_live,2.8210,4.7168,18,,,
6KN9_EB,6KN9_FC,6KN9_EB,0,base_abmpnn_ar,-1.5814,-0.3649,18,4.6,4.0,0
6KN9_EB,6KN9_FC,6KN9_EB,0,base_abmpnn_ar_t1,-0.7019,0.7158,18,5.7,5.0,0
6KN9_EB,6KN9_FC,6KN9_EB,0,base_abmpnn_npz,-2.0191,-1.3968,18,0.0,0.0,0
6KN9_EB,6KN9_FC,6KN9_EB,0,base_antifold,0.2205,1.9164,18,0.0,0.0,0
6KN9_EB,6KN9_FC,6KN9_EB,0,base_antifold_t1,0.1560,2.5805,18,1.6,0.0,0
6KN9_EB,6KN9_FC,6KN9_EB,0,base_diffab,-1.0343,0.4710,18,11.9,0.0,0
6KN9_EB,6KN9_FC,6KN9_EB,0,base_diffusion,0.0136,1.3475,18,26.8,17.3,0
6KN9_EB,6KN9_FC,6KN9_EB,0,base_esmif,-2.2439,-0.7594,18,0.0,0.0,0
6KN9_EB,6KN9_FC,6KN9_EB,0,base_esmif_ar,-1.8221,-0.5559,18,6.5,0.0,0
6KN9_EB,6KN9_FC,6KN9_EB,0,base_esmif_ar_t1,-1.9482,0.6003,18,6.3,0.0,0
6KN9_EB,6KN9_FC,6KN9_EB,0,base_iglm,7.7081,8.1481,12,1.9,0.0,0
6KN9_EB,6KN9_FC,6KN9_EB,0,base_proteinmpnn,-2.9592,-1.0977,18,0.0,0.0,0
6KN9_EB,6KN9_FC,6KN9_EB,0,base_proteinmpnn_ar,-3.1396,-1.6047,18,4.7,4.0,0
6KN9_EB,6KN9_FC,6KN9_EB,0,base_proteinmpnn_ar_t1,-1.3827,0.9309,18,5.1,4.8,0
6KN9_EB,6KN9_FC,6KN9_EB,0,grad_diffusion,-2.2357,-1.4805,18,27.4,17.4,0
6KN9_EB,6KN9_FC,6KN9_EB,0,obj_mint,1.2206,2.1476,6,181.0,164.3,606
6KN9_EB,6KN9_FC,6KN9_EB,0,obj_wt,-1.0616,1.6041,6,23.2,14.7,569
6KN9_EB,6KN9_FC,6KN9_EB,0,ours_abmpnn_live,-2.0301,-0.2902,18,100.8,89.6,568
6KN9_EB,6KN9_FC,6KN9_EB,0,ours_abmpnn_npz,-2.6166,-1.3122,18,95.0,84.3,547
6KN9_EB,6KN9_FC,6KN9_EB,0,ours_antifold,-2.1032,0.0116,18,101.4,90.4,588
6KN9_EB,6KN9_FC,6KN9_EB,0,ours_diffusion,-0.8343,1.5706,18,104.3,93.5,601
6KN9_EB,6KN9_FC,6KN9_EB,0,ours_esmif,-2.2426,-0.8436,18,102.4,91.6,589
6KN9_EB,6KN9_FC,6KN9_EB,0,ours_proteinmpnn,-3.5217,-0.5964,18,105.4,94.5,606
6KN9_EB,6KN9_FC,6KN9_EB,0,ours_proteinmpnn_live,-2.8118,-1.0448,18,106.4,95.1,601
6KN9_EB,6KN9_FC,6KN9_EB,0,rand_base_abmpnn_ar,0.7229,1.8183,18,,,
6KN9_EB,6KN9_FC,6KN9_EB,0,rand_base_antifold,-0.5470,1.8391,18,,,
6KN9_EB,6KN9_FC,6KN9_EB,0,rand_base_proteinmpnn_ar,0.7244,2.8729,18,,,
6KN9_EB,6KN9_FC,6KN9_EB,0,rand_ours_abmpnn_live,-0.5199,2.2298,18,,,
6KN9_EB,6KN9_FC,6KN9_EB,0,rand_ours_antifold,-1.3753,1.9617,18,,,
6KN9_EB,6KN9_FC,6KN9_EB,0,rand_ours_proteinmpnn_live,0.9309,3.2991,18,,,
6KNM_AB,6KNM_AB,6KNM_AB,0,base_abmpnn_ar,0.3286,2.3732,18,6.6,5.6,0
6KNM_AB,6KNM_AB,6KNM_AB,0,base_abmpnn_ar_t1,0.2765,3.5388,18,7.4,6.8,0
6KNM_AB,6KNM_AB,6KNM_AB,0,base_abmpnn_npz,0.7716,2.4925,18,0.0,0.0,0
6KNM_AB,6KNM_AB,6KNM_AB,0,base_antifold,5.5310,6.2427,18,0.0,0.0,0
6KNM_AB,6KNM_AB,6KNM_AB,0,base_antifold_t1,1.6786,5.1562,18,1.8,0.0,0
6KNM_AB,6KNM_AB,6KNM_AB,0,base_diffab,3.2535,5.9655,18,13.2,0.0,0
6KNM_AB,6KNM_AB,6KNM_AB,0,base_diffusion,5.3345,6.0167,18,27.8,14.9,0
6KNM_AB,6KNM_AB,6KNM_AB,0,base_diffusion_s,2.9938,5.3174,6,26.3,14.6,63
6KNM_AB,6KNM_AB,6KNM_AB,0,base_esmif,1.7046,4.3975,18,0.0,0.0,0
6KNM_AB,6KNM_AB,6KNM_AB,0,base_esmif_ar,1.6833,3.6762,18,5.5,0.0,0
6KNM_AB,6KNM_AB,6KNM_AB,0,base_esmif_ar_t1,1.4717,4.4356,18,5.9,0.0,0
6KNM_AB,6KNM_AB,6KNM_AB,0,base_iglm,4.9197,5.0252,12,2.6,0.0,0
6KNM_AB,6KNM_AB,6KNM_AB,0,base_proteinmpnn,0.7255,1.7734,18,0.0,0.0,0
6KNM_AB,6KNM_AB,6KNM_AB,0,base_proteinmpnn_ar,-1.5638,-0.2188,18,6.6,5.8,0
6KNM_AB,6KNM_AB,6KNM_AB,0,base_proteinmpnn_ar_t1,-0.5781,1.8929,18,7.5,7.0,0
6KNM_AB,6KNM_AB,6KNM_AB,0,base_rfantibody,4.6040,6.2908,6,384.8,0.0,0
6KNM_AB,6KNM_AB,6KNM_AB,0,grad_diffusion,0.8877,1.7452,18,27.7,14.8,0
6KNM_AB,6KNM_AB,6KNM_AB,0,obj_mint,3.7306,5.0228,6,190.8,170.4,341
6KNM_AB,6KNM_AB,6KNM_AB,0,obj_wt,2.5389,4.1900,6,23.5,12.7,335
6KNM_AB,6KNM_AB,6KNM_AB,0,ours_abmpnn_live,-0.8340,1.5425,18,91.0,77.1,342
6KNM_AB,6KNM_AB,6KNM_AB,0,ours_abmpnn_npz,-0.4918,1.4018,18,91.1,77.5,347
6KNM_AB,6KNM_AB,6KNM_AB,0,ours_antifold,0.9190,3.6992,18,89.1,75.6,339
6KNM_AB,6KNM_AB,6KNM_AB,0,ours_diffusion,1.7172,3.9943,18,85.6,72.2,322
6KNM_AB,6KNM_AB,6KNM_AB,0,ours_esmif,-0.1149,2.2563,18,89.6,76.0,340
6KNM_AB,6KNM_AB,6KNM_AB,0,ours_proteinmpnn,-0.8328,1.0548,18,88.5,74.8,335
6KNM_AB,6KNM_AB,6KNM_AB,0,ours_proteinmpnn_live,-1.4168,0.8521,18,91.7,78.0,347
6KNM_AB,6KNM_AB,6KNM_AB,0,rand_base_abmpnn_ar,2.1077,4.4870,18,,,
6KNM_AB,6KNM_AB,6KNM_AB,0,rand_base_antifold,2.1487,4.7261,18,,,
6KNM_AB,6KNM_AB,6KNM_AB,0,rand_base_proteinmpnn_ar,-0.0391,3.0633,18,,,
6KNM_AB,6KNM_AB,6KNM_AB,0,rand_ours_abmpnn_live,1.9628,4.7843,18,,,
6KNM_AB,6KNM_AB,6KNM_AB,0,rand_ours_antifold,1.6207,5.8144,18,,,
6KNM_AB,6KNM_AB,6KNM_AB,0,rand_ours_proteinmpnn_live,0.9726,4.5402,18,,,
6KZ0_KLJ,6KZ0_KLJ,6KZ0_KLJ,1,base_abmpnn_ar,-1.0720,-0.2771,18,5.0,4.3,0
6KZ0_KLJ,6KZ0_KLJ,6KZ0_KLJ,1,base_abmpnn_ar_t1,-0.5580,0.6036,18,5.9,5.0,0
6KZ0_KLJ,6KZ0_KLJ,6KZ0_KLJ,1,base_abmpnn_npz,-0.1919,0.2833,18,0.0,0.0,0
6KZ0_KLJ,6KZ0_KLJ,6KZ0_KLJ,1,base_antifold,-0.9955,-0.0115,18,0.0,0.0,0
6KZ0_KLJ,6KZ0_KLJ,6KZ0_KLJ,1,base_antifold_t1,-0.4247,0.6358,18,1.5,0.0,0
6KZ0_KLJ,6KZ0_KLJ,6KZ0_KLJ,1,base_diffab,1.0525,5.6786,18,13.8,0.0,0
6KZ0_KLJ,6KZ0_KLJ,6KZ0_KLJ,1,base_diffusion,2.6702,5.0186,18,24.4,15.0,0
6KZ0_KLJ,6KZ0_KLJ,6KZ0_KLJ,1,base_diffusion_s,2.0531,6.2928,6,23.9,15.9,105
6KZ0_KLJ,6KZ0_KLJ,6KZ0_KLJ,1,base_esmif,-0.2369,0.1144,18,0.0,0.0,0
6KZ0_KLJ,6KZ0_KLJ,6KZ0_KLJ,1,base_esmif_ar,-0.7115,0.3459,18,8.8,0.0,0
6KZ0_KLJ,6KZ0_KLJ,6KZ0_KLJ,1,base_esmif_ar_t1,-0.5228,0.4107,18,6.4,0.0,0
6KZ0_KLJ,6KZ0_KLJ,6KZ0_KLJ,1,base_iglm,5.9919,6.3604,18,2.1,0.0,0
6KZ0_KLJ,6KZ0_KLJ,6KZ0_KLJ,1,base_proteinmpnn,-0.0626,0.1595,18,0.0,0.0,0
6KZ0_KLJ,6KZ0_KLJ,6KZ0_KLJ,1,base_proteinmpnn_ar,0.2925,0.9576,18,4.8,4.2,0
6KZ0_KLJ,6KZ0_KLJ,6KZ0_KLJ,1,base_proteinmpnn_ar_t1,-0.0308,1.6398,18,5.7,5.1,0
6KZ0_KLJ,6KZ0_KLJ,6KZ0_KLJ,1,base_rfantibody,6.6037,7.9903,6,299.1,0.0,0
6KZ0_KLJ,6KZ0_KLJ,6KZ0_KLJ,1,grad_diffusion,0.6130,1.3540,18,24.1,14.9,0
6KZ0_KLJ,6KZ0_KLJ,6KZ0_KLJ,1,obj_mint,0.4112,0.6786,6,121.1,106.8,508
6KZ0_KLJ,6KZ0_KLJ,6KZ0_KLJ,1,obj_wt,-0.8933,0.0752,12,20.2,12.4,499
6KZ0_KLJ,6KZ0_KLJ,6KZ0_KLJ,1,ours_abmpnn_live,-1.3874,-0.1516,18,85.7,75.5,495
6KZ0_KLJ,6KZ0_KLJ,6KZ0_KLJ,1,ours_abmpnn_npz,-1.8740,0.1595,18,82.2,71.8,479
6KZ0_KLJ,6KZ0_KLJ,6KZ0_KLJ,1,ours_antifold,-1.2301,-0.0102,18,84.5,74.6,500
6KZ0_KLJ,6KZ0_KLJ,6KZ0_KLJ,1,ours_diffusion,1.0845,4.6943,18,94.1,83.8,551
6KZ0_KLJ,6KZ0_KLJ,6KZ0_KLJ,1,ours_esmif,-0.7693,0.3052,18,84.5,74.6,492
6KZ0_KLJ,6KZ0_KLJ,6KZ0_KLJ,1,ours_proteinmpnn,-0.6058,0.5319,18,91.0,80.7,529
6KZ0_KLJ,6KZ0_KLJ,6KZ0_KLJ,1,ours_proteinmpnn_live,-0.3666,0.5013,18,90.9,80.4,528
6KZ0_KLJ,6KZ0_KLJ,6KZ0_KLJ,1,rand_base_abmpnn_ar,-1.3292,1.1207,18,,,
6KZ0_KLJ,6KZ0_KLJ,6KZ0_KLJ,1,rand_base_antifold,0.0922,1.8051,18,,,
6KZ0_KLJ,6KZ0_KLJ,6KZ0_KLJ,1,rand_base_proteinmpnn_ar,0.5913,3.1444,18,,,
6KZ0_KLJ,6KZ0_KLJ,6KZ0_KLJ,1,rand_ours_abmpnn_live,0.6134,2.9768,18,,,
6KZ0_KLJ,6KZ0_KLJ,6KZ0_KLJ,1,rand_ours_antifold,0.6313,3.5985,18,,,
6KZ0_KLJ,6KZ0_KLJ,6KZ0_KLJ,1,rand_ours_proteinmpnn_live,1.6585,4.4771,18,,,
6LGW_CF,6LGW_AE,6LGW_CF,0,base_abmpnn_ar,-1.0320,0.5867,18,6.8,6.1,0
6LGW_CF,6LGW_AE,6LGW_CF,0,base_abmpnn_ar_t1,-1.3440,1.4803,18,8.1,7.6,0
6LGW_CF,6LGW_AE,6LGW_CF,0,base_abmpnn_npz,-1.1918,0.2833,18,0.0,0.0,0
6LGW_CF,6LGW_AE,6LGW_CF,0,base_antifold,-1.3685,-0.4280,18,0.0,0.0,0
6LGW_CF,6LGW_AE,6LGW_CF,0,base_antifold_t1,-0.8728,0.4139,18,1.1,0.0,0
6LGW_CF,6LGW_AE,6LGW_CF,0,base_diffab,2.3379,3.3886,18,13.8,0.0,0
6LGW_CF,6LGW_AE,6LGW_CF,0,base_diffusion,3.7663,5.6468,18,22.9,13.3,0
6LGW_CF,6LGW_AE,6LGW_CF,0,base_esmif,0.0843,1.1023,18,0.0,0.0,0
6LGW_CF,6LGW_AE,6LGW_CF,0,base_esmif_ar,0.1176,0.8213,18,7.4,0.0,0
6LGW_CF,6LGW_AE,6LGW_CF,0,base_esmif_ar_t1,0.1881,2.1997,18,6.7,0.0,0
6LGW_CF,6LGW_AE,6LGW_CF,0,base_iglm,6.7552,7.1692,12,2.5,0.0,0
6LGW_CF,6LGW_AE,6LGW_CF,0,base_proteinmpnn,-1.5105,-0.7950,18,0.0,0.0,0
6LGW_CF,6LGW_AE,6LGW_CF,0,base_proteinmpnn_ar,-1.3678,-0.2024,18,7.6,6.3,0
6LGW_CF,6LGW_AE,6LGW_CF,0,base_proteinmpnn_ar_t1,-0.5821,1.6776,18,7.9,7.3,0
6LGW_CF,6LGW_AE,6LGW_CF,0,grad_diffusion,0.6828,1.3504,18,23.1,13.3,0
6LGW_CF,6LGW_AE,6LGW_CF,0,obj_mint,0.0802,1.2399,6,122.9,107.7,383
6LGW_CF,6LGW_AE,6LGW_CF,0,obj_wt,-1.4739,0.1741,6,17.9,10.0,370
6LGW_CF,6LGW_AE,6LGW_CF,0,ours_abmpnn_live,-1.0803,0.5927,18,73.2,62.9,394
6LGW_CF,6LGW_AE,6LGW_CF,0,ours_abmpnn_npz,-1.0446,0.3200,18,69.8,59.8,382
6LGW_CF,6LGW_AE,6LGW_CF,0,ours_antifold,-1.4061,-0.0952,18,68.3,58.2,374
6LGW_CF,6LGW_AE,6LGW_CF,0,ours_diffusion,2.7488,3.9206,18,78.9,68.5,438
6LGW_CF,6LGW_AE,6LGW_CF,0,ours_esmif,0.1524,1.7014,18,79.1,68.8,438
6LGW_CF,6LGW_AE,6LGW_CF,0,ours_proteinmpnn,-0.8370,0.5393,18,79.8,69.2,442
6LGW_CF,6LGW_AE,6LGW_CF,0,ours_proteinmpnn_live,-0.0457,1.0859,18,78.1,67.6,426
6LGW_CF,6LGW_AE,6LGW_CF,0,rand_base_abmpnn_ar,0.4564,2.1946,18,,,
6LGW_CF,6LGW_AE,6LGW_CF,0,rand_base_antifold,-0.0379,1.0524,18,,,
6LGW_CF,6LGW_AE,6LGW_CF,0,rand_base_proteinmpnn_ar,1.1445,3.3469,18,,,
6LGW_CF,6LGW_AE,6LGW_CF,0,rand_ours_abmpnn_live,-0.0395,2.8934,18,,,
6LGW_CF,6LGW_AE,6LGW_CF,0,rand_ours_antifold,0.1911,2.0424,18,,,
6LGW_CF,6LGW_AE,6LGW_CF,0,rand_ours_proteinmpnn_live,1.4531,4.1044,18,,,
6LZ9_HLB,6LZ9_HLB,6LZ9_HLB,0,base_abmpnn_ar,-1.2354,0.4668,18,8.1,7.2,0
6LZ9_HLB,6LZ9_HLB,6LZ9_HLB,0,base_abmpnn_ar_t1,-0.9267,1.8467,18,8.6,8.0,0
6LZ9_HLB,6LZ9_HLB,6LZ9_HLB,0,base_abmpnn_npz,-1.2144,0.4077,18,0.0,0.0,0
6LZ9_HLB,6LZ9_HLB,6LZ9_HLB,0,base_antifold,0.7668,1.1773,18,0.0,0.0,0
6LZ9_HLB,6LZ9_HLB,6LZ9_HLB,0,base_antifold_t1,0.1187,2.0520,18,1.1,0.0,0
6LZ9_HLB,6LZ9_HLB,6LZ9_HLB,0,base_diffab,0.1788,6.8956,18,13.5,0.0,0
6LZ9_HLB,6LZ9_HLB,6LZ9_HLB,0,base_diffusion,7.8318,8.9376,18,27.2,17.1,0
6LZ9_HLB,6LZ9_HLB,6LZ9_HLB,0,base_diffusion_s,8.0681,8.9724,6,26.2,17.3,105
6LZ9_HLB,6LZ9_HLB,6LZ9_HLB,0,base_esmif,0.2791,2.3426,18,0.0,0.0,0
6LZ9_HLB,6LZ9_HLB,6LZ9_HLB,0,base_esmif_ar,-0.3541,1.6385,18,9.3,0.0,0
6LZ9_HLB,6LZ9_HLB,6LZ9_HLB,0,base_esmif_ar_t1,0.6788,2.4803,18,7.6,0.0,0
6LZ9_HLB,6LZ9_HLB,6LZ9_HLB,0,base_proteinmpnn,1.1976,3.6768,18,0.0,0.0,0
6LZ9_HLB,6LZ9_HLB,6LZ9_HLB,0,base_proteinmpnn_ar,-0.2466,1.7384,18,7.4,6.7,0
6LZ9_HLB,6LZ9_HLB,6LZ9_HLB,0,base_proteinmpnn_ar_t1,0.3900,3.2748,18,8.6,8.0,0
6LZ9_HLB,6LZ9_HLB,6LZ9_HLB,0,grad_diffusion,0.7554,2.5460,18,27.1,17.0,0
6LZ9_HLB,6LZ9_HLB,6LZ9_HLB,0,obj_mint,1.0777,3.3077,6,165.0,148.3,505
6LZ9_HLB,6LZ9_HLB,6LZ9_HLB,0,obj_wt,0.8534,1.2112,6,22.0,13.7,506
6LZ9_HLB,6LZ9_HLB,6LZ9_HLB,0,ours_abmpnn_live,-0.9387,0.8416,18,89.2,78.3,482
6LZ9_HLB,6LZ9_HLB,6LZ9_HLB,0,ours_abmpnn_npz,-0.5716,0.6948,18,90.7,80.0,494
6LZ9_HLB,6LZ9_HLB,6LZ9_HLB,0,ours_antifold,-1.0169,1.5023,18,87.1,76.3,474
6LZ9_HLB,6LZ9_HLB,6LZ9_HLB,0,ours_diffusion,3.0736,7.1305,18,101.5,90.5,564
6LZ9_HLB,6LZ9_HLB,6LZ9_HLB,0,ours_esmif,-0.2328,2.0303,18,90.7,80.1,499
6LZ9_HLB,6LZ9_HLB,6LZ9_HLB,0,ours_proteinmpnn,-0.0892,2.5602,18,98.8,87.6,543
6LZ9_HLB,6LZ9_HLB,6LZ9_HLB,0,ours_proteinmpnn_live,0.0104,1.8057,18,101.9,90.4,557
6LZ9_HLB,6LZ9_HLB,6LZ9_HLB,0,rand_base_abmpnn_ar,0.3130,2.3604,18,,,
6LZ9_HLB,6LZ9_HLB,6LZ9_HLB,0,rand_base_antifold,1.1910,4.6815,18,,,
6LZ9_HLB,6LZ9_HLB,6LZ9_HLB,0,rand_base_proteinmpnn_ar,2.8315,5.6107,18,,,
6LZ9_HLB,6LZ9_HLB,6LZ9_HLB,0,rand_ours_abmpnn_live,2.0155,3.9041,18,,,
6LZ9_HLB,6LZ9_HLB,6LZ9_HLB,0,rand_ours_antifold,0.3433,4.6944,18,,,
6LZ9_HLB,6LZ9_HLB,6LZ9_HLB,0,rand_ours_proteinmpnn_live,3.6288,6.7455,18,,,
6MLK_HLA,6MLK_HLA,7M7B_HLA,0,base_abmpnn_ar,-1.0684,0.3504,18,8.1,7.2,0
6MLK_HLA,6MLK_HLA,7M7B_HLA,0,base_abmpnn_ar_t1,-1.7151,1.0107,18,9.2,8.8,0
6MLK_HLA,6MLK_HLA,7M7B_HLA,0,base_abmpnn_npz,-1.9689,0.2064,18,0.0,0.0,0
6MLK_HLA,6MLK_HLA,7M7B_HLA,0,base_antifold,-1.2343,0.2826,18,0.0,0.0,0
6MLK_HLA,6MLK_HLA,7M7B_HLA,0,base_antifold_t1,-1.7664,1.3683,18,1.8,0.0,0
6MLK_HLA,6MLK_HLA,7M7B_HLA,0,base_diffab,1.1016,4.7114,18,13.6,0.0,0
6MLK_HLA,6MLK_HLA,7M7B_HLA,0,base_diffusion,1.3604,4.4610,18,26.3,16.2,0
6MLK_HLA,6MLK_HLA,7M7B_HLA,0,base_diffusion_s,4.0986,5.5275,12,25.0,16.2,98
6MLK_HLA,6MLK_HLA,7M7B_HLA,0,base_esmif,1.2653,2.5601,18,0.0,0.0,0
6MLK_HLA,6MLK_HLA,7M7B_HLA,0,base_esmif_ar,2.1915,3.0315,18,8.8,0.0,0
6MLK_HLA,6MLK_HLA,7M7B_HLA,0,base_esmif_ar_t1,-0.0399,3.2499,18,8.0,0.0,0
6MLK_HLA,6MLK_HLA,7M7B_HLA,0,base_iglm,6.9638,7.1696,12,2.1,0.0,0
6MLK_HLA,6MLK_HLA,7M7B_HLA,0,base_proteinmpnn,-3.1027,-1.7068,18,0.0,0.0,0
6MLK_HLA,6MLK_HLA,7M7B_HLA,0,base_proteinmpnn_ar,-1.5131,-0.3293,18,7.9,6.9,0
6MLK_HLA,6MLK_HLA,7M7B_HLA,0,base_proteinmpnn_ar_t1,-0.6878,1.6260,18,8.9,8.2,0
6MLK_HLA,6MLK_HLA,7M7B_HLA,0,grad_diffusion,-3.1877,-0.6575,18,26.7,16.4,0
6MLK_HLA,6MLK_HLA,7M7B_HLA,0,obj_mint,-0.0068,1.1328,6,165.0,148.1,497
6MLK_HLA,6MLK_HLA,7M7B_HLA,0,obj_wt,-0.9038,0.2917,6,22.3,13.3,489
6MLK_HLA,6MLK_HLA,7M7B_HLA,0,ours_abmpnn_live,-2.7955,-0.0773,18,90.5,79.3,481
6MLK_HLA,6MLK_HLA,7M7B_HLA,0,ours_abmpnn_npz,-2.3489,0.0183,18,89.8,79.0,481
6MLK_HLA,6MLK_HLA,7M7B_HLA,0,ours_antifold,-0.8929,0.6781,18,91.6,80.6,490
6MLK_HLA,6MLK_HLA,7M7B_HLA,0,ours_diffusion,1.4156,4.1484,18,96.9,85.7,515
6MLK_HLA,6MLK_HLA,7M7B_HLA,0,ours_esmif,0.0113,1.5959,18,92.7,81.8,492
6MLK_HLA,6MLK_HLA,7M7B_HLA,0,ours_proteinmpnn,-3.3651,-0.9763,18,92.7,81.7,495
6MLK_HLA,6MLK_HLA,7M7B_HLA,0,ours_proteinmpnn_live,-1.2590,0.3320,18,96.8,85.7,503
6MLK_HLA,6MLK_HLA,7M7B_HLA,0,rand_base_abmpnn_ar,0.1176,1.9200,18,,,
6MLK_HLA,6MLK_HLA,7M7B_HLA,0,rand_base_antifold,-0.1814,2.1507,18,,,
6MLK_HLA,6MLK_HLA,7M7B_HLA,0,rand_base_proteinmpnn_ar,1.0075,2.9809,18,,,
6MLK_HLA,6MLK_HLA,7M7B_HLA,0,rand_ours_abmpnn_live,0.1346,2.9050,18,,,
6MLK_HLA,6MLK_HLA,7M7B_HLA,0,rand_ours_antifold,-0.5589,2.6104,18,,,
6MLK_HLA,6MLK_HLA,7M7B_HLA,0,rand_ours_proteinmpnn_live,2.0529,4.1519,18,,,
6MLM_KLH,6II8_HLC,6MLM_KLH,1,base_abmpnn_ar,-0.0177,1.0235,18,6.9,5.8,0
6MLM_KLH,6II8_HLC,6MLM_KLH,1,base_abmpnn_ar_t1,0.3833,1.4571,18,21.3,20.5,0
6MLM_KLH,6II8_HLC,6MLM_KLH,1,base_abmpnn_npz,-0.0379,0.8758,18,0.0,0.0,0
6MLM_KLH,6II8_HLC,6MLM_KLH,1,base_antifold,0.7836,1.5383,18,0.0,0.0,0
6MLM_KLH,6II8_HLC,6MLM_KLH,1,base_antifold_t1,0.8794,1.8869,18,1.1,0.0,0
6MLM_KLH,6II8_HLC,6MLM_KLH,1,base_diffab,5.0349,7.6536,18,15.0,0.0,0
6MLM_KLH,6II8_HLC,6MLM_KLH,1,base_diffusion,5.1665,7.7065,18,28.1,18.3,0
6MLM_KLH,6II8_HLC,6MLM_KLH,1,base_diffusion_s,6.6237,7.9741,12,27.0,18.4,119
6MLM_KLH,6II8_HLC,6MLM_KLH,1,base_esmif,0.8169,1.0897,18,0.0,0.0,0
6MLM_KLH,6II8_HLC,6MLM_KLH,1,base_esmif_ar,0.6833,1.0635,18,7.6,0.0,0
6MLM_KLH,6II8_HLC,6MLM_KLH,1,base_esmif_ar_t1,1.1950,2.2022,18,11.8,0.0,0
6MLM_KLH,6II8_HLC,6MLM_KLH,1,base_iglm,7.8016,8.2079,12,2.7,0.0,0
6MLM_KLH,6II8_HLC,6MLM_KLH,1,base_proteinmpnn,0.5392,1.1677,18,0.0,0.0,0
6MLM_KLH,6II8_HLC,6MLM_KLH,1,base_proteinmpnn_ar,0.8596,2.0426,18,6.1,5.4,0
6MLM_KLH,6II8_HLC,6MLM_KLH,1,base_proteinmpnn_ar_t1,1.0324,2.6118,18,7.2,6.8,0
6MLM_KLH,6II8_HLC,6MLM_KLH,1,grad_diffusion,1.0411,2.1853,18,28.4,18.3,0
6MLM_KLH,6II8_HLC,6MLM_KLH,1,obj_mint,1.3940,2.1760,6,174.7,157.8,598
6MLM_KLH,6II8_HLC,6MLM_KLH,1,obj_wt,1.6289,2.4078,6,23.6,15.2,589
6MLM_KLH,6II8_HLC,6MLM_KLH,1,ours_abmpnn_live,0.5024,1.7314,18,102.9,91.5,585
6MLM_KLH,6II8_HLC,6MLM_KLH,1,ours_abmpnn_npz,-0.0614,1.3244,18,301.3,270.4,581
6MLM_KLH,6II8_HLC,6MLM_KLH,1,ours_antifold,0.5047,1.7535,18,101.2,90.6,587
6MLM_KLH,6II8_HLC,6MLM_KLH,1,ours_diffusion,4.2590,7.3787,18,111.7,100.6,637
6MLM_KLH,6II8_HLC,6MLM_KLH,1,ours_esmif,1.0566,2.3283,18,104.9,94.2,609
6MLM_KLH,6II8_HLC,6MLM_KLH,1,ours_proteinmpnn,1.1358,2.1284,18,106.8,95.9,616
6MLM_KLH,6II8_HLC,6MLM_KLH,1,ours_proteinmpnn_live,1.6026,2.5066,18,106.3,95.2,617
6MLM_KLH,6II8_HLC,6MLM_KLH,1,rand_base_abmpnn_ar,0.6486,3.1195,18,,,
6MLM_KLH,6II8_HLC,6MLM_KLH,1,rand_base_antifold,0.9377,3.2607,18,,,
6MLM_KLH,6II8_HLC,6MLM_KLH,1,rand_base_proteinmpnn_ar,2.4377,5.1823,18,,,
6MLM_KLH,6II8_HLC,6MLM_KLH,1,rand_ours_abmpnn_live,1.1614,4.1378,18,,,
6MLM_KLH,6II8_HLC,6MLM_KLH,1,rand_ours_antifold,2.3929,4.6321,18,,,
6MLM_KLH,6II8_HLC,6MLM_KLH,1,rand_ours_proteinmpnn_live,4.0805,6.3923,18,,,
6MVL_HLA,6MVL_HLA,6MVL_HLA,0,base_abmpnn_ar,-2.5715,-1.6281,18,8.9,7.6,0
6MVL_HLA,6MVL_HLA,6MVL_HLA,0,base_abmpnn_ar_t1,-1.5024,0.1417,18,7.5,7.0,0
6MVL_HLA,6MVL_HLA,6MVL_HLA,0,base_abmpnn_npz,-2.6059,-1.4752,18,0.0,0.0,0
6MVL_HLA,6MVL_HLA,6MVL_HLA,0,base_antifold,1.4000,2.4264,18,0.0,0.0,0
6MVL_HLA,6MVL_HLA,6MVL_HLA,0,base_antifold_t1,-0.5441,3.3048,18,0.7,0.0,0
6MVL_HLA,6MVL_HLA,6MVL_HLA,0,base_diffab,2.0501,5.1889,18,13.6,0.0,0
6MVL_HLA,6MVL_HLA,6MVL_HLA,0,base_diffusion,6.8629,7.7329,18,27.1,17.5,0
6MVL_HLA,6MVL_HLA,6MVL_HLA,0,base_diffusion_s,7.7332,9.1059,6,25.6,17.3,112
6MVL_HLA,6MVL_HLA,6MVL_HLA,0,base_esmif,-0.0269,1.0679,18,0.0,0.0,0
6MVL_HLA,6MVL_HLA,6MVL_HLA,0,base_esmif_ar,-0.1029,1.0980,18,14.8,0.0,0
6MVL_HLA,6MVL_HLA,6MVL_HLA,0,base_esmif_ar_t1,-0.4179,2.4651,18,8.0,0.0,0
6MVL_HLA,6MVL_HLA,6MVL_HLA,0,base_iglm,6.2269,6.7885,18,1.8,0.0,0
6MVL_HLA,6MVL_HLA,6MVL_HLA,0,base_proteinmpnn,-0.5807,0.9667,18,0.0,0.0,0
6MVL_HLA,6MVL_HLA,6MVL_HLA,0,base_proteinmpnn_ar,-0.7931,0.4488,18,6.7,5.9,0
6MVL_HLA,6MVL_HLA,6MVL_HLA,0,base_proteinmpnn_ar_t1,0.4827,2.5809,18,7.6,6.9,0
6MVL_HLA,6MVL_HLA,6MVL_HLA,0,grad_diffusion,0.6099,1.6890,18,27.2,17.4,0
6MVL_HLA,6MVL_HLA,6MVL_HLA,0,obj_mint,-1.5538,1.8434,6,167.6,151.3,552
6MVL_HLA,6MVL_HLA,6MVL_HLA,0,obj_wt,-1.4574,0.4131,6,22.5,14.2,534
6MVL_HLA,6MVL_HLA,6MVL_HLA,0,ours_abmpnn_live,-2.7051,-1.3188,18,95.4,84.5,531
6MVL_HLA,6MVL_HLA,6MVL_HLA,0,ours_abmpnn_npz,-2.3696,-1.2213,18,91.2,80.8,520
6MVL_HLA,6MVL_HLA,6MVL_HLA,0,ours_antifold,-2.1354,0.4933,18,93.4,83.0,532
6MVL_HLA,6MVL_HLA,6MVL_HLA,0,ours_diffusion,3.3812,6.1060,18,101.3,90.7,591
6MVL_HLA,6MVL_HLA,6MVL_HLA,0,ours_esmif,-1.1978,0.8195,18,91.7,81.2,524
6MVL_HLA,6MVL_HLA,6MVL_HLA,0,ours_proteinmpnn,-2.3611,0.1521,18,100.8,89.7,572
6MVL_HLA,6MVL_HLA,6MVL_HLA,0,ours_proteinmpnn_live,-0.5030,0.6963,18,104.9,93.9,585
6MVL_HLA,6MVL_HLA,6MVL_HLA,0,rand_base_abmpnn_ar,-0.6353,2.3950,18,,,
6MVL_HLA,6MVL_HLA,6MVL_HLA,0,rand_base_antifold,-0.5526,2.8769,18,,,
6MVL_HLA,6MVL_HLA,6MVL_HLA,0,rand_base_proteinmpnn_ar,0.9844,5.9932,18,,,
6MVL_HLA,6MVL_HLA,6MVL_HLA,0,rand_ours_abmpnn_live,0.4870,3.2458,18,,,
6MVL_HLA,6MVL_HLA,6MVL_HLA,0,rand_ours_antifold,1.6434,4.1101,18,,,
6MVL_HLA,6MVL_HLA,6MVL_HLA,0,rand_ours_proteinmpnn_live,0.7236,4.5128,18,,,
6N5B_HLB,6N5B_HLB,6N5B_HLB,0,base_abmpnn_ar,0.2161,1.8728,18,7.3,6.7,0
6N5B_HLB,6N5B_HLB,6N5B_HLB,0,base_abmpnn_ar_t1,0.0047,1.6757,18,8.7,7.8,0
6N5B_HLB,6N5B_HLB,6N5B_HLB,0,base_abmpnn_npz,0.7190,1.4832,18,0.0,0.0,0
6N5B_HLB,6N5B_HLB,6N5B_HLB,0,base_antifold,0.3671,1.1735,18,0.0,0.0,0
6N5B_HLB,6N5B_HLB,6N5B_HLB,0,base_antifold_t1,0.2047,1.5068,18,1.4,0.0,0
6N5B_HLB,6N5B_HLB,6N5B_HLB,0,base_diffab,1.7358,3.7040,18,14.1,0.0,0
6N5B_HLB,6N5B_HLB,6N5B_HLB,0,base_diffusion,3.3144,3.7354,18,27.1,17.1,0
6N5B_HLB,6N5B_HLB,6N5B_HLB,0,base_diffusion_s,3.0299,4.4258,6,25.7,16.9,105
6N5B_HLB,6N5B_HLB,6N5B_HLB,0,base_esmif,1.0050,2.6706,18,0.0,0.0,0
6N5B_HLB,6N5B_HLB,6N5B_HLB,0,base_esmif_ar,0.1579,1.7707,18,7.8,0.0,0
6N5B_HLB,6N5B_HLB,6N5B_HLB,0,base_esmif_ar_t1,0.6679,2.9695,18,7.7,0.0,0
6N5B_HLB,6N5B_HLB,6N5B_HLB,0,base_iglm,5.2284,5.5427,12,2.3,0.0,0
6N5B_HLB,6N5B_HLB,6N5B_HLB,0,base_proteinmpnn,1.5129,2.5046,18,0.0,0.0,0
6N5B_HLB,6N5B_HLB,6N5B_HLB,0,base_proteinmpnn_ar,1.4233,3.1078,18,7.7,6.7,0
6N5B_HLB,6N5B_HLB,6N5B_HLB,0,base_proteinmpnn_ar_t1,1.2371,3.5467,18,8.0,7.6,0
6N5B_HLB,6N5B_HLB,6N5B_HLB,0,grad_diffusion,0.2310,0.8068,18,26.8,17.0,0
6N5B_HLB,6N5B_HLB,6N5B_HLB,0,obj_mint,-0.7567,1.2805,6,160.7,144.5,496
6N5B_HLB,6N5B_HLB,6N5B_HLB,0,obj_wt,-0.3299,0.8492,6,21.4,13.2,497
6N5B_HLB,6N5B_HLB,6N5B_HLB,0,ours_abmpnn_live,-0.3985,1.0800,18,98.9,87.8,536
6N5B_HLB,6N5B_HLB,6N5B_HLB,0,ours_abmpnn_npz,-0.5057,0.9669,18,96.2,85.6,534
6N5B_HLB,6N5B_HLB,6N5B_HLB,0,ours_antifold,0.2938,1.2403,18,93.0,81.7,507
6N5B_HLB,6N5B_HLB,6N5B_HLB,0,ours_diffusion,1.0830,2.8500,18,100.1,89.0,557
6N5B_HLB,6N5B_HLB,6N5B_HLB,0,ours_esmif,0.9272,2.4314,18,104.1,92.6,581
6N5B_HLB,6N5B_HLB,6N5B_HLB,0,ours_proteinmpnn,-0.3320,2.2600,18,103.6,92.6,586
6N5B_HLB,6N5B_HLB,6N5B_HLB,0,ours_proteinmpnn_live,0.5620,3.0773,18,107.0,95.5,587
6N5B_HLB,6N5B_HLB,6N5B_HLB,0,rand_base_abmpnn_ar,0.3159,1.6752,18,,,
6N5B_HLB,6N5B_HLB,6N5B_HLB,0,rand_base_antifold,0.2212,2.1187,18,,,
6N5B_HLB,6N5B_HLB,6N5B_HLB,0,rand_base_proteinmpnn_ar,1.2684,3.1625,18,,,
6N5B_HLB,6N5B_HLB,6N5B_HLB,0,rand_ours_abmpnn_live,1.2891,3.1952,18,,,
6N5B_HLB,6N5B_HLB,6N5B_HLB,0,rand_ours_antifold,1.0861,2.6457,18,,,
6N5B_HLB,6N5B_HLB,6N5B_HLB,0,rand_ours_proteinmpnn_live,2.0543,4.1517,18,,,
6OQ6_DA,6OQ6_DA,6OQ6_DA,0,base_abmpnn_ar,-1.5087,-0.4488,18,5.5,4.9,0
6OQ6_DA,6OQ6_DA,6OQ6_DA,0,base_abmpnn_ar_t1,0.1571,1.8762,18,6.8,5.8,0
6OQ6_DA,6OQ6_DA,6OQ6_DA,0,base_abmpnn_npz,-2.4362,-1.2796,18,0.0,0.0,0
6OQ6_DA,6OQ6_DA,6OQ6_DA,0,base_antifold,5.0695,5.6030,18,0.1,0.0,0
6OQ6_DA,6OQ6_DA,6OQ6_DA,0,base_antifold_t1,2.3224,4.8123,18,1.5,0.0,0
6OQ6_DA,6OQ6_DA,6OQ6_DA,0,base_diffab,4.6819,7.2920,18,13.9,0.0,0
6OQ6_DA,6OQ6_DA,6OQ6_DA,0,base_diffusion,6.9518,7.9224,18,30.5,20.6,0
6OQ6_DA,6OQ6_DA,6OQ6_DA,0,base_diffusion_s,4.0302,8.0195,18,29.2,20.8,140
6OQ6_DA,6OQ6_DA,6OQ6_DA,0,base_esmif,0.8167,2.3599,18,0.0,0.0,0
6OQ6_DA,6OQ6_DA,6OQ6_DA,0,base_esmif_ar,0.5519,1.5038,18,7.9,0.0,0
6OQ6_DA,6OQ6_DA,6OQ6_DA,0,base_esmif_ar_t1,1.0075,3.4394,18,8.3,0.0,0
6OQ6_DA,6OQ6_DA,6OQ6_DA,0,base_iglm,10.5085,10.7702,12,2.3,0.0,0
6OQ6_DA,6OQ6_DA,6OQ6_DA,0,base_proteinmpnn,-1.2857,-0.4713,18,0.0,0.0,0
6OQ6_DA,6OQ6_DA,6OQ6_DA,0,base_proteinmpnn_ar,-0.7809,-0.0086,18,5.5,5.0,0
6OQ6_DA,6OQ6_DA,6OQ6_DA,0,base_proteinmpnn_ar_t1,-0.3043,2.7844,18,6.7,6.1,0
6OQ6_DA,6OQ6_DA,6OQ6_DA,0,grad_diffusion,1.3566,2.3521,18,30.8,20.8,0
6OQ6_DA,6OQ6_DA,6OQ6_DA,0,obj_mint,1.1797,4.5034,6,195.1,178.0,746
6OQ6_DA,6OQ6_DA,6OQ6_DA,0,obj_wt,0.1147,2.4330,6,28.0,18.8,752
6OQ6_DA,6OQ6_DA,6OQ6_DA,0,ours_abmpnn_live,-0.7215,1.0105,18,126.5,114.8,731
6OQ6_DA,6OQ6_DA,6OQ6_DA,0,ours_abmpnn_npz,-1.5333,-0.1026,18,125.7,114.3,746
6OQ6_DA,6OQ6_DA,6OQ6_DA,0,ours_antifold,0.6815,3.4707,18,127.7,116.1,763
6OQ6_DA,6OQ6_DA,6OQ6_DA,0,ours_diffusion,3.7119,6.1272,18,125.7,114.2,757
6OQ6_DA,6OQ6_DA,6OQ6_DA,0,ours_esmif,0.3848,2.1889,18,129.3,117.7,763
6OQ6_DA,6OQ6_DA,6OQ6_DA,0,ours_proteinmpnn,-1.2347,0.3025,18,129.1,117.6,779
6OQ6_DA,6OQ6_DA,6OQ6_DA,0,ours_proteinmpnn_live,-1.8157,0.9491,18,131.3,119.5,767
6OQ6_DA,6OQ6_DA,6OQ6_DA,0,rand_base_abmpnn_ar,1.5415,5.5226,18,,,
6OQ6_DA,6OQ6_DA,6OQ6_DA,0,rand_base_antifold,4.2195,5.8668,18,,,
6OQ6_DA,6OQ6_DA,6OQ6_DA,0,rand_base_proteinmpnn_ar,4.3348,7.2050,18,,,
6OQ6_DA,6OQ6_DA,6OQ6_DA,0,rand_ours_abmpnn_live,1.6165,5.1154,18,,,
6OQ6_DA,6OQ6_DA,6OQ6_DA,0,rand_ours_antifold,3.1512,5.4310,18,,,
6OQ6_DA,6OQ6_DA,6OQ6_DA,0,rand_ours_proteinmpnn_live,1.9784,7.1811,18,,,
6OSH_HLK,6OSH_HLK,6OSH_HLK,0,base_abmpnn_ar,-1.5185,-0.2142,18,4.3,3.8,0
6OSH_HLK,6OSH_HLK,6OSH_HLK,0,base_abmpnn_ar_t1,-1.4380,0.3446,18,4.9,4.1,0
6OSH_HLK,6OSH_HLK,6OSH_HLK,0,base_abmpnn_npz,-1.3249,-1.0076,18,0.0,0.0,0
6OSH_HLK,6OSH_HLK,6OSH_HLK,0,base_antifold,-0.2982,0.0977,18,0.0,0.0,0
6OSH_HLK,6OSH_HLK,6OSH_HLK,0,base_antifold_t1,-1.1358,1.0090,18,1.7,0.0,0
6OSH_HLK,6OSH_HLK,6OSH_HLK,0,base_diffab,-1.1928,1.0869,18,12.4,0.0,0
6OSH_HLK,6OSH_HLK,6OSH_HLK,0,base_diffusion,2.2929,2.9025,18,17.6,8.8,0
6OSH_HLK,6OSH_HLK,6OSH_HLK,0,base_diffusion_s,-0.0650,1.5307,12,17.5,9.8,63
6OSH_HLK,6OSH_HLK,6OSH_HLK,0,base_esmif,-0.6550,0.1749,18,0.0,0.0,0
6OSH_HLK,6OSH_HLK,6OSH_HLK,0,base_esmif_ar,-0.9576,0.2722,18,5.0,0.0,0
6OSH_HLK,6OSH_HLK,6OSH_HLK,0,base_esmif_ar_t1,-1.3718,1.3498,18,7.4,0.0,0
6OSH_HLK,6OSH_HLK,6OSH_HLK,0,base_iglm,2.0264,2.2106,18,2.2,0.0,0
6OSH_HLK,6OSH_HLK,6OSH_HLK,0,base_proteinmpnn,-1.2363,-0.5215,18,0.0,0.0,0
6OSH_HLK,6OSH_HLK,6OSH_HLK,0,base_proteinmpnn_ar,-1.3043,0.5349,18,4.0,3.5,0
6OSH_HLK,6OSH_HLK,6OSH_HLK,0,base_proteinmpnn_ar_t1,-1.5063,1.1650,18,4.6,4.0,0
6OSH_HLK,6OSH_HLK,6OSH_HLK,0,grad_diffusion,-0.2704,0.1448,18,17.9,8.8,0
6OSH_HLK,6OSH_HLK,6OSH_HLK,0,obj_mint,-0.2415,1.2234,6,59.3,47.1,275
6OSH_HLK,6OSH_HLK,6OSH_HLK,0,obj_wt,-1.3197,0.1919,6,14.3,7.3,285
6OSH_HLK,6OSH_HLK,6OSH_HLK,0,ours_abmpnn_live,-1.5082,-0.1886,18,52.9,43.6,286
6OSH_HLK,6OSH_HLK,6OSH_HLK,0,ours_abmpnn_npz,-1.3311,-0.4437,18,54.5,45.0,295
6OSH_HLK,6OSH_HLK,6OSH_HLK,0,ours_antifold,-1.5045,-0.0392,18,51.3,42.3,281
6OSH_HLK,6OSH_HLK,6OSH_HLK,0,ours_diffusion,0.3059,1.2054,18,55.6,46.4,317
6OSH_HLK,6OSH_HLK,6OSH_HLK,0,ours_esmif,-1.2267,0.6674,18,54.6,45.5,304
6OSH_HLK,6OSH_HLK,6OSH_HLK,0,ours_proteinmpnn,-1.2019,0.3642,18,57.7,48.4,323
6OSH_HLK,6OSH_HLK,6OSH_HLK,0,ours_proteinmpnn_live,-1.0661,0.5813,18,58.4,49.1,319
6OSH_HLK,6OSH_HLK,6OSH_HLK,0,rand_base_abmpnn_ar,-0.3616,1.1447,18,,,
6OSH_HLK,6OSH_HLK,6OSH_HLK,0,rand_base_antifold,-0.7632,0.8966,18,,,
6OSH_HLK,6OSH_HLK,6OSH_HLK,0,rand_base_proteinmpnn_ar,0.0017,1.8392,18,,,
6OSH_HLK,6OSH_HLK,6OSH_HLK,0,rand_ours_abmpnn_live,-1.2916,1.2468,18,,,
6OSH_HLK,6OSH_HLK,6OSH_HLK,0,rand_ours_antifold,-0.5777,1.2113,18,,,
6OSH_HLK,6OSH_HLK,6OSH_HLK,0,rand_ours_proteinmpnn_live,0.1906,2.2701,18,,,
6PLK_HLE,5VIG_HLZ,6PLK_HLE,1,base_abmpnn_ar,-0.0996,0.1040,18,6.4,5.5,0
6PLK_HLE,5VIG_HLZ,6PLK_HLE,1,base_abmpnn_ar_t1,-0.0163,1.4270,18,7.7,7.0,0
6PLK_HLE,5VIG_HLZ,6PLK_HLE,1,base_abmpnn_npz,-0.0136,0.2377,18,0.0,0.0,0
6PLK_HLE,5VIG_HLZ,6PLK_HLE,1,base_antifold,-0.7119,0.0345,18,0.0,0.0,0
6PLK_HLE,5VIG_HLZ,6PLK_HLE,1,base_antifold_t1,-0.4970,1.1128,18,1.4,0.0,0
6PLK_HLE,5VIG_HLZ,6PLK_HLE,1,base_diffab,2.1534,4.6098,18,13.7,0.0,0
6PLK_HLE,5VIG_HLZ,6PLK_HLE,1,base_diffusion,6.4122,7.5005,18,25.7,16.0,0
6PLK_HLE,5VIG_HLZ,6PLK_HLE,1,base_diffusion_s,4.5665,6.4828,6,24.2,16.0,105
6PLK_HLE,5VIG_HLZ,6PLK_HLE,1,base_esmif,-0.0436,0.2719,18,0.0,0.0,0
6PLK_HLE,5VIG_HLZ,6PLK_HLE,1,base_esmif_ar,-0.0528,0.4375,18,8.7,0.0,0
6PLK_HLE,5VIG_HLZ,6PLK_HLE,1,base_esmif_ar_t1,-0.0959,1.4802,18,7.1,0.0,0
6PLK_HLE,5VIG_HLZ,6PLK_HLE,1,base_iglm,6.8769,7.0779,18,2.3,0.0,0
6PLK_HLE,5VIG_HLZ,6PLK_HLE,1,base_proteinmpnn,0.2371,1.4167,18,0.0,0.0,0
6PLK_HLE,5VIG_HLZ,6PLK_HLE,1,base_proteinmpnn_ar,0.6842,1.7600,18,6.2,5.6,0
6PLK_HLE,5VIG_HLZ,6PLK_HLE,1,base_proteinmpnn_ar_t1,0.2615,2.7330,18,7.2,6.8,0
6PLK_HLE,5VIG_HLZ,6PLK_HLE,1,grad_diffusion,0.6169,1.8595,18,26.1,16.2,0
6PLK_HLE,5VIG_HLZ,6PLK_HLE,1,obj_mint,0.7585,1.8519,6,143.6,127.9,489
6PLK_HLE,5VIG_HLZ,6PLK_HLE,1,obj_wt,0.0338,0.7622,6,21.0,13.0,505
6PLK_HLE,5VIG_HLZ,6PLK_HLE,1,ours_abmpnn_live,-0.1338,0.7849,18,86.9,76.4,492
6PLK_HLE,5VIG_HLZ,6PLK_HLE,1,ours_abmpnn_npz,-0.4305,0.7169,18,84.8,74.8,494
6PLK_HLE,5VIG_HLZ,6PLK_HLE,1,ours_antifold,-0.4168,0.3606,18,87.2,76.9,509
6PLK_HLE,5VIG_HLZ,6PLK_HLE,1,ours_diffusion,2.4401,5.7785,18,94.6,84.2,556
6PLK_HLE,5VIG_HLZ,6PLK_HLE,1,ours_esmif,0.1884,0.9649,18,88.4,78.2,508
6PLK_HLE,5VIG_HLZ,6PLK_HLE,1,ours_proteinmpnn,0.0562,2.3398,18,92.4,82.1,539
6PLK_HLE,5VIG_HLZ,6PLK_HLE,1,ours_proteinmpnn_live,0.5311,2.0223,18,93.9,83.1,537
6PLK_HLE,5VIG_HLZ,6PLK_HLE,1,rand_base_abmpnn_ar,-0.0291,1.7076,18,,,
6PLK_HLE,5VIG_HLZ,6PLK_HLE,1,rand_base_antifold,1.6383,3.4379,18,,,
6PLK_HLE,5VIG_HLZ,6PLK_HLE,1,rand_base_proteinmpnn_ar,1.6772,4.7874,18,,,
6PLK_HLE,5VIG_HLZ,6PLK_HLE,1,rand_ours_abmpnn_live,0.7321,3.2643,18,,,
6PLK_HLE,5VIG_HLZ,6PLK_HLE,1,rand_ours_antifold,0.5987,3.8793,18,,,
6PLK_HLE,5VIG_HLZ,6PLK_HLE,1,rand_ours_proteinmpnn_live,1.1613,5.1975,18,,,
6QX4_CA,6QX4_DA,6QX4_CA,0,base_abmpnn_ar,0.5144,1.6452,18,8.0,7.2,0
6QX4_CA,6QX4_DA,6QX4_CA,0,base_abmpnn_ar_t1,1.1682,3.5121,18,9.2,8.4,0
6QX4_CA,6QX4_DA,6QX4_CA,0,base_abmpnn_npz,0.6659,1.0848,18,0.0,0.0,0
6QX4_CA,6QX4_DA,6QX4_CA,0,base_antifold,0.5900,1.8027,18,0.0,0.0,0
6QX4_CA,6QX4_DA,6QX4_CA,0,base_antifold_t1,1.2936,4.0027,18,1.0,0.0,0
6QX4_CA,6QX4_DA,6QX4_CA,0,base_diffab,4.8133,7.7932,18,13.7,0.0,0
6QX4_CA,6QX4_DA,6QX4_CA,0,base_diffusion,7.8748,10.1371,18,26.5,16.0,0
6QX4_CA,6QX4_DA,6QX4_CA,0,base_diffusion_s,8.3823,10.2001,12,25.7,16.1,91
6QX4_CA,6QX4_DA,6QX4_CA,0,base_esmif,0.2861,0.8457,18,0.0,0.0,0
6QX4_CA,6QX4_DA,6QX4_CA,0,base_esmif_ar,0.2917,1.0587,18,9.5,0.0,0
6QX4_CA,6QX4_DA,6QX4_CA,0,base_esmif_ar_t1,1.6873,3.9839,18,7.1,0.0,0
6QX4_CA,6QX4_DA,6QX4_CA,0,base_iglm,8.1986,8.5206,12,1.8,0.0,0
6QX4_CA,6QX4_DA,6QX4_CA,0,base_proteinmpnn,-0.4280,0.6002,18,0.0,0.0,0
6QX4_CA,6QX4_DA,6QX4_CA,0,base_proteinmpnn_ar,-2.6173,-0.2366,18,7.7,7.0,0
6QX4_CA,6QX4_DA,6QX4_CA,0,base_proteinmpnn_ar_t1,-0.2026,3.4699,18,9.1,8.6,0
6QX4_CA,6QX4_DA,6QX4_CA,0,grad_diffusion,0.9026,2.4552,18,26.9,16.1,0
6QX4_CA,6QX4_DA,6QX4_CA,0,obj_mint,1.2244,3.1492,6,164.1,147.0,484
6QX4_CA,6QX4_DA,6QX4_CA,0,obj_wt,-1.4525,0.9228,6,23.4,14.2,485
6QX4_CA,6QX4_DA,6QX4_CA,0,ours_abmpnn_live,-1.0805,1.1060,18,90.8,79.1,447
6QX4_CA,6QX4_DA,6QX4_CA,0,ours_abmpnn_npz,-0.6099,1.4607,18,91.1,79.7,463
6QX4_CA,6QX4_DA,6QX4_CA,0,ours_antifold,-1.4963,1.4984,18,94.8,83.2,477
6QX4_CA,6QX4_DA,6QX4_CA,0,ours_diffusion,4.6204,8.1859,18,93.9,82.5,477
6QX4_CA,6QX4_DA,6QX4_CA,0,ours_esmif,-1.0305,0.8851,18,88.3,76.8,439
6QX4_CA,6QX4_DA,6QX4_CA,0,ours_proteinmpnn,-1.1870,1.1354,18,96.6,85.1,491
6QX4_CA,6QX4_DA,6QX4_CA,0,ours_proteinmpnn_live,-1.2298,-0.0180,18,96.5,84.5,477
6QX4_CA,6QX4_DA,6QX4_CA,0,rand_base_abmpnn_ar,1.1073,5.7280,18,,,
6QX4_CA,6QX4_DA,6QX4_CA,0,rand_base_antifold,2.4908,6.4708,18,,,
6QX4_CA,6QX4_DA,6QX4_CA,0,rand_base_proteinmpnn_ar,3.1768,6.6985,18,,,
6QX4_CA,6QX4_DA,6QX4_CA,0,rand_ours_abmpnn_live,1.5393,5.2574,18,,,
6QX4_CA,6QX4_DA,6QX4_CA,0,rand_ours_antifold,1.2156,6.4759,18,,,
6QX4_CA,6QX4_DA,6QX4_CA,0,rand_ours_proteinmpnn_live,2.8391,5.9241,18,,,
6QX4_DA,6QX4_DA,6QX4_DA,1,base_abmpnn_ar,-0.4474,0.8598,18,8.0,7.2,0
6QX4_DA,6QX4_DA,6QX4_DA,1,base_abmpnn_ar_t1,1.0235,3.6906,18,9.1,8.6,0
6QX4_DA,6QX4_DA,6QX4_DA,1,base_abmpnn_npz,-1.9841,-1.1797,18,0.0,0.0,0
6QX4_DA,6QX4_DA,6QX4_DA,1,base_antifold,-1.8409,0.5580,18,0.0,0.0,0
6QX4_DA,6QX4_DA,6QX4_DA,1,base_antifold_t1,0.1715,2.8472,18,1.6,0.0,0
6QX4_DA,6QX4_DA,6QX4_DA,1,base_diffab,6.1910,10.6891,18,14.0,0.0,0
6QX4_DA,6QX4_DA,6QX4_DA,1,base_diffusion,9.6733,11.3532,18,33.6,22.5,0
6QX4_DA,6QX4_DA,6QX4_DA,1,base_diffusion_s,8.0723,11.4445,12,31.4,22.1,126
6QX4_DA,6QX4_DA,6QX4_DA,1,base_esmif,-1.6650,-0.2802,18,0.0,0.0,0
6QX4_DA,6QX4_DA,6QX4_DA,1,base_esmif_ar,-1.6138,-0.1268,18,9.0,0.0,0
6QX4_DA,6QX4_DA,6QX4_DA,1,base_esmif_ar_t1,0.2107,1.9997,18,10.1,0.0,0
6QX4_DA,6QX4_DA,6QX4_DA,1,base_iglm,14.6056,14.9971,18,2.2,0.0,0
6QX4_DA,6QX4_DA,6QX4_DA,1,base_proteinmpnn,-2.9117,-1.8056,18,0.0,0.0,0
6QX4_DA,6QX4_DA,6QX4_DA,1,base_proteinmpnn_ar,-1.7060,-0.6782,18,7.9,7.1,0
6QX4_DA,6QX4_DA,6QX4_DA,1,base_proteinmpnn_ar_t1,-0.6109,2.7863,18,9.2,8.6,0
6QX4_DA,6QX4_DA,6QX4_DA,1,base_rfantibody,9.5013,11.6315,6,862.3,0.0,0
6QX4_DA,6QX4_DA,6QX4_DA,1,grad_diffusion,0.8837,2.3814,18,33.3,22.3,0
6QX4_DA,6QX4_DA,6QX4_DA,1,obj_mint,-0.7891,2.1797,6,221.8,203.1,670
6QX4_DA,6QX4_DA,6QX4_DA,1,obj_wt,-1.6436,0.4094,6,29.8,19.6,676
6QX4_DA,6QX4_DA,6QX4_DA,1,ours_abmpnn_live,-2.4475,0.9958,18,131.0,118.3,656
6QX4_DA,6QX4_DA,6QX4_DA,1,ours_abmpnn_npz,-1.5271,0.9946,18,126.2,113.8,649
6QX4_DA,6QX4_DA,6QX4_DA,1,ours_antifold,-0.1142,1.4538,18,128.7,116.3,665
6QX4_DA,6QX4_DA,6QX4_DA,1,ours_diffusion,3.4104,7.5404,18,132.9,120.2,681
6QX4_DA,6QX4_DA,6QX4_DA,1,ours_esmif,-1.5004,0.8213,18,125.8,113.6,647
6QX4_DA,6QX4_DA,6QX4_DA,1,ours_proteinmpnn,-2.2294,0.2392,18,127.3,115.2,656
6QX4_DA,6QX4_DA,6QX4_DA,1,ours_proteinmpnn_live,-2.4304,0.8863,18,132.4,119.5,665
6QX4_DA,6QX4_DA,6QX4_DA,1,rand_base_abmpnn_ar,2.2673,7.6811,18,,,
6QX4_DA,6QX4_DA,6QX4_DA,1,rand_base_antifold,3.0109,7.4713,18,,,
6QX4_DA,6QX4_DA,6QX4_DA,1,rand_base_proteinmpnn_ar,2.1334,6.9977,18,,,
6QX4_DA,6QX4_DA,6QX4_DA,1,rand_ours_abmpnn_live,5.7607,9.8700,18,,,
6QX4_DA,6QX4_DA,6QX4_DA,1,rand_ours_antifold,3.6289,8.0284,18,,,
6QX4_DA,6QX4_DA,6QX4_DA,1,rand_ours_proteinmpnn_live,5.3119,9.9423,18,,,
6QX4_HB,6QX4_DA,6QX4_DA,1,base_abmpnn_ar,-1.8263,0.6244,18,7.9,7.2,0
6QX4_HB,6QX4_DA,6QX4_DA,1,base_abmpnn_ar_t1,0.7079,3.8422,18,9.3,8.8,0
6QX4_HB,6QX4_DA,6QX4_DA,1,base_abmpnn_npz,-2.4432,-0.6475,18,0.0,0.0,0
6QX4_HB,6QX4_DA,6QX4_DA,1,base_antifold,0.0383,0.7856,18,0.0,0.0,0
6QX4_HB,6QX4_DA,6QX4_DA,1,base_antifold_t1,-0.0349,2.4658,18,1.1,0.0,0
6QX4_HB,6QX4_DA,6QX4_DA,1,base_diffab,5.7641,10.0919,18,14.3,0.0,0
6QX4_HB,6QX4_DA,6QX4_DA,1,base_diffusion,8.2920,10.2511,18,33.0,22.2,0
6QX4_HB,6QX4_DA,6QX4_DA,1,base_diffusion_s,5.9104,10.9866,12,31.6,22.1,126
6QX4_HB,6QX4_DA,6QX4_DA,1,base_esmif,-1.3046,0.5333,18,0.0,0.0,0
6QX4_HB,6QX4_DA,6QX4_DA,1,base_esmif_ar,-1.5577,0.0762,18,9.3,0.0,0
6QX4_HB,6QX4_DA,6QX4_DA,1,base_esmif_ar_t1,-1.4113,2.0360,18,10.8,0.0,0
6QX4_HB,6QX4_DA,6QX4_DA,1,base_iglm,14.7924,15.1670,18,2.4,0.0,0
6QX4_HB,6QX4_DA,6QX4_DA,1,base_proteinmpnn,-2.0249,-1.0319,18,0.0,0.0,0
6QX4_HB,6QX4_DA,6QX4_DA,1,base_proteinmpnn_ar,-2.9837,-0.7777,18,7.7,7.2,0
6QX4_HB,6QX4_DA,6QX4_DA,1,base_proteinmpnn_ar_t1,-0.4996,3.1211,18,27.6,27.0,0
6QX4_HB,6QX4_DA,6QX4_DA,1,grad_diffusion,-0.0415,1.7721,18,33.2,22.3,0
6QX4_HB,6QX4_DA,6QX4_DA,1,obj_mint,0.3049,1.8943,6,220.3,201.9,663
6QX4_HB,6QX4_DA,6QX4_DA,1,obj_wt,-1.1856,-0.0200,6,29.2,19.4,670
6QX4_HB,6QX4_DA,6QX4_DA,1,ours_abmpnn_live,-1.8151,1.1199,18,129.6,116.7,650
6QX4_HB,6QX4_DA,6QX4_DA,1,ours_abmpnn_npz,-0.9393,1.1677,18,125.4,112.9,645
6QX4_HB,6QX4_DA,6QX4_DA,1,ours_antifold,-2.1801,0.4275,18,129.0,116.6,662
6QX4_HB,6QX4_DA,6QX4_DA,1,ours_diffusion,5.7524,9.3855,18,132.0,119.3,679
6QX4_HB,6QX4_DA,6QX4_DA,1,ours_esmif,-1.6710,0.6524,18,126.1,113.8,651
6QX4_HB,6QX4_DA,6QX4_DA,1,ours_proteinmpnn,-2.8666,0.0725,18,128.2,115.8,663
6QX4_HB,6QX4_DA,6QX4_DA,1,ours_proteinmpnn_live,-1.5404,0.7936,18,134.7,121.9,678
6QX4_HB,6QX4_DA,6QX4_DA,1,rand_base_abmpnn_ar,4.4036,8.8328,18,,,
6QX4_HB,6QX4_DA,6QX4_DA,1,rand_base_antifold,3.8446,7.4862,18,,,
6QX4_HB,6QX4_DA,6QX4_DA,1,rand_base_proteinmpnn_ar,3.7224,7.5070,18,,,
6QX4_HB,6QX4_DA,6QX4_DA,1,rand_ours_abmpnn_live,3.1366,9.2180,18,,,
6QX4_HB,6QX4_DA,6QX4_DA,1,rand_ours_antifold,4.1797,10.0855,18,,,
6QX4_HB,6QX4_DA,6QX4_DA,1,rand_ours_proteinmpnn_live,4.6502,8.5249,18,,,
6SNI_HLX,6SNI_HLX,6SNI_HLX,0,base_abmpnn_ar,-0.8710,-0.3083,18,9.7,8.9,0
6SNI_HLX,6SNI_HLX,6SNI_HLX,0,base_abmpnn_ar_t1,-0.4848,0.5449,18,11.3,10.4,0
6SNI_HLX,6SNI_HLX,6SNI_HLX,0,base_abmpnn_npz,-0.7939,-0.4431,18,0.0,0.0,0
6SNI_HLX,6SNI_HLX,6SNI_HLX,0,base_antifold,-0.6865,0.1734,18,0.0,0.0,0
6SNI_HLX,6SNI_HLX,6SNI_HLX,0,base_antifold_t1,-0.2008,0.8651,18,2.1,0.0,0
6SNI_HLX,6SNI_HLX,6SNI_HLX,0,base_diffab,1.4787,2.3170,18,14.8,0.0,0
6SNI_HLX,6SNI_HLX,6SNI_HLX,0,base_diffusion,2.0616,2.4488,18,34.9,22.8,0
6SNI_HLX,6SNI_HLX,6SNI_HLX,0,base_diffusion_s,0.7819,2.4606,12,33.0,22.4,112
6SNI_HLX,6SNI_HLX,6SNI_HLX,0,base_esmif,-0.7187,0.0540,18,0.0,0.0,0
6SNI_HLX,6SNI_HLX,6SNI_HLX,0,base_esmif_ar,-0.4945,0.1464,18,9.3,0.0,0
6SNI_HLX,6SNI_HLX,6SNI_HLX,0,base_esmif_ar_t1,-0.5032,0.8814,18,9.6,0.0,0
6SNI_HLX,6SNI_HLX,6SNI_HLX,0,base_iglm,1.8099,2.1712,18,1.7,0.0,0
6SNI_HLX,6SNI_HLX,6SNI_HLX,0,base_proteinmpnn,-1.0052,-0.6393,18,0.0,0.0,0
6SNI_HLX,6SNI_HLX,6SNI_HLX,0,base_proteinmpnn_ar,-0.8524,-0.0402,18,9.9,9.2,0
6SNI_HLX,6SNI_HLX,6SNI_HLX,0,base_proteinmpnn_ar_t1,-0.5055,0.5780,18,11.6,10.9,0
6SNI_HLX,6SNI_HLX,6SNI_HLX,0,grad_diffusion,0.0458,0.7572,18,34.9,22.8,0
6SNI_HLX,6SNI_HLX,6SNI_HLX,0,obj_mint,-0.7449,0.1698,6,278.2,256.9,574
6SNI_HLX,6SNI_HLX,6SNI_HLX,0,obj_wt,-0.3381,0.5546,6,29.2,18.8,568
6SNI_HLX,6SNI_HLX,6SNI_HLX,0,ours_abmpnn_live,-0.7683,0.2414,18,130.4,116.4,568
6SNI_HLX,6SNI_HLX,6SNI_HLX,0,ours_abmpnn_npz,-1.3299,-0.0489,18,126.7,113.1,569
6SNI_HLX,6SNI_HLX,6SNI_HLX,0,ours_antifold,-0.4547,0.5219,18,124.8,111.4,563
6SNI_HLX,6SNI_HLX,6SNI_HLX,0,ours_diffusion,0.3616,1.8517,18,131.1,117.3,595
6SNI_HLX,6SNI_HLX,6SNI_HLX,0,ours_esmif,-0.9067,0.2605,18,126.8,113.4,569
6SNI_HLX,6SNI_HLX,6SNI_HLX,0,ours_proteinmpnn,-0.5238,0.3148,18,137.1,123.3,616
6SNI_HLX,6SNI_HLX,6SNI_HLX,0,ours_proteinmpnn_live,-0.4977,0.1749,18,137.4,123.4,606
6SNI_HLX,6SNI_HLX,6SNI_HLX,0,rand_base_abmpnn_ar,0.3272,1.4729,18,,,
6SNI_HLX,6SNI_HLX,6SNI_HLX,0,rand_base_antifold,0.1164,1.2851,18,,,
6SNI_HLX,6SNI_HLX,6SNI_HLX,0,rand_base_proteinmpnn_ar,1.0416,2.2055,18,,,
6SNI_HLX,6SNI_HLX,6SNI_HLX,0,rand_ours_abmpnn_live,0.1868,1.6523,18,,,
6SNI_HLX,6SNI_HLX,6SNI_HLX,0,rand_ours_antifold,0.4052,1.5570,18,,,
6SNI_HLX,6SNI_HLX,6SNI_HLX,0,rand_ours_proteinmpnn_live,1.4046,2.4680,18,,,
6TOU_AG,6TOU_AG,6TOU_AG,0,base_abmpnn_ar,0.9671,2.5193,18,5.6,4.3,0
6TOU_AG,6TOU_AG,6TOU_AG,0,base_abmpnn_ar_t1,2.3344,3.5751,18,6.1,5.2,0
6TOU_AG,6TOU_AG,6TOU_AG,0,base_abmpnn_npz,0.6342,1.2360,18,0.0,0.0,0
6TOU_AG,6TOU_AG,6TOU_AG,0,base_antifold,0.5228,0.9446,18,0.0,0.0,0
6TOU_AG,6TOU_AG,6TOU_AG,0,base_antifold_t1,0.8074,2.2069,18,0.9,0.0,0
6TOU_AG,6TOU_AG,6TOU_AG,0,base_diffab,4.9813,6.4005,18,11.7,0.0,0
6TOU_AG,6TOU_AG,6TOU_AG,0,base_diffusion,4.0435,6.9368,18,41.6,27.5,0
6TOU_AG,6TOU_AG,6TOU_AG,0,base_diffusion_s,4.1065,6.8218,18,39.4,26.8,112
6TOU_AG,6TOU_AG,6TOU_AG,0,base_esmif,0.6050,1.2417,18,0.1,0.0,0
6TOU_AG,6TOU_AG,6TOU_AG,0,base_esmif_ar,0.9319,1.7875,18,6.2,0.0,0
6TOU_AG,6TOU_AG,6TOU_AG,0,base_esmif_ar_t1,0.6335,2.3122,18,7.0,0.0,0
6TOU_AG,6TOU_AG,6TOU_AG,0,base_iglm,8.1965,8.8133,18,1.7,0.0,0
6TOU_AG,6TOU_AG,6TOU_AG,0,base_proteinmpnn,0.9849,1.7956,18,0.0,0.0,0
6TOU_AG,6TOU_AG,6TOU_AG,0,base_proteinmpnn_ar,1.2545,2.1939,18,4.9,4.4,0
6TOU_AG,6TOU_AG,6TOU_AG,0,base_proteinmpnn_ar_t1,1.0008,3.6264,18,5.6,5.1,0
6TOU_AG,6TOU_AG,6TOU_AG,0,grad_diffusion,1.6652,2.7249,18,42.1,27.8,0
6TOU_AG,6TOU_AG,6TOU_AG,0,obj_wt,0.3561,1.9772,6,33.5,21.4,534
6TOU_AG,6TOU_AG,6TOU_AG,0,ours_abmpnn_live,0.8762,2.3227,18,152.2,135.8,556
6TOU_AG,6TOU_AG,6TOU_AG,0,ours_abmpnn_npz,0.4312,1.6396,18,149.7,133.8,565
6TOU_AG,6TOU_AG,6TOU_AG,0,ours_antifold,0.8622,2.0733,18,143.4,127.6,542
6TOU_AG,6TOU_AG,6TOU_AG,0,ours_diffusion,3.9575,6.1331,18,159.6,143.6,605
6TOU_AG,6TOU_AG,6TOU_AG,0,ours_esmif,0.6089,1.5732,18,144.8,129.1,545
6TOU_AG,6TOU_AG,6TOU_AG,0,ours_proteinmpnn,1.2762,2.5149,18,159.6,143.4,606
6TOU_AG,6TOU_AG,6TOU_AG,0,ours_proteinmpnn_live,0.7216,2.4940,18,162.2,145.6,600
6TOU_AG,6TOU_AG,6TOU_AG,0,rand_base_abmpnn_ar,0.6271,2.8566,18,,,
6TOU_AG,6TOU_AG,6TOU_AG,0,rand_base_antifold,1.3428,2.9201,18,,,
6TOU_AG,6TOU_AG,6TOU_AG,0,rand_base_proteinmpnn_ar,0.8249,4.1529,18,,,
6TOU_AG,6TOU_AG,6TOU_AG,0,rand_ours_abmpnn_live,1.8970,4.0228,18,,,
6TOU_AG,6TOU_AG,6TOU_AG,0,rand_ours_antifold,-0.3527,3.1724,18,,,
6TOU_AG,6TOU_AG,6TOU_AG,0,rand_ours_proteinmpnn_live,2.2077,4.5364,18,,,
6TYL_DA,6TYL_IF,6TYL_IF,0,base_abmpnn_ar,-2.2027,-0.9783,18,6.8,6.1,0
6TYL_DA,6TYL_IF,6TYL_IF,0,base_abmpnn_ar_t1,-1.4993,0.5141,18,8.6,7.8,0
6TYL_DA,6TYL_IF,6TYL_IF,0,base_abmpnn_npz,-0.2868,0.1759,18,0.0,0.0,0
6TYL_DA,6TYL_IF,6TYL_IF,0,base_antifold,-0.6730,0.8157,18,0.0,0.0,0
6TYL_DA,6TYL_IF,6TYL_IF,0,base_antifold_t1,-0.7334,1.1925,18,2.0,0.0,0
6TYL_DA,6TYL_IF,6TYL_IF,0,base_diffab,1.7026,4.1568,18,13.7,0.0,0
6TYL_DA,6TYL_IF,6TYL_IF,0,base_diffusion,3.5793,4.2431,18,28.6,18.6,0
6TYL_DA,6TYL_IF,6TYL_IF,0,base_diffusion_s,1.5166,3.6640,6,27.8,18.8,119
6TYL_DA,6TYL_IF,6TYL_IF,0,base_esmif,0.4150,0.9153,18,0.0,0.0,0
6TYL_DA,6TYL_IF,6TYL_IF,0,base_esmif_ar,0.1991,1.3576,18,8.2,0.0,0
6TYL_DA,6TYL_IF,6TYL_IF,0,base_esmif_ar_t1,0.1595,1.4645,18,9.5,0.0,0
6TYL_DA,6TYL_IF,6TYL_IF,0,base_iglm,4.8753,5.1109,18,2.7,0.0,0
6TYL_DA,6TYL_IF,6TYL_IF,0,base_proteinmpnn,-2.1014,-1.5196,18,0.0,0.0,0
6TYL_DA,6TYL_IF,6TYL_IF,0,base_proteinmpnn_ar,-2.0572,-0.9005,18,6.9,6.1,0
6TYL_DA,6TYL_IF,6TYL_IF,0,base_proteinmpnn_ar_t1,-0.6747,0.9613,18,8.0,7.5,0
6TYL_DA,6TYL_IF,6TYL_IF,0,base_rfantibody,2.5480,4.2596,6,634.4,0.0,0
6TYL_DA,6TYL_IF,6TYL_IF,0,grad_diffusion,-1.3600,-0.8585,18,28.8,18.8,0
6TYL_DA,6TYL_IF,6TYL_IF,0,obj_mint,-0.9921,1.5599,6,197.4,179.9,649
6TYL_DA,6TYL_IF,6TYL_IF,0,obj_wt,-0.5068,0.4574,6,26.1,16.9,647
6TYL_DA,6TYL_IF,6TYL_IF,0,ours_abmpnn_live,-1.3695,-0.2236,18,111.6,100.2,624
6TYL_DA,6TYL_IF,6TYL_IF,0,ours_abmpnn_npz,-1.1351,0.2629,18,109.5,98.2,626
6TYL_DA,6TYL_IF,6TYL_IF,0,ours_antifold,-0.6982,0.7190,18,112.5,101.1,641
6TYL_DA,6TYL_IF,6TYL_IF,0,ours_diffusion,-1.0787,1.8673,18,112.5,101.3,642
6TYL_DA,6TYL_IF,6TYL_IF,0,ours_esmif,-1.3976,0.7496,18,114.5,103.3,659
6TYL_DA,6TYL_IF,6TYL_IF,0,ours_proteinmpnn,-1.5933,-0.3232,18,117.2,105.8,674
6TYL_DA,6TYL_IF,6TYL_IF,0,ours_proteinmpnn_live,-1.4813,-0.3278,18,118.4,106.8,662
6TYL_DA,6TYL_IF,6TYL_IF,0,rand_base_abmpnn_ar,1.0804,3.2084,18,,,
6TYL_DA,6TYL_IF,6TYL_IF,0,rand_base_antifold,0.8823,3.6642,18,,,
6TYL_DA,6TYL_IF,6TYL_IF,0,rand_base_proteinmpnn_ar,1.5848,4.5226,18,,,
6TYL_DA,6TYL_IF,6TYL_IF,0,rand_ours_abmpnn_live,0.6882,4.0097,18,,,
6TYL_DA,6TYL_IF,6TYL_IF,0,rand_ours_antifold,1.3503,4.1065,18,,,
6TYL_DA,6TYL_IF,6TYL_IF,0,rand_ours_proteinmpnn_live,2.5946,5.0235,18,,,
6UI1_BA,6UI1_CA,6UI1_BA,0,base_abmpnn_ar,-1.4141,0.0520,18,13.3,12.0,0
6UI1_BA,6UI1_CA,6UI1_BA,0,base_abmpnn_ar_t1,-1.6613,1.1483,18,12.1,11.6,0
6UI1_BA,6UI1_CA,6UI1_BA,0,base_abmpnn_npz,-1.5721,-0.6976,18,0.0,0.0,0
6UI1_BA,6UI1_CA,6UI1_BA,0,base_antifold,0.7085,2.3373,18,0.0,0.0,0
6UI1_BA,6UI1_CA,6UI1_BA,0,base_antifold_t1,1.4183,3.7882,18,1.0,0.0,0
6UI1_BA,6UI1_CA,6UI1_BA,0,base_diffab,0.4549,4.2568,18,14.6,0.0,0
6UI1_BA,6UI1_CA,6UI1_BA,0,base_diffusion,5.5239,6.1007,18,23.8,11.7,0
6UI1_BA,6UI1_CA,6UI1_BA,0,base_diffusion_s,4.2676,6.0769,12,24.4,12.9,56
6UI1_BA,6UI1_CA,6UI1_BA,0,base_esmif,-1.3584,-0.6710,18,0.0,0.0,0
6UI1_BA,6UI1_CA,6UI1_BA,0,base_esmif_ar,-1.4712,-0.6121,18,9.7,0.0,0
6UI1_BA,6UI1_CA,6UI1_BA,0,base_esmif_ar_t1,-0.9643,0.5028,18,6.4,0.0,0
6UI1_BA,6UI1_CA,6UI1_BA,0,base_iglm,7.1582,7.3324,18,1.8,0.0,0
6UI1_BA,6UI1_CA,6UI1_BA,0,base_proteinmpnn,-1.5976,-1.2280,18,0.2,0.0,0
6UI1_BA,6UI1_CA,6UI1_BA,0,base_proteinmpnn_ar,-1.6330,-0.9679,18,19.2,18.5,0
6UI1_BA,6UI1_CA,6UI1_BA,0,base_proteinmpnn_ar_t1,-0.5503,1.2327,18,11.7,11.3,0
6UI1_BA,6UI1_CA,6UI1_BA,0,grad_diffusion,-0.3190,1.4390,18,23.5,11.8,0
6UI1_BA,6UI1_CA,6UI1_BA,0,obj_wt,0.9918,2.7525,6,19.0,9.7,278
6UI1_BA,6UI1_CA,6UI1_BA,0,ours_abmpnn_live,-0.8746,0.2516,18,64.9,52.3,255
6UI1_BA,6UI1_CA,6UI1_BA,0,ours_abmpnn_npz,-1.4386,0.3769,18,63.7,51.8,257
6UI1_BA,6UI1_CA,6UI1_BA,0,ours_antifold,-0.2426,1.7183,18,67.2,55.2,277
6UI1_BA,6UI1_CA,6UI1_BA,0,ours_diffusion,2.0916,4.8019,18,68.3,56.2,281
6UI1_BA,6UI1_CA,6UI1_BA,0,ours_esmif,-1.3326,0.1264,18,63.1,51.1,257
6UI1_BA,6UI1_CA,6UI1_BA,0,ours_proteinmpnn,-1.1301,-0.2294,18,63.9,51.9,260
6UI1_BA,6UI1_CA,6UI1_BA,0,ours_proteinmpnn_live,-1.7053,-0.4767,18,65.1,53.0,254
6UI1_BA,6UI1_CA,6UI1_BA,0,rand_base_abmpnn_ar,-0.1241,2.2879,18,,,
6UI1_BA,6UI1_CA,6UI1_BA,0,rand_base_antifold,0.0318,2.2683,18,,,
6UI1_BA,6UI1_CA,6UI1_BA,0,rand_base_proteinmpnn_ar,0.3888,1.9720,18,,,
6UI1_BA,6UI1_CA,6UI1_BA,0,rand_ours_abmpnn_live,-0.9092,1.7871,18,,,
6UI1_BA,6UI1_CA,6UI1_BA,0,rand_ours_antifold,0.7067,3.7357,18,,,
6UI1_BA,6UI1_CA,6UI1_BA,0,rand_ours_proteinmpnn_live,-0.0502,2.6127,18,,,
6V4N_HLN,6V4O_HLN,6V4N_HLN,0,base_abmpnn_ar,-0.1260,2.5075,18,9.0,8.1,0
6V4N_HLN,6V4O_HLN,6V4N_HLN,0,base_abmpnn_ar_t1,0.5051,4.9984,18,10.8,10.0,0
6V4N_HLN,6V4O_HLN,6V4N_HLN,0,base_abmpnn_npz,-0.0490,1.7736,18,0.0,0.0,0
6V4N_HLN,6V4O_HLN,6V4N_HLN,0,base_antifold,2.7183,5.3406,18,0.0,0.0,0
6V4N_HLN,6V4O_HLN,6V4N_HLN,0,base_antifold_t1,4.2515,7.2282,18,0.8,0.0,0
6V4N_HLN,6V4O_HLN,6V4N_HLN,0,base_diffab,5.8490,9.8731,18,14.2,0.0,0
6V4N_HLN,6V4O_HLN,6V4N_HLN,0,base_diffusion,9.5138,10.4256,18,38.1,26.0,0
6V4N_HLN,6V4O_HLN,6V4N_HLN,0,base_diffusion_s,8.4196,9.5332,6,36.2,25.6,133
6V4N_HLN,6V4O_HLN,6V4N_HLN,0,base_esmif,5.7614,7.6048,18,0.0,0.0,0
6V4N_HLN,6V4O_HLN,6V4N_HLN,0,base_esmif_ar,3.4945,6.8793,18,11.6,0.0,0
6V4N_HLN,6V4O_HLN,6V4N_HLN,0,base_esmif_ar_t1,3.8850,7.8634,18,10.1,0.0,0
6V4N_HLN,6V4O_HLN,6V4N_HLN,0,base_iglm,14.6983,15.3613,18,2.1,0.0,0
6V4N_HLN,6V4O_HLN,6V4N_HLN,0,base_proteinmpnn,2.0182,3.9789,18,0.0,0.0,0
6V4N_HLN,6V4O_HLN,6V4N_HLN,0,base_proteinmpnn_ar,0.8712,3.3404,18,9.0,8.1,0
6V4N_HLN,6V4O_HLN,6V4N_HLN,0,base_proteinmpnn_ar_t1,3.8133,6.7074,18,10.2,9.8,0
6V4N_HLN,6V4O_HLN,6V4N_HLN,0,grad_diffusion,-0.0281,1.4800,18,37.8,25.9,0
6V4N_HLN,6V4O_HLN,6V4N_HLN,0,obj_mint,4.8749,6.1356,6,254.6,235.1,708
6V4N_HLN,6V4O_HLN,6V4N_HLN,0,obj_wt,1.4825,3.7786,6,33.6,22.2,703
6V4N_HLN,6V4O_HLN,6V4N_HLN,0,ours_abmpnn_live,0.4610,2.4567,18,148.6,134.5,679
6V4N_HLN,6V4O_HLN,6V4N_HLN,0,ours_abmpnn_npz,0.6652,2.4616,18,144.5,130.7,677
6V4N_HLN,6V4O_HLN,6V4N_HLN,0,ours_antifold,2.1153,4.5397,18,148.1,134.2,708
6V4N_HLN,6V4O_HLN,6V4N_HLN,0,ours_diffusion,3.1116,6.3133,18,152.8,139.1,722
6V4N_HLN,6V4O_HLN,6V4N_HLN,0,ours_esmif,2.4952,5.6041,18,144.5,130.8,689
6V4N_HLN,6V4O_HLN,6V4N_HLN,0,ours_proteinmpnn,1.6875,4.7176,18,151.3,137.5,725
6V4N_HLN,6V4O_HLN,6V4N_HLN,0,ours_proteinmpnn_live,1.7941,4.5040,18,152.8,138.4,707
6V4N_HLN,6V4O_HLN,6V4N_HLN,0,rand_base_abmpnn_ar,0.2201,2.7900,18,,,
6V4N_HLN,6V4O_HLN,6V4N_HLN,0,rand_base_antifold,2.6601,5.8961,18,,,
6V4N_HLN,6V4O_HLN,6V4N_HLN,0,rand_base_proteinmpnn_ar,4.0940,6.1371,18,,,
6V4N_HLN,6V4O_HLN,6V4N_HLN,0,rand_ours_abmpnn_live,1.9859,4.7013,18,,,
6V4N_HLN,6V4O_HLN,6V4N_HLN,0,rand_ours_antifold,3.3185,7.3105,18,,,
6V4N_HLN,6V4O_HLN,6V4N_HLN,0,rand_ours_proteinmpnn_live,3.3483,7.2423,18,,,
6VJA_HLC,6VJA_HLC,6VJA_HLC,1,base_abmpnn_ar,-0.4634,0.2311,18,7.4,6.6,0
6VJA_HLC,6VJA_HLC,6VJA_HLC,1,base_abmpnn_ar_t1,-0.5170,0.5427,18,7.8,7.2,0
6VJA_HLC,6VJA_HLC,6VJA_HLC,1,base_abmpnn_npz,-0.4289,0.1102,18,0.0,0.0,0
6VJA_HLC,6VJA_HLC,6VJA_HLC,1,base_antifold,-0.2535,0.2905,18,0.0,0.0,0
6VJA_HLC,6VJA_HLC,6VJA_HLC,1,base_antifold_t1,-0.3643,0.5483,18,0.9,0.0,0
6VJA_HLC,6VJA_HLC,6VJA_HLC,1,base_diffab,-0.0091,1.8037,18,14.4,0.0,0
6VJA_HLC,6VJA_HLC,6VJA_HLC,1,base_diffusion,0.1822,1.2022,18,25.1,15.5,0
6VJA_HLC,6VJA_HLC,6VJA_HLC,1,base_diffusion_s,0.7764,2.0162,6,23.8,15.3,98
6VJA_HLC,6VJA_HLC,6VJA_HLC,1,base_esmif,0.4925,1.3081,18,0.0,0.0,0
6VJA_HLC,6VJA_HLC,6VJA_HLC,1,base_esmif_ar,0.8404,1.3793,18,8.8,0.0,0
6VJA_HLC,6VJA_HLC,6VJA_HLC,1,base_esmif_ar_t1,-0.5728,0.6781,18,7.6,0.0,0
6VJA_HLC,6VJA_HLC,6VJA_HLC,1,base_iglm,3.1034,3.4565,18,2.5,0.0,0
6VJA_HLC,6VJA_HLC,6VJA_HLC,1,base_proteinmpnn,0.4832,1.2666,18,0.0,0.0,0
6VJA_HLC,6VJA_HLC,6VJA_HLC,1,base_proteinmpnn_ar,-0.2241,0.7176,18,6.7,6.1,0
6VJA_HLC,6VJA_HLC,6VJA_HLC,1,base_proteinmpnn_ar_t1,-0.0965,1.4111,18,8.2,7.6,0
6VJA_HLC,6VJA_HLC,6VJA_HLC,1,base_rfantibody,1.3571,2.5588,6,321.2,0.0,0
6VJA_HLC,6VJA_HLC,6VJA_HLC,1,grad_diffusion,-0.4388,0.4854,18,25.0,15.4,0
6VJA_HLC,6VJA_HLC,6VJA_HLC,1,obj_mint,-0.4014,-0.1805,6,133.7,118.0,427
6VJA_HLC,6VJA_HLC,6VJA_HLC,1,obj_wt,-0.2802,0.0685,6,19.5,11.4,433
6VJA_HLC,6VJA_HLC,6VJA_HLC,1,ours_abmpnn_live,-0.2670,0.2749,18,83.2,72.6,451
6VJA_HLC,6VJA_HLC,6VJA_HLC,1,ours_abmpnn_npz,-0.3283,0.2729,18,79.5,69.3,442
6VJA_HLC,6VJA_HLC,6VJA_HLC,1,ours_antifold,-0.0638,0.3306,18,79.5,69.4,445
6VJA_HLC,6VJA_HLC,6VJA_HLC,1,ours_diffusion,-0.4298,1.0481,18,91.4,80.9,512
6VJA_HLC,6VJA_HLC,6VJA_HLC,1,ours_esmif,-0.0529,0.8232,18,85.8,75.4,478
6VJA_HLC,6VJA_HLC,6VJA_HLC,1,ours_proteinmpnn,-0.3242,1.0784,18,92.9,82.4,525
6VJA_HLC,6VJA_HLC,6VJA_HLC,1,ours_proteinmpnn_live,-0.6155,0.8512,18,93.6,82.8,514
6VJA_HLC,6VJA_HLC,6VJA_HLC,1,rand_base_abmpnn_ar,0.0695,1.2713,18,,,
6VJA_HLC,6VJA_HLC,6VJA_HLC,1,rand_base_antifold,-0.2834,1.3961,18,,,
6VJA_HLC,6VJA_HLC,6VJA_HLC,1,rand_base_proteinmpnn_ar,-0.0437,1.9262,18,,,
6VJA_HLC,6VJA_HLC,6VJA_HLC,1,rand_ours_abmpnn_live,0.3687,1.7447,18,,,
6VJA_HLC,6VJA_HLC,6VJA_HLC,1,rand_ours_antifold,0.3657,2.0647,18,,,
6VJA_HLC,6VJA_HLC,6VJA_HLC,1,rand_ours_proteinmpnn_live,0.9890,2.1458,18,,,
6VLW_HLG,6VLW_HLG,6VLW_HLG,0,base_abmpnn_ar,-0.6462,0.3190,18,7.7,6.8,0
6VLW_HLG,6VLW_HLG,6VLW_HLG,0,base_abmpnn_ar_t1,-0.4042,1.3595,18,7.9,7.4,0
6VLW_HLG,6VLW_HLG,6VLW_HLG,0,base_abmpnn_npz,-0.6124,0.5013,18,0.0,0.0,0
6VLW_HLG,6VLW_HLG,6VLW_HLG,0,base_antifold,0.4506,1.1626,18,0.0,0.0,0
6VLW_HLG,6VLW_HLG,6VLW_HLG,0,base_antifold_t1,0.3802,1.3617,18,2.0,0.0,0
6VLW_HLG,6VLW_HLG,6VLW_HLG,0,base_diffab,0.7917,2.9380,18,14.9,0.0,0
6VLW_HLG,6VLW_HLG,6VLW_HLG,0,base_diffusion,1.3672,2.2049,18,18.3,8.9,0
6VLW_HLG,6VLW_HLG,6VLW_HLG,0,base_diffusion_s,0.3337,2.1588,12,17.2,9.0,56
6VLW_HLG,6VLW_HLG,6VLW_HLG,0,base_esmif,1.4516,2.1744,18,0.0,0.0,0
6VLW_HLG,6VLW_HLG,6VLW_HLG,0,base_esmif_ar,1.9051,2.2799,18,6.8,0.0,0
6VLW_HLG,6VLW_HLG,6VLW_HLG,0,base_esmif_ar_t1,1.2004,2.3862,18,5.5,0.0,0
6VLW_HLG,6VLW_HLG,6VLW_HLG,0,base_proteinmpnn,0.9048,3.1124,18,0.0,0.0,0
6VLW_HLG,6VLW_HLG,6VLW_HLG,0,base_proteinmpnn_ar,0.4956,2.2121,18,6.7,6.0,0
6VLW_HLG,6VLW_HLG,6VLW_HLG,0,base_proteinmpnn_ar_t1,1.2441,2.7641,18,7.7,7.2,0
6VLW_HLG,6VLW_HLG,6VLW_HLG,0,grad_diffusion,0.5683,0.9624,18,18.2,8.9,0
6VLW_HLG,6VLW_HLG,6VLW_HLG,0,obj_mint,0.4940,1.3818,6,77.0,62.9,227
6VLW_HLG,6VLW_HLG,6VLW_HLG,0,obj_wt,0.4942,1.2007,6,12.8,6.2,218
6VLW_HLG,6VLW_HLG,6VLW_HLG,0,ours_abmpnn_live,-0.6287,0.8314,18,49.1,39.8,254
6VLW_HLG,6VLW_HLG,6VLW_HLG,0,ours_abmpnn_npz,-0.5961,0.7469,18,49.4,40.2,255
6VLW_HLG,6VLW_HLG,6VLW_HLG,0,ours_antifold,-0.6650,1.2470,18,45.2,36.1,228
6VLW_HLG,6VLW_HLG,6VLW_HLG,0,ours_diffusion,0.4262,2.2525,18,53.1,43.7,283
6VLW_HLG,6VLW_HLG,6VLW_HLG,0,ours_esmif,0.9608,1.8941,18,53.3,43.6,283
6VLW_HLG,6VLW_HLG,6VLW_HLG,0,ours_proteinmpnn,0.6952,2.2881,18,57.4,47.8,306
6VLW_HLG,6VLW_HLG,6VLW_HLG,0,ours_proteinmpnn_live,0.8452,2.1451,18,56.6,46.5,300
6VLW_HLG,6VLW_HLG,6VLW_HLG,0,rand_base_abmpnn_ar,-0.3840,0.7508,18,,,
6VLW_HLG,6VLW_HLG,6VLW_HLG,0,rand_base_antifold,-0.8084,0.5656,18,,,
6VLW_HLG,6VLW_HLG,6VLW_HLG,0,rand_base_proteinmpnn_ar,0.7988,3.4409,18,,,
6VLW_HLG,6VLW_HLG,6VLW_HLG,0,rand_ours_abmpnn_live,0.5566,1.9363,18,,,
6VLW_HLG,6VLW_HLG,6VLW_HLG,0,rand_ours_antifold,0.0274,1.3290,18,,,
6VLW_HLG,6VLW_HLG,6VLW_HLG,0,rand_ours_proteinmpnn_live,0.5732,3.4036,18,,,
6VN1_HLA,6VN1_HLA,6VN1_HLA,0,base_abmpnn_ar,-0.2476,0.7585,18,8.7,8.1,0
6VN1_HLA,6VN1_HLA,6VN1_HLA,0,base_abmpnn_ar_t1,1.2822,3.9989,18,10.7,10.2,0
6VN1_HLA,6VN1_HLA,6VN1_HLA,0,base_abmpnn_npz,-0.3214,0.1958,18,0.0,0.0,0
6VN1_HLA,6VN1_HLA,6VN1_HLA,0,base_antifold,0.1068,1.0805,18,0.0,0.0,0
6VN1_HLA,6VN1_HLA,6VN1_HLA,0,base_antifold_t1,1.2689,4.2274,18,1.3,0.0,0
6VN1_HLA,6VN1_HLA,6VN1_HLA,0,base_diffab,9.5086,15.1058,18,15.9,0.0,0
6VN1_HLA,6VN1_HLA,6VN1_HLA,0,base_diffusion,15.3051,17.4783,18,39.5,27.3,0
6VN1_HLA,6VN1_HLA,6VN1_HLA,0,base_diffusion_s,13.9112,16.5538,6,38.1,27.4,140
6VN1_HLA,6VN1_HLA,6VN1_HLA,0,base_esmif,-1.3828,-1.0350,18,0.0,0.0,0
6VN1_HLA,6VN1_HLA,6VN1_HLA,0,base_esmif_ar,-1.3118,-0.2741,18,14.4,0.0,0
6VN1_HLA,6VN1_HLA,6VN1_HLA,0,base_esmif_ar_t1,-0.9941,1.3283,18,19.6,0.0,0
6VN1_HLA,6VN1_HLA,6VN1_HLA,0,base_iglm,19.1258,19.5578,12,2.2,0.0,0
6VN1_HLA,6VN1_HLA,6VN1_HLA,0,base_proteinmpnn,-0.8337,0.3424,18,0.0,0.0,0
6VN1_HLA,6VN1_HLA,6VN1_HLA,0,base_proteinmpnn_ar,-1.2747,-0.1650,18,8.9,8.0,0
6VN1_HLA,6VN1_HLA,6VN1_HLA,0,base_proteinmpnn_ar_t1,1.8858,4.1973,18,10.0,9.6,0
6VN1_HLA,6VN1_HLA,6VN1_HLA,0,grad_diffusion,0.0225,3.9200,18,39.7,27.6,0
6VN1_HLA,6VN1_HLA,6VN1_HLA,0,obj_mint,3.5905,4.7854,6,322.5,300.3,731
6VN1_HLA,6VN1_HLA,6VN1_HLA,0,obj_wt,0.3398,2.2196,6,34.6,23.3,727
6VN1_HLA,6VN1_HLA,6VN1_HLA,0,ours_abmpnn_live,-0.3691,1.9528,18,155.3,140.5,713
6VN1_HLA,6VN1_HLA,6VN1_HLA,0,ours_abmpnn_npz,-0.3874,0.9979,18,151.4,137.4,706
6VN1_HLA,6VN1_HLA,6VN1_HLA,0,ours_antifold,0.7145,2.7201,18,158.5,144.4,739
6VN1_HLA,6VN1_HLA,6VN1_HLA,0,ours_diffusion,10.8760,14.0585,18,165.1,150.7,779
6VN1_HLA,6VN1_HLA,6VN1_HLA,0,ours_esmif,-1.1995,0.3896,18,153.8,139.4,721
6VN1_HLA,6VN1_HLA,6VN1_HLA,0,ours_proteinmpnn,-1.0880,1.4819,18,158.6,144.4,752
6VN1_HLA,6VN1_HLA,6VN1_HLA,0,ours_proteinmpnn_live,-0.8606,1.0136,18,164.9,150.0,757
6VN1_HLA,6VN1_HLA,6VN1_HLA,0,rand_base_abmpnn_ar,1.5989,3.9744,18,,,
6VN1_HLA,6VN1_HLA,6VN1_HLA,0,rand_base_antifold,0.3572,4.8989,18,,,
6VN1_HLA,6VN1_HLA,6VN1_HLA,0,rand_base_proteinmpnn_ar,3.2091,7.9240,18,,,
6VN1_HLA,6VN1_HLA,6VN1_HLA,0,rand_ours_abmpnn_live,2.3783,5.8528,18,,,
6VN1_HLA,6VN1_HLA,6VN1_HLA,0,rand_ours_antifold,3.2895,5.6982,18,,,
6VN1_HLA,6VN1_HLA,6VN1_HLA,0,rand_ours_proteinmpnn_live,3.9460,9.6645,18,,,
6VRQ_HLA,6VRQ_HLA,6VRQ_HLA,1,base_abmpnn_ar,-0.1165,1.1848,18,9.7,9.2,0
6VRQ_HLA,6VRQ_HLA,6VRQ_HLA,1,base_abmpnn_ar_t1,-0.2899,1.7817,18,8.5,7.7,0
6VRQ_HLA,6VRQ_HLA,6VRQ_HLA,1,base_abmpnn_npz,0.7921,1.1336,18,0.0,0.0,0
6VRQ_HLA,6VRQ_HLA,6VRQ_HLA,1,base_antifold,4.5419,4.9154,18,0.0,0.0,0
6VRQ_HLA,6VRQ_HLA,6VRQ_HLA,1,base_antifold_t1,2.1970,5.0757,18,1.1,0.0,0
6VRQ_HLA,6VRQ_HLA,6VRQ_HLA,1,base_diffab,4.2002,7.9235,18,13.4,0.0,0
6VRQ_HLA,6VRQ_HLA,6VRQ_HLA,1,base_diffusion,7.2435,8.7121,18,23.2,13.6,0
6VRQ_HLA,6VRQ_HLA,6VRQ_HLA,1,base_diffusion_s,5.9415,9.3821,18,22.0,13.6,84
6VRQ_HLA,6VRQ_HLA,6VRQ_HLA,1,base_esmif,2.7681,4.9828,18,0.0,0.0,0
6VRQ_HLA,6VRQ_HLA,6VRQ_HLA,1,base_esmif_ar,2.4852,5.5368,18,8.3,0.0,0
6VRQ_HLA,6VRQ_HLA,6VRQ_HLA,1,base_esmif_ar_t1,1.3832,4.7025,18,6.8,0.0,0
6VRQ_HLA,6VRQ_HLA,6VRQ_HLA,1,base_iglm,5.5657,5.9603,18,2.1,0.0,0
6VRQ_HLA,6VRQ_HLA,6VRQ_HLA,1,base_proteinmpnn,1.4643,3.0758,18,0.0,0.0,0
6VRQ_HLA,6VRQ_HLA,6VRQ_HLA,1,base_proteinmpnn_ar,1.8955,2.8805,18,7.9,6.5,0
6VRQ_HLA,6VRQ_HLA,6VRQ_HLA,1,base_proteinmpnn_ar_t1,1.1526,3.8593,18,8.7,8.0,0
6VRQ_HLA,6VRQ_HLA,6VRQ_HLA,1,grad_diffusion,1.5818,3.7359,18,23.1,13.6,0
6VRQ_HLA,6VRQ_HLA,6VRQ_HLA,1,obj_mint,2.8402,4.9741,6,129.2,113.4,396
6VRQ_HLA,6VRQ_HLA,6VRQ_HLA,1,obj_wt,1.2968,2.9451,6,18.2,10.5,385
6VRQ_HLA,6VRQ_HLA,6VRQ_HLA,1,ours_abmpnn_live,-0.3501,1.7726,18,72.4,62.2,388
6VRQ_HLA,6VRQ_HLA,6VRQ_HLA,1,ours_abmpnn_npz,0.5636,1.6128,18,69.4,59.3,377
6VRQ_HLA,6VRQ_HLA,6VRQ_HLA,1,ours_antifold,2.3003,4.4406,18,72.6,62.3,390
6VRQ_HLA,6VRQ_HLA,6VRQ_HLA,1,ours_diffusion,4.9290,8.2169,18,83.0,72.3,440
6VRQ_HLA,6VRQ_HLA,6VRQ_HLA,1,ours_esmif,2.1369,3.5676,18,74.9,64.6,408
6VRQ_HLA,6VRQ_HLA,6VRQ_HLA,1,ours_proteinmpnn,1.1111,2.9176,18,76.6,66.5,416
6VRQ_HLA,6VRQ_HLA,6VRQ_HLA,1,ours_proteinmpnn_live,0.6220,2.4165,18,78.8,68.3,421
6VRQ_HLA,6VRQ_HLA,6VRQ_HLA,1,rand_base_abmpnn_ar,1.2970,4.6740,18,,,
6VRQ_HLA,6VRQ_HLA,6VRQ_HLA,1,rand_base_antifold,1.4257,5.0747,18,,,
6VRQ_HLA,6VRQ_HLA,6VRQ_HLA,1,rand_base_proteinmpnn_ar,1.6774,6.2874,18,,,
6VRQ_HLA,6VRQ_HLA,6VRQ_HLA,1,rand_ours_abmpnn_live,1.9817,4.7181,18,,,
6VRQ_HLA,6VRQ_HLA,6VRQ_HLA,1,rand_ours_antifold,1.6515,5.4462,18,,,
6VRQ_HLA,6VRQ_HLA,6VRQ_HLA,1,rand_ours_proteinmpnn_live,3.7134,6.7535,18,,,
6VVU_HLA,6VVU_HLA,6VVU_HLA,0,base_abmpnn_ar,0.6282,2.2695,18,7.5,6.7,0
6VVU_HLA,6VVU_HLA,6VVU_HLA,0,base_abmpnn_ar_t1,1.5049,3.5722,18,9.2,8.1,0
6VVU_HLA,6VVU_HLA,6VVU_HLA,0,base_abmpnn_npz,1.1924,3.0741,18,0.0,0.0,0
6VVU_HLA,6VVU_HLA,6VVU_HLA,0,base_antifold,1.5244,2.1079,18,0.0,0.0,0
6VVU_HLA,6VVU_HLA,6VVU_HLA,0,base_antifold_t1,0.4309,2.8869,18,1.3,0.0,0
6VVU_HLA,6VVU_HLA,6VVU_HLA,0,base_diffab,4.4894,7.3312,18,13.7,0.0,0
6VVU_HLA,6VVU_HLA,6VVU_HLA,0,base_diffusion,7.3845,8.8372,18,28.4,18.2,0
6VVU_HLA,6VVU_HLA,6VVU_HLA,0,base_esmif,1.2519,3.4904,18,0.0,0.0,0
6VVU_HLA,6VVU_HLA,6VVU_HLA,0,base_esmif_ar,2.8835,4.5007,18,8.4,0.0,0
6VVU_HLA,6VVU_HLA,6VVU_HLA,0,base_esmif_ar_t1,2.1876,4.0806,18,8.3,0.0,0
6VVU_HLA,6VVU_HLA,6VVU_HLA,0,base_iglm,5.9848,6.4364,18,2.2,0.0,0
6VVU_HLA,6VVU_HLA,6VVU_HLA,0,base_proteinmpnn,1.0023,1.9161,18,0.0,0.0,0
6VVU_HLA,6VVU_HLA,6VVU_HLA,0,base_proteinmpnn_ar,0.6558,2.2652,18,8.3,6.8,0
6VVU_HLA,6VVU_HLA,6VVU_HLA,0,base_proteinmpnn_ar_t1,1.7091,3.7986,18,8.6,8.1,0
6VVU_HLA,6VVU_HLA,6VVU_HLA,0,grad_diffusion,-0.1057,1.3136,18,28.3,18.2,0
6VVU_HLA,6VVU_HLA,6VVU_HLA,0,obj_mint,0.9820,2.1814,6,180.0,163.3,548
6VVU_HLA,6VVU_HLA,6VVU_HLA,0,obj_wt,1.6417,1.9163,6,23.1,14.4,539
6VVU_HLA,6VVU_HLA,6VVU_HLA,0,ours_abmpnn_live,0.1997,2.7294,18,105.1,93.9,552
6VVU_HLA,6VVU_HLA,6VVU_HLA,0,ours_abmpnn_npz,0.6056,2.9000,18,100.3,89.3,550
6VVU_HLA,6VVU_HLA,6VVU_HLA,0,ours_antifold,0.2426,2.3080,18,100.5,89.6,550
6VVU_HLA,6VVU_HLA,6VVU_HLA,0,ours_diffusion,3.5955,6.7741,18,106.2,95.0,591
6VVU_HLA,6VVU_HLA,6VVU_HLA,0,ours_esmif,0.9747,2.5154,18,100.5,89.5,545
6VVU_HLA,6VVU_HLA,6VVU_HLA,0,ours_proteinmpnn,0.7845,2.3251,18,104.2,93.2,572
6VVU_HLA,6VVU_HLA,6VVU_HLA,0,ours_proteinmpnn_live,0.8135,2.6568,18,108.8,97.2,583
6VVU_HLA,6VVU_HLA,6VVU_HLA,0,rand_base_abmpnn_ar,0.8513,3.7759,18,,,
6VVU_HLA,6VVU_HLA,6VVU_HLA,0,rand_base_antifold,0.0539,2.0567,18,,,
6VVU_HLA,6VVU_HLA,6VVU_HLA,0,rand_base_proteinmpnn_ar,0.3387,3.4687,18,,,
6VVU_HLA,6VVU_HLA,6VVU_HLA,0,rand_ours_abmpnn_live,0.2633,3.7903,18,,,
6VVU_HLA,6VVU_HLA,6VVU_HLA,0,rand_ours_antifold,-0.4785,3.4891,18,,,
6VVU_HLA,6VVU_HLA,6VVU_HLA,0,rand_ours_proteinmpnn_live,1.4738,4.6005,18,,,
6VY5_HLA,6VY5_HLA,6VY5_HLA,0,base_abmpnn_ar,-0.8769,0.2717,18,9.3,8.7,0
6VY5_HLA,6VY5_HLA,6VY5_HLA,0,base_abmpnn_ar_t1,0.2429,1.4539,18,10.7,10.2,0
6VY5_HLA,6VY5_HLA,6VY5_HLA,0,base_abmpnn_npz,-0.7020,-0.2421,18,0.0,0.0,0
6VY5_HLA,6VY5_HLA,6VY5_HLA,0,base_antifold,-0.2777,1.2363,18,0.0,0.0,0
6VY5_HLA,6VY5_HLA,6VY5_HLA,0,base_antifold_t1,0.2372,2.6857,18,2.0,0.0,0
6VY5_HLA,6VY5_HLA,6VY5_HLA,0,base_diffab,6.7300,9.3186,18,14.8,0.0,0
6VY5_HLA,6VY5_HLA,6VY5_HLA,0,base_diffusion,7.5974,8.6519,18,39.3,27.4,0
6VY5_HLA,6VY5_HLA,6VY5_HLA,0,base_diffusion_s,5.9165,8.7315,6,38.3,27.5,140
6VY5_HLA,6VY5_HLA,6VY5_HLA,0,base_esmif,3.1224,3.7064,18,0.0,0.0,0
6VY5_HLA,6VY5_HLA,6VY5_HLA,0,base_esmif_ar,2.5900,3.7276,18,11.2,0.0,0
6VY5_HLA,6VY5_HLA,6VY5_HLA,0,base_esmif_ar_t1,0.5591,3.6201,18,10.4,0.0,0
6VY5_HLA,6VY5_HLA,6VY5_HLA,0,base_iglm,11.5199,12.0863,12,2.3,0.0,0
6VY5_HLA,6VY5_HLA,6VY5_HLA,0,base_proteinmpnn,-0.4765,0.4574,18,0.0,0.0,0
6VY5_HLA,6VY5_HLA,6VY5_HLA,0,base_proteinmpnn_ar,-0.9549,0.5278,18,9.3,8.4,0
6VY5_HLA,6VY5_HLA,6VY5_HLA,0,base_proteinmpnn_ar_t1,0.6394,3.4091,18,10.6,10.0,0
6VY5_HLA,6VY5_HLA,6VY5_HLA,0,grad_diffusion,1.6285,3.1413,18,39.7,27.6,0
6VY5_HLA,6VY5_HLA,6VY5_HLA,0,obj_wt,1.3235,2.4857,6,34.9,23.5,720
6VY5_HLA,6VY5_HLA,6VY5_HLA,0,ours_abmpnn_live,-1.5672,0.5843,18,153.8,139.3,698
6VY5_HLA,6VY5_HLA,6VY5_HLA,0,ours_abmpnn_npz,-0.5089,0.3333,18,147.6,133.7,689
6VY5_HLA,6VY5_HLA,6VY5_HLA,0,ours_antifold,-0.8505,1.8292,18,153.4,139.2,721
6VY5_HLA,6VY5_HLA,6VY5_HLA,0,ours_diffusion,6.5896,8.2965,18,163.3,149.1,768
6VY5_HLA,6VY5_HLA,6VY5_HLA,0,ours_esmif,0.6652,2.8178,18,155.2,141.4,733
6VY5_HLA,6VY5_HLA,6VY5_HLA,0,ours_proteinmpnn,-0.4958,1.5861,18,159.6,145.4,754
6VY5_HLA,6VY5_HLA,6VY5_HLA,0,ours_proteinmpnn_live,-2.2917,0.9753,18,162.8,148.0,752
6VY5_HLA,6VY5_HLA,6VY5_HLA,0,rand_base_abmpnn_ar,0.5678,2.6886,18,,,
6VY5_HLA,6VY5_HLA,6VY5_HLA,0,rand_base_antifold,1.6674,4.2855,18,,,
6VY5_HLA,6VY5_HLA,6VY5_HLA,0,rand_base_proteinmpnn_ar,2.4595,5.8277,18,,,
6VY5_HLA,6VY5_HLA,6VY5_HLA,0,rand_ours_abmpnn_live,1.7269,4.4709,18,,,
6VY5_HLA,6VY5_HLA,6VY5_HLA,0,rand_ours_antifold,0.1368,4.5186,18,,,
6VY5_HLA,6VY5_HLA,6VY5_HLA,0,rand_ours_proteinmpnn_live,3.4596,6.0484,18,,,
6WIT_HLI,6WIT_HLI,6WIT_HLI,0,base_abmpnn_ar,-0.0970,0.4107,18,5.8,5.3,0
6WIT_HLI,6WIT_HLI,6WIT_HLI,0,base_abmpnn_ar_t1,0.3068,1.3694,18,7.2,6.5,0
6WIT_HLI,6WIT_HLI,6WIT_HLI,0,base_abmpnn_npz,-0.7482,0.2107,18,0.0,0.0,0
6WIT_HLI,6WIT_HLI,6WIT_HLI,0,base_antifold,-0.2208,0.7278,18,0.0,0.0,0
6WIT_HLI,6WIT_HLI,6WIT_HLI,0,base_antifold_t1,0.3948,1.4534,18,1.5,0.0,0
6WIT_HLI,6WIT_HLI,6WIT_HLI,0,base_diffab,1.6767,4.7902,18,12.8,0.0,0
6WIT_HLI,6WIT_HLI,6WIT_HLI,0,base_diffusion,2.0489,4.7601,18,32.0,21.9,0
6WIT_HLI,6WIT_HLI,6WIT_HLI,0,base_diffusion_s,2.9135,5.0360,12,32.0,23.0,140
6WIT_HLI,6WIT_HLI,6WIT_HLI,0,base_esmif,0.6165,0.9784,18,0.0,0.0,0
6WIT_HLI,6WIT_HLI,6WIT_HLI,0,base_esmif_ar,0.3395,0.8431,18,9.1,0.0,0
6WIT_HLI,6WIT_HLI,6WIT_HLI,0,base_esmif_ar_t1,0.4650,0.9496,18,12.7,0.0,0
6WIT_HLI,6WIT_HLI,6WIT_HLI,0,base_proteinmpnn,0.2843,0.5527,18,0.0,0.0,0
6WIT_HLI,6WIT_HLI,6WIT_HLI,0,base_proteinmpnn_ar,-0.6522,0.5493,18,6.0,5.3,0
6WIT_HLI,6WIT_HLI,6WIT_HLI,0,base_proteinmpnn_ar_t1,-0.1361,1.7042,18,7.1,6.6,0
6WIT_HLI,6WIT_HLI,6WIT_HLI,0,grad_diffusion,0.4742,2.1976,18,31.7,21.7,0
6WIT_HLI,6WIT_HLI,6WIT_HLI,0,obj_mint,1.5380,2.4975,6,219.9,202.5,755
6WIT_HLI,6WIT_HLI,6WIT_HLI,0,obj_wt,0.3825,1.1213,6,28.6,19.3,747
6WIT_HLI,6WIT_HLI,6WIT_HLI,0,ours_abmpnn_live,-0.0834,0.8879,18,131.7,119.7,746
6WIT_HLI,6WIT_HLI,6WIT_HLI,0,ours_abmpnn_npz,-0.4938,0.7711,18,130.5,118.9,757
6WIT_HLI,6WIT_HLI,6WIT_HLI,0,ours_antifold,-0.3602,0.8987,18,128.7,117.1,748
6WIT_HLI,6WIT_HLI,6WIT_HLI,0,ours_diffusion,1.2423,4.5312,18,137.2,125.3,798
6WIT_HLI,6WIT_HLI,6WIT_HLI,0,ours_esmif,-0.4852,0.6380,18,123.6,112.2,722
6WIT_HLI,6WIT_HLI,6WIT_HLI,0,ours_proteinmpnn,-0.3704,0.8729,18,135.3,123.4,788
6WIT_HLI,6WIT_HLI,6WIT_HLI,0,ours_proteinmpnn_live,-0.4185,1.1344,18,137.4,125.1,779
6WIT_HLI,6WIT_HLI,6WIT_HLI,0,rand_base_abmpnn_ar,0.0129,1.6078,18,,,
6WIT_HLI,6WIT_HLI,6WIT_HLI,0,rand_base_antifold,0.9828,3.2833,18,,,
6WIT_HLI,6WIT_HLI,6WIT_HLI,0,rand_base_proteinmpnn_ar,0.8549,3.3234,18,,,
6WIT_HLI,6WIT_HLI,6WIT_HLI,0,rand_ours_abmpnn_live,0.9204,3.0072,18,,,
6WIT_HLI,6WIT_HLI,6WIT_HLI,0,rand_ours_antifold,1.5432,3.5939,18,,,
6WIT_HLI,6WIT_HLI,6WIT_HLI,0,rand_ours_proteinmpnn_live,0.2086,3.4762,18,,,
6WMW_HLB,6WMW_HLB,6WMW_HLB,0,base_abmpnn_ar,-0.6371,0.0779,18,8.0,7.3,0
6WMW_HLB,6WMW_HLB,6WMW_HLB,0,base_abmpnn_ar_t1,-0.3247,1.8425,18,8.5,7.8,0
6WMW_HLB,6WMW_HLB,6WMW_HLB,0,base_abmpnn_npz,-0.6684,-0.1751,18,0.0,0.0,0
6WMW_HLB,6WMW_HLB,6WMW_HLB,0,base_antifold,1.0801,2.9588,18,0.0,0.0,0
6WMW_HLB,6WMW_HLB,6WMW_HLB,0,base_antifold_t1,2.5359,4.1558,18,1.1,0.0,0
6WMW_HLB,6WMW_HLB,6WMW_HLB,0,base_diffab,2.9094,6.0514,18,13.5,0.0,0
6WMW_HLB,6WMW_HLB,6WMW_HLB,0,base_diffusion,7.3993,8.2891,18,21.6,12.2,0
6WMW_HLB,6WMW_HLB,6WMW_HLB,0,base_esmif,3.8881,5.2630,18,0.0,0.0,0
6WMW_HLB,6WMW_HLB,6WMW_HLB,0,base_esmif_ar,3.0191,4.8211,18,6.4,0.0,0
6WMW_HLB,6WMW_HLB,6WMW_HLB,0,base_esmif_ar_t1,1.0228,4.7802,18,6.3,0.0,0
6WMW_HLB,6WMW_HLB,6WMW_HLB,0,base_iglm,7.5971,7.9278,12,1.9,0.0,0
6WMW_HLB,6WMW_HLB,6WMW_HLB,0,base_proteinmpnn,0.4372,2.7005,18,0.0,0.0,0
6WMW_HLB,6WMW_HLB,6WMW_HLB,0,base_proteinmpnn_ar,1.5110,3.8567,18,6.9,6.3,0
6WMW_HLB,6WMW_HLB,6WMW_HLB,0,base_proteinmpnn_ar_t1,2.3031,4.9816,18,8.2,7.6,0
6WMW_HLB,6WMW_HLB,6WMW_HLB,0,grad_diffusion,-0.8088,0.5382,18,21.8,12.3,0
6WMW_HLB,6WMW_HLB,6WMW_HLB,0,obj_mint,1.2920,2.5023,6,113.1,98.1,351
6WMW_HLB,6WMW_HLB,6WMW_HLB,0,obj_wt,0.5952,3.2708,6,17.0,9.5,352
6WMW_HLB,6WMW_HLB,6WMW_HLB,0,ours_abmpnn_live,-0.8719,0.8528,18,66.5,56.1,346
6WMW_HLB,6WMW_HLB,6WMW_HLB,0,ours_abmpnn_npz,-0.6605,0.4875,18,65.0,55.2,352
6WMW_HLB,6WMW_HLB,6WMW_HLB,0,ours_antifold,0.3933,2.2050,18,64.2,54.4,347
6WMW_HLB,6WMW_HLB,6WMW_HLB,0,ours_diffusion,3.1434,5.7832,18,71.9,61.6,398
6WMW_HLB,6WMW_HLB,6WMW_HLB,0,ours_esmif,1.0336,4.1670,18,70.8,61.0,387
6WMW_HLB,6WMW_HLB,6WMW_HLB,0,ours_proteinmpnn,0.2821,2.8019,18,74.5,64.5,415
6WMW_HLB,6WMW_HLB,6WMW_HLB,0,ours_proteinmpnn_live,-0.1799,2.7789,18,73.6,63.4,401
6WMW_HLB,6WMW_HLB,6WMW_HLB,0,rand_base_abmpnn_ar,-0.3177,1.4787,18,,,
6WMW_HLB,6WMW_HLB,6WMW_HLB,0,rand_base_antifold,0.2422,2.7965,18,,,
6WMW_HLB,6WMW_HLB,6WMW_HLB,0,rand_base_proteinmpnn_ar,4.3805,6.2757,18,,,
6WMW_HLB,6WMW_HLB,6WMW_HLB,0,rand_ours_abmpnn_live,0.8364,1.9872,18,,,
6WMW_HLB,6WMW_HLB,6WMW_HLB,0,rand_ours_antifold,1.9873,3.4129,18,,,
6WMW_HLB,6WMW_HLB,6WMW_HLB,0,rand_ours_proteinmpnn_live,2.8033,5.4429,18,,,
6WO3_HLE,6WO3_HLE,6WO3_HLE,0,base_abmpnn_ar,0.2274,1.0020,18,8.2,7.3,0
6WO3_HLE,6WO3_HLE,6WO3_HLE,0,base_abmpnn_ar_t1,0.7549,2.8382,18,8.0,7.5,0
6WO3_HLE,6WO3_HLE,6WO3_HLE,0,base_abmpnn_npz,0.4008,0.8456,18,0.0,0.0,0
6WO3_HLE,6WO3_HLE,6WO3_HLE,0,base_antifold,0.7034,1.8550,18,0.0,0.0,0
6WO3_HLE,6WO3_HLE,6WO3_HLE,0,base_antifold_t1,2.0364,3.2038,18,0.6,0.0,0
6WO3_HLE,6WO3_HLE,6WO3_HLE,0,base_diffab,4.6351,9.8564,18,13.3,0.0,0
6WO3_HLE,6WO3_HLE,6WO3_HLE,0,base_diffusion,10.3124,11.1998,18,31.2,21.2,0
6WO3_HLE,6WO3_HLE,6WO3_HLE,0,base_diffusion_s,9.6556,11.8212,12,30.1,21.4,133
6WO3_HLE,6WO3_HLE,6WO3_HLE,0,base_esmif,1.1240,1.5202,18,0.0,0.0,0
6WO3_HLE,6WO3_HLE,6WO3_HLE,0,base_esmif_ar,1.3035,1.7541,18,9.2,0.0,0
6WO3_HLE,6WO3_HLE,6WO3_HLE,0,base_esmif_ar_t1,1.6881,2.8709,18,8.6,0.0,0
6WO3_HLE,6WO3_HLE,6WO3_HLE,0,base_iglm,14.0755,14.4444,12,2.7,0.0,0
6WO3_HLE,6WO3_HLE,6WO3_HLE,0,base_proteinmpnn,1.4229,2.2015,18,0.0,0.0,0
6WO3_HLE,6WO3_HLE,6WO3_HLE,0,base_proteinmpnn_ar,2.3591,3.3834,18,6.7,5.9,0
6WO3_HLE,6WO3_HLE,6WO3_HLE,0,base_proteinmpnn_ar_t1,2.7850,4.5141,18,8.0,7.4,0
6WO3_HLE,6WO3_HLE,6WO3_HLE,0,grad_diffusion,3.4878,5.3113,18,32.0,21.6,0
6WO3_HLE,6WO3_HLE,6WO3_HLE,0,obj_mint,1.4210,4.5675,6,217.7,199.9,680
6WO3_HLE,6WO3_HLE,6WO3_HLE,0,obj_wt,1.7098,2.8211,6,27.6,18.3,680
6WO3_HLE,6WO3_HLE,6WO3_HLE,0,ours_abmpnn_live,0.8085,2.2624,18,124.0,111.9,676
6WO3_HLE,6WO3_HLE,6WO3_HLE,0,ours_abmpnn_npz,0.5444,1.6690,18,118.1,106.6,662
6WO3_HLE,6WO3_HLE,6WO3_HLE,0,ours_antifold,0.6657,2.0364,18,120.9,109.5,679
6WO3_HLE,6WO3_HLE,6WO3_HLE,0,ours_diffusion,6.7085,9.3233,18,128.2,116.6,727
6WO3_HLE,6WO3_HLE,6WO3_HLE,0,ours_esmif,1.4857,2.1603,18,117.6,106.2,654
6WO3_HLE,6WO3_HLE,6WO3_HLE,0,ours_proteinmpnn,2.2677,3.2746,18,124.3,112.7,698
6WO3_HLE,6WO3_HLE,6WO3_HLE,0,ours_proteinmpnn_live,2.7387,3.8956,18,128.0,115.9,703
6WO3_HLE,6WO3_HLE,6WO3_HLE,0,rand_base_abmpnn_ar,0.2448,2.7091,18,,,
6WO3_HLE,6WO3_HLE,6WO3_HLE,0,rand_base_antifold,1.6701,4.0597,18,,,
6WO3_HLE,6WO3_HLE,6WO3_HLE,0,rand_base_proteinmpnn_ar,3.2788,6.7539,18,,,
6WO3_HLE,6WO3_HLE,6WO3_HLE,0,rand_ours_abmpnn_live,2.1326,5.1768,18,,,
6WO3_HLE,6WO3_HLE,6WO3_HLE,0,rand_ours_antifold,1.8397,5.3937,18,,,
6WO3_HLE,6WO3_HLE,6WO3_HLE,0,rand_ours_proteinmpnn_live,5.2222,8.2611,18,,,
6WVZ_HLM,6WVZ_HLM,4LIQ_HLE,0,base_abmpnn_ar,-1.7068,-1.2270,18,24.6,24.0,0
6WVZ_HLM,6WVZ_HLM,4LIQ_HLE,0,base_abmpnn_ar_t1,-1.7527,0.2450,18,12.0,11.3,0
6WVZ_HLM,6WVZ_HLM,4LIQ_HLE,0,base_abmpnn_npz,-1.5610,-0.7340,18,0.1,0.0,0
6WVZ_HLM,6WVZ_HLM,4LIQ_HLE,0,base_antifold,-0.8315,1.4447,18,0.0,0.0,0
6WVZ_HLM,6WVZ_HLM,4LIQ_HLE,0,base_antifold_t1,-0.2900,2.4390,18,1.4,0.0,0
6WVZ_HLM,6WVZ_HLM,4LIQ_HLE,0,base_diffab,1.6764,5.3386,18,14.4,0.0,0
6WVZ_HLM,6WVZ_HLM,4LIQ_HLE,0,base_diffusion,8.2271,8.8565,18,29.0,17.2,0
6WVZ_HLM,6WVZ_HLM,4LIQ_HLE,0,base_diffusion_s,6.6322,8.0140,6,27.3,16.9,84
6WVZ_HLM,6WVZ_HLM,4LIQ_HLE,0,base_esmif,1.1195,3.1324,18,0.0,0.0,0
6WVZ_HLM,6WVZ_HLM,4LIQ_HLE,0,base_esmif_ar,0.7929,1.9476,18,9.6,0.0,0
6WVZ_HLM,6WVZ_HLM,4LIQ_HLE,0,base_esmif_ar_t1,-0.9795,2.6258,18,7.9,0.0,0
6WVZ_HLM,6WVZ_HLM,4LIQ_HLE,0,base_iglm,5.6319,6.0653,12,2.0,0.0,0
6WVZ_HLM,6WVZ_HLM,4LIQ_HLE,0,base_proteinmpnn,-0.2550,0.5984,18,0.0,0.0,0
6WVZ_HLM,6WVZ_HLM,4LIQ_HLE,0,base_proteinmpnn_ar,-1.0752,0.8137,18,10.0,9.4,0
6WVZ_HLM,6WVZ_HLM,4LIQ_HLE,0,base_proteinmpnn_ar_t1,0.6009,3.0434,18,11.4,10.9,0
6WVZ_HLM,6WVZ_HLM,4LIQ_HLE,0,base_rfantibody,2.8703,6.5407,6,928.5,0.0,0
6WVZ_HLM,6WVZ_HLM,4LIQ_HLE,0,grad_diffusion,-1.4299,-0.6676,18,29.2,17.3,0
6WVZ_HLM,6WVZ_HLM,4LIQ_HLE,0,obj_mint,-0.1359,2.3207,6,199.6,179.9,396
6WVZ_HLM,6WVZ_HLM,4LIQ_HLE,0,obj_wt,-0.8826,1.0045,12,23.1,13.1,391
6WVZ_HLM,6WVZ_HLM,4LIQ_HLE,0,ours_abmpnn_live,-1.9277,-0.9843,18,87.9,75.2,373
6WVZ_HLM,6WVZ_HLM,4LIQ_HLE,0,ours_abmpnn_npz,-1.4561,-0.3239,18,86.2,73.6,368
6WVZ_HLM,6WVZ_HLM,4LIQ_HLE,0,ours_antifold,-1.3099,0.6569,18,91.4,78.8,393
6WVZ_HLM,6WVZ_HLM,4LIQ_HLE,0,ours_diffusion,1.5567,5.1072,18,99.5,86.7,435
6WVZ_HLM,6WVZ_HLM,4LIQ_HLE,0,ours_esmif,-1.1237,0.7714,18,96.2,83.2,421
6WVZ_HLM,6WVZ_HLM,4LIQ_HLE,0,ours_proteinmpnn,-1.7092,-0.4908,18,99.8,86.7,441
6WVZ_HLM,6WVZ_HLM,4LIQ_HLE,0,ours_proteinmpnn_live,-0.5115,0.8176,18,102.8,89.8,444
6WVZ_HLM,6WVZ_HLM,4LIQ_HLE,0,rand_base_abmpnn_ar,-1.4144,1.9512,18,,,
6WVZ_HLM,6WVZ_HLM,4LIQ_HLE,0,rand_base_antifold,-0.3732,1.6966,18,,,
6WVZ_HLM,6WVZ_HLM,4LIQ_HLE,0,rand_base_proteinmpnn_ar,2.4548,5.2903,18,,,
6WVZ_HLM,6WVZ_HLM,4LIQ_HLE,0,rand_ours_abmpnn_live,-0.5517,3.2505,18,,,
6WVZ_HLM,6WVZ_HLM,4LIQ_HLE,0,rand_ours_antifold,0.0439,2.9972,18,,,
6WVZ_HLM,6WVZ_HLM,4LIQ_HLE,0,rand_ours_proteinmpnn_live,3.4253,5.9592,18,,,
6XQW_HLE,6XQW_HLE,6XQW_HLE,0,base_abmpnn_ar,-0.0785,0.2493,18,5.9,5.2,0
6XQW_HLE,6XQW_HLE,6XQW_HLE,0,base_abmpnn_ar_t1,-0.2482,0.6048,18,6.9,6.2,0
6XQW_HLE,6XQW_HLE,6XQW_HLE,0,base_abmpnn_npz,-0.3043,-0.0580,18,0.0,0.0,0
6XQW_HLE,6XQW_HLE,6XQW_HLE,0,base_antifold,-0.3977,0.1405,18,0.0,0.0,0
6XQW_HLE,6XQW_HLE,6XQW_HLE,0,base_antifold_t1,-0.2564,0.4471,18,1.3,0.0,0
6XQW_HLE,6XQW_HLE,6XQW_HLE,0,base_diffab,0.0633,0.9791,18,26.4,0.0,0
6XQW_HLE,6XQW_HLE,6XQW_HLE,0,base_diffusion,1.6479,1.9984,18,24.4,14.9,0
6XQW_HLE,6XQW_HLE,6XQW_HLE,0,base_diffusion_s,1.6219,2.2296,12,23.2,15.0,98
6XQW_HLE,6XQW_HLE,6XQW_HLE,0,base_esmif,0.0325,0.4527,18,0.1,0.0,0
6XQW_HLE,6XQW_HLE,6XQW_HLE,0,base_esmif_ar,-0.0130,0.7032,18,6.6,0.0,0
6XQW_HLE,6XQW_HLE,6XQW_HLE,0,base_esmif_ar_t1,0.4279,0.9556,18,9.6,0.0,0
6XQW_HLE,6XQW_HLE,6XQW_HLE,0,base_iglm,2.1005,2.3332,12,2.4,0.0,0
6XQW_HLE,6XQW_HLE,6XQW_HLE,0,base_proteinmpnn,-0.5591,0.3394,18,0.0,0.0,0
6XQW_HLE,6XQW_HLE,6XQW_HLE,0,base_proteinmpnn_ar,-0.1132,0.6034,18,6.3,5.2,0
6XQW_HLE,6XQW_HLE,6XQW_HLE,0,base_proteinmpnn_ar_t1,-0.1575,1.0860,18,6.9,6.3,0
6XQW_HLE,6XQW_HLE,6XQW_HLE,0,grad_diffusion,-0.2034,0.5591,18,24.4,15.0,0
6XQW_HLE,6XQW_HLE,6XQW_HLE,0,obj_mint,-0.3201,0.2452,6,143.1,127.7,492
6XQW_HLE,6XQW_HLE,6XQW_HLE,0,obj_wt,-0.5399,0.1805,6,20.4,12.3,481
6XQW_HLE,6XQW_HLE,6XQW_HLE,0,ours_abmpnn_live,-0.6637,0.1984,18,83.1,72.6,472
6XQW_HLE,6XQW_HLE,6XQW_HLE,0,ours_abmpnn_npz,-0.1405,0.4550,18,84.8,74.6,490
6XQW_HLE,6XQW_HLE,6XQW_HLE,0,ours_antifold,-0.7777,0.1795,18,84.3,74.1,484
6XQW_HLE,6XQW_HLE,6XQW_HLE,0,ours_diffusion,1.5218,2.0823,18,88.5,78.5,527
6XQW_HLE,6XQW_HLE,6XQW_HLE,0,ours_esmif,-0.4969,0.5396,18,85.6,75.4,499
6XQW_HLE,6XQW_HLE,6XQW_HLE,0,ours_proteinmpnn,-0.2055,0.7427,18,92.4,82.1,536
6XQW_HLE,6XQW_HLE,6XQW_HLE,0,ours_proteinmpnn_live,-0.0136,0.8522,18,93.1,82.3,532
6XQW_HLE,6XQW_HLE,6XQW_HLE,0,rand_base_abmpnn_ar,-0.0138,0.9865,18,,,
6XQW_HLE,6XQW_HLE,6XQW_HLE,0,rand_base_antifold,-0.0028,0.8329,18,,,
6XQW_HLE,6XQW_HLE,6XQW_HLE,0,rand_base_proteinmpnn_ar,0.7563,1.5707,18,,,
6XQW_HLE,6XQW_HLE,6XQW_HLE,0,rand_ours_abmpnn_live,-0.2039,0.9734,18,,,
6XQW_HLE,6XQW_HLE,6XQW_HLE,0,rand_ours_antifold,0.3194,0.8916,18,,,
6XQW_HLE,6XQW_HLE,6XQW_HLE,0,rand_ours_proteinmpnn_live,0.6939,1.5236,18,,,
6Z06_HLA,6Z06_HLA,6Z06_HLA,0,base_abmpnn_ar,-1.1827,0.2923,18,11.5,10.5,0
6Z06_HLA,6Z06_HLA,6Z06_HLA,0,base_abmpnn_ar_t1,-0.2496,0.8261,18,11.2,10.5,0
6Z06_HLA,6Z06_HLA,6Z06_HLA,0,base_abmpnn_npz,-0.6660,1.5545,18,0.0,0.0,0
6Z06_HLA,6Z06_HLA,6Z06_HLA,0,base_antifold,0.6122,1.0713,18,0.0,0.0,0
6Z06_HLA,6Z06_HLA,6Z06_HLA,0,base_antifold_t1,-0.0459,1.0777,18,0.9,0.0,0
6Z06_HLA,6Z06_HLA,6Z06_HLA,0,base_diffab,1.3082,3.5073,18,14.0,0.0,0
6Z06_HLA,6Z06_HLA,6Z06_HLA,0,base_diffusion,5.1760,6.2980,18,25.2,13.9,0
6Z06_HLA,6Z06_HLA,6Z06_HLA,0,base_diffusion_s,3.2046,5.3101,6,24.7,14.0,70
6Z06_HLA,6Z06_HLA,6Z06_HLA,0,base_esmif,-0.0337,0.6691,18,0.0,0.0,0
6Z06_HLA,6Z06_HLA,6Z06_HLA,0,base_esmif_ar,0.0026,0.5426,18,7.9,0.0,0
6Z06_HLA,6Z06_HLA,6Z06_HLA,0,base_esmif_ar_t1,-0.4725,1.3867,18,7.8,0.0,0
6Z06_HLA,6Z06_HLA,6Z06_HLA,0,base_iglm,6.2880,6.5514,18,2.1,0.0,0
6Z06_HLA,6Z06_HLA,6Z06_HLA,0,base_proteinmpnn,-0.2748,1.1019,18,0.0,0.0,0
6Z06_HLA,6Z06_HLA,6Z06_HLA,0,base_proteinmpnn_ar,0.6394,1.2068,18,9.3,8.6,0
6Z06_HLA,6Z06_HLA,6Z06_HLA,0,base_proteinmpnn_ar_t1,0.8749,2.5187,18,10.8,10.1,0
6Z06_HLA,6Z06_HLA,6Z06_HLA,0,grad_diffusion,-0.2833,0.7564,18,25.1,13.9,0
6Z06_HLA,6Z06_HLA,6Z06_HLA,0,obj_mint,0.2037,1.3191,6,135.6,118.3,287
6Z06_HLA,6Z06_HLA,6Z06_HLA,0,obj_wt,-0.5396,0.9365,6,18.6,9.7,292
6Z06_HLA,6Z06_HLA,6Z06_HLA,0,ours_abmpnn_live,-1.3940,0.1425,18,70.1,58.2,296
6Z06_HLA,6Z06_HLA,6Z06_HLA,0,ours_abmpnn_npz,-0.5391,1.1859,18,68.5,57.0,295
6Z06_HLA,6Z06_HLA,6Z06_HLA,0,ours_antifold,-0.6077,0.6583,18,66.4,55.0,288
6Z06_HLA,6Z06_HLA,6Z06_HLA,0,ours_diffusion,0.8020,4.0200,18,77.5,65.8,349
6Z06_HLA,6Z06_HLA,6Z06_HLA,0,ours_esmif,-1.1009,0.4973,18,78.4,66.5,348
6Z06_HLA,6Z06_HLA,6Z06_HLA,0,ours_proteinmpnn,-0.4868,0.8891,18,81.2,69.1,361
6Z06_HLA,6Z06_HLA,6Z06_HLA,0,ours_proteinmpnn_live,0.0321,1.4232,18,81.1,69.0,357
6Z06_HLA,6Z06_HLA,6Z06_HLA,0,rand_base_abmpnn_ar,-0.2097,1.1823,18,,,
6Z06_HLA,6Z06_HLA,6Z06_HLA,0,rand_base_antifold,-0.2380,1.7847,18,,,
6Z06_HLA,6Z06_HLA,6Z06_HLA,0,rand_base_proteinmpnn_ar,2.4702,4.3780,18,,,
6Z06_HLA,6Z06_HLA,6Z06_HLA,0,rand_ours_abmpnn_live,0.2331,1.6823,18,,,
6Z06_HLA,6Z06_HLA,6Z06_HLA,0,rand_ours_antifold,0.0962,1.8407,18,,,
6Z06_HLA,6Z06_HLA,6Z06_HLA,0,rand_ours_proteinmpnn_live,0.4643,4.5344,18,,,
7A6O_BA,1OAK_HLA,7EOW_BA,0,base_abmpnn_ar,-0.1452,1.5092,18,4.3,3.7,0
7A6O_BA,1OAK_HLA,7EOW_BA,0,base_abmpnn_ar_t1,0.6549,2.8251,18,4.9,4.3,0
7A6O_BA,1OAK_HLA,7EOW_BA,0,base_abmpnn_npz,1.1368,1.5084,18,0.0,0.0,0
7A6O_BA,1OAK_HLA,7EOW_BA,0,base_antifold,0.9822,1.8668,18,0.0,0.0,0
7A6O_BA,1OAK_HLA,7EOW_BA,0,base_antifold_t1,1.3852,2.3082,18,1.3,0.0,0
7A6O_BA,1OAK_HLA,7EOW_BA,0,base_diffab,3.0165,7.3600,18,13.3,0.0,0
7A6O_BA,1OAK_HLA,7EOW_BA,0,base_diffusion,2.8765,7.5675,18,29.2,19.2,0
7A6O_BA,1OAK_HLA,7EOW_BA,0,base_diffusion_s,1.8648,8.1033,12,28.8,20.7,140
7A6O_BA,1OAK_HLA,7EOW_BA,0,base_esmif,1.7675,2.3097,18,0.0,0.0,0
7A6O_BA,1OAK_HLA,7EOW_BA,0,base_esmif_ar,2.3114,3.2219,18,8.0,0.0,0
7A6O_BA,1OAK_HLA,7EOW_BA,0,base_esmif_ar_t1,1.2698,2.1954,18,7.6,0.0,0
7A6O_BA,1OAK_HLA,7EOW_BA,0,base_iglm,5.9321,6.5037,18,2.1,0.0,0
7A6O_BA,1OAK_HLA,7EOW_BA,0,base_proteinmpnn,0.1908,1.2210,18,0.0,0.0,0
7A6O_BA,1OAK_HLA,7EOW_BA,0,base_proteinmpnn_ar,0.2650,1.4274,18,4.2,3.5,0
7A6O_BA,1OAK_HLA,7EOW_BA,0,base_proteinmpnn_ar_t1,1.5434,3.1780,18,4.9,4.4,0
7A6O_BA,1OAK_HLA,7EOW_BA,0,grad_diffusion,0.6277,1.6958,18,29.0,19.0,0
7A6O_BA,1OAK_HLA,7EOW_BA,0,obj_wt,0.4483,1.5305,6,28.8,19.6,770
7A6O_BA,1OAK_HLA,7EOW_BA,0,ours_abmpnn_live,-0.2258,1.2847,18,128.0,116.4,754
7A6O_BA,1OAK_HLA,7EOW_BA,0,ours_abmpnn_npz,-0.8655,1.3215,18,128.1,116.5,750
7A6O_BA,1OAK_HLA,7EOW_BA,0,ours_antifold,0.7273,1.9972,18,130.6,119.2,776
7A6O_BA,1OAK_HLA,7EOW_BA,0,ours_diffusion,3.1919,6.0638,18,131.2,119.7,796
7A6O_BA,1OAK_HLA,7EOW_BA,0,ours_esmif,0.4433,1.9690,18,124.1,112.8,732
7A6O_BA,1OAK_HLA,7EOW_BA,0,ours_proteinmpnn,-0.1648,1.4488,18,130.3,118.8,772
7A6O_BA,1OAK_HLA,7EOW_BA,0,ours_proteinmpnn_live,0.1917,1.5860,18,129.2,117.3,756
7A6O_BA,1OAK_HLA,7EOW_BA,0,rand_base_abmpnn_ar,1.4639,3.8098,18,,,
7A6O_BA,1OAK_HLA,7EOW_BA,0,rand_base_antifold,2.8017,5.0655,18,,,
7A6O_BA,1OAK_HLA,7EOW_BA,0,rand_base_proteinmpnn_ar,1.7709,4.7006,18,,,
7A6O_BA,1OAK_HLA,7EOW_BA,0,rand_ours_abmpnn_live,2.5363,5.9424,18,,,
7A6O_BA,1OAK_HLA,7EOW_BA,0,rand_ours_antifold,2.9433,5.5290,18,,,
7A6O_BA,1OAK_HLA,7EOW_BA,0,rand_ours_proteinmpnn_live,1.7354,5.7512,18,,,
7AMS_HLB,7AMS_HLB,7AMS_HLB,1,base_abmpnn_ar,-1.4072,-0.4697,18,9.7,8.9,0
7AMS_HLB,7AMS_HLB,7AMS_HLB,1,base_abmpnn_ar_t1,-1.0482,1.6058,18,8.8,8.3,0
7AMS_HLB,7AMS_HLB,7AMS_HLB,1,base_abmpnn_npz,-1.5539,-0.8767,18,0.0,0.0,0
7AMS_HLB,7AMS_HLB,7AMS_HLB,1,base_antifold,-0.8339,0.0960,18,0.0,0.0,0
7AMS_HLB,7AMS_HLB,7AMS_HLB,1,base_antifold_t1,-0.0055,1.9048,18,1.9,0.0,0
7AMS_HLB,7AMS_HLB,7AMS_HLB,1,base_diffusion,6.9619,9.2277,18,29.5,19.4,0
7AMS_HLB,7AMS_HLB,7AMS_HLB,1,base_diffusion_s,6.4961,9.5639,12,28.6,19.6,119
7AMS_HLB,7AMS_HLB,7AMS_HLB,1,base_esmif,0.3153,1.7113,18,0.0,0.0,0
7AMS_HLB,7AMS_HLB,7AMS_HLB,1,base_esmif_ar,0.2736,2.4118,18,9.5,0.0,0
7AMS_HLB,7AMS_HLB,7AMS_HLB,1,base_esmif_ar_t1,0.4759,2.6950,18,8.8,0.0,0
7AMS_HLB,7AMS_HLB,7AMS_HLB,1,base_iglm,9.3486,9.7816,18,2.2,0.0,0
7AMS_HLB,7AMS_HLB,7AMS_HLB,1,base_proteinmpnn,0.4038,0.6585,18,0.0,0.0,0
7AMS_HLB,7AMS_HLB,7AMS_HLB,1,base_proteinmpnn_ar,-0.4203,0.3795,18,8.3,7.0,0
7AMS_HLB,7AMS_HLB,7AMS_HLB,1,base_proteinmpnn_ar_t1,-0.1880,2.6420,18,9.0,8.2,0
7AMS_HLB,7AMS_HLB,7AMS_HLB,1,base_rfantibody,6.3419,9.8709,6,398.2,0.0,0
7AMS_HLB,7AMS_HLB,7AMS_HLB,1,grad_diffusion,0.5677,2.7504,18,29.8,19.5,0
7AMS_HLB,7AMS_HLB,7AMS_HLB,1,obj_mint,-0.6166,1.3529,6,194.1,176.8,589
7AMS_HLB,7AMS_HLB,7AMS_HLB,1,obj_wt,0.2122,0.9317,6,24.9,15.9,590
7AMS_HLB,7AMS_HLB,7AMS_HLB,1,ours_abmpnn_live,-0.5642,0.2958,18,109.3,97.9,586
7AMS_HLB,7AMS_HLB,7AMS_HLB,1,ours_abmpnn_npz,-1.2707,-0.2551,18,102.1,91.1,563
7AMS_HLB,7AMS_HLB,7AMS_HLB,1,ours_antifold,-1.1313,-0.0598,18,104.0,92.8,572
7AMS_HLB,7AMS_HLB,7AMS_HLB,1,ours_diffusion,5.2497,8.0286,18,116.7,105.3,643
7AMS_HLB,7AMS_HLB,7AMS_HLB,1,ours_esmif,-0.1823,1.2372,18,107.4,96.1,586
7AMS_HLB,7AMS_HLB,7AMS_HLB,1,ours_proteinmpnn,0.0974,1.1481,18,112.6,101.2,624
7AMS_HLB,7AMS_HLB,7AMS_HLB,1,ours_proteinmpnn_live,-0.3826,0.9311,18,116.2,104.3,628
7AMS_HLB,7AMS_HLB,7AMS_HLB,1,rand_base_abmpnn_ar,1.0302,3.1871,18,,,
7AMS_HLB,7AMS_HLB,7AMS_HLB,1,rand_base_antifold,1.4458,6.0484,18,,,
7AMS_HLB,7AMS_HLB,7AMS_HLB,1,rand_base_proteinmpnn_ar,2.2805,5.1114,18,,,
7AMS_HLB,7AMS_HLB,7AMS_HLB,1,rand_ours_abmpnn_live,0.5411,4.3501,18,,,
7AMS_HLB,7AMS_HLB,7AMS_HLB,1,rand_ours_antifold,1.2024,4.7372,18,,,
7AMS_HLB,7AMS_HLB,7AMS_HLB,1,rand_ours_proteinmpnn_live,1.7403,5.8746,18,,,
7B5G_DC,7ZRA_FC,7B5G_BA,0,base_abmpnn_ar,-3.1599,-2.1364,18,3.4,2.8,0
7B5G_DC,7ZRA_FC,7B5G_BA,0,base_abmpnn_ar_t1,-2.3245,2.8296,18,3.7,3.3,0
7B5G_DC,7ZRA_FC,7B5G_BA,0,base_abmpnn_npz,-2.8213,-2.1568,18,0.0,0.0,0
7B5G_DC,7ZRA_FC,7B5G_BA,0,base_antifold,-1.0387,-0.5093,18,0.0,0.0,0
7B5G_DC,7ZRA_FC,7B5G_BA,0,base_antifold_t1,-2.1198,0.8073,18,1.1,0.0,0
7B5G_DC,7ZRA_FC,7B5G_BA,0,base_diffab,5.7985,9.8694,18,13.3,0.0,0
7B5G_DC,7ZRA_FC,7B5G_BA,0,base_diffusion,8.0658,9.3504,18,24.0,14.5,0
7B5G_DC,7ZRA_FC,7B5G_BA,0,base_esmif,-1.3203,-0.0580,18,0.0,0.0,0
7B5G_DC,7ZRA_FC,7B5G_BA,0,base_esmif_ar,-1.0336,1.0984,18,6.1,0.0,0
7B5G_DC,7ZRA_FC,7B5G_BA,0,base_esmif_ar_t1,-0.9000,3.1185,18,5.7,0.0,0
7B5G_DC,7ZRA_FC,7B5G_BA,0,base_iglm,14.1441,14.4468,12,1.8,0.0,0
7B5G_DC,7ZRA_FC,7B5G_BA,0,base_proteinmpnn,-0.2109,0.6828,18,0.0,0.0,0
7B5G_DC,7ZRA_FC,7B5G_BA,0,base_proteinmpnn_ar,-2.4679,0.5325,18,3.7,2.9,0
7B5G_DC,7ZRA_FC,7B5G_BA,0,base_proteinmpnn_ar_t1,0.9655,3.5140,18,4.1,3.7,0
7B5G_DC,7ZRA_FC,7B5G_BA,0,grad_diffusion,-1.8417,0.2097,18,24.1,14.4,0
7B5G_DC,7ZRA_FC,7B5G_BA,0,obj_mint,-2.3692,-0.5119,6,100.9,87.6,532
7B5G_DC,7ZRA_FC,7B5G_BA,0,obj_wt,-0.6533,0.5802,6,21.3,13.3,526
7B5G_DC,7ZRA_FC,7B5G_BA,0,ours_abmpnn_live,-2.4505,0.1511,18,89.1,78.9,517
7B5G_DC,7ZRA_FC,7B5G_BA,0,ours_abmpnn_npz,-2.4530,-0.8688,18,86.9,76.7,508
7B5G_DC,7ZRA_FC,7B5G_BA,0,ours_antifold,-1.5614,0.0003,18,91.5,81.1,534
7B5G_DC,7ZRA_FC,7B5G_BA,0,ours_diffusion,1.8036,5.1940,18,94.8,84.5,565
7B5G_DC,7ZRA_FC,7B5G_BA,0,ours_esmif,-1.9926,0.4369,18,88.1,78.1,514
7B5G_DC,7ZRA_FC,7B5G_BA,0,ours_proteinmpnn,-1.7656,0.8803,18,91.7,81.5,529
7B5G_DC,7ZRA_FC,7B5G_BA,0,ours_proteinmpnn_live,-1.4709,0.9536,18,94.3,83.7,538
7B5G_DC,7ZRA_FC,7B5G_BA,0,rand_base_abmpnn_ar,3.0472,5.9613,18,,,
7B5G_DC,7ZRA_FC,7B5G_BA,0,rand_base_antifold,5.1354,6.9484,18,,,
7B5G_DC,7ZRA_FC,7B5G_BA,0,rand_base_proteinmpnn_ar,-0.8878,6.1908,18,,,
7B5G_DC,7ZRA_FC,7B5G_BA,0,rand_ours_abmpnn_live,3.8956,7.5792,18,,,
7B5G_DC,7ZRA_FC,7B5G_BA,0,rand_ours_antifold,2.5737,7.4422,18,,,
7B5G_DC,7ZRA_FC,7B5G_BA,0,rand_ours_proteinmpnn_live,3.7555,8.2869,18,,,
7BC6_BA,7BC7_BA,7BC7_BA,0,base_abmpnn_ar,-2.9921,-0.8527,18,6.7,6.0,0
7BC6_BA,7BC7_BA,7BC7_BA,0,base_abmpnn_ar_t1,-1.8093,0.8732,18,7.6,6.9,0
7BC6_BA,7BC7_BA,7BC7_BA,0,base_abmpnn_npz,-2.8841,-2.1332,18,0.0,0.0,0
7BC6_BA,7BC7_BA,7BC7_BA,0,base_antifold,-0.1781,1.5150,18,0.0,0.0,0
7BC6_BA,7BC7_BA,7BC7_BA,0,base_antifold_t1,-0.3522,2.9047,18,1.4,0.0,0
7BC6_BA,7BC7_BA,7BC7_BA,0,base_diffab,2.7338,5.1249,18,13.6,0.0,0
7BC6_BA,7BC7_BA,7BC7_BA,0,base_diffusion,7.6207,10.1729,18,22.5,12.9,0
7BC6_BA,7BC7_BA,7BC7_BA,0,base_diffusion_s,6.1900,8.1214,12,21.8,13.1,84
7BC6_BA,7BC7_BA,7BC7_BA,0,base_esmif,-2.6230,-0.5922,18,0.0,0.0,0
7BC6_BA,7BC7_BA,7BC7_BA,0,base_esmif_ar,-3.5143,-2.4050,18,9.0,0.0,0
7BC6_BA,7BC7_BA,7BC7_BA,0,base_esmif_ar_t1,-1.7284,1.1854,18,6.2,0.0,0
7BC6_BA,7BC7_BA,7BC7_BA,0,base_iglm,7.3924,7.9718,18,1.8,0.0,0
7BC6_BA,7BC7_BA,7BC7_BA,0,base_proteinmpnn,-1.2029,0.3729,18,0.0,0.0,0
7BC6_BA,7BC7_BA,7BC7_BA,0,base_proteinmpnn_ar,-2.0261,0.5208,18,6.1,5.5,0
7BC6_BA,7BC7_BA,7BC7_BA,0,base_proteinmpnn_ar_t1,-1.0803,2.2764,18,7.6,7.0,0
7BC6_BA,7BC7_BA,7BC7_BA,0,base_rfantibody,6.6329,7.4395,6,515.5,0.0,0
7BC6_BA,7BC7_BA,7BC7_BA,0,grad_diffusion,0.3854,1.5596,18,22.8,12.9,0
7BC6_BA,7BC7_BA,7BC7_BA,0,obj_mint,0.6057,2.0368,6,129.9,114.7,434
7BC6_BA,7BC7_BA,7BC7_BA,0,obj_wt,-1.2380,1.3925,6,18.8,11.0,432
7BC6_BA,7BC7_BA,7BC7_BA,0,ours_abmpnn_live,-1.3740,0.1502,18,73.2,63.0,410
7BC6_BA,7BC7_BA,7BC7_BA,0,ours_abmpnn_npz,-3.3092,-1.7233,18,73.1,63.1,412
7BC6_BA,7BC7_BA,7BC7_BA,0,ours_antifold,-1.3986,0.7248,18,75.6,65.3,434
7BC6_BA,7BC7_BA,7BC7_BA,0,ours_diffusion,2.7825,5.2897,18,75.2,65.3,428
7BC6_BA,7BC7_BA,7BC7_BA,0,ours_esmif,-1.3334,-0.3395,18,77.5,67.4,437
7BC6_BA,7BC7_BA,7BC7_BA,0,ours_proteinmpnn,-2.1626,1.1404,18,77.6,67.3,439
7BC6_BA,7BC7_BA,7BC7_BA,0,ours_proteinmpnn_live,-1.6009,0.3573,18,78.9,68.7,446
7BC6_BA,7BC7_BA,7BC7_BA,0,rand_base_abmpnn_ar,1.1894,4.0342,18,,,
7BC6_BA,7BC7_BA,7BC7_BA,0,rand_base_antifold,0.5926,3.4544,18,,,
7BC6_BA,7BC7_BA,7BC7_BA,0,rand_base_proteinmpnn_ar,0.0897,3.7180,18,,,
7BC6_BA,7BC7_BA,7BC7_BA,0,rand_ours_abmpnn_live,1.1368,4.0100,18,,,
7BC6_BA,7BC7_BA,7BC7_BA,0,rand_ours_antifold,1.2087,5.0039,18,,,
7BC6_BA,7BC7_BA,7BC7_BA,0,rand_ours_proteinmpnn_live,2.3245,5.2279,18,,,
7BQ5_HLA,7A3U_HLA,7BQ5_HLA,1,base_abmpnn_ar,-0.8475,-0.4076,18,13.4,12.7,0
7BQ5_HLA,7A3U_HLA,7BQ5_HLA,1,base_abmpnn_ar_t1,-0.8883,0.2568,18,10.2,9.8,0
7BQ5_HLA,7A3U_HLA,7BQ5_HLA,1,base_abmpnn_npz,-0.7010,0.6209,18,0.0,0.0,0
7BQ5_HLA,7A3U_HLA,7BQ5_HLA,1,base_antifold,0.0183,0.5046,18,0.0,0.0,0
7BQ5_HLA,7A3U_HLA,7BQ5_HLA,1,base_antifold_t1,-0.0066,0.9142,18,1.1,0.0,0
7BQ5_HLA,7A3U_HLA,7BQ5_HLA,1,base_diffab,2.2376,3.6237,18,14.2,0.0,0
7BQ5_HLA,7A3U_HLA,7BQ5_HLA,1,base_diffusion,3.4267,4.0865,18,24.7,13.8,0
7BQ5_HLA,7A3U_HLA,7BQ5_HLA,1,base_diffusion_s,3.1349,4.4742,6,23.9,13.7,70
7BQ5_HLA,7A3U_HLA,7BQ5_HLA,1,base_esmif,0.2078,2.1397,18,0.0,0.0,0
7BQ5_HLA,7A3U_HLA,7BQ5_HLA,1,base_esmif_ar,0.1525,2.2287,18,7.0,0.0,0
7BQ5_HLA,7A3U_HLA,7BQ5_HLA,1,base_esmif_ar_t1,0.1074,1.8660,18,6.7,0.0,0
7BQ5_HLA,7A3U_HLA,7BQ5_HLA,1,base_iglm,4.3270,4.4956,12,2.5,0.0,0
7BQ5_HLA,7A3U_HLA,7BQ5_HLA,1,base_proteinmpnn,-0.7962,-0.6757,18,0.0,0.0,0
7BQ5_HLA,7A3U_HLA,7BQ5_HLA,1,base_proteinmpnn_ar,-0.6597,0.2962,18,9.1,8.1,0
7BQ5_HLA,7A3U_HLA,7BQ5_HLA,1,base_proteinmpnn_ar_t1,-0.2555,1.4631,18,10.5,9.9,0
7BQ5_HLA,7A3U_HLA,7BQ5_HLA,1,grad_diffusion,2.1539,2.8571,18,24.5,13.7,0
7BQ5_HLA,7A3U_HLA,7BQ5_HLA,1,obj_mint,0.2428,1.0292,6,147.7,130.1,321
7BQ5_HLA,7A3U_HLA,7BQ5_HLA,1,obj_wt,0.1042,1.7186,12,19.3,10.2,317
7BQ5_HLA,7A3U_HLA,7BQ5_HLA,1,ours_abmpnn_live,-0.6996,0.3718,18,73.5,61.9,320
7BQ5_HLA,7A3U_HLA,7BQ5_HLA,1,ours_abmpnn_npz,-0.5832,1.2689,18,71.4,60.1,315
7BQ5_HLA,7A3U_HLA,7BQ5_HLA,1,ours_antifold,-0.7016,1.3026,18,70.1,58.6,311
7BQ5_HLA,7A3U_HLA,7BQ5_HLA,1,ours_diffusion,2.5252,3.8309,18,78.7,67.0,355
7BQ5_HLA,7A3U_HLA,7BQ5_HLA,1,ours_esmif,-0.8274,1.7593,18,74.1,62.6,333
7BQ5_HLA,7A3U_HLA,7BQ5_HLA,1,ours_proteinmpnn,-0.4255,1.2022,18,80.4,68.7,367
7BQ5_HLA,7A3U_HLA,7BQ5_HLA,1,ours_proteinmpnn_live,-0.3825,1.3446,18,80.2,68.3,360
7BQ5_HLA,7A3U_HLA,7BQ5_HLA,1,rand_base_abmpnn_ar,-0.2028,1.0972,18,,,
7BQ5_HLA,7A3U_HLA,7BQ5_HLA,1,rand_base_antifold,0.2428,1.1245,18,,,
7BQ5_HLA,7A3U_HLA,7BQ5_HLA,1,rand_base_proteinmpnn_ar,0.6298,2.4354,18,,,
7BQ5_HLA,7A3U_HLA,7BQ5_HLA,1,rand_ours_abmpnn_live,0.1904,2.0308,18,,,
7BQ5_HLA,7A3U_HLA,7BQ5_HLA,1,rand_ours_antifold,0.1313,1.6257,18,,,
7BQ5_HLA,7A3U_HLA,7BQ5_HLA,1,rand_ours_proteinmpnn_live,0.3913,2.7480,18,,,
7BSC_HLA,7BSC_HLA,7BSD_HLI,0,base_abmpnn_ar,0.0492,0.8473,18,7.7,7.1,0
7BSC_HLA,7BSC_HLA,7BSD_HLI,0,base_abmpnn_ar_t1,0.0852,2.2726,18,7.9,7.5,0
7BSC_HLA,7BSC_HLA,7BSD_HLI,0,base_abmpnn_npz,0.0878,0.8923,18,0.0,0.0,0
7BSC_HLA,7BSC_HLA,7BSD_HLI,0,base_antifold,0.8671,1.4800,18,0.0,0.0,0
7BSC_HLA,7BSC_HLA,7BSD_HLI,0,base_antifold_t1,1.3383,2.7469,18,2.5,0.0,0
7BSC_HLA,7BSC_HLA,7BSD_HLI,0,base_diffab,4.2035,7.6918,18,14.0,0.0,0
7BSC_HLA,7BSC_HLA,7BSD_HLI,0,base_diffusion,5.9028,8.4445,18,23.9,14.3,0
7BSC_HLA,7BSC_HLA,7BSD_HLI,0,base_esmif,0.8445,1.3149,18,0.0,0.0,0
7BSC_HLA,7BSC_HLA,7BSD_HLI,0,base_esmif_ar,1.0653,1.3364,18,12.8,0.0,0
7BSC_HLA,7BSC_HLA,7BSD_HLI,0,base_esmif_ar_t1,0.5976,2.8785,18,6.9,0.0,0
7BSC_HLA,7BSC_HLA,7BSD_HLI,0,base_iglm,9.1108,9.3635,18,1.7,0.0,0
7BSC_HLA,7BSC_HLA,7BSD_HLI,0,base_proteinmpnn,2.1758,2.9366,18,0.0,0.0,0
7BSC_HLA,7BSC_HLA,7BSD_HLI,0,base_proteinmpnn_ar,1.1526,2.4739,18,6.7,6.1,0
7BSC_HLA,7BSC_HLA,7BSD_HLI,0,base_proteinmpnn_ar_t1,1.6159,3.7497,18,8.0,7.3,0
7BSC_HLA,7BSC_HLA,7BSD_HLI,0,grad_diffusion,-0.0181,1.5295,18,24.0,14.3,0
7BSC_HLA,7BSC_HLA,7BSD_HLI,0,obj_wt,1.4253,2.1082,6,18.7,10.9,408
7BSC_HLA,7BSC_HLA,7BSD_HLI,0,ours_abmpnn_live,0.1342,1.4764,18,77.8,67.3,425
7BSC_HLA,7BSC_HLA,7BSD_HLI,0,ours_abmpnn_npz,0.6986,1.9122,18,75.9,65.6,417
7BSC_HLA,7BSC_HLA,7BSD_HLI,0,ours_antifold,1.5430,2.1984,18,75.6,65.3,417
7BSC_HLA,7BSC_HLA,7BSD_HLI,0,ours_diffusion,1.5681,5.6692,18,83.7,73.3,475
7BSC_HLA,7BSC_HLA,7BSD_HLI,0,ours_esmif,0.6603,1.9486,18,78.5,68.4,441
7BSC_HLA,7BSC_HLA,7BSD_HLI,0,ours_proteinmpnn,0.0639,3.1095,18,85.1,74.8,481
7BSC_HLA,7BSC_HLA,7BSD_HLI,0,ours_proteinmpnn_live,0.9554,2.7393,18,83.5,73.1,462
7BSC_HLA,7BSC_HLA,7BSD_HLI,0,rand_base_abmpnn_ar,0.0066,3.3294,18,,,
7BSC_HLA,7BSC_HLA,7BSD_HLI,0,rand_base_antifold,0.3699,3.8112,18,,,
7BSC_HLA,7BSC_HLA,7BSD_HLI,0,rand_base_proteinmpnn_ar,2.9639,6.0314,18,,,
7BSC_HLA,7BSC_HLA,7BSD_HLI,0,rand_ours_abmpnn_live,-0.0594,3.8746,18,,,
7BSC_HLA,7BSC_HLA,7BSD_HLI,0,rand_ours_antifold,1.9337,4.2868,18,,,
7BSC_HLA,7BSC_HLA,7BSD_HLI,0,rand_ours_proteinmpnn_live,2.9744,7.3239,18,,,
7C4S_HLA,7C4S_HLA,7C4S_HLA,0,base_abmpnn_ar,-1.0656,0.8173,18,7.8,7.1,0
7C4S_HLA,7C4S_HLA,7C4S_HLA,0,base_abmpnn_ar_t1,-1.1033,1.4318,18,9.5,8.9,0
7C4S_HLA,7C4S_HLA,7C4S_HLA,0,base_abmpnn_npz,-1.6523,-0.4355,18,0.0,0.0,0
7C4S_HLA,7C4S_HLA,7C4S_HLA,0,base_antifold,-0.9716,0.9644,18,0.0,0.0,0
7C4S_HLA,7C4S_HLA,7C4S_HLA,0,base_antifold_t1,-0.9292,1.7874,18,1.5,0.0,0
7C4S_HLA,7C4S_HLA,7C4S_HLA,0,base_diffab,1.8098,4.7794,18,14.1,0.0,0
7C4S_HLA,7C4S_HLA,7C4S_HLA,0,base_diffusion,4.7310,6.2510,18,25.6,15.0,0
7C4S_HLA,7C4S_HLA,7C4S_HLA,0,base_diffusion_s,1.9946,5.4096,12,24.5,15.1,84
7C4S_HLA,7C4S_HLA,7C4S_HLA,0,base_esmif,-1.8922,-0.1371,18,0.0,0.0,0
7C4S_HLA,7C4S_HLA,7C4S_HLA,0,base_esmif_ar,-1.6740,-0.0105,18,8.3,0.0,0
7C4S_HLA,7C4S_HLA,7C4S_HLA,0,base_esmif_ar_t1,-0.7059,1.2325,18,11.5,0.0,0
7C4S_HLA,7C4S_HLA,7C4S_HLA,0,base_iglm,6.8108,7.1981,12,2.2,0.0,0
7C4S_HLA,7C4S_HLA,7C4S_HLA,0,base_proteinmpnn,-1.4857,-0.3939,18,0.0,0.0,0
7C4S_HLA,7C4S_HLA,7C4S_HLA,0,base_proteinmpnn_ar,-1.4049,1.3295,18,7.9,7.3,0
7C4S_HLA,7C4S_HLA,7C4S_HLA,0,base_proteinmpnn_ar_t1,-0.4818,2.6321,18,9.3,8.8,0
7C4S_HLA,7C4S_HLA,7C4S_HLA,0,base_rfantibody,5.6276,7.3399,6,439.6,0.0,0
7C4S_HLA,7C4S_HLA,7C4S_HLA,0,grad_diffusion,-0.5246,1.1520,18,25.7,15.1,0
7C4S_HLA,7C4S_HLA,7C4S_HLA,0,obj_mint,-1.4777,1.0853,6,139.4,123.6,398
7C4S_HLA,7C4S_HLA,7C4S_HLA,0,obj_wt,-1.1754,0.9512,12,20.4,11.8,392
7C4S_HLA,7C4S_HLA,7C4S_HLA,0,ours_abmpnn_live,-1.5800,1.2277,18,81.8,70.5,398
7C4S_HLA,7C4S_HLA,7C4S_HLA,0,ours_abmpnn_npz,-1.4983,0.1176,18,81.5,70.6,395
7C4S_HLA,7C4S_HLA,7C4S_HLA,0,ours_antifold,-1.4784,0.4439,18,81.2,70.0,396
7C4S_HLA,7C4S_HLA,7C4S_HLA,0,ours_diffusion,1.2777,4.1146,18,88.3,76.8,440
7C4S_HLA,7C4S_HLA,7C4S_HLA,0,ours_esmif,-1.4240,-0.2245,18,85.6,74.3,426
7C4S_HLA,7C4S_HLA,7C4S_HLA,0,ours_proteinmpnn,-2.9961,0.1541,18,90.4,79.2,450
7C4S_HLA,7C4S_HLA,7C4S_HLA,0,ours_proteinmpnn_live,-0.4817,1.2570,18,91.6,80.1,452
7C4S_HLA,7C4S_HLA,7C4S_HLA,0,rand_base_abmpnn_ar,-0.4507,1.7867,18,,,
7C4S_HLA,7C4S_HLA,7C4S_HLA,0,rand_base_antifold,0.0401,3.1621,18,,,
7C4S_HLA,7C4S_HLA,7C4S_HLA,0,rand_base_proteinmpnn_ar,0.8262,4.3792,18,,,
7C4S_HLA,7C4S_HLA,7C4S_HLA,0,rand_ours_abmpnn_live,1.0653,3.6127,18,,,
7C4S_HLA,7C4S_HLA,7C4S_HLA,0,rand_ours_antifold,-0.8673,4.0245,18,,,
7C4S_HLA,7C4S_HLA,7C4S_HLA,0,rand_ours_proteinmpnn_live,1.4578,5.1136,18,,,
7CGW_HLP,7CGW_HLP,7CGW_HLP,0,base_abmpnn_ar,-0.5555,-0.1074,18,6.5,5.8,0
7CGW_HLP,7CGW_HLP,7CGW_HLP,0,base_abmpnn_ar_t1,-1.3195,0.7578,18,7.3,6.7,0
7CGW_HLP,7CGW_HLP,7CGW_HLP,0,base_abmpnn_npz,-0.3676,0.2098,18,0.0,0.0,0
7CGW_HLP,7CGW_HLP,7CGW_HLP,0,base_antifold,-1.1220,0.5233,18,0.0,0.0,0
7CGW_HLP,7CGW_HLP,7CGW_HLP,0,base_antifold_t1,-0.2512,1.9826,18,1.8,0.0,0
7CGW_HLP,7CGW_HLP,7CGW_HLP,0,base_diffab,4.7972,7.8316,18,15.7,0.0,0
7CGW_HLP,7CGW_HLP,7CGW_HLP,0,base_diffusion,2.5583,6.7963,18,22.2,12.9,0
7CGW_HLP,7CGW_HLP,7CGW_HLP,0,base_diffusion_s,4.2849,6.4763,6,21.2,13.0,84
7CGW_HLP,7CGW_HLP,7CGW_HLP,0,base_esmif,0.5888,1.3550,18,0.0,0.0,0
7CGW_HLP,7CGW_HLP,7CGW_HLP,0,base_esmif_ar,-0.2796,1.4989,18,8.2,0.0,0
7CGW_HLP,7CGW_HLP,7CGW_HLP,0,base_esmif_ar_t1,-0.2585,2.2787,18,7.0,0.0,0
7CGW_HLP,7CGW_HLP,7CGW_HLP,0,base_iglm,9.1383,9.4328,18,2.3,0.0,0
7CGW_HLP,7CGW_HLP,7CGW_HLP,0,base_proteinmpnn,-0.2161,1.2411,18,0.0,0.0,0
7CGW_HLP,7CGW_HLP,7CGW_HLP,0,base_proteinmpnn_ar,-1.1808,0.4557,18,6.2,5.5,0
7CGW_HLP,7CGW_HLP,7CGW_HLP,0,base_proteinmpnn_ar_t1,-0.4500,3.8785,18,7.2,6.7,0
7CGW_HLP,7CGW_HLP,7CGW_HLP,0,base_rfantibody,7.4692,8.9619,6,238.3,0.0,0
7CGW_HLP,7CGW_HLP,7CGW_HLP,0,grad_diffusion,0.0058,0.6315,18,22.3,12.9,0
7CGW_HLP,7CGW_HLP,7CGW_HLP,0,obj_mint,-0.6268,0.5002,6,120.3,105.3,399
7CGW_HLP,7CGW_HLP,7CGW_HLP,0,obj_wt,-0.9044,0.6984,6,17.8,10.2,397
7CGW_HLP,7CGW_HLP,7CGW_HLP,0,ours_abmpnn_live,-0.7935,0.0683,18,70.8,60.4,386
7CGW_HLP,7CGW_HLP,7CGW_HLP,0,ours_abmpnn_npz,-1.2843,0.3547,18,67.9,58.2,386
7CGW_HLP,7CGW_HLP,7CGW_HLP,0,ours_antifold,-1.2706,0.7340,18,69.2,59.4,394
7CGW_HLP,7CGW_HLP,7CGW_HLP,0,ours_diffusion,2.0157,5.2152,18,76.3,66.3,438
7CGW_HLP,7CGW_HLP,7CGW_HLP,0,ours_esmif,-0.9542,0.9265,18,72.2,62.3,411
7CGW_HLP,7CGW_HLP,7CGW_HLP,0,ours_proteinmpnn,-1.4224,0.4448,18,76.8,66.7,438
7CGW_HLP,7CGW_HLP,7CGW_HLP,0,ours_proteinmpnn_live,-1.5414,1.0473,18,77.5,67.5,435
7CGW_HLP,7CGW_HLP,7CGW_HLP,0,rand_base_abmpnn_ar,-0.2848,2.2686,18,,,
7CGW_HLP,7CGW_HLP,7CGW_HLP,0,rand_base_antifold,0.0275,2.2072,18,,,
7CGW_HLP,7CGW_HLP,7CGW_HLP,0,rand_base_proteinmpnn_ar,0.9263,5.0105,18,,,
7CGW_HLP,7CGW_HLP,7CGW_HLP,0,rand_ours_abmpnn_live,0.2081,3.3220,18,,,
7CGW_HLP,7CGW_HLP,7CGW_HLP,0,rand_ours_antifold,0.2297,2.8717,18,,,
7CGW_HLP,7CGW_HLP,7CGW_HLP,0,rand_ours_proteinmpnn_live,1.4018,5.6025,18,,,
7CN2_GgE,7CN2_JjB,7CN2_IiF,1,base_abmpnn_ar,-5.5501,-3.5830,18,7.6,7.0,0
7CN2_GgE,7CN2_JjB,7CN2_IiF,1,base_abmpnn_ar_t1,-4.5828,-1.8101,18,9.2,8.6,0
7CN2_GgE,7CN2_JjB,7CN2_IiF,1,base_abmpnn_npz,-4.3642,-3.0014,18,0.0,0.0,0
7CN2_GgE,7CN2_JjB,7CN2_IiF,1,base_antifold,-0.5990,1.1354,18,0.0,0.0,0
7CN2_GgE,7CN2_JjB,7CN2_IiF,1,base_antifold_t1,-0.6625,1.5294,18,0.5,0.0,0
7CN2_GgE,7CN2_JjB,7CN2_IiF,1,base_diffab,-2.6346,1.4592,18,15.4,0.0,0
7CN2_GgE,7CN2_JjB,7CN2_IiF,1,base_diffusion,1.2235,3.2629,18,30.9,19.9,0
7CN2_GgE,7CN2_JjB,7CN2_IiF,1,base_diffusion_s,-0.6428,2.1346,6,29.3,19.6,112
7CN2_GgE,7CN2_JjB,7CN2_IiF,1,base_esmif,-4.3101,-3.0593,18,0.0,0.0,0
7CN2_GgE,7CN2_JjB,7CN2_IiF,1,base_esmif_ar,-2.5521,-0.5100,18,8.6,0.0,0
7CN2_GgE,7CN2_JjB,7CN2_IiF,1,base_esmif_ar_t1,-1.6470,1.7738,18,8.7,0.0,0
7CN2_GgE,7CN2_JjB,7CN2_IiF,1,base_iglm,7.0809,7.5052,12,2.9,0.0,0
7CN2_GgE,7CN2_JjB,7CN2_IiF,1,base_proteinmpnn,-3.7500,-2.4965,18,0.0,0.0,0
7CN2_GgE,7CN2_JjB,7CN2_IiF,1,base_proteinmpnn_ar,-3.4676,-1.9730,18,7.6,7.0,0
7CN2_GgE,7CN2_JjB,7CN2_IiF,1,base_proteinmpnn_ar_t1,-3.1868,-0.3189,18,8.9,8.4,0
7CN2_GgE,7CN2_JjB,7CN2_IiF,1,grad_diffusion,-2.3011,-1.5998,18,78.4,49.8,0
7CN2_GgE,7CN2_JjB,7CN2_IiF,1,obj_mint,-2.1393,0.7653,6,199.4,181.7,593
7CN2_GgE,7CN2_JjB,7CN2_IiF,1,obj_wt,-2.9103,-1.7375,6,27.0,17.3,599
7CN2_GgE,7CN2_JjB,7CN2_IiF,1,ours_abmpnn_live,-6.6313,-3.0901,18,119.0,106.3,597
7CN2_GgE,7CN2_JjB,7CN2_IiF,1,ours_abmpnn_npz,-5.9510,-3.7720,18,118.5,106.3,608
7CN2_GgE,7CN2_JjB,7CN2_IiF,1,ours_antifold,-2.8206,-1.0654,18,117.3,104.8,598
7CN2_GgE,7CN2_JjB,7CN2_IiF,1,ours_diffusion,-0.5990,1.6829,18,111.9,99.6,573
7CN2_GgE,7CN2_JjB,7CN2_IiF,1,ours_esmif,-3.3816,-1.7071,18,123.0,110.5,635
7CN2_GgE,7CN2_JjB,7CN2_IiF,1,ours_proteinmpnn,-3.4851,-1.7623,18,122.5,109.8,622
7CN2_GgE,7CN2_JjB,7CN2_IiF,1,ours_proteinmpnn_live,-3.8093,-1.7705,18,124.2,111.3,620
7CN2_GgE,7CN2_JjB,7CN2_IiF,1,rand_base_abmpnn_ar,-0.7604,1.9723,18,,,
7CN2_GgE,7CN2_JjB,7CN2_IiF,1,rand_base_antifold,-0.5017,1.6833,18,,,
7CN2_GgE,7CN2_JjB,7CN2_IiF,1,rand_base_proteinmpnn_ar,0.1290,2.2859,18,,,
7CN2_GgE,7CN2_JjB,7CN2_IiF,1,rand_ours_abmpnn_live,0.0376,2.5989,18,,,
7CN2_GgE,7CN2_JjB,7CN2_IiF,1,rand_ours_antifold,-1.7975,2.5716,18,,,
7CN2_GgE,7CN2_JjB,7CN2_IiF,1,rand_ours_proteinmpnn_live,-0.8004,3.4947,18,,,
7CR5_HLA,7CR5_HLA,7NX6_HLE,0,base_abmpnn_ar,-0.1784,0.1165,18,6.4,5.6,0
7CR5_HLA,7CR5_HLA,7NX6_HLE,0,base_abmpnn_ar_t1,0.2088,0.9701,18,7.6,7.0,0
7CR5_HLA,7CR5_HLA,7NX6_HLE,0,base_abmpnn_npz,-0.1554,0.0599,18,0.0,0.0,0
7CR5_HLA,7CR5_HLA,7NX6_HLE,0,base_antifold,0.0390,0.7337,18,0.0,0.0,0
7CR5_HLA,7CR5_HLA,7NX6_HLE,0,base_antifold_t1,0.2739,1.0189,18,1.6,0.0,0
7CR5_HLA,7CR5_HLA,7NX6_HLE,0,base_diffab,2.8299,4.1019,18,13.8,0.0,0
7CR5_HLA,7CR5_HLA,7NX6_HLE,0,base_diffusion,5.0407,6.3466,18,24.7,15.1,0
7CR5_HLA,7CR5_HLA,7NX6_HLE,0,base_diffusion_s,1.6191,4.9245,12,23.5,15.1,98
7CR5_HLA,7CR5_HLA,7NX6_HLE,0,base_esmif,0.3125,0.4143,18,0.0,0.0,0
7CR5_HLA,7CR5_HLA,7NX6_HLE,0,base_esmif_ar,0.2268,0.3952,18,7.4,0.0,0
7CR5_HLA,7CR5_HLA,7NX6_HLE,0,base_esmif_ar_t1,0.2993,0.6728,18,7.7,0.0,0
7CR5_HLA,7CR5_HLA,7NX6_HLE,0,base_iglm,4.6846,5.0346,18,2.0,0.0,0
7CR5_HLA,7CR5_HLA,7NX6_HLE,0,base_proteinmpnn,0.6998,0.9806,18,0.0,0.0,0
7CR5_HLA,7CR5_HLA,7NX6_HLE,0,base_proteinmpnn_ar,0.8456,1.3056,18,6.6,5.7,0
7CR5_HLA,7CR5_HLA,7NX6_HLE,0,base_proteinmpnn_ar_t1,0.9950,2.4474,18,7.4,6.7,0
7CR5_HLA,7CR5_HLA,7NX6_HLE,0,base_rfantibody,3.2126,3.9271,6,258.6,0.0,0
7CR5_HLA,7CR5_HLA,7NX6_HLE,0,grad_diffusion,0.1347,0.7224,18,24.7,15.2,0
7CR5_HLA,7CR5_HLA,7NX6_HLE,0,obj_mint,0.6550,1.3902,6,139.5,123.6,462
7CR5_HLA,7CR5_HLA,7NX6_HLE,0,obj_wt,-0.0949,0.8727,6,20.4,12.2,469
7CR5_HLA,7CR5_HLA,7NX6_HLE,0,ours_abmpnn_live,-0.2114,1.0190,18,84.8,74.4,474
7CR5_HLA,7CR5_HLA,7NX6_HLE,0,ours_abmpnn_npz,-0.0875,0.5073,18,85.5,75.3,484
7CR5_HLA,7CR5_HLA,7NX6_HLE,0,ours_antifold,-0.0258,0.6797,18,82.4,72.2,469
7CR5_HLA,7CR5_HLA,7NX6_HLE,0,ours_diffusion,0.8962,3.2186,18,91.2,80.7,522
7CR5_HLA,7CR5_HLA,7NX6_HLE,0,ours_esmif,0.3514,0.9214,18,85.2,75.0,484
7CR5_HLA,7CR5_HLA,7NX6_HLE,0,ours_proteinmpnn,-0.0141,1.4562,18,90.1,79.6,520
7CR5_HLA,7CR5_HLA,7NX6_HLE,0,ours_proteinmpnn_live,-0.3576,1.5741,18,91.5,80.7,518
7CR5_HLA,7CR5_HLA,7NX6_HLE,0,rand_base_abmpnn_ar,0.3379,1.7599,18,,,
7CR5_HLA,7CR5_HLA,7NX6_HLE,0,rand_base_antifold,0.0897,1.7687,18,,,
7CR5_HLA,7CR5_HLA,7NX6_HLE,0,rand_base_proteinmpnn_ar,1.2444,3.9789,18,,,
7CR5_HLA,7CR5_HLA,7NX6_HLE,0,rand_ours_abmpnn_live,0.8865,2.0789,18,,,
7CR5_HLA,7CR5_HLA,7NX6_HLE,0,rand_ours_antifold,0.6802,3.2670,18,,,
7CR5_HLA,7CR5_HLA,7NX6_HLE,0,rand_ours_proteinmpnn_live,1.4471,4.7947,18,,,
7FCI_HLA,7ZYI_HLA,7FCI_HLA,0,base_abmpnn_ar,-0.7276,0.1758,18,8.2,7.5,0
7FCI_HLA,7ZYI_HLA,7FCI_HLA,0,base_abmpnn_ar_t1,-0.6203,1.6299,18,9.6,9.0,0
7FCI_HLA,7ZYI_HLA,7FCI_HLA,0,base_abmpnn_npz,-0.2793,0.5682,18,0.0,0.0,0
7FCI_HLA,7ZYI_HLA,7FCI_HLA,0,base_antifold,-0.6191,0.2665,18,0.0,0.0,0
7FCI_HLA,7ZYI_HLA,7FCI_HLA,0,base_antifold_t1,0.1787,1.5898,18,1.4,0.0,0
7FCI_HLA,7ZYI_HLA,7FCI_HLA,0,base_diffab,1.1797,5.6152,18,14.8,0.0,0
7FCI_HLA,7ZYI_HLA,7FCI_HLA,0,base_diffusion,3.6732,4.9176,18,29.8,18.8,0
7FCI_HLA,7ZYI_HLA,7FCI_HLA,0,base_diffusion_s,2.8160,3.7906,6,32.6,21.6,105
7FCI_HLA,7ZYI_HLA,7FCI_HLA,0,base_esmif,-0.3480,0.6357,18,0.0,0.0,0
7FCI_HLA,7ZYI_HLA,7FCI_HLA,0,base_esmif_ar,0.3179,1.4554,18,8.2,0.0,0
7FCI_HLA,7ZYI_HLA,7FCI_HLA,0,base_esmif_ar_t1,0.1692,2.9588,18,12.3,0.0,0
7FCI_HLA,7ZYI_HLA,7FCI_HLA,0,base_iglm,6.6102,6.9330,18,3.1,0.0,0
7FCI_HLA,7ZYI_HLA,7FCI_HLA,0,base_proteinmpnn,-1.0881,-0.0964,18,0.0,0.0,0
7FCI_HLA,7ZYI_HLA,7FCI_HLA,0,base_proteinmpnn_ar,-1.5465,0.0533,18,7.9,7.2,0
7FCI_HLA,7ZYI_HLA,7FCI_HLA,0,base_proteinmpnn_ar_t1,-0.0762,1.9300,18,9.2,8.7,0
7FCI_HLA,7ZYI_HLA,7FCI_HLA,0,base_rfantibody,6.4146,8.1211,6,481.1,0.0,0
7FCI_HLA,7ZYI_HLA,7FCI_HLA,0,grad_diffusion,-2.7807,-1.5025,18,29.7,18.8,0
7FCI_HLA,7ZYI_HLA,7FCI_HLA,0,obj_mint,0.1521,1.1317,6,182.4,164.9,534
7FCI_HLA,7ZYI_HLA,7FCI_HLA,0,obj_wt,-1.1251,-0.0705,6,25.2,15.7,535
7FCI_HLA,7ZYI_HLA,7FCI_HLA,0,ours_abmpnn_live,-1.2478,0.3061,18,108.9,96.6,534
7FCI_HLA,7ZYI_HLA,7FCI_HLA,0,ours_abmpnn_npz,-0.5788,0.7910,18,107.2,95.2,540
7FCI_HLA,7ZYI_HLA,7FCI_HLA,0,ours_antifold,-1.5303,0.4859,18,109.6,97.6,553
7FCI_HLA,7ZYI_HLA,7FCI_HLA,0,ours_diffusion,0.3314,2.7589,18,112.8,100.6,575
7FCI_HLA,7ZYI_HLA,7FCI_HLA,0,ours_esmif,-1.1798,1.4365,18,112.8,100.6,570
7FCI_HLA,7ZYI_HLA,7FCI_HLA,0,ours_proteinmpnn,-1.2029,0.8345,18,113.3,101.1,577
7FCI_HLA,7ZYI_HLA,7FCI_HLA,0,ours_proteinmpnn_live,-1.3151,0.7576,18,114.0,101.4,562
7FCI_HLA,7ZYI_HLA,7FCI_HLA,0,rand_base_abmpnn_ar,-0.1080,2.9473,18,,,
7FCI_HLA,7ZYI_HLA,7FCI_HLA,0,rand_base_antifold,-0.9666,2.7950,18,,,
7FCI_HLA,7ZYI_HLA,7FCI_HLA,0,rand_base_proteinmpnn_ar,1.8747,4.8637,18,,,
7FCI_HLA,7ZYI_HLA,7FCI_HLA,0,rand_ours_abmpnn_live,-0.7149,3.8778,18,,,
7FCI_HLA,7ZYI_HLA,7FCI_HLA,0,rand_ours_antifold,1.2700,4.9869,18,,,
7FCI_HLA,7ZYI_HLA,7FCI_HLA,0,rand_ours_proteinmpnn_live,2.7974,5.6557,18,,,
7JLK_HLB,7JLK_HLB,7JLK_HLB,1,base_abmpnn_ar,-0.6794,0.0598,18,6.1,5.0,0
7JLK_HLB,7JLK_HLB,7JLK_HLB,1,base_abmpnn_ar_t1,-0.4443,0.5244,18,5.9,5.6,0
7JLK_HLB,7JLK_HLB,7JLK_HLB,1,base_abmpnn_npz,-0.7639,-0.2032,18,0.0,0.0,0
7JLK_HLB,7JLK_HLB,7JLK_HLB,1,base_antifold,-0.6949,-0.5123,18,0.0,0.0,0
7JLK_HLB,7JLK_HLB,7JLK_HLB,1,base_antifold_t1,-0.6830,-0.1236,18,0.9,0.0,0
7JLK_HLB,7JLK_HLB,7JLK_HLB,1,base_diffab,-0.1460,1.4450,18,14.1,0.0,0
7JLK_HLB,7JLK_HLB,7JLK_HLB,1,base_diffusion,1.3467,2.5347,18,25.0,15.6,0
7JLK_HLB,7JLK_HLB,7JLK_HLB,1,base_diffusion_s,1.2632,2.5488,12,24.8,16.3,105
7JLK_HLB,7JLK_HLB,7JLK_HLB,1,base_esmif,-0.1480,1.9822,18,0.0,0.0,0
7JLK_HLB,7JLK_HLB,7JLK_HLB,1,base_esmif_ar,1.8472,2.4631,18,8.0,0.0,0
7JLK_HLB,7JLK_HLB,7JLK_HLB,1,base_esmif_ar_t1,0.0945,1.7390,18,7.3,0.0,0
7JLK_HLB,7JLK_HLB,7JLK_HLB,1,base_iglm,2.3318,2.7378,18,2.3,0.0,0
7JLK_HLB,7JLK_HLB,7JLK_HLB,1,base_proteinmpnn,0.4657,0.8309,18,0.0,0.0,0
7JLK_HLB,7JLK_HLB,7JLK_HLB,1,base_proteinmpnn_ar,-0.1254,0.7769,18,5.7,4.7,0
7JLK_HLB,7JLK_HLB,7JLK_HLB,1,base_proteinmpnn_ar_t1,0.1493,1.2787,18,6.3,5.8,0
7JLK_HLB,7JLK_HLB,7JLK_HLB,1,base_rfantibody,2.3790,3.2292,6,355.9,0.0,0
7JLK_HLB,7JLK_HLB,7JLK_HLB,1,grad_diffusion,0.0390,0.8269,18,24.8,15.4,0
7JLK_HLB,7JLK_HLB,7JLK_HLB,1,obj_mint,-0.8417,-0.1739,6,135.3,120.2,511
7JLK_HLB,7JLK_HLB,7JLK_HLB,1,obj_wt,-0.4457,0.0182,12,21.0,12.8,497
7JLK_HLB,7JLK_HLB,7JLK_HLB,1,ours_abmpnn_live,-0.5518,0.2325,18,89.3,79.0,513
7JLK_HLB,7JLK_HLB,7JLK_HLB,1,ours_abmpnn_npz,-0.7658,0.1368,18,89.0,78.7,524
7JLK_HLB,7JLK_HLB,7JLK_HLB,1,ours_antifold,-0.9216,-0.3432,18,84.3,74.2,489
7JLK_HLB,7JLK_HLB,7JLK_HLB,1,ours_diffusion,1.5489,2.6278,18,96.2,85.6,562
7JLK_HLB,7JLK_HLB,7JLK_HLB,1,ours_esmif,-0.3187,1.3399,18,87.8,77.8,507
7JLK_HLB,7JLK_HLB,7JLK_HLB,1,ours_proteinmpnn,0.1306,0.8302,18,91.9,81.3,537
7JLK_HLB,7JLK_HLB,7JLK_HLB,1,ours_proteinmpnn_live,-0.4198,0.7661,18,94.1,83.4,550
7JLK_HLB,7JLK_HLB,7JLK_HLB,1,rand_base_abmpnn_ar,-0.3132,1.1203,18,,,
7JLK_HLB,7JLK_HLB,7JLK_HLB,1,rand_base_antifold,0.1575,0.8635,18,,,
7JLK_HLB,7JLK_HLB,7JLK_HLB,1,rand_base_proteinmpnn_ar,-0.8082,1.4723,18,,,
7JLK_HLB,7JLK_HLB,7JLK_HLB,1,rand_ours_abmpnn_live,0.3493,1.5386,18,,,
7JLK_HLB,7JLK_HLB,7JLK_HLB,1,rand_ours_antifold,0.0037,1.0602,18,,,
7JLK_HLB,7JLK_HLB,7JLK_HLB,1,rand_ours_proteinmpnn_live,1.0552,1.8636,18,,,
7JN5_HLF,7JN5_HLF,8CWJ_HLG,0,base_abmpnn_ar,-1.4281,-0.2984,18,8.0,6.9,0
7JN5_HLF,7JN5_HLF,8CWJ_HLG,0,base_abmpnn_ar_t1,-1.1678,0.5930,18,7.9,7.5,0
7JN5_HLF,7JN5_HLF,8CWJ_HLG,0,base_abmpnn_npz,-0.7790,-0.2606,18,0.0,0.0,0
7JN5_HLF,7JN5_HLF,8CWJ_HLG,0,base_antifold,-0.8864,0.1296,18,0.0,0.0,0
7JN5_HLF,7JN5_HLF,8CWJ_HLG,0,base_antifold_t1,-0.1695,0.7013,18,0.7,0.0,0
7JN5_HLF,7JN5_HLF,8CWJ_HLG,0,base_diffab,2.3438,4.8871,18,13.6,0.0,0
7JN5_HLF,7JN5_HLF,8CWJ_HLG,0,base_diffusion,7.1186,8.0286,18,23.0,13.4,0
7JN5_HLF,7JN5_HLF,8CWJ_HLG,0,base_diffusion_s,1.1574,5.5978,12,22.4,13.7,84
7JN5_HLF,7JN5_HLF,8CWJ_HLG,0,base_esmif,-0.6568,0.0954,18,0.0,0.0,0
7JN5_HLF,7JN5_HLF,8CWJ_HLG,0,base_esmif_ar,-1.3150,-0.0121,18,11.0,0.0,0
7JN5_HLF,7JN5_HLF,8CWJ_HLG,0,base_esmif_ar_t1,-2.1870,0.0868,18,6.8,0.0,0
7JN5_HLF,7JN5_HLF,8CWJ_HLG,0,base_iglm,8.9856,9.4465,18,2.2,0.0,0
7JN5_HLF,7JN5_HLF,8CWJ_HLG,0,base_proteinmpnn,-2.4077,-1.4079,18,0.0,0.0,0
7JN5_HLF,7JN5_HLF,8CWJ_HLG,0,base_proteinmpnn_ar,-2.3075,-1.2255,18,6.9,6.3,0
7JN5_HLF,7JN5_HLF,8CWJ_HLG,0,base_proteinmpnn_ar_t1,-1.3374,0.7173,18,8.4,7.6,0
7JN5_HLF,7JN5_HLF,8CWJ_HLG,0,grad_diffusion,0.2434,1.3857,18,23.0,13.3,0
7JN5_HLF,7JN5_HLF,8CWJ_HLG,0,obj_mint,-0.3014,0.9664,6,125.8,110.6,389
7JN5_HLF,7JN5_HLF,8CWJ_HLG,0,obj_wt,-1.1370,-0.1599,6,18.1,10.2,384
7JN5_HLF,7JN5_HLF,8CWJ_HLG,0,ours_abmpnn_live,-1.0562,-0.0663,18,73.9,63.4,398
7JN5_HLF,7JN5_HLF,8CWJ_HLG,0,ours_abmpnn_npz,-1.1382,0.1165,18,72.1,61.9,399
7JN5_HLF,7JN5_HLF,8CWJ_HLG,0,ours_antifold,-1.3778,0.2104,18,71.4,61.2,386
7JN5_HLF,7JN5_HLF,8CWJ_HLG,0,ours_diffusion,2.0252,4.3494,18,78.4,67.9,437
7JN5_HLF,7JN5_HLF,8CWJ_HLG,0,ours_esmif,-1.2023,-0.2296,18,72.3,62.2,392
7JN5_HLF,7JN5_HLF,8CWJ_HLG,0,ours_proteinmpnn,-2.4277,-0.8420,18,75.0,64.7,417
7JN5_HLF,7JN5_HLF,8CWJ_HLG,0,ours_proteinmpnn_live,-1.7444,-0.5454,18,77.2,66.7,418
7JN5_HLF,7JN5_HLF,8CWJ_HLG,0,rand_base_abmpnn_ar,0.5040,3.2121,18,,,
7JN5_HLF,7JN5_HLF,8CWJ_HLG,0,rand_base_antifold,1.4581,2.9030,18,,,
7JN5_HLF,7JN5_HLF,8CWJ_HLG,0,rand_base_proteinmpnn_ar,0.2691,4.8581,18,,,
7JN5_HLF,7JN5_HLF,8CWJ_HLG,0,rand_ours_abmpnn_live,0.1990,3.3551,18,,,
7JN5_HLF,7JN5_HLF,8CWJ_HLG,0,rand_ours_antifold,1.7003,4.2886,18,,,
7JN5_HLF,7JN5_HLF,8CWJ_HLG,0,rand_ours_proteinmpnn_live,1.5072,5.2020,18,,,
7K7I_PQD,7K7I_PQD,7K7I_PQD,0,base_abmpnn_ar,-0.8379,0.6885,18,4.3,3.7,0
7K7I_PQD,7K7I_PQD,7K7I_PQD,0,base_abmpnn_ar_t1,-0.1804,2.1524,18,5.4,4.5,0
7K7I_PQD,7K7I_PQD,7K7I_PQD,0,base_abmpnn_npz,-1.4148,-0.1210,18,0.0,0.0,0
7K7I_PQD,7K7I_PQD,7K7I_PQD,0,base_antifold,-0.9496,0.0931,18,0.0,0.0,0
7K7I_PQD,7K7I_PQD,7K7I_PQD,0,base_antifold_t1,-1.5625,0.7599,18,0.8,0.0,0
7K7I_PQD,7K7I_PQD,7K7I_PQD,0,base_diffab,2.0672,5.6265,18,12.6,0.0,0
7K7I_PQD,7K7I_PQD,7K7I_PQD,0,base_diffusion,6.5589,7.5766,18,22.8,13.4,0
7K7I_PQD,7K7I_PQD,7K7I_PQD,0,base_diffusion_s,5.7293,8.6083,12,22.7,14.8,98
7K7I_PQD,7K7I_PQD,7K7I_PQD,0,base_esmif,2.5977,4.3282,18,0.0,0.0,0
7K7I_PQD,7K7I_PQD,7K7I_PQD,0,base_esmif_ar,3.1542,4.8903,18,6.5,0.0,0
7K7I_PQD,7K7I_PQD,7K7I_PQD,0,base_esmif_ar_t1,0.6576,3.9997,18,6.1,0.0,0
7K7I_PQD,7K7I_PQD,7K7I_PQD,0,base_iglm,9.3078,9.7222,18,1.7,0.0,0
7K7I_PQD,7K7I_PQD,7K7I_PQD,0,base_proteinmpnn,0.3832,2.1661,18,0.0,0.0,0
7K7I_PQD,7K7I_PQD,7K7I_PQD,0,base_proteinmpnn_ar,0.6288,2.3910,18,4.6,3.6,0
7K7I_PQD,7K7I_PQD,7K7I_PQD,0,base_proteinmpnn_ar_t1,0.7076,4.2939,18,4.9,4.4,0
7K7I_PQD,7K7I_PQD,7K7I_PQD,0,grad_diffusion,-0.1508,0.8673,18,22.9,13.5,0
7K7I_PQD,7K7I_PQD,7K7I_PQD,0,obj_wt,-1.7835,-0.6336,6,19.4,11.7,461
7K7I_PQD,7K7I_PQD,7K7I_PQD,0,ours_abmpnn_live,-0.8437,0.7909,18,82.9,72.5,480
7K7I_PQD,7K7I_PQD,7K7I_PQD,0,ours_abmpnn_npz,-1.1605,-0.0890,18,83.2,73.1,484
7K7I_PQD,7K7I_PQD,7K7I_PQD,0,ours_antifold,-1.3298,-0.0458,18,80.1,70.2,467
7K7I_PQD,7K7I_PQD,7K7I_PQD,0,ours_diffusion,3.4937,6.1548,18,87.8,77.5,526
7K7I_PQD,7K7I_PQD,7K7I_PQD,0,ours_esmif,0.3917,2.4634,18,85.8,75.4,497
7K7I_PQD,7K7I_PQD,7K7I_PQD,0,ours_proteinmpnn,-0.5726,2.2576,18,91.0,80.7,534
7K7I_PQD,7K7I_PQD,7K7I_PQD,0,ours_proteinmpnn_live,-0.3730,1.9219,18,90.2,79.8,520
7K7I_PQD,7K7I_PQD,7K7I_PQD,0,rand_base_abmpnn_ar,1.3857,5.2374,18,,,
7K7I_PQD,7K7I_PQD,7K7I_PQD,0,rand_base_antifold,0.0352,3.3931,18,,,
7K7I_PQD,7K7I_PQD,7K7I_PQD,0,rand_base_proteinmpnn_ar,4.4473,7.7040,18,,,
7K7I_PQD,7K7I_PQD,7K7I_PQD,0,rand_ours_abmpnn_live,0.7290,5.9144,18,,,
7K7I_PQD,7K7I_PQD,7K7I_PQD,0,rand_ours_antifold,1.1470,4.6723,18,,,
7K7I_PQD,7K7I_PQD,7K7I_PQD,0,rand_ours_proteinmpnn_live,4.1018,7.3996,18,,,
7LKF_HLA,7LKF_HLA,7LKF_HLA,0,base_abmpnn_ar,0.0574,0.3599,18,7.0,6.3,0
7LKF_HLA,7LKF_HLA,7LKF_HLA,0,base_abmpnn_ar_t1,-0.2026,1.2021,18,7.1,6.6,0
7LKF_HLA,7LKF_HLA,7LKF_HLA,0,base_abmpnn_npz,-0.2175,0.4432,18,0.0,0.0,0
7LKF_HLA,7LKF_HLA,7LKF_HLA,0,base_antifold,0.2622,1.1818,18,0.0,0.0,0
7LKF_HLA,7LKF_HLA,7LKF_HLA,0,base_antifold_t1,0.2380,3.5374,18,0.7,0.0,0
7LKF_HLA,7LKF_HLA,7LKF_HLA,0,base_diffab,5.1948,8.3339,18,14.0,0.0,0
7LKF_HLA,7LKF_HLA,7LKF_HLA,0,base_diffusion,4.6043,6.3834,18,29.6,18.0,0
7LKF_HLA,7LKF_HLA,7LKF_HLA,0,base_esmif,1.1171,2.3664,18,0.0,0.0,0
7LKF_HLA,7LKF_HLA,7LKF_HLA,0,base_esmif_ar,1.5911,3.4662,18,6.6,0.0,0
7LKF_HLA,7LKF_HLA,7LKF_HLA,0,base_esmif_ar_t1,2.2678,5.0465,18,7.2,0.0,0
7LKF_HLA,7LKF_HLA,7LKF_HLA,0,base_iglm,9.6906,10.4253,12,2.1,0.0,0
7LKF_HLA,7LKF_HLA,7LKF_HLA,0,base_proteinmpnn,-0.0090,1.1110,18,0.0,0.0,0
7LKF_HLA,7LKF_HLA,7LKF_HLA,0,base_proteinmpnn_ar,0.7915,2.4652,18,6.2,5.6,0
7LKF_HLA,7LKF_HLA,7LKF_HLA,0,base_proteinmpnn_ar_t1,1.0931,5.6153,18,7.5,6.9,0
7LKF_HLA,7LKF_HLA,7LKF_HLA,0,grad_diffusion,1.7038,2.1881,18,29.8,18.1,0
7LKF_HLA,7LKF_HLA,7LKF_HLA,0,obj_mint,2.9956,3.7048,6,199.3,180.6,433
7LKF_HLA,7LKF_HLA,7LKF_HLA,0,obj_wt,0.8990,2.4642,6,23.6,13.9,421
7LKF_HLA,7LKF_HLA,7LKF_HLA,0,ours_abmpnn_live,-0.1716,0.7238,18,96.5,84.1,426
7LKF_HLA,7LKF_HLA,7LKF_HLA,0,ours_abmpnn_npz,0.0467,1.4484,18,98.3,85.9,445
7LKF_HLA,7LKF_HLA,7LKF_HLA,0,ours_antifold,0.5768,2.4724,18,97.7,85.4,436
7LKF_HLA,7LKF_HLA,7LKF_HLA,0,ours_diffusion,3.1998,6.4653,18,106.0,93.2,487
7LKF_HLA,7LKF_HLA,7LKF_HLA,0,ours_esmif,1.0474,3.3582,18,102.9,90.4,471
7LKF_HLA,7LKF_HLA,7LKF_HLA,0,ours_proteinmpnn,0.5765,3.1109,18,108.1,95.5,497
7LKF_HLA,7LKF_HLA,7LKF_HLA,0,ours_proteinmpnn_live,1.5073,3.4217,18,108.7,95.7,489
7LKF_HLA,7LKF_HLA,7LKF_HLA,0,rand_base_abmpnn_ar,0.3045,2.1061,18,,,
7LKF_HLA,7LKF_HLA,7LKF_HLA,0,rand_base_antifold,0.3397,3.0274,18,,,
7LKF_HLA,7LKF_HLA,7LKF_HLA,0,rand_base_proteinmpnn_ar,2.3129,7.0683,18,,,
7LKF_HLA,7LKF_HLA,7LKF_HLA,0,rand_ours_abmpnn_live,0.8461,2.8903,18,,,
7LKF_HLA,7LKF_HLA,7LKF_HLA,0,rand_ours_antifold,1.6653,5.2535,18,,,
7LKF_HLA,7LKF_HLA,7LKF_HLA,0,rand_ours_proteinmpnn_live,3.4986,7.8259,18,,,
7LUE_HLA,7LUE_HLA,7LUE_HLA,0,base_abmpnn_ar,-0.1394,1.1365,18,9.3,8.4,0
7LUE_HLA,7LUE_HLA,7LUE_HLA,0,base_abmpnn_ar_t1,-0.4377,1.8399,18,8.2,7.7,0
7LUE_HLA,7LUE_HLA,7LUE_HLA,0,base_abmpnn_npz,1.3205,1.6791,18,0.0,0.0,0
7LUE_HLA,7LUE_HLA,7LUE_HLA,0,base_antifold,1.3946,2.2929,18,0.0,0.0,0
7LUE_HLA,7LUE_HLA,7LUE_HLA,0,base_antifold_t1,0.9113,3.1508,18,1.0,0.0,0
7LUE_HLA,7LUE_HLA,7LUE_HLA,0,base_diffab,3.7267,7.2283,18,14.7,0.0,0
7LUE_HLA,7LUE_HLA,7LUE_HLA,0,base_diffusion,10.4518,13.5844,18,28.7,17.5,0
7LUE_HLA,7LUE_HLA,7LUE_HLA,0,base_esmif,0.2107,1.2195,18,0.0,0.0,0
7LUE_HLA,7LUE_HLA,7LUE_HLA,0,base_esmif_ar,-0.0095,0.9445,18,10.0,0.0,0
7LUE_HLA,7LUE_HLA,7LUE_HLA,0,base_esmif_ar_t1,0.0821,2.5363,18,7.3,0.0,0
7LUE_HLA,7LUE_HLA,7LUE_HLA,0,base_iglm,8.8390,9.0931,12,2.0,0.0,0
7LUE_HLA,7LUE_HLA,7LUE_HLA,0,base_proteinmpnn,1.5261,2.2621,18,0.0,0.0,0
7LUE_HLA,7LUE_HLA,7LUE_HLA,0,base_proteinmpnn_ar,1.0199,2.5283,18,7.3,6.5,0
7LUE_HLA,7LUE_HLA,7LUE_HLA,0,base_proteinmpnn_ar_t1,0.9818,3.2129,18,8.2,7.8,0
7LUE_HLA,7LUE_HLA,7LUE_HLA,0,grad_diffusion,1.1707,3.5062,18,28.3,17.4,0
7LUE_HLA,7LUE_HLA,7LUE_HLA,0,obj_mint,2.2427,3.8021,6,155.4,138.7,461
7LUE_HLA,7LUE_HLA,7LUE_HLA,0,obj_wt,1.7371,3.0726,6,22.2,13.3,463
7LUE_HLA,7LUE_HLA,7LUE_HLA,0,ours_abmpnn_live,-1.2225,1.4868,18,91.3,79.7,448
7LUE_HLA,7LUE_HLA,7LUE_HLA,0,ours_abmpnn_npz,-1.4226,0.9316,18,90.4,79.0,455
7LUE_HLA,7LUE_HLA,7LUE_HLA,0,ours_antifold,0.1695,2.1500,18,92.8,80.7,461
7LUE_HLA,7LUE_HLA,7LUE_HLA,0,ours_diffusion,5.7357,8.7252,18,102.2,90.6,520
7LUE_HLA,7LUE_HLA,7LUE_HLA,0,ours_esmif,-0.9003,1.5410,18,97.2,85.5,489
7LUE_HLA,7LUE_HLA,7LUE_HLA,0,ours_proteinmpnn,-0.5754,2.0315,18,98.9,87.1,500
7LUE_HLA,7LUE_HLA,7LUE_HLA,0,ours_proteinmpnn_live,0.3538,2.5513,18,100.4,88.4,501
7LUE_HLA,7LUE_HLA,7LUE_HLA,0,rand_base_abmpnn_ar,-0.7642,2.0033,18,,,
7LUE_HLA,7LUE_HLA,7LUE_HLA,0,rand_base_antifold,0.4593,4.0485,18,,,
7LUE_HLA,7LUE_HLA,7LUE_HLA,0,rand_base_proteinmpnn_ar,2.0127,7.1095,18,,,
7LUE_HLA,7LUE_HLA,7LUE_HLA,0,rand_ours_abmpnn_live,0.4239,3.5081,18,,,
7LUE_HLA,7LUE_HLA,7LUE_HLA,0,rand_ours_antifold,-1.0374,4.7022,18,,,
7LUE_HLA,7LUE_HLA,7LUE_HLA,0,rand_ours_proteinmpnn_live,3.1234,7.7865,18,,,
7M8J_HLA,7E8F_HLA,7M8J_HLA,0,base_abmpnn_ar,-0.7973,-0.3183,18,5.6,4.8,0
7M8J_HLA,7E8F_HLA,7M8J_HLA,0,base_abmpnn_ar_t1,-0.7123,1.4059,18,6.5,5.9,0
7M8J_HLA,7E8F_HLA,7M8J_HLA,0,base_abmpnn_npz,-0.9446,-0.5758,18,0.0,0.0,0
7M8J_HLA,7E8F_HLA,7M8J_HLA,0,base_antifold,-0.4176,0.4081,18,0.0,0.0,0
7M8J_HLA,7E8F_HLA,7M8J_HLA,0,base_antifold_t1,-0.2257,0.7401,18,1.7,0.0,0
7M8J_HLA,7E8F_HLA,7M8J_HLA,0,base_diffusion,4.2673,5.7076,18,24.4,14.7,0
7M8J_HLA,7E8F_HLA,7M8J_HLA,0,base_diffusion_s,3.9924,5.6718,12,23.5,15.1,98
7M8J_HLA,7E8F_HLA,7M8J_HLA,0,base_esmif,-0.8696,-0.0890,18,0.0,0.0,0
7M8J_HLA,7E8F_HLA,7M8J_HLA,0,base_esmif_ar,-1.0885,0.2502,18,6.6,0.0,0
7M8J_HLA,7E8F_HLA,7M8J_HLA,0,base_esmif_ar_t1,0.0949,1.7228,18,6.7,0.0,0
7M8J_HLA,7E8F_HLA,7M8J_HLA,0,base_proteinmpnn,1.1518,1.7810,18,0.0,0.0,0
7M8J_HLA,7E8F_HLA,7M8J_HLA,0,base_proteinmpnn_ar,-0.4898,0.4676,18,5.4,4.7,0
7M8J_HLA,7E8F_HLA,7M8J_HLA,0,base_proteinmpnn_ar_t1,0.5006,2.8688,18,6.5,5.9,0
7M8J_HLA,7E8F_HLA,7M8J_HLA,0,grad_diffusion,1.2593,1.8040,18,24.4,14.8,0
7M8J_HLA,7E8F_HLA,7M8J_HLA,0,obj_mint,-0.4257,0.7416,6,134.9,119.1,456
7M8J_HLA,7E8F_HLA,7M8J_HLA,0,obj_wt,0.0469,0.3653,6,19.3,11.6,460
7M8J_HLA,7E8F_HLA,7M8J_HLA,0,ours_abmpnn_live,-1.1276,0.1239,18,83.7,73.2,476
7M8J_HLA,7E8F_HLA,7M8J_HLA,0,ours_abmpnn_npz,-0.8282,0.0122,18,82.0,71.9,480
7M8J_HLA,7E8F_HLA,7M8J_HLA,0,ours_antifold,-0.3126,0.7610,18,79.3,69.2,457
7M8J_HLA,7E8F_HLA,7M8J_HLA,0,ours_diffusion,3.6544,5.1496,18,88.6,78.2,521
7M8J_HLA,7E8F_HLA,7M8J_HLA,0,ours_esmif,-0.4420,0.7838,18,86.2,76.0,504
7M8J_HLA,7E8F_HLA,7M8J_HLA,0,ours_proteinmpnn,0.2250,1.5963,18,87.2,77.0,514
7M8J_HLA,7E8F_HLA,7M8J_HLA,0,ours_proteinmpnn_live,0.1046,1.4861,18,93.0,82.4,537
7M8J_HLA,7E8F_HLA,7M8J_HLA,0,rand_base_abmpnn_ar,0.4469,2.0801,18,,,
7M8J_HLA,7E8F_HLA,7M8J_HLA,0,rand_base_antifold,-0.2650,1.7815,18,,,
7M8J_HLA,7E8F_HLA,7M8J_HLA,0,rand_base_proteinmpnn_ar,1.4212,4.4132,18,,,
7M8J_HLA,7E8F_HLA,7M8J_HLA,0,rand_ours_abmpnn_live,0.7257,2.8512,18,,,
7M8J_HLA,7E8F_HLA,7M8J_HLA,0,rand_ours_antifold,1.0457,3.3494,18,,,
7M8J_HLA,7E8F_HLA,7M8J_HLA,0,rand_ours_proteinmpnn_live,3.1110,5.4383,18,,,
7MGW_BCA,7MGW_BCA,7MGW_BCA,0,base_abmpnn_ar,-2.8559,-1.9240,18,8.7,8.1,0
7MGW_BCA,7MGW_BCA,7MGW_BCA,0,base_abmpnn_ar_t1,-2.1295,0.1416,18,9.9,9.3,0
7MGW_BCA,7MGW_BCA,7MGW_BCA,0,base_abmpnn_npz,-1.7302,-0.8954,18,0.0,0.0,0
7MGW_BCA,7MGW_BCA,7MGW_BCA,0,base_antifold,-1.9672,-1.1951,18,0.0,0.0,0
7MGW_BCA,7MGW_BCA,7MGW_BCA,0,base_antifold_t1,-2.9393,-0.4721,18,1.1,0.0,0
7MGW_BCA,7MGW_BCA,7MGW_BCA,0,base_diffab,2.0208,5.9526,18,14.6,0.0,0
7MGW_BCA,7MGW_BCA,7MGW_BCA,0,base_diffusion,9.6455,10.4914,18,28.8,17.9,0
7MGW_BCA,7MGW_BCA,7MGW_BCA,0,base_diffusion_s,6.9527,10.5281,12,27.5,17.9,98
7MGW_BCA,7MGW_BCA,7MGW_BCA,0,base_esmif,-0.5154,0.6472,18,0.0,0.0,0
7MGW_BCA,7MGW_BCA,7MGW_BCA,0,base_esmif_ar,-0.9338,2.0493,18,7.9,0.0,0
7MGW_BCA,7MGW_BCA,7MGW_BCA,0,base_esmif_ar_t1,-0.3593,2.3302,18,8.5,0.0,0
7MGW_BCA,7MGW_BCA,7MGW_BCA,0,base_iglm,12.7327,12.9984,18,2.3,0.0,0
7MGW_BCA,7MGW_BCA,7MGW_BCA,0,base_proteinmpnn,-0.5620,0.7573,18,0.0,0.0,0
7MGW_BCA,7MGW_BCA,7MGW_BCA,0,base_proteinmpnn_ar,-0.9679,0.0369,18,8.6,7.7,0
7MGW_BCA,7MGW_BCA,7MGW_BCA,0,base_proteinmpnn_ar_t1,-0.1748,3.0875,18,9.5,8.9,0
7MGW_BCA,7MGW_BCA,7MGW_BCA,0,grad_diffusion,-1.7674,-1.4393,18,29.3,18.2,0
7MGW_BCA,7MGW_BCA,7MGW_BCA,0,obj_wt,-1.9480,-1.3392,6,22.9,13.7,447
7MGW_BCA,7MGW_BCA,7MGW_BCA,0,ours_abmpnn_live,-4.6193,-1.4813,18,100.7,88.3,478
7MGW_BCA,7MGW_BCA,7MGW_BCA,0,ours_abmpnn_npz,-3.3621,-1.7862,18,96.8,84.6,469
7MGW_BCA,7MGW_BCA,7MGW_BCA,0,ours_antifold,-2.5199,-1.6968,18,94.7,82.8,457
7MGW_BCA,7MGW_BCA,7MGW_BCA,0,ours_diffusion,0.5390,5.4492,18,103.7,90.9,510
7MGW_BCA,7MGW_BCA,7MGW_BCA,0,ours_esmif,-1.5438,0.7936,18,107.9,95.8,527
7MGW_BCA,7MGW_BCA,7MGW_BCA,0,ours_proteinmpnn,-4.7802,-0.0981,18,107.6,95.4,528
7MGW_BCA,7MGW_BCA,7MGW_BCA,0,ours_proteinmpnn_live,-1.8613,0.6214,18,105.9,93.6,510
7MGW_BCA,7MGW_BCA,7MGW_BCA,0,rand_base_abmpnn_ar,3.4212,6.1901,18,,,
7MGW_BCA,7MGW_BCA,7MGW_BCA,0,rand_base_antifold,1.2607,4.5893,18,,,
7MGW_BCA,7MGW_BCA,7MGW_BCA,0,rand_base_proteinmpnn_ar,3.7637,7.9238,18,,,
7MGW_BCA,7MGW_BCA,7MGW_BCA,0,rand_ours_abmpnn_live,1.0281,6.5171,18,,,
7MGW_BCA,7MGW_BCA,7MGW_BCA,0,rand_ours_antifold,2.1631,5.9500,18,,,
7MGW_BCA,7MGW_BCA,7MGW_BCA,0,rand_ours_proteinmpnn_live,5.0451,8.5981,18,,,
7MZK_HLA,7WVL_HLF,5IF0_HLG,1,base_abmpnn_ar,-0.4809,0.0923,18,7.9,7.3,0
7MZK_HLA,7WVL_HLF,5IF0_HLG,1,base_abmpnn_ar_t1,-0.1362,0.4273,18,8.5,7.8,0
7MZK_HLA,7WVL_HLF,5IF0_HLG,1,base_abmpnn_npz,-0.0103,1.5826,18,0.0,0.0,0
7MZK_HLA,7WVL_HLF,5IF0_HLG,1,base_antifold,2.0521,2.7693,18,0.0,0.0,0
7MZK_HLA,7WVL_HLF,5IF0_HLG,1,base_antifold_t1,0.4770,2.5410,18,1.1,0.0,0
7MZK_HLA,7WVL_HLF,5IF0_HLG,1,base_diffab,0.3982,4.0617,18,13.8,0.0,0
7MZK_HLA,7WVL_HLF,5IF0_HLG,1,base_diffusion,2.4752,4.3911,18,26.6,16.7,0
7MZK_HLA,7WVL_HLF,5IF0_HLG,1,base_diffusion_s,1.7060,3.8708,12,25.9,17.0,105
7MZK_HLA,7WVL_HLF,5IF0_HLG,1,base_esmif,0.0951,0.4297,18,0.0,0.0,0
7MZK_HLA,7WVL_HLF,5IF0_HLG,1,base_esmif_ar,-0.0714,0.4509,18,7.6,0.0,0
7MZK_HLA,7WVL_HLF,5IF0_HLG,1,base_esmif_ar_t1,0.1771,0.8356,18,7.9,0.0,0
7MZK_HLA,7WVL_HLF,5IF0_HLG,1,base_iglm,5.5733,6.0809,18,2.5,0.0,0
7MZK_HLA,7WVL_HLF,5IF0_HLG,1,base_proteinmpnn,1.1377,1.7099,18,0.0,0.0,0
7MZK_HLA,7WVL_HLF,5IF0_HLG,1,base_proteinmpnn_ar,0.0589,1.0360,18,7.3,6.5,0
7MZK_HLA,7WVL_HLF,5IF0_HLG,1,base_proteinmpnn_ar_t1,0.4710,1.7243,18,8.2,7.7,0
7MZK_HLA,7WVL_HLF,5IF0_HLG,1,grad_diffusion,1.3589,2.7071,18,26.6,16.7,0
7MZK_HLA,7WVL_HLF,5IF0_HLG,1,obj_mint,0.2023,1.7687,6,154.0,137.8,479
7MZK_HLA,7WVL_HLF,5IF0_HLG,1,obj_wt,-0.0689,2.1791,12,21.1,13.1,486
7MZK_HLA,7WVL_HLF,5IF0_HLG,1,ours_abmpnn_live,-0.2331,0.6524,18,90.9,80.0,495
7MZK_HLA,7WVL_HLF,5IF0_HLG,1,ours_abmpnn_npz,-0.1467,0.8343,18,89.7,78.9,496
7MZK_HLA,7WVL_HLF,5IF0_HLG,1,ours_antifold,-0.1254,1.8671,18,88.2,77.6,488
7MZK_HLA,7WVL_HLF,5IF0_HLG,1,ours_diffusion,2.6894,4.6035,18,97.9,87.1,554
7MZK_HLA,7WVL_HLF,5IF0_HLG,1,ours_esmif,0.0911,0.6773,18,91.7,81.0,512
7MZK_HLA,7WVL_HLF,5IF0_HLG,1,ours_proteinmpnn,-0.4472,1.1700,18,96.2,85.3,536
7MZK_HLA,7WVL_HLF,5IF0_HLG,1,ours_proteinmpnn_live,-0.1702,1.0631,18,98.8,87.7,543
7MZK_HLA,7WVL_HLF,5IF0_HLG,1,rand_base_abmpnn_ar,-0.0592,1.3567,18,,,
7MZK_HLA,7WVL_HLF,5IF0_HLG,1,rand_base_antifold,0.4915,2.5455,18,,,
7MZK_HLA,7WVL_HLF,5IF0_HLG,1,rand_base_proteinmpnn_ar,1.1975,3.3033,18,,,
7MZK_HLA,7WVL_HLF,5IF0_HLG,1,rand_ours_abmpnn_live,0.2555,1.9097,18,,,
7MZK_HLA,7WVL_HLF,5IF0_HLG,1,rand_ours_antifold,0.0800,2.1508,18,,,
7MZK_HLA,7WVL_HLF,5IF0_HLG,1,rand_ours_proteinmpnn_live,0.6642,3.3539,18,,,
7N0I_KE,7N0I_LG,7N0I_KE,0,base_abmpnn_ar,0.7940,1.2934,18,3.5,2.8,0
7N0I_KE,7N0I_LG,7N0I_KE,0,base_abmpnn_ar_t1,1.0327,3.0680,18,3.7,3.2,0
7N0I_KE,7N0I_LG,7N0I_KE,0,base_abmpnn_npz,0.9625,1.2638,18,0.0,0.0,0
7N0I_KE,7N0I_LG,7N0I_KE,0,base_antifold,4.0250,5.7631,18,0.0,0.0,0
7N0I_KE,7N0I_LG,7N0I_KE,0,base_antifold_t1,2.9901,5.2562,18,0.6,0.0,0
7N0I_KE,7N0I_LG,7N0I_KE,0,base_diffab,5.5371,8.1129,18,11.7,0.0,0
7N0I_KE,7N0I_LG,7N0I_KE,0,base_diffusion,6.9180,8.3519,18,27.6,18.1,0
7N0I_KE,7N0I_LG,7N0I_KE,0,base_diffusion_s,7.1983,9.4501,12,29.3,20.4,133
7N0I_KE,7N0I_LG,7N0I_KE,0,base_esmif,0.1182,0.4542,18,0.0,0.0,0
7N0I_KE,7N0I_LG,7N0I_KE,0,base_esmif_ar,-0.1505,0.3337,18,7.0,0.0,0
7N0I_KE,7N0I_LG,7N0I_KE,0,base_esmif_ar_t1,0.5345,1.7629,18,6.8,0.0,0
7N0I_KE,7N0I_LG,7N0I_KE,0,base_iglm,9.5244,9.9837,18,3.8,0.0,0
7N0I_KE,7N0I_LG,7N0I_KE,0,base_proteinmpnn,0.0932,0.6964,18,0.1,0.0,0
7N0I_KE,7N0I_LG,7N0I_KE,0,base_proteinmpnn_ar,0.1223,2.0795,18,3.6,2.5,0
7N0I_KE,7N0I_LG,7N0I_KE,0,base_proteinmpnn_ar_t1,2.5480,5.1490,18,3.3,3.1,0
7N0I_KE,7N0I_LG,7N0I_KE,0,grad_diffusion,3.6237,4.7610,18,28.0,18.3,0
7N0I_KE,7N0I_LG,7N0I_KE,0,obj_mint,2.8398,4.8414,6,134.6,120.6,717
7N0I_KE,7N0I_LG,7N0I_KE,0,obj_wt,4.0433,5.2366,6,27.1,18.2,708
7N0I_KE,7N0I_LG,7N0I_KE,0,ours_abmpnn_live,1.2136,1.9255,18,114.4,103.0,663
7N0I_KE,7N0I_LG,7N0I_KE,0,ours_abmpnn_npz,0.9830,1.8917,18,114.8,103.7,671
7N0I_KE,7N0I_LG,7N0I_KE,0,ours_antifold,2.8432,5.1444,18,120.7,109.4,716
7N0I_KE,7N0I_LG,7N0I_KE,0,ours_diffusion,4.9431,7.5177,18,119.2,108.2,723
7N0I_KE,7N0I_LG,7N0I_KE,0,ours_esmif,0.2624,1.1662,18,111.7,100.8,660
7N0I_KE,7N0I_LG,7N0I_KE,0,ours_proteinmpnn,1.0321,2.5453,18,121.0,109.8,719
7N0I_KE,7N0I_LG,7N0I_KE,0,ours_proteinmpnn_live,0.9939,2.9443,18,123.9,112.4,714
7N0I_KE,7N0I_LG,7N0I_KE,0,rand_base_abmpnn_ar,1.4699,4.1190,18,,,
7N0I_KE,7N0I_LG,7N0I_KE,0,rand_base_antifold,1.9220,4.9275,18,,,
7N0I_KE,7N0I_LG,7N0I_KE,0,rand_base_proteinmpnn_ar,1.4889,4.4724,18,,,
7N0I_KE,7N0I_LG,7N0I_KE,0,rand_ours_abmpnn_live,1.9822,5.0854,18,,,
7N0I_KE,7N0I_LG,7N0I_KE,0,rand_ours_antifold,3.2679,7.6781,18,,,
7N0I_KE,7N0I_LG,7N0I_KE,0,rand_ours_proteinmpnn_live,2.7684,5.7378,18,,,
7N4I_HLC,7WVL_HLF,7JWG_HLC,0,base_abmpnn_ar,-2.1933,-0.7642,18,7.1,6.3,0
7N4I_HLC,7WVL_HLF,7JWG_HLC,0,base_abmpnn_ar_t1,-1.9715,0.0576,18,8.3,7.7,0
7N4I_HLC,7WVL_HLF,7JWG_HLC,0,base_abmpnn_npz,-0.4425,-0.1121,18,0.0,0.0,0
7N4I_HLC,7WVL_HLF,7JWG_HLC,0,base_antifold,0.1805,1.2059,18,0.0,0.0,0
7N4I_HLC,7WVL_HLF,7JWG_HLC,0,base_antifold_t1,-1.2814,1.7372,18,1.9,0.0,0
7N4I_HLC,7WVL_HLF,7JWG_HLC,0,base_diffab,0.8733,3.7344,18,14.3,0.0,0
7N4I_HLC,7WVL_HLF,7JWG_HLC,0,base_diffusion,4.0002,4.9685,18,25.6,15.7,0
7N4I_HLC,7WVL_HLF,7JWG_HLC,0,base_esmif,-1.5536,-0.2925,18,0.0,0.0,0
7N4I_HLC,7WVL_HLF,7JWG_HLC,0,base_esmif_ar,-0.3467,-0.0278,18,15.6,0.0,0
7N4I_HLC,7WVL_HLF,7JWG_HLC,0,base_esmif_ar_t1,-1.0177,1.5497,18,8.3,0.0,0
7N4I_HLC,7WVL_HLF,7JWG_HLC,0,base_iglm,5.5870,5.9412,18,1.9,0.0,0
7N4I_HLC,7WVL_HLF,7JWG_HLC,0,base_proteinmpnn,0.1410,1.4740,18,0.0,0.0,0
7N4I_HLC,7WVL_HLF,7JWG_HLC,0,base_proteinmpnn_ar,0.6766,1.6869,18,7.1,6.3,0
7N4I_HLC,7WVL_HLF,7JWG_HLC,0,base_proteinmpnn_ar_t1,-0.0859,2.4400,18,8.3,7.8,0
7N4I_HLC,7WVL_HLF,7JWG_HLC,0,grad_diffusion,-1.5253,-0.8848,18,25.5,15.6,0
7N4I_HLC,7WVL_HLF,7JWG_HLC,0,obj_mint,-1.1370,1.1161,6,151.7,135.6,474
7N4I_HLC,7WVL_HLF,7JWG_HLC,0,obj_wt,-1.6331,0.0621,12,20.8,12.5,469
7N4I_HLC,7WVL_HLF,7JWG_HLC,0,ours_abmpnn_live,-1.9721,-0.0402,18,85.2,74.6,462
7N4I_HLC,7WVL_HLF,7JWG_HLC,0,ours_abmpnn_npz,-1.4863,-0.1762,18,81.9,71.3,450
7N4I_HLC,7WVL_HLF,7JWG_HLC,0,ours_antifold,-1.5794,0.0153,18,83.9,73.5,464
7N4I_HLC,7WVL_HLF,7JWG_HLC,0,ours_diffusion,1.7971,4.1676,18,92.0,81.4,512
7N4I_HLC,7WVL_HLF,7JWG_HLC,0,ours_esmif,-1.6215,-0.3130,18,85.3,74.9,472
7N4I_HLC,7WVL_HLF,7JWG_HLC,0,ours_proteinmpnn,-1.0389,1.0727,18,89.3,78.7,500
7N4I_HLC,7WVL_HLF,7JWG_HLC,0,ours_proteinmpnn_live,-0.7696,1.5523,18,91.6,80.7,504
7N4I_HLC,7WVL_HLF,7JWG_HLC,0,rand_base_abmpnn_ar,0.2294,1.6789,18,,,
7N4I_HLC,7WVL_HLF,7JWG_HLC,0,rand_base_antifold,1.6539,2.7494,18,,,
7N4I_HLC,7WVL_HLF,7JWG_HLC,0,rand_base_proteinmpnn_ar,2.7249,3.7015,18,,,
7N4I_HLC,7WVL_HLF,7JWG_HLC,0,rand_ours_abmpnn_live,-0.1682,2.5129,18,,,
7N4I_HLC,7WVL_HLF,7JWG_HLC,0,rand_ours_antifold,0.9216,2.7188,18,,,
7N4I_HLC,7WVL_HLF,7JWG_HLC,0,rand_ours_proteinmpnn_live,0.4337,3.5573,18,,,
7NKS_HLA,7NKS_HLA,7NKS_HLA,0,base_abmpnn_ar,-0.1888,0.1330,18,11.4,10.7,0
7NKS_HLA,7NKS_HLA,7NKS_HLA,0,base_abmpnn_ar_t1,-0.0830,0.8488,18,30.1,29.5,0
7NKS_HLA,7NKS_HLA,7NKS_HLA,0,base_abmpnn_npz,0.0000,0.2682,18,0.0,0.0,0
7NKS_HLA,7NKS_HLA,7NKS_HLA,0,base_antifold,1.2702,2.0962,18,0.0,0.0,0
7NKS_HLA,7NKS_HLA,7NKS_HLA,0,base_antifold_t1,0.0711,2.2784,18,1.2,0.0,0
7NKS_HLA,7NKS_HLA,7NKS_HLA,0,base_diffab,3.0729,5.1918,18,13.9,0.0,0
7NKS_HLA,7NKS_HLA,7NKS_HLA,0,base_diffusion,2.3183,6.2966,18,26.6,15.7,0
7NKS_HLA,7NKS_HLA,7NKS_HLA,0,base_diffusion_s,6.1430,8.2192,6,25.8,15.8,84
7NKS_HLA,7NKS_HLA,7NKS_HLA,0,base_esmif,1.6049,3.2525,18,0.0,0.0,0
7NKS_HLA,7NKS_HLA,7NKS_HLA,0,base_esmif_ar,0.7534,2.0370,18,7.6,0.0,0
7NKS_HLA,7NKS_HLA,7NKS_HLA,0,base_esmif_ar_t1,-0.5730,1.5614,18,12.4,0.0,0
7NKS_HLA,7NKS_HLA,7NKS_HLA,0,base_iglm,8.5061,9.0409,18,1.7,0.0,0
7NKS_HLA,7NKS_HLA,7NKS_HLA,0,base_proteinmpnn,0.6703,1.3184,18,0.0,0.0,0
7NKS_HLA,7NKS_HLA,7NKS_HLA,0,base_proteinmpnn_ar,0.8360,1.4875,18,9.2,8.1,0
7NKS_HLA,7NKS_HLA,7NKS_HLA,0,base_proteinmpnn_ar_t1,-0.1286,2.4253,18,10.3,9.9,0
7NKS_HLA,7NKS_HLA,7NKS_HLA,0,grad_diffusion,-0.8227,0.6647,18,26.7,15.8,0
7NKS_HLA,7NKS_HLA,7NKS_HLA,0,obj_mint,1.5512,2.2475,6,146.6,130.0,406
7NKS_HLA,7NKS_HLA,7NKS_HLA,0,obj_wt,0.5097,1.4021,6,20.7,11.8,386
7NKS_HLA,7NKS_HLA,7NKS_HLA,0,ours_abmpnn_live,-0.2141,0.5542,18,84.8,73.1,394
7NKS_HLA,7NKS_HLA,7NKS_HLA,0,ours_abmpnn_npz,-0.4945,0.5589,18,80.5,69.0,384
7NKS_HLA,7NKS_HLA,7NKS_HLA,0,ours_antifold,-1.0264,1.5409,18,84.6,73.0,398
7NKS_HLA,7NKS_HLA,7NKS_HLA,0,ours_diffusion,0.8530,3.8394,18,89.1,77.5,430
7NKS_HLA,7NKS_HLA,7NKS_HLA,0,ours_esmif,-0.2468,1.1952,18,84.5,73.1,399
7NKS_HLA,7NKS_HLA,7NKS_HLA,0,ours_proteinmpnn,-0.4791,1.2190,18,92.5,80.5,447
7NKS_HLA,7NKS_HLA,7NKS_HLA,0,ours_proteinmpnn_live,-0.0743,1.4533,18,91.6,79.6,433
7NKS_HLA,7NKS_HLA,7NKS_HLA,0,rand_base_abmpnn_ar,-0.1506,0.9418,18,,,
7NKS_HLA,7NKS_HLA,7NKS_HLA,0,rand_base_antifold,0.6229,3.1918,18,,,
7NKS_HLA,7NKS_HLA,7NKS_HLA,0,rand_base_proteinmpnn_ar,0.9783,2.7616,18,,,
7NKS_HLA,7NKS_HLA,7NKS_HLA,0,rand_ours_abmpnn_live,0.0641,2.3617,18,,,
7NKS_HLA,7NKS_HLA,7NKS_HLA,0,rand_ours_antifold,0.1249,3.2523,18,,,
7NKS_HLA,7NKS_HLA,7NKS_HLA,0,rand_ours_proteinmpnn_live,-0.2045,4.4185,18,,,
7NQK_BA,7NQK_BA,7NQK_BA,0,base_abmpnn_ar,-1.5637,-0.3732,18,8.7,8.0,0
7NQK_BA,7NQK_BA,7NQK_BA,0,base_abmpnn_ar_t1,0.7316,2.6888,18,10.0,9.3,0
7NQK_BA,7NQK_BA,7NQK_BA,0,base_abmpnn_npz,-1.1899,-0.4573,18,0.0,0.0,0
7NQK_BA,7NQK_BA,7NQK_BA,0,base_antifold,1.2919,3.1331,18,0.0,0.0,0
7NQK_BA,7NQK_BA,7NQK_BA,0,base_antifold_t1,2.9488,4.8866,18,1.6,0.0,0
7NQK_BA,7NQK_BA,7NQK_BA,0,base_diffab,2.4751,6.0136,18,14.0,0.0,0
7NQK_BA,7NQK_BA,7NQK_BA,0,base_diffusion,3.8980,5.5770,18,37.7,25.9,0
7NQK_BA,7NQK_BA,7NQK_BA,0,base_diffusion_s,5.9023,7.9437,12,35.6,25.6,140
7NQK_BA,7NQK_BA,7NQK_BA,0,base_esmif,0.2860,1.1440,18,0.0,0.0,0
7NQK_BA,7NQK_BA,7NQK_BA,0,base_esmif_ar,0.8047,2.3801,18,10.1,0.0,0
7NQK_BA,7NQK_BA,7NQK_BA,0,base_esmif_ar_t1,-0.2111,2.9522,18,11.0,0.0,0
7NQK_BA,7NQK_BA,7NQK_BA,0,base_iglm,10.4655,10.7468,18,1.7,0.0,0
7NQK_BA,7NQK_BA,7NQK_BA,0,base_proteinmpnn,-1.2688,-0.9909,18,0.0,0.0,0
7NQK_BA,7NQK_BA,7NQK_BA,0,base_proteinmpnn_ar,-1.2122,-0.0950,18,8.4,7.7,0
7NQK_BA,7NQK_BA,7NQK_BA,0,base_proteinmpnn_ar_t1,-1.3593,2.8497,18,9.8,9.2,0
7NQK_BA,7NQK_BA,7NQK_BA,0,grad_diffusion,1.3531,2.7795,18,37.8,26.1,0
7NQK_BA,7NQK_BA,7NQK_BA,0,obj_mint,2.6808,4.2559,6,266.4,246.7,767
7NQK_BA,7NQK_BA,7NQK_BA,0,obj_wt,2.6565,3.5948,6,34.7,23.7,775
7NQK_BA,7NQK_BA,7NQK_BA,0,ours_abmpnn_live,-1.3782,0.5994,18,157.9,143.6,760
7NQK_BA,7NQK_BA,7NQK_BA,0,ours_abmpnn_npz,-1.2622,0.4688,18,152.1,138.5,748
7NQK_BA,7NQK_BA,7NQK_BA,0,ours_antifold,2.1879,4.2891,18,157.3,143.5,780
7NQK_BA,7NQK_BA,7NQK_BA,0,ours_diffusion,3.5234,5.8711,18,155.7,142.0,776
7NQK_BA,7NQK_BA,7NQK_BA,0,ours_esmif,-0.5983,1.2944,18,153.7,140.0,759
7NQK_BA,7NQK_BA,7NQK_BA,0,ours_proteinmpnn,-1.7511,0.4733,18,153.6,140.2,760
7NQK_BA,7NQK_BA,7NQK_BA,0,ours_proteinmpnn_live,-1.1702,0.9202,18,157.5,143.2,757
7NQK_BA,7NQK_BA,7NQK_BA,0,rand_base_abmpnn_ar,2.9689,5.5362,18,,,
7NQK_BA,7NQK_BA,7NQK_BA,0,rand_base_antifold,4.8582,6.9493,18,,,
7NQK_BA,7NQK_BA,7NQK_BA,0,rand_base_proteinmpnn_ar,3.3145,6.1884,18,,,
7NQK_BA,7NQK_BA,7NQK_BA,0,rand_ours_abmpnn_live,3.8269,6.2472,18,,,
7NQK_BA,7NQK_BA,7NQK_BA,0,rand_ours_antifold,3.8049,6.7780,18,,,
7NQK_BA,7NQK_BA,7NQK_BA,0,rand_ours_proteinmpnn_live,2.8823,6.4598,18,,,
7OR9_HLE,7WVL_HLF,4LIQ_HLE,1,base_abmpnn_ar,-1.5031,0.1856,18,9.2,8.4,0
7OR9_HLE,7WVL_HLF,4LIQ_HLE,1,base_abmpnn_ar_t1,-1.2261,1.9760,18,8.0,7.5,0
7OR9_HLE,7WVL_HLF,4LIQ_HLE,1,base_abmpnn_npz,-0.1434,0.6543,18,0.0,0.0,0
7OR9_HLE,7WVL_HLF,4LIQ_HLE,1,base_antifold,1.8069,2.6942,18,0.0,0.0,0
7OR9_HLE,7WVL_HLF,4LIQ_HLE,1,base_antifold_t1,0.6572,3.6669,18,0.9,0.0,0
7OR9_HLE,7WVL_HLF,4LIQ_HLE,1,base_diffab,1.9134,7.9292,18,14.1,0.0,0
7OR9_HLE,7WVL_HLF,4LIQ_HLE,1,base_diffusion,8.6029,9.5826,18,27.9,17.9,0
7OR9_HLE,7WVL_HLF,4LIQ_HLE,1,base_diffusion_s,6.9750,10.5193,12,26.5,17.7,112
7OR9_HLE,7WVL_HLF,4LIQ_HLE,1,base_esmif,4.2574,4.7710,18,0.0,0.0,0
7OR9_HLE,7WVL_HLF,4LIQ_HLE,1,base_esmif_ar,1.9868,4.5883,18,7.8,0.0,0
7OR9_HLE,7WVL_HLF,4LIQ_HLE,1,base_esmif_ar_t1,2.3244,4.0951,18,7.8,0.0,0
7OR9_HLE,7WVL_HLF,4LIQ_HLE,1,base_iglm,12.6350,12.9449,18,2.4,0.0,0
7OR9_HLE,7WVL_HLF,4LIQ_HLE,1,base_proteinmpnn,-0.7037,0.7835,18,0.0,0.0,0
7OR9_HLE,7WVL_HLF,4LIQ_HLE,1,base_proteinmpnn_ar,-1.1204,1.4145,18,6.9,6.4,0
7OR9_HLE,7WVL_HLF,4LIQ_HLE,1,base_proteinmpnn_ar_t1,0.1746,4.1225,18,8.2,7.8,0
7OR9_HLE,7WVL_HLF,4LIQ_HLE,1,grad_diffusion,-0.8455,0.3862,18,28.0,17.9,0
7OR9_HLE,7WVL_HLF,4LIQ_HLE,1,obj_mint,2.3073,3.5863,6,169.9,153.5,538
7OR9_HLE,7WVL_HLF,4LIQ_HLE,1,obj_wt,0.2602,2.5000,12,22.7,14.2,540
7OR9_HLE,7WVL_HLF,4LIQ_HLE,1,ours_abmpnn_live,-1.2216,1.1786,18,98.3,87.1,533
7OR9_HLE,7WVL_HLF,4LIQ_HLE,1,ours_abmpnn_npz,-0.9285,0.9411,18,97.9,87.0,545
7OR9_HLE,7WVL_HLF,4LIQ_HLE,1,ours_antifold,-0.3455,2.1010,18,94.7,83.9,533
7OR9_HLE,7WVL_HLF,4LIQ_HLE,1,ours_diffusion,3.8974,7.3848,18,105.2,94.2,599
7OR9_HLE,7WVL_HLF,4LIQ_HLE,1,ours_esmif,0.9667,2.9759,18,100.6,89.8,564
7OR9_HLE,7WVL_HLF,4LIQ_HLE,1,ours_proteinmpnn,-0.0823,1.6850,18,102.9,91.9,576
7OR9_HLE,7WVL_HLF,4LIQ_HLE,1,ours_proteinmpnn_live,-0.0504,2.0606,18,106.6,95.3,585
7OR9_HLE,7WVL_HLF,4LIQ_HLE,1,rand_base_abmpnn_ar,0.9664,2.5339,18,,,
7OR9_HLE,7WVL_HLF,4LIQ_HLE,1,rand_base_antifold,2.9884,5.5969,18,,,
7OR9_HLE,7WVL_HLF,4LIQ_HLE,1,rand_base_proteinmpnn_ar,4.0045,7.5448,18,,,
7OR9_HLE,7WVL_HLF,4LIQ_HLE,1,rand_ours_abmpnn_live,0.7980,3.0230,18,,,
7OR9_HLE,7WVL_HLF,4LIQ_HLE,1,rand_ours_antifold,2.3440,5.4766,18,,,
7OR9_HLE,7WVL_HLF,4LIQ_HLE,1,rand_ours_proteinmpnn_live,3.0582,7.5174,18,,,
7PA9_KLD,7PAA_OI,7PA9_KLD,0,base_abmpnn_ar,-1.2279,0.6097,18,7.3,6.8,0
7PA9_KLD,7PAA_OI,7PA9_KLD,0,base_abmpnn_ar_t1,-0.5469,1.3453,18,9.6,8.5,0
7PA9_KLD,7PAA_OI,7PA9_KLD,0,base_abmpnn_npz,-0.4634,0.1203,18,0.1,0.0,0
7PA9_KLD,7PAA_OI,7PA9_KLD,0,base_antifold,-0.5377,0.6419,18,0.0,0.0,0
7PA9_KLD,7PAA_OI,7PA9_KLD,0,base_antifold_t1,-0.2246,1.0337,18,1.7,0.0,0
7PA9_KLD,7PAA_OI,7PA9_KLD,0,base_diffab,2.5174,4.9347,18,14.2,0.0,0
7PA9_KLD,7PAA_OI,7PA9_KLD,0,base_diffusion,1.9037,4.3652,18,29.1,18.7,0
7PA9_KLD,7PAA_OI,7PA9_KLD,0,base_diffusion_s,1.8860,4.8230,18,28.1,18.7,112
7PA9_KLD,7PAA_OI,7PA9_KLD,0,base_esmif,0.9818,1.7902,18,0.0,0.0,0
7PA9_KLD,7PAA_OI,7PA9_KLD,0,base_esmif_ar,1.0973,1.8515,18,8.5,0.0,0
7PA9_KLD,7PAA_OI,7PA9_KLD,0,base_esmif_ar_t1,0.8684,2.4571,18,8.2,0.0,0
7PA9_KLD,7PAA_OI,7PA9_KLD,0,base_proteinmpnn,0.7080,1.1831,18,0.1,0.0,0
7PA9_KLD,7PAA_OI,7PA9_KLD,0,base_proteinmpnn_ar,0.1770,1.2192,18,7.7,6.9,0
7PA9_KLD,7PAA_OI,7PA9_KLD,0,base_proteinmpnn_ar_t1,0.3554,2.5262,18,9.1,8.6,0
7PA9_KLD,7PAA_OI,7PA9_KLD,0,grad_diffusion,-1.3437,0.3772,18,29.0,18.8,0
7PA9_KLD,7PAA_OI,7PA9_KLD,0,obj_mint,-0.8297,0.5248,6,178.2,161.0,534
7PA9_KLD,7PAA_OI,7PA9_KLD,0,obj_wt,-0.9494,0.2016,12,22.9,14.2,507
7PA9_KLD,7PAA_OI,7PA9_KLD,0,ours_abmpnn_live,-1.4443,0.6468,18,100.1,88.6,525
7PA9_KLD,7PAA_OI,7PA9_KLD,0,ours_abmpnn_npz,-1.2671,0.5470,18,97.6,86.3,520
7PA9_KLD,7PAA_OI,7PA9_KLD,0,ours_antifold,-1.3205,0.3763,18,98.0,87.0,529
7PA9_KLD,7PAA_OI,7PA9_KLD,0,ours_diffusion,1.1226,3.6905,18,111.0,99.4,601
7PA9_KLD,7PAA_OI,7PA9_KLD,0,ours_esmif,-0.0929,1.3571,18,101.9,90.7,546
7PA9_KLD,7PAA_OI,7PA9_KLD,0,ours_proteinmpnn,-0.3806,1.3227,18,105.6,94.1,569
7PA9_KLD,7PAA_OI,7PA9_KLD,0,ours_proteinmpnn_live,-0.1248,1.2572,18,110.2,98.5,583
7PA9_KLD,7PAA_OI,7PA9_KLD,0,rand_base_abmpnn_ar,0.5099,2.3174,18,,,
7PA9_KLD,7PAA_OI,7PA9_KLD,0,rand_base_antifold,0.0451,2.0019,18,,,
7PA9_KLD,7PAA_OI,7PA9_KLD,0,rand_base_proteinmpnn_ar,0.4943,3.7628,18,,,
7PA9_KLD,7PAA_OI,7PA9_KLD,0,rand_ours_abmpnn_live,0.6154,3.0938,18,,,
7PA9_KLD,7PAA_OI,7PA9_KLD,0,rand_ours_antifold,-0.1911,2.1766,18,,,
7PA9_KLD,7PAA_OI,7PA9_KLD,0,rand_ours_proteinmpnn_live,1.0126,4.0690,18,,,
7QBG_GA,7QBG_EC,7QBG_GA,0,base_abmpnn_ar,-0.2009,0.2472,18,6.3,5.3,0
7QBG_GA,7QBG_EC,7QBG_GA,0,base_abmpnn_ar_t1,-0.3273,1.2856,18,6.8,6.1,0
7QBG_GA,7QBG_EC,7QBG_GA,0,base_abmpnn_npz,-0.3501,0.0153,18,0.0,0.0,0
7QBG_GA,7QBG_EC,7QBG_GA,0,base_antifold,1.1667,1.7405,18,0.0,0.0,0
7QBG_GA,7QBG_EC,7QBG_GA,0,base_antifold_t1,1.4812,1.9733,18,0.8,0.0,0
7QBG_GA,7QBG_EC,7QBG_GA,0,base_diffab,1.0026,1.9714,18,13.2,0.0,0
7QBG_GA,7QBG_EC,7QBG_GA,0,base_diffusion,2.5194,3.3021,18,17.7,8.6,0
7QBG_GA,7QBG_EC,7QBG_GA,0,base_diffusion_s,2.0575,3.5511,6,16.3,8.6,56
7QBG_GA,7QBG_EC,7QBG_GA,0,base_esmif,0.0378,0.7264,18,0.0,0.0,0
7QBG_GA,7QBG_EC,7QBG_GA,0,base_esmif_ar,-0.0942,0.4482,18,5.6,0.0,0
7QBG_GA,7QBG_EC,7QBG_GA,0,base_esmif_ar_t1,0.1786,1.1646,18,8.1,0.0,0
7QBG_GA,7QBG_EC,7QBG_GA,0,base_iglm,3.5459,3.6794,12,2.0,0.0,0
7QBG_GA,7QBG_EC,7QBG_GA,0,base_proteinmpnn,-0.5918,0.2880,18,0.0,0.0,0
7QBG_GA,7QBG_EC,7QBG_GA,0,base_proteinmpnn_ar,-0.6460,0.0024,18,6.1,5.4,0
7QBG_GA,7QBG_EC,7QBG_GA,0,base_proteinmpnn_ar_t1,-0.4604,1.5483,18,6.7,6.2,0
7QBG_GA,7QBG_EC,7QBG_GA,0,grad_diffusion,-0.7255,-0.4230,18,17.9,8.7,0
7QBG_GA,7QBG_EC,7QBG_GA,0,obj_mint,1.2796,2.0088,6,84.0,70.0,270
7QBG_GA,7QBG_EC,7QBG_GA,0,obj_wt,1.0625,1.3499,6,14.5,7.3,281
7QBG_GA,7QBG_EC,7QBG_GA,0,ours_abmpnn_live,-0.7625,0.4335,18,48.8,39.6,266
7QBG_GA,7QBG_EC,7QBG_GA,0,ours_abmpnn_npz,-0.0538,0.5534,18,49.5,40.3,269
7QBG_GA,7QBG_EC,7QBG_GA,0,ours_antifold,0.4600,1.4356,18,48.8,39.7,265
7QBG_GA,7QBG_EC,7QBG_GA,0,ours_diffusion,1.2655,2.4328,18,52.2,43.2,290
7QBG_GA,7QBG_EC,7QBG_GA,0,ours_esmif,-0.4242,0.9486,18,50.7,41.5,280
7QBG_GA,7QBG_EC,7QBG_GA,0,ours_proteinmpnn,-0.6333,0.8529,18,52.9,43.6,293
7QBG_GA,7QBG_EC,7QBG_GA,0,ours_proteinmpnn_live,-0.3182,0.6773,18,53.8,44.4,290
7QBG_GA,7QBG_EC,7QBG_GA,0,rand_base_abmpnn_ar,0.1434,1.4202,18,,,
7QBG_GA,7QBG_EC,7QBG_GA,0,rand_base_antifold,1.3745,2.8799,18,,,
7QBG_GA,7QBG_EC,7QBG_GA,0,rand_base_proteinmpnn_ar,0.6056,2.2451,18,,,
7QBG_GA,7QBG_EC,7QBG_GA,0,rand_ours_abmpnn_live,-0.3427,1.8916,18,,,
7QBG_GA,7QBG_EC,7QBG_GA,0,rand_ours_antifold,1.2776,3.3573,18,,,
7QBG_GA,7QBG_EC,7QBG_GA,0,rand_ours_proteinmpnn_live,1.1733,2.9618,18,,,
7RNN_CD,7RNN_CD,7RNN_CD,0,base_abmpnn_ar,0.5141,1.3680,18,6.9,6.3,0
7RNN_CD,7RNN_CD,7RNN_CD,0,base_abmpnn_ar_t1,0.6336,2.1389,18,7.2,6.6,0
7RNN_CD,7RNN_CD,7RNN_CD,0,base_abmpnn_npz,-0.3777,0.3784,18,0.0,0.0,0
7RNN_CD,7RNN_CD,7RNN_CD,0,base_antifold,4.4421,6.5551,18,0.0,0.0,0
7RNN_CD,7RNN_CD,7RNN_CD,0,base_antifold_t1,3.4745,4.7514,18,0.8,0.0,0
7RNN_CD,7RNN_CD,7RNN_CD,0,base_diffab,3.2267,4.6737,18,13.5,0.0,0
7RNN_CD,7RNN_CD,7RNN_CD,0,base_diffusion,2.8283,3.6055,18,18.5,9.6,0
7RNN_CD,7RNN_CD,7RNN_CD,0,base_diffusion_s,2.9402,3.6902,6,17.6,9.8,63
7RNN_CD,7RNN_CD,7RNN_CD,0,base_esmif,0.9038,2.6246,18,0.0,0.0,0
7RNN_CD,7RNN_CD,7RNN_CD,0,base_esmif_ar,0.4834,1.2949,18,5.2,0.0,0
7RNN_CD,7RNN_CD,7RNN_CD,0,base_esmif_ar_t1,0.4141,2.5759,18,5.2,0.0,0
7RNN_CD,7RNN_CD,7RNN_CD,0,base_iglm,3.6957,3.9217,12,2.0,0.0,0
7RNN_CD,7RNN_CD,7RNN_CD,0,base_proteinmpnn,0.5752,1.1662,18,0.1,0.0,0
7RNN_CD,7RNN_CD,7RNN_CD,0,base_proteinmpnn_ar,0.0479,1.5487,18,6.7,5.5,0
7RNN_CD,7RNN_CD,7RNN_CD,0,base_proteinmpnn_ar_t1,0.2095,2.2163,18,7.2,6.6,0
7RNN_CD,7RNN_CD,7RNN_CD,0,grad_diffusion,0.9199,1.6361,18,18.9,9.6,0
7RNN_CD,7RNN_CD,7RNN_CD,0,obj_wt,2.0304,2.9956,6,16.2,8.5,329
7RNN_CD,7RNN_CD,7RNN_CD,0,ours_abmpnn_live,-0.4131,1.3756,18,57.4,47.9,312
7RNN_CD,7RNN_CD,7RNN_CD,0,ours_abmpnn_npz,-0.2635,0.6832,18,56.9,47.6,315
7RNN_CD,7RNN_CD,7RNN_CD,0,ours_antifold,1.7316,2.7643,18,59.7,50.3,333
7RNN_CD,7RNN_CD,7RNN_CD,0,ours_diffusion,0.9189,2.4717,18,59.3,50.0,328
7RNN_CD,7RNN_CD,7RNN_CD,0,ours_esmif,1.1125,2.0625,18,61.2,51.7,342
7RNN_CD,7RNN_CD,7RNN_CD,0,ours_proteinmpnn,-0.2617,0.6064,18,57.8,48.5,326
7RNN_CD,7RNN_CD,7RNN_CD,0,ours_proteinmpnn_live,0.4249,1.3285,18,59.0,49.5,325
7RNN_CD,7RNN_CD,7RNN_CD,0,rand_base_abmpnn_ar,0.5857,3.4373,18,,,
7RNN_CD,7RNN_CD,7RNN_CD,0,rand_base_antifold,2.1818,3.9166,18,,,
7RNN_CD,7RNN_CD,7RNN_CD,0,rand_base_proteinmpnn_ar,1.2220,3.3199,18,,,
7RNN_CD,7RNN_CD,7RNN_CD,0,rand_ours_abmpnn_live,1.8967,3.7978,18,,,
7RNN_CD,7RNN_CD,7RNN_CD,0,rand_ours_antifold,1.0721,3.3527,18,,,
7RNN_CD,7RNN_CD,7RNN_CD,0,rand_ours_proteinmpnn_live,0.9697,3.2635,18,,,
7RXJ_HLI,7S0X_HLE,7RXJ_HLI,0,base_abmpnn_ar,-0.1196,0.6073,18,6.8,6.0,0
7RXJ_HLI,7S0X_HLE,7RXJ_HLI,0,base_abmpnn_ar_t1,0.2366,2.9904,18,6.7,6.1,0
7RXJ_HLI,7S0X_HLE,7RXJ_HLI,0,base_abmpnn_npz,-0.1292,0.2785,18,0.0,0.0,0
7RXJ_HLI,7S0X_HLE,7RXJ_HLI,0,base_antifold,-0.7198,1.2371,18,0.0,0.0,0
7RXJ_HLI,7S0X_HLE,7RXJ_HLI,0,base_antifold_t1,-0.2052,3.0973,18,0.7,0.0,0
7RXJ_HLI,7S0X_HLE,7RXJ_HLI,0,base_diffab,7.8562,12.9631,18,12.2,0.0,0
7RXJ_HLI,7S0X_HLE,7RXJ_HLI,0,base_diffusion,16.0819,17.3757,18,27.5,17.7,0
7RXJ_HLI,7S0X_HLE,7RXJ_HLI,0,base_diffusion_s,11.0718,15.2164,12,26.0,17.8,119
7RXJ_HLI,7S0X_HLE,7RXJ_HLI,0,base_esmif,2.6460,3.5998,18,0.0,0.0,0
7RXJ_HLI,7S0X_HLE,7RXJ_HLI,0,base_esmif_ar,2.7243,3.7266,18,16.8,0.0,0
7RXJ_HLI,7S0X_HLE,7RXJ_HLI,0,base_esmif_ar_t1,0.5722,3.8272,18,8.1,0.0,0
7RXJ_HLI,7S0X_HLE,7RXJ_HLI,0,base_iglm,17.2411,17.6243,12,1.9,0.0,0
7RXJ_HLI,7S0X_HLE,7RXJ_HLI,0,base_proteinmpnn,0.6108,1.4756,18,0.0,0.0,0
7RXJ_HLI,7S0X_HLE,7RXJ_HLI,0,base_proteinmpnn_ar,0.4679,3.0093,18,5.6,5.0,0
7RXJ_HLI,7S0X_HLE,7RXJ_HLI,0,base_proteinmpnn_ar_t1,0.4218,5.4086,18,6.7,6.1,0
7RXJ_HLI,7S0X_HLE,7RXJ_HLI,0,base_rfantibody,13.6176,15.9944,6,199.7,0.0,0
7RXJ_HLI,7S0X_HLE,7RXJ_HLI,0,grad_diffusion,3.2536,6.2667,18,27.1,17.6,0
7RXJ_HLI,7S0X_HLE,7RXJ_HLI,0,obj_mint,0.1719,1.0546,6,150.6,135.2,550
7RXJ_HLI,7S0X_HLE,7RXJ_HLI,0,obj_wt,0.0682,1.6281,6,21.8,13.6,546
7RXJ_HLI,7S0X_HLE,7RXJ_HLI,0,ours_abmpnn_live,-0.6539,1.3194,18,98.3,87.4,562
7RXJ_HLI,7S0X_HLE,7RXJ_HLI,0,ours_abmpnn_npz,0.1904,1.0331,18,95.7,85.2,561
7RXJ_HLI,7S0X_HLE,7RXJ_HLI,0,ours_antifold,-0.6088,0.6152,18,95.1,84.7,553
7RXJ_HLI,7S0X_HLE,7RXJ_HLI,0,ours_diffusion,8.7153,13.8112,18,107.8,96.9,639
7RXJ_HLI,7S0X_HLE,7RXJ_HLI,0,ours_esmif,-0.7009,2.3705,18,95.9,85.3,558
7RXJ_HLI,7S0X_HLE,7RXJ_HLI,0,ours_proteinmpnn,0.4471,1.7355,18,100.2,89.4,585
7RXJ_HLI,7S0X_HLE,7RXJ_HLI,0,ours_proteinmpnn_live,-0.6318,2.1332,18,101.4,90.3,589
7RXJ_HLI,7S0X_HLE,7RXJ_HLI,0,rand_base_abmpnn_ar,0.0000,2.4483,18,,,
7RXJ_HLI,7S0X_HLE,7RXJ_HLI,0,rand_base_antifold,0.5732,3.4520,18,,,
7RXJ_HLI,7S0X_HLE,7RXJ_HLI,0,rand_base_proteinmpnn_ar,2.4875,6.0555,18,,,
7RXJ_HLI,7S0X_HLE,7RXJ_HLI,0,rand_ours_abmpnn_live,2.1993,5.4676,18,,,
7RXJ_HLI,7S0X_HLE,7RXJ_HLI,0,rand_ours_antifold,1.1607,4.4956,18,,,
7RXJ_HLI,7S0X_HLE,7RXJ_HLI,0,rand_ours_proteinmpnn_live,2.0354,6.9325,18,,,
7SA6_HLA,7SA6_HLA,7SA6_HLA,0,base_abmpnn_ar,-0.0695,1.7445,18,7.2,6.2,0
7SA6_HLA,7SA6_HLA,7SA6_HLA,0,base_abmpnn_ar_t1,0.6736,3.5826,18,8.2,7.6,0
7SA6_HLA,7SA6_HLA,7SA6_HLA,0,base_abmpnn_npz,-0.1728,0.6901,18,0.1,0.0,0
7SA6_HLA,7SA6_HLA,7SA6_HLA,0,base_antifold,1.7898,2.7681,18,0.0,0.0,0
7SA6_HLA,7SA6_HLA,7SA6_HLA,0,base_antifold_t1,1.8335,3.6655,18,0.6,0.0,0
7SA6_HLA,7SA6_HLA,7SA6_HLA,0,base_diffab,5.9503,9.5944,18,14.0,0.0,0
7SA6_HLA,7SA6_HLA,7SA6_HLA,0,base_diffusion,7.9039,11.0635,18,27.0,17.0,0
7SA6_HLA,7SA6_HLA,7SA6_HLA,0,base_diffusion_s,8.9669,10.3604,12,26.1,17.3,105
7SA6_HLA,7SA6_HLA,7SA6_HLA,0,base_esmif,1.4239,2.0461,18,0.0,0.0,0
7SA6_HLA,7SA6_HLA,7SA6_HLA,0,base_esmif_ar,1.2913,1.7816,18,9.7,0.0,0
7SA6_HLA,7SA6_HLA,7SA6_HLA,0,base_esmif_ar_t1,1.4310,3.4712,18,15.7,0.0,0
7SA6_HLA,7SA6_HLA,7SA6_HLA,0,base_iglm,14.2346,14.5855,12,1.5,0.0,0
7SA6_HLA,7SA6_HLA,7SA6_HLA,0,base_proteinmpnn,0.2195,0.7082,18,0.0,0.0,0
7SA6_HLA,7SA6_HLA,7SA6_HLA,0,base_proteinmpnn_ar,0.0726,1.0307,18,6.9,6.4,0
7SA6_HLA,7SA6_HLA,7SA6_HLA,0,base_proteinmpnn_ar_t1,1.1935,4.0562,18,7.8,7.3,0
7SA6_HLA,7SA6_HLA,7SA6_HLA,0,grad_diffusion,4.3157,5.5093,18,26.9,16.9,0
7SA6_HLA,7SA6_HLA,7SA6_HLA,0,obj_wt,1.9775,2.8341,6,21.9,13.4,495
7SA6_HLA,7SA6_HLA,7SA6_HLA,0,ours_abmpnn_live,0.3530,1.9982,18,94.4,83.5,509
7SA6_HLA,7SA6_HLA,7SA6_HLA,0,ours_abmpnn_npz,-0.3721,1.0637,18,92.9,82.1,520
7SA6_HLA,7SA6_HLA,7SA6_HLA,0,ours_antifold,0.8780,2.6287,18,90.8,80.2,505
7SA6_HLA,7SA6_HLA,7SA6_HLA,0,ours_diffusion,6.7222,9.9481,18,101.4,90.7,575
7SA6_HLA,7SA6_HLA,7SA6_HLA,0,ours_esmif,0.6085,2.2242,18,92.1,81.4,511
7SA6_HLA,7SA6_HLA,7SA6_HLA,0,ours_proteinmpnn,0.4979,1.9275,18,98.5,87.6,544
7SA6_HLA,7SA6_HLA,7SA6_HLA,0,ours_proteinmpnn_live,0.7486,1.8251,18,101.1,90.0,548
7SA6_HLA,7SA6_HLA,7SA6_HLA,0,rand_base_abmpnn_ar,0.3912,4.1736,18,,,
7SA6_HLA,7SA6_HLA,7SA6_HLA,0,rand_base_antifold,1.1948,3.7705,18,,,
7SA6_HLA,7SA6_HLA,7SA6_HLA,0,rand_base_proteinmpnn_ar,4.1618,8.3377,18,,,
7SA6_HLA,7SA6_HLA,7SA6_HLA,0,rand_ours_abmpnn_live,1.9969,5.4681,18,,,
7SA6_HLA,7SA6_HLA,7SA6_HLA,0,rand_ours_antifold,3.4642,5.1589,18,,,
7SA6_HLA,7SA6_HLA,7SA6_HLA,0,rand_ours_proteinmpnn_live,6.3515,8.9390,18,,,
7SGM_HLA,7SGM_HLA,6W9G_HLA,0,base_abmpnn_ar,-0.4531,0.0928,18,6.3,5.6,0
7SGM_HLA,7SGM_HLA,6W9G_HLA,0,base_abmpnn_ar_t1,-0.1947,0.2511,18,7.3,6.7,0
7SGM_HLA,7SGM_HLA,6W9G_HLA,0,base_abmpnn_npz,-0.7988,-0.2879,18,0.0,0.0,0
7SGM_HLA,7SGM_HLA,6W9G_HLA,0,base_antifold,-0.1628,0.2924,18,0.0,0.0,0
7SGM_HLA,7SGM_HLA,6W9G_HLA,0,base_antifold_t1,-1.1770,0.2942,18,0.7,0.0,0
7SGM_HLA,7SGM_HLA,6W9G_HLA,0,base_diffab,-0.0661,0.8655,18,14.3,0.0,0
7SGM_HLA,7SGM_HLA,6W9G_HLA,0,base_diffusion,0.8106,1.3173,18,21.4,11.9,0
7SGM_HLA,7SGM_HLA,6W9G_HLA,0,base_diffusion_s,0.2708,1.3604,18,20.3,12.1,77
7SGM_HLA,7SGM_HLA,6W9G_HLA,0,base_esmif,-0.6145,-0.2100,18,0.0,0.0,0
7SGM_HLA,7SGM_HLA,6W9G_HLA,0,base_esmif_ar,-0.5985,0.1715,18,6.9,0.0,0
7SGM_HLA,7SGM_HLA,6W9G_HLA,0,base_esmif_ar_t1,-0.3690,0.3119,18,6.6,0.0,0
7SGM_HLA,7SGM_HLA,6W9G_HLA,0,base_iglm,1.5601,1.9749,18,1.8,0.0,0
7SGM_HLA,7SGM_HLA,6W9G_HLA,0,base_proteinmpnn,-0.0205,0.4702,18,0.0,0.0,0
7SGM_HLA,7SGM_HLA,6W9G_HLA,0,base_proteinmpnn_ar,0.2425,0.7750,18,6.5,5.9,0
7SGM_HLA,7SGM_HLA,6W9G_HLA,0,base_proteinmpnn_ar_t1,-0.3505,0.5563,18,7.5,6.9,0
7SGM_HLA,7SGM_HLA,6W9G_HLA,0,grad_diffusion,-1.1833,-0.1987,18,21.6,12.1,0
7SGM_HLA,7SGM_HLA,6W9G_HLA,0,obj_mint,-0.5078,-0.0411,6,115.3,100.2,366
7SGM_HLA,7SGM_HLA,6W9G_HLA,0,obj_wt,-0.0427,0.3361,6,17.3,9.6,362
7SGM_HLA,7SGM_HLA,6W9G_HLA,0,ours_abmpnn_live,-0.6405,0.1141,18,69.5,59.3,380
7SGM_HLA,7SGM_HLA,6W9G_HLA,0,ours_abmpnn_npz,-0.7128,-0.0332,18,65.8,55.9,365
7SGM_HLA,7SGM_HLA,6W9G_HLA,0,ours_antifold,-0.3973,0.1780,18,65.1,55.5,357
7SGM_HLA,7SGM_HLA,6W9G_HLA,0,ours_diffusion,-0.3478,0.7115,18,71.0,61.0,395
7SGM_HLA,7SGM_HLA,6W9G_HLA,0,ours_esmif,-0.9384,0.0086,18,66.2,56.7,369
7SGM_HLA,7SGM_HLA,6W9G_HLA,0,ours_proteinmpnn,-0.1980,0.4872,18,73.1,63.2,411
7SGM_HLA,7SGM_HLA,6W9G_HLA,0,ours_proteinmpnn_live,-0.3215,0.4565,18,70.3,60.1,391
7SGM_HLA,7SGM_HLA,6W9G_HLA,0,rand_base_abmpnn_ar,-0.2154,0.8985,18,,,
7SGM_HLA,7SGM_HLA,6W9G_HLA,0,rand_base_antifold,0.3134,1.1407,18,,,
7SGM_HLA,7SGM_HLA,6W9G_HLA,0,rand_base_proteinmpnn_ar,0.2126,1.4852,18,,,
7SGM_HLA,7SGM_HLA,6W9G_HLA,0,rand_ours_abmpnn_live,0.0923,1.1017,18,,,
7SGM_HLA,7SGM_HLA,6W9G_HLA,0,rand_ours_antifold,-0.3067,1.1554,18,,,
7SGM_HLA,7SGM_HLA,6W9G_HLA,0,rand_ours_proteinmpnn_live,-0.4746,1.2268,18,,,
7STZ_HLC,7STZ_HLC,7STZ_HLC,1,base_abmpnn_ar,-0.4143,0.1398,18,11.1,10.6,0
7STZ_HLC,7STZ_HLC,7STZ_HLC,1,base_abmpnn_ar_t1,-0.3070,1.1593,18,11.9,11.4,0
7STZ_HLC,7STZ_HLC,7STZ_HLC,1,base_abmpnn_npz,-0.6410,0.1709,18,0.0,0.0,0
7STZ_HLC,7STZ_HLC,7STZ_HLC,1,base_antifold,-0.2984,1.1826,18,0.0,0.0,0
7STZ_HLC,7STZ_HLC,7STZ_HLC,1,base_antifold_t1,0.4945,2.0691,18,0.9,0.0,0
7STZ_HLC,7STZ_HLC,7STZ_HLC,1,base_diffab,1.6718,4.9061,18,14.8,0.0,0
7STZ_HLC,7STZ_HLC,7STZ_HLC,1,base_diffusion,4.1118,5.6278,18,31.0,19.1,0
7STZ_HLC,7STZ_HLC,7STZ_HLC,1,base_diffusion_s,2.0464,4.4821,6,29.0,18.5,91
7STZ_HLC,7STZ_HLC,7STZ_HLC,1,base_esmif,-0.3254,0.1692,18,0.0,0.0,0
7STZ_HLC,7STZ_HLC,7STZ_HLC,1,base_esmif_ar,-0.2786,0.0756,18,19.7,0.0,0
7STZ_HLC,7STZ_HLC,7STZ_HLC,1,base_esmif_ar_t1,0.2310,1.2355,18,8.4,0.0,0
7STZ_HLC,7STZ_HLC,7STZ_HLC,1,base_iglm,7.6386,7.9331,18,1.9,0.0,0
7STZ_HLC,7STZ_HLC,7STZ_HLC,1,base_proteinmpnn,-0.5037,0.5310,18,0.0,0.0,0
7STZ_HLC,7STZ_HLC,7STZ_HLC,1,base_proteinmpnn_ar,-0.3180,0.7992,18,10.1,9.5,0
7STZ_HLC,7STZ_HLC,7STZ_HLC,1,base_proteinmpnn_ar_t1,0.3853,1.8461,18,11.7,11.3,0
7STZ_HLC,7STZ_HLC,7STZ_HLC,1,base_rfantibody,5.5391,7.1870,6,1041.4,0.0,0
7STZ_HLC,7STZ_HLC,7STZ_HLC,1,grad_diffusion,0.6603,2.6183,18,30.8,19.0,0
7STZ_HLC,7STZ_HLC,7STZ_HLC,1,obj_mint,-0.1041,0.9577,6,203.0,183.5,401
7STZ_HLC,7STZ_HLC,7STZ_HLC,1,obj_wt,0.1108,1.4553,6,23.7,13.8,406
7STZ_HLC,7STZ_HLC,7STZ_HLC,1,ours_abmpnn_live,-0.4718,0.4722,18,98.8,85.9,413
7STZ_HLC,7STZ_HLC,7STZ_HLC,1,ours_abmpnn_npz,-0.0626,0.5652,18,98.2,85.5,423
7STZ_HLC,7STZ_HLC,7STZ_HLC,1,ours_antifold,0.1123,1.2311,18,92.4,80.2,396
7STZ_HLC,7STZ_HLC,7STZ_HLC,1,ours_diffusion,1.0230,3.8190,18,108.8,95.8,475
7STZ_HLC,7STZ_HLC,7STZ_HLC,1,ours_esmif,-0.1659,0.4058,18,96.4,83.7,419
7STZ_HLC,7STZ_HLC,7STZ_HLC,1,ours_proteinmpnn,-0.1640,1.2536,18,106.7,93.7,469
7STZ_HLC,7STZ_HLC,7STZ_HLC,1,ours_proteinmpnn_live,-0.4297,1.3040,18,108.9,95.7,465
7STZ_HLC,7STZ_HLC,7STZ_HLC,1,rand_base_abmpnn_ar,0.1615,1.4146,18,,,
7STZ_HLC,7STZ_HLC,7STZ_HLC,1,rand_base_antifold,-0.1613,1.7201,18,,,
7STZ_HLC,7STZ_HLC,7STZ_HLC,1,rand_base_proteinmpnn_ar,0.0521,3.0469,18,,,
7STZ_HLC,7STZ_HLC,7STZ_HLC,1,rand_ours_abmpnn_live,-0.2248,1.9760,18,,,
7STZ_HLC,7STZ_HLC,7STZ_HLC,1,rand_ours_antifold,-0.0452,1.3763,18,,,
7STZ_HLC,7STZ_HLC,7STZ_HLC,1,rand_ours_proteinmpnn_live,0.9812,4.5826,18,,,
7T87_HLA,7T87_HLA,7T87_HLA,0,base_abmpnn_ar,-0.8148,0.8918,18,8.0,7.2,0
7T87_HLA,7T87_HLA,7T87_HLA,0,base_abmpnn_ar_t1,1.0446,2.5407,18,9.8,9.0,0
7T87_HLA,7T87_HLA,7T87_HLA,0,base_abmpnn_npz,0.2782,1.1314,18,0.0,0.0,0
7T87_HLA,7T87_HLA,7T87_HLA,0,base_antifold,-0.4110,0.4371,18,0.0,0.0,0
7T87_HLA,7T87_HLA,7T87_HLA,0,base_antifold_t1,-0.0208,1.5607,18,1.7,0.0,0
7T87_HLA,7T87_HLA,7T87_HLA,0,base_diffab,1.0665,4.1611,18,14.6,0.0,0
7T87_HLA,7T87_HLA,7T87_HLA,0,base_diffusion,2.9117,4.7134,18,32.2,21.2,0
7T87_HLA,7T87_HLA,7T87_HLA,0,base_diffusion_s,3.4151,5.2657,6,31.1,21.3,119
7T87_HLA,7T87_HLA,7T87_HLA,0,base_esmif,0.4293,1.4444,18,0.0,0.0,0
7T87_HLA,7T87_HLA,7T87_HLA,0,base_esmif_ar,0.4517,1.9403,18,10.2,0.0,0
7T87_HLA,7T87_HLA,7T87_HLA,0,base_esmif_ar_t1,0.5739,2.3258,18,9.5,0.0,0
7T87_HLA,7T87_HLA,7T87_HLA,0,base_iglm,7.7660,8.3095,18,2.1,0.0,0
7T87_HLA,7T87_HLA,7T87_HLA,0,base_proteinmpnn,0.8617,1.5301,18,0.6,0.0,0
7T87_HLA,7T87_HLA,7T87_HLA,0,base_proteinmpnn_ar,0.6390,1.9572,18,8.2,7.2,0
7T87_HLA,7T87_HLA,7T87_HLA,0,base_proteinmpnn_ar_t1,1.3837,3.4882,18,9.3,8.6,0
7T87_HLA,7T87_HLA,7T87_HLA,0,grad_diffusion,0.3332,1.5011,18,32.3,21.4,0
7T87_HLA,7T87_HLA,7T87_HLA,0,obj_mint,0.1474,1.4041,6,190.8,172.9,566
7T87_HLA,7T87_HLA,7T87_HLA,0,obj_wt,0.1923,0.9998,6,26.0,16.4,563
7T87_HLA,7T87_HLA,7T87_HLA,0,ours_abmpnn_live,0.5550,1.8903,18,117.6,105.0,592
7T87_HLA,7T87_HLA,7T87_HLA,0,ours_abmpnn_npz,0.6373,2.0604,18,113.0,100.8,573
7T87_HLA,7T87_HLA,7T87_HLA,0,ours_antifold,-0.3127,0.9343,18,110.9,98.9,563
7T87_HLA,7T87_HLA,7T87_HLA,0,ours_diffusion,2.4648,4.0707,18,119.9,107.6,623
7T87_HLA,7T87_HLA,7T87_HLA,0,ours_esmif,0.7307,2.3421,18,117.6,105.5,599
7T87_HLA,7T87_HLA,7T87_HLA,0,ours_proteinmpnn,0.5634,2.6240,18,123.2,110.7,633
7T87_HLA,7T87_HLA,7T87_HLA,0,ours_proteinmpnn_live,1.1367,2.7509,18,124.4,111.6,621
7T87_HLA,7T87_HLA,7T87_HLA,0,rand_base_abmpnn_ar,0.4454,2.2650,18,,,
7T87_HLA,7T87_HLA,7T87_HLA,0,rand_base_antifold,0.8392,1.8341,18,,,
7T87_HLA,7T87_HLA,7T87_HLA,0,rand_base_proteinmpnn_ar,2.4397,4.8600,18,,,
7T87_HLA,7T87_HLA,7T87_HLA,0,rand_ours_abmpnn_live,1.4811,3.4319,18,,,
7T87_HLA,7T87_HLA,7T87_HLA,0,rand_ours_antifold,0.6647,2.4009,18,,,
7T87_HLA,7T87_HLA,7T87_HLA,0,rand_ours_proteinmpnn_live,2.9567,5.4340,18,,,
7TBF_HLA,7WVL_HLF,7TBF_HLA,1,base_abmpnn_ar,-0.2437,0.2997,18,26.8,26.2,0
7TBF_HLA,7WVL_HLF,7TBF_HLA,1,base_abmpnn_ar_t1,-0.2135,0.4014,18,8.1,7.7,0
7TBF_HLA,7WVL_HLF,7TBF_HLA,1,base_abmpnn_npz,-0.2238,0.0196,18,0.1,0.0,0
7TBF_HLA,7WVL_HLF,7TBF_HLA,1,base_antifold,-0.2435,0.0678,18,0.0,0.0,0
7TBF_HLA,7WVL_HLF,7TBF_HLA,1,base_antifold_t1,-0.1567,0.2807,18,0.5,0.0,0
7TBF_HLA,7WVL_HLF,7TBF_HLA,1,base_diffab,-0.1951,1.7350,18,14.0,0.0,0
7TBF_HLA,7WVL_HLF,7TBF_HLA,1,base_diffusion,1.4337,2.9885,18,15.7,6.7,0
7TBF_HLA,7WVL_HLF,7TBF_HLA,1,base_diffusion_s,1.6679,3.0720,12,15.8,7.3,42
7TBF_HLA,7WVL_HLF,7TBF_HLA,1,base_esmif,0.4064,1.1131,18,0.0,0.0,0
7TBF_HLA,7WVL_HLF,7TBF_HLA,1,base_esmif_ar,0.8699,1.0197,18,8.6,0.0,0
7TBF_HLA,7WVL_HLF,7TBF_HLA,1,base_esmif_ar_t1,0.2106,1.4672,18,4.8,0.0,0
7TBF_HLA,7WVL_HLF,7TBF_HLA,1,base_iglm,2.4016,2.6101,18,1.9,0.0,0
7TBF_HLA,7WVL_HLF,7TBF_HLA,1,base_proteinmpnn,-0.2111,0.2967,18,0.0,0.0,0
7TBF_HLA,7WVL_HLF,7TBF_HLA,1,base_proteinmpnn_ar,-0.2849,0.4995,18,10.6,9.8,0
7TBF_HLA,7WVL_HLF,7TBF_HLA,1,base_proteinmpnn_ar_t1,-0.0249,1.4649,18,7.9,7.4,0
7TBF_HLA,7WVL_HLF,7TBF_HLA,1,grad_diffusion,0.5152,0.8965,18,16.0,6.8,0
7TBF_HLA,7WVL_HLF,7TBF_HLA,1,obj_mint,-0.2127,0.1680,6,51.6,37.8,134
7TBF_HLA,7WVL_HLF,7TBF_HLA,1,obj_wt,-0.2363,0.1495,6,10.9,4.4,146
7TBF_HLA,7WVL_HLF,7TBF_HLA,1,ours_abmpnn_live,-0.1649,0.7324,18,34.8,26.0,163
7TBF_HLA,7WVL_HLF,7TBF_HLA,1,ours_abmpnn_npz,-0.2469,0.2446,18,34.3,25.5,161
7TBF_HLA,7WVL_HLF,7TBF_HLA,1,ours_antifold,-0.1866,0.1268,18,31.2,22.5,142
7TBF_HLA,7WVL_HLF,7TBF_HLA,1,ours_diffusion,0.6175,2.3110,18,41.9,32.9,208
7TBF_HLA,7WVL_HLF,7TBF_HLA,1,ours_esmif,-0.0088,1.1111,18,36.8,27.9,179
7TBF_HLA,7WVL_HLF,7TBF_HLA,1,ours_proteinmpnn,-0.2868,0.7471,18,40.2,31.1,200
7TBF_HLA,7WVL_HLF,7TBF_HLA,1,ours_proteinmpnn_live,-0.0130,1.0802,18,40.9,31.8,202
7TBF_HLA,7WVL_HLF,7TBF_HLA,1,rand_base_abmpnn_ar,-0.2568,0.6879,18,,,
7TBF_HLA,7WVL_HLF,7TBF_HLA,1,rand_base_antifold,-0.0859,0.9672,18,,,
7TBF_HLA,7WVL_HLF,7TBF_HLA,1,rand_base_proteinmpnn_ar,0.3371,1.5187,18,,,
7TBF_HLA,7WVL_HLF,7TBF_HLA,1,rand_ours_abmpnn_live,-0.2845,1.4037,18,,,
7TBF_HLA,7WVL_HLF,7TBF_HLA,1,rand_ours_antifold,0.0109,1.0729,18,,,
7TBF_HLA,7WVL_HLF,7TBF_HLA,1,rand_ours_proteinmpnn_live,0.3464,1.9955,18,,,
7TTX_HLA,7WVL_HLF,7TTM_HLA,1,base_abmpnn_ar,-2.0949,-0.7658,18,7.0,6.4,0
7TTX_HLA,7WVL_HLF,7TTM_HLA,1,base_abmpnn_ar_t1,-1.7702,1.2154,18,8.7,8.0,0
7TTX_HLA,7WVL_HLF,7TTM_HLA,1,base_abmpnn_npz,-2.0659,-0.5743,18,0.0,0.0,0
7TTX_HLA,7WVL_HLF,7TTM_HLA,1,base_antifold,-0.7162,0.3795,18,0.0,0.0,0
7TTX_HLA,7WVL_HLF,7TTM_HLA,1,base_antifold_t1,-0.7462,2.2967,18,1.3,0.0,0
7TTX_HLA,7WVL_HLF,7TTM_HLA,1,base_diffab,4.6518,7.8532,18,13.7,0.0,0
7TTX_HLA,7WVL_HLF,7TTM_HLA,1,base_diffusion,5.8988,9.1784,18,32.9,22.5,0
7TTX_HLA,7WVL_HLF,7TTM_HLA,1,base_diffusion_s,6.8674,9.7256,12,31.7,22.7,140
7TTX_HLA,7WVL_HLF,7TTM_HLA,1,base_esmif,-0.6633,0.9138,18,0.0,0.0,0
7TTX_HLA,7WVL_HLF,7TTM_HLA,1,base_esmif_ar,0.3208,1.5615,18,10.0,0.0,0
7TTX_HLA,7WVL_HLF,7TTM_HLA,1,base_esmif_ar_t1,1.1409,3.1249,18,10.2,0.0,0
7TTX_HLA,7WVL_HLF,7TTM_HLA,1,base_iglm,10.8268,11.5886,12,2.8,0.0,0
7TTX_HLA,7WVL_HLF,7TTM_HLA,1,base_proteinmpnn,-2.6464,-1.5036,18,0.0,0.0,0
7TTX_HLA,7WVL_HLF,7TTM_HLA,1,base_proteinmpnn_ar,-2.3296,-0.3872,18,7.4,6.4,0
7TTX_HLA,7WVL_HLF,7TTM_HLA,1,base_proteinmpnn_ar_t1,-0.6147,2.2720,18,8.5,7.9,0
7TTX_HLA,7WVL_HLF,7TTM_HLA,1,base_rfantibody,8.3358,10.8352,6,341.7,0.0,0
7TTX_HLA,7WVL_HLF,7TTM_HLA,1,grad_diffusion,0.2380,1.6906,18,32.8,22.4,0
7TTX_HLA,7WVL_HLF,7TTM_HLA,1,obj_mint,2.1212,3.7737,6,234.3,215.9,741
7TTX_HLA,7WVL_HLF,7TTM_HLA,1,obj_wt,-0.6602,0.6209,6,29.7,20.0,747
7TTX_HLA,7WVL_HLF,7TTM_HLA,1,ours_abmpnn_live,-1.3147,0.0837,18,135.9,123.4,747
7TTX_HLA,7WVL_HLF,7TTM_HLA,1,ours_abmpnn_npz,-1.6197,-0.4149,18,133.6,121.7,749
7TTX_HLA,7WVL_HLF,7TTM_HLA,1,ours_antifold,-0.4789,0.9901,18,130.5,118.7,732
7TTX_HLA,7WVL_HLF,7TTM_HLA,1,ours_diffusion,5.0381,7.9146,18,142.2,129.9,803
7TTX_HLA,7WVL_HLF,7TTM_HLA,1,ours_esmif,-1.1242,0.3004,18,135.1,123.3,758
7TTX_HLA,7WVL_HLF,7TTM_HLA,1,ours_proteinmpnn,-2.5828,0.3251,18,137.3,125.2,774
7TTX_HLA,7WVL_HLF,7TTM_HLA,1,ours_proteinmpnn_live,-1.9948,0.6852,18,140.5,127.9,773
7TTX_HLA,7WVL_HLF,7TTM_HLA,1,rand_base_abmpnn_ar,1.0133,4.6019,18,,,
7TTX_HLA,7WVL_HLF,7TTM_HLA,1,rand_base_antifold,-0.1688,4.4236,18,,,
7TTX_HLA,7WVL_HLF,7TTM_HLA,1,rand_base_proteinmpnn_ar,4.3679,7.2027,18,,,
7TTX_HLA,7WVL_HLF,7TTM_HLA,1,rand_ours_abmpnn_live,2.8333,5.2977,18,,,
7TTX_HLA,7WVL_HLF,7TTM_HLA,1,rand_ours_antifold,2.1274,5.2782,18,,,
7TTX_HLA,7WVL_HLF,7TTM_HLA,1,rand_ours_proteinmpnn_live,5.6061,7.9811,18,,,
7UAR_HLB,7T5O_HLC,7UAR_HLB,0,base_abmpnn_ar,-4.0417,-2.0130,18,13.5,12.7,0
7UAR_HLB,7T5O_HLC,7UAR_HLB,0,base_abmpnn_ar_t1,-2.4843,-0.4682,18,14.7,14.4,0
7UAR_HLB,7T5O_HLC,7UAR_HLB,0,base_abmpnn_npz,-2.1493,-1.5464,18,0.0,0.0,0
7UAR_HLB,7T5O_HLC,7UAR_HLB,0,base_antifold,-2.4941,-1.4092,18,0.0,0.0,0
7UAR_HLB,7T5O_HLC,7UAR_HLB,0,base_antifold_t1,-1.8000,0.4577,18,0.9,0.0,0
7UAR_HLB,7T5O_HLC,7UAR_HLB,0,base_diffab,0.8596,3.6608,18,15.5,0.0,0
7UAR_HLB,7T5O_HLC,7UAR_HLB,0,base_diffusion,4.5312,6.1285,18,39.5,24.7,0
7UAR_HLB,7T5O_HLC,7UAR_HLB,0,base_diffusion_s,1.8765,3.3193,6,37.1,23.8,98
7UAR_HLB,7T5O_HLC,7UAR_HLB,0,base_esmif,2.0212,3.5048,18,0.0,0.0,0
7UAR_HLB,7T5O_HLC,7UAR_HLB,0,base_esmif_ar,1.5238,2.6121,18,10.3,0.0,0
7UAR_HLB,7T5O_HLC,7UAR_HLB,0,base_esmif_ar_t1,-2.6469,1.8863,18,10.4,0.0,0
7UAR_HLB,7T5O_HLC,7UAR_HLB,0,base_iglm,5.9845,6.2608,18,3.0,0.0,0
7UAR_HLB,7T5O_HLC,7UAR_HLB,0,base_proteinmpnn,-2.5448,-0.3183,18,0.0,0.0,0
7UAR_HLB,7T5O_HLC,7UAR_HLB,0,base_proteinmpnn_ar,-1.9988,-0.2771,18,12.7,12.0,0
7UAR_HLB,7T5O_HLC,7UAR_HLB,0,base_proteinmpnn_ar_t1,0.0057,2.1099,18,14.8,14.3,0
7UAR_HLB,7T5O_HLC,7UAR_HLB,0,base_rfantibody,3.0986,4.5900,6,2512.1,0.0,0
7UAR_HLB,7T5O_HLC,7UAR_HLB,0,grad_diffusion,-3.3183,-0.8494,18,39.3,24.6,0
7UAR_HLB,7T5O_HLC,7UAR_HLB,0,obj_mint,-1.5410,0.5143,6,321.3,296.5,500
7UAR_HLB,7T5O_HLC,7UAR_HLB,0,obj_wt,-2.7696,-0.9117,6,32.5,19.6,484
7UAR_HLB,7T5O_HLC,7UAR_HLB,0,ours_abmpnn_live,-5.4965,-2.2801,18,135.8,119.5,488
7UAR_HLB,7T5O_HLC,7UAR_HLB,0,ours_abmpnn_npz,-3.7368,-1.7549,18,137.5,121.5,511
7UAR_HLB,7T5O_HLC,7UAR_HLB,0,ours_antifold,-4.1377,-1.3655,18,134.3,118.1,493
7UAR_HLB,7T5O_HLC,7UAR_HLB,0,ours_diffusion,-0.4251,2.6038,18,139.8,123.5,516
7UAR_HLB,7T5O_HLC,7UAR_HLB,0,ours_esmif,-0.6981,1.0663,18,138.4,122.4,511
7UAR_HLB,7T5O_HLC,7UAR_HLB,0,ours_proteinmpnn,-3.4646,-0.9523,18,147.2,130.9,547
7UAR_HLB,7T5O_HLC,7UAR_HLB,0,ours_proteinmpnn_live,-2.8192,-0.2135,18,146.0,129.3,536
7UAR_HLB,7T5O_HLC,7UAR_HLB,0,rand_base_abmpnn_ar,0.6098,2.2499,18,,,
7UAR_HLB,7T5O_HLC,7UAR_HLB,0,rand_base_antifold,-0.8105,2.8201,18,,,
7UAR_HLB,7T5O_HLC,7UAR_HLB,0,rand_base_proteinmpnn_ar,0.6224,4.0814,18,,,
7UAR_HLB,7T5O_HLC,7UAR_HLB,0,rand_ours_abmpnn_live,0.3799,3.3538,18,,,
7UAR_HLB,7T5O_HLC,7UAR_HLB,0,rand_ours_antifold,-0.5847,4.0588,18,,,
7UAR_HLB,7T5O_HLC,7UAR_HLB,0,rand_ours_proteinmpnn_live,2.0935,4.4531,18,,,
7UPD_HLD,8DMJ_HLB,7UPD_HLD,0,base_abmpnn_ar,0.0000,0.6513,18,12.1,11.2,0
7UPD_HLD,8DMJ_HLB,7UPD_HLD,0,base_abmpnn_ar_t1,0.2894,1.2746,18,8.7,8.2,0
7UPD_HLD,8DMJ_HLB,7UPD_HLD,0,base_abmpnn_npz,0.1679,0.6728,18,0.1,0.0,0
7UPD_HLD,8DMJ_HLB,7UPD_HLD,0,base_antifold,0.1172,0.8089,18,0.0,0.0,0
7UPD_HLD,8DMJ_HLB,7UPD_HLD,0,base_antifold_t1,0.1352,1.4072,18,1.7,0.0,0
7UPD_HLD,8DMJ_HLB,7UPD_HLD,0,base_diffab,1.3527,2.5173,18,14.1,0.0,0
7UPD_HLD,8DMJ_HLB,7UPD_HLD,0,base_diffusion,2.1824,2.8313,18,21.1,11.4,0
7UPD_HLD,8DMJ_HLB,7UPD_HLD,0,base_diffusion_s,1.7320,3.4731,6,20.3,11.6,70
7UPD_HLD,8DMJ_HLB,7UPD_HLD,0,base_esmif,0.3466,0.7366,18,0.0,0.0,0
7UPD_HLD,8DMJ_HLB,7UPD_HLD,0,base_esmif_ar,0.5451,0.8907,18,9.1,0.0,0
7UPD_HLD,8DMJ_HLB,7UPD_HLD,0,base_esmif_ar_t1,0.0536,1.2999,18,6.1,0.0,0
7UPD_HLD,8DMJ_HLB,7UPD_HLD,0,base_iglm,4.3864,4.8264,18,2.0,0.0,0
7UPD_HLD,8DMJ_HLB,7UPD_HLD,0,base_proteinmpnn,0.7539,1.0949,18,0.0,0.0,0
7UPD_HLD,8DMJ_HLB,7UPD_HLD,0,base_proteinmpnn_ar,0.2854,1.2115,18,7.7,6.7,0
7UPD_HLD,8DMJ_HLB,7UPD_HLD,0,base_proteinmpnn_ar_t1,0.4948,2.3139,18,8.7,8.0,0
7UPD_HLD,8DMJ_HLB,7UPD_HLD,0,base_rfantibody,3.6571,4.6944,6,746.3,0.0,0
7UPD_HLD,8DMJ_HLB,7UPD_HLD,0,grad_diffusion,0.1069,0.7475,18,21.4,11.5,0
7UPD_HLD,8DMJ_HLB,7UPD_HLD,0,obj_mint,0.3285,0.6007,6,105.4,89.7,301
7UPD_HLD,8DMJ_HLB,7UPD_HLD,0,obj_wt,-0.0473,0.4311,6,16.1,8.3,303
7UPD_HLD,8DMJ_HLB,7UPD_HLD,0,ours_abmpnn_live,0.0044,0.9759,18,60.5,50.4,303
7UPD_HLD,8DMJ_HLB,7UPD_HLD,0,ours_abmpnn_npz,0.1547,0.8692,18,57.4,47.6,298
7UPD_HLD,8DMJ_HLB,7UPD_HLD,0,ours_antifold,0.2040,0.8872,18,57.6,47.8,301
7UPD_HLD,8DMJ_HLB,7UPD_HLD,0,ours_diffusion,1.2260,2.5830,18,68.0,57.7,364
7UPD_HLD,8DMJ_HLB,7UPD_HLD,0,ours_esmif,0.0505,0.7871,18,61.2,51.4,322
7UPD_HLD,8DMJ_HLB,7UPD_HLD,0,ours_proteinmpnn,-0.1738,1.5429,18,69.1,59.0,367
7UPD_HLD,8DMJ_HLB,7UPD_HLD,0,ours_proteinmpnn_live,0.5789,1.8067,18,68.1,57.8,359
7UPD_HLD,8DMJ_HLB,7UPD_HLD,0,rand_base_abmpnn_ar,-0.2754,0.7957,18,,,
7UPD_HLD,8DMJ_HLB,7UPD_HLD,0,rand_base_antifold,-0.4514,0.8676,18,,,
7UPD_HLD,8DMJ_HLB,7UPD_HLD,0,rand_base_proteinmpnn_ar,0.6779,2.4155,18,,,
7UPD_HLD,8DMJ_HLB,7UPD_HLD,0,rand_ours_abmpnn_live,0.1341,1.7250,18,,,
7UPD_HLD,8DMJ_HLB,7UPD_HLD,0,rand_ours_antifold,-0.8169,1.4016,18,,,
7UPD_HLD,8DMJ_HLB,7UPD_HLD,0,rand_ours_proteinmpnn_live,0.8871,2.9461,18,,,
7URE_HLA,7URA_HLA,7URA_HLA,0,base_abmpnn_ar,-0.6410,0.4092,18,8.0,7.0,0
7URE_HLA,7URA_HLA,7URA_HLA,0,base_abmpnn_ar_t1,-0.4332,0.8306,18,8.8,8.2,0
7URE_HLA,7URA_HLA,7URA_HLA,0,base_abmpnn_npz,0.2872,1.3118,18,0.0,0.0,0
7URE_HLA,7URA_HLA,7URA_HLA,0,base_antifold,-0.5933,-0.0521,18,0.0,0.0,0
7URE_HLA,7URA_HLA,7URA_HLA,0,base_antifold_t1,-0.8677,0.4381,18,1.2,0.1,0
7URE_HLA,7URA_HLA,7URA_HLA,0,base_diffab,-0.0245,1.3047,18,14.5,0.0,0
7URE_HLA,7URA_HLA,7URA_HLA,0,base_diffusion,1.9468,3.4852,18,23.4,13.7,0
7URE_HLA,7URA_HLA,7URA_HLA,0,base_diffusion_s,-0.1699,2.2144,12,22.5,13.9,84
7URE_HLA,7URA_HLA,7URA_HLA,0,base_esmif,0.0245,1.4772,18,0.0,0.0,0
7URE_HLA,7URA_HLA,7URA_HLA,0,base_esmif_ar,0.0992,1.1190,18,6.9,0.0,0
7URE_HLA,7URA_HLA,7URA_HLA,0,base_esmif_ar_t1,0.6299,2.0583,18,10.0,0.0,0
7URE_HLA,7URA_HLA,7URA_HLA,0,base_iglm,2.5667,2.8067,18,2.6,0.0,0
7URE_HLA,7URA_HLA,7URA_HLA,0,base_proteinmpnn,0.7819,1.3548,18,0.0,0.0,0
7URE_HLA,7URA_HLA,7URA_HLA,0,base_proteinmpnn_ar,0.8545,1.5432,18,7.4,6.7,0
7URE_HLA,7URA_HLA,7URA_HLA,0,base_proteinmpnn_ar_t1,0.6340,1.8708,18,25.3,24.7,0
7URE_HLA,7URA_HLA,7URA_HLA,0,grad_diffusion,-1.4096,-0.7052,18,23.4,13.7,0
7URE_HLA,7URA_HLA,7URA_HLA,0,obj_mint,-0.3715,0.8876,6,136.3,120.7,402
7URE_HLA,7URA_HLA,7URA_HLA,0,obj_wt,-1.3268,-0.1967,6,18.7,10.7,388
7URE_HLA,7URA_HLA,7URA_HLA,0,ours_abmpnn_live,-1.0433,0.3003,18,74.1,63.4,389
7URE_HLA,7URA_HLA,7URA_HLA,0,ours_abmpnn_npz,-1.4862,0.8682,18,74.3,64.1,400
7URE_HLA,7URA_HLA,7URA_HLA,0,ours_antifold,-0.7862,0.0531,18,73.1,62.8,391
7URE_HLA,7URA_HLA,7URA_HLA,0,ours_diffusion,0.3162,1.8962,18,79.4,69.1,434
7URE_HLA,7URA_HLA,7URA_HLA,0,ours_esmif,-0.9281,0.6265,18,81.8,71.3,438
7URE_HLA,7URA_HLA,7URA_HLA,0,ours_proteinmpnn,0.2596,1.3144,18,81.6,71.2,444
7URE_HLA,7URA_HLA,7URA_HLA,0,ours_proteinmpnn_live,0.2532,1.1466,18,83.0,72.3,448
7URE_HLA,7URA_HLA,7URA_HLA,0,rand_base_abmpnn_ar,0.1484,1.6006,18,,,
7URE_HLA,7URA_HLA,7URA_HLA,0,rand_base_antifold,-0.7283,0.8905,18,,,
7URE_HLA,7URA_HLA,7URA_HLA,0,rand_base_proteinmpnn_ar,0.7526,2.5841,18,,,
7URE_HLA,7URA_HLA,7URA_HLA,0,rand_ours_abmpnn_live,-0.4332,1.6773,18,,,
7URE_HLA,7URA_HLA,7URA_HLA,0,rand_ours_antifold,-0.7710,1.9434,18,,,
7URE_HLA,7URA_HLA,7URA_HLA,0,rand_ours_proteinmpnn_live,0.8904,3.1280,18,,,
7URX_HLC,7URX_HLC,7URX_HLC,0,base_abmpnn_ar,-0.8356,1.1847,18,7.8,7.0,0
7URX_HLC,7URX_HLC,7URX_HLC,0,base_abmpnn_ar_t1,-0.0772,2.0595,18,8.3,7.7,0
7URX_HLC,7URX_HLC,7URX_HLC,0,base_abmpnn_npz,-0.6905,0.6576,18,0.0,0.0,0
7URX_HLC,7URX_HLC,7URX_HLC,0,base_antifold,-0.4393,2.0547,18,0.0,0.0,0
7URX_HLC,7URX_HLC,7URX_HLC,0,base_antifold_t1,0.4702,2.5747,18,1.3,0.0,0
7URX_HLC,7URX_HLC,7URX_HLC,0,base_diffab,1.5044,6.3432,18,13.5,0.0,0
7URX_HLC,7URX_HLC,7URX_HLC,0,base_diffusion,4.5095,7.2161,18,27.2,17.2,0
7URX_HLC,7URX_HLC,7URX_HLC,0,base_diffusion_s,5.4132,7.9745,12,26.4,17.5,105
7URX_HLC,7URX_HLC,7URX_HLC,0,base_esmif,-0.4649,0.9930,18,0.0,0.0,0
7URX_HLC,7URX_HLC,7URX_HLC,0,base_esmif_ar,-0.4459,1.1917,18,7.8,0.0,0
7URX_HLC,7URX_HLC,7URX_HLC,0,base_esmif_ar_t1,1.1857,4.1876,18,8.8,0.0,0
7URX_HLC,7URX_HLC,7URX_HLC,0,base_iglm,10.1586,10.5856,12,2.1,0.0,0
7URX_HLC,7URX_HLC,7URX_HLC,0,base_proteinmpnn,-0.0918,1.0812,18,0.0,0.0,0
7URX_HLC,7URX_HLC,7URX_HLC,0,base_proteinmpnn_ar,-0.4483,1.3950,18,7.5,6.6,0
7URX_HLC,7URX_HLC,7URX_HLC,0,base_proteinmpnn_ar_t1,0.7755,4.2119,18,8.6,8.0,0
7URX_HLC,7URX_HLC,7URX_HLC,0,grad_diffusion,1.1041,2.3716,18,27.5,17.3,0
7URX_HLC,7URX_HLC,7URX_HLC,0,obj_mint,1.5312,2.3663,6,168.2,151.6,506
7URX_HLC,7URX_HLC,7URX_HLC,0,obj_wt,-0.4044,1.8225,6,22.3,13.6,501
7URX_HLC,7URX_HLC,7URX_HLC,0,ours_abmpnn_live,-0.7390,0.7290,18,97.7,86.3,518
7URX_HLC,7URX_HLC,7URX_HLC,0,ours_abmpnn_npz,-0.4263,0.8418,18,94.9,84.0,514
7URX_HLC,7URX_HLC,7URX_HLC,0,ours_antifold,0.4795,1.8457,18,94.6,83.6,515
7URX_HLC,7URX_HLC,7URX_HLC,0,ours_diffusion,4.1176,5.9207,18,104.0,92.6,568
7URX_HLC,7URX_HLC,7URX_HLC,0,ours_esmif,-1.1886,1.7853,18,103.9,92.7,568
7URX_HLC,7URX_HLC,7URX_HLC,0,ours_proteinmpnn,0.0214,2.1976,18,104.5,93.1,573
7URX_HLC,7URX_HLC,7URX_HLC,0,ours_proteinmpnn_live,-0.7430,1.6240,18,107.1,95.7,575
7URX_HLC,7URX_HLC,7URX_HLC,0,rand_base_abmpnn_ar,2.6552,4.9397,18,,,
7URX_HLC,7URX_HLC,7URX_HLC,0,rand_base_antifold,2.0884,4.7500,18,,,
7URX_HLC,7URX_HLC,7URX_HLC,0,rand_base_proteinmpnn_ar,2.5475,6.0725,18,,,
7URX_HLC,7URX_HLC,7URX_HLC,0,rand_ours_abmpnn_live,1.7774,5.1686,18,,,
7URX_HLC,7URX_HLC,7URX_HLC,0,rand_ours_antifold,1.5339,5.0400,18,,,
7URX_HLC,7URX_HLC,7URX_HLC,0,rand_ours_proteinmpnn_live,4.3188,6.4617,18,,,
7VYR_HLR,7WVL_HLF,7VYR_HLR,1,base_abmpnn_ar,-0.5282,-0.0279,18,8.5,7.8,0
7VYR_HLR,7WVL_HLF,7VYR_HLR,1,base_abmpnn_ar_t1,-0.6757,0.1766,18,7.9,7.3,0
7VYR_HLR,7WVL_HLF,7VYR_HLR,1,base_abmpnn_npz,-0.6240,0.1254,18,0.0,0.0,0
7VYR_HLR,7WVL_HLF,7VYR_HLR,1,base_antifold,-0.9182,-0.6723,18,0.0,0.0,0
7VYR_HLR,7WVL_HLF,7VYR_HLR,1,base_antifold_t1,-0.7629,0.5462,18,0.7,0.0,0
7VYR_HLR,7WVL_HLF,7VYR_HLR,1,base_diffab,0.0719,2.2156,18,14.1,0.0,0
7VYR_HLR,7WVL_HLF,7VYR_HLR,1,base_diffusion,2.2830,3.4481,18,22.1,12.3,0
7VYR_HLR,7WVL_HLF,7VYR_HLR,1,base_esmif,-0.7241,0.0131,18,0.0,0.0,0
7VYR_HLR,7WVL_HLF,7VYR_HLR,1,base_esmif_ar,-0.6202,0.0028,18,8.3,0.0,0
7VYR_HLR,7WVL_HLF,7VYR_HLR,1,base_esmif_ar_t1,-0.4358,0.5534,18,6.2,0.0,0
7VYR_HLR,7WVL_HLF,7VYR_HLR,1,base_iglm,3.7157,4.0280,12,2.6,0.0,0
7VYR_HLR,7WVL_HLF,7VYR_HLR,1,base_proteinmpnn,-0.0450,0.3491,18,0.0,0.0,0
7VYR_HLR,7WVL_HLF,7VYR_HLR,1,base_proteinmpnn_ar,-0.2463,0.3989,18,7.5,6.4,0
7VYR_HLR,7WVL_HLF,7VYR_HLR,1,base_proteinmpnn_ar_t1,-0.4982,0.9366,18,7.9,7.4,0
7VYR_HLR,7WVL_HLF,7VYR_HLR,1,grad_diffusion,0.7231,1.6952,18,21.8,12.2,0
7VYR_HLR,7WVL_HLF,7VYR_HLR,1,obj_mint,-0.7341,0.3176,6,111.4,96.2,344
7VYR_HLR,7WVL_HLF,7VYR_HLR,1,obj_wt,-0.5216,0.7305,6,17.1,9.6,358
7VYR_HLR,7WVL_HLF,7VYR_HLR,1,ours_abmpnn_live,-0.3823,0.2624,18,65.3,55.2,342
7VYR_HLR,7WVL_HLF,7VYR_HLR,1,ours_abmpnn_npz,-0.7362,0.1438,18,60.6,50.9,329
7VYR_HLR,7WVL_HLF,7VYR_HLR,1,ours_antifold,-0.7579,0.5845,18,65.0,55.1,350
7VYR_HLR,7WVL_HLF,7VYR_HLR,1,ours_diffusion,1.4757,2.9536,18,73.8,63.3,408
7VYR_HLR,7WVL_HLF,7VYR_HLR,1,ours_esmif,-0.4822,0.3409,18,63.8,54.1,346
7VYR_HLR,7WVL_HLF,7VYR_HLR,1,ours_proteinmpnn,-0.5209,0.6150,18,68.0,58.0,370
7VYR_HLR,7WVL_HLF,7VYR_HLR,1,ours_proteinmpnn_live,-0.0620,0.6436,18,71.3,61.1,385
7VYR_HLR,7WVL_HLF,7VYR_HLR,1,rand_base_abmpnn_ar,-0.1633,0.7509,18,,,
7VYR_HLR,7WVL_HLF,7VYR_HLR,1,rand_base_antifold,-0.1866,1.0374,18,,,
7VYR_HLR,7WVL_HLF,7VYR_HLR,1,rand_base_proteinmpnn_ar,0.2308,1.7632,18,,,
7VYR_HLR,7WVL_HLF,7VYR_HLR,1,rand_ours_abmpnn_live,0.2202,1.0775,18,,,
7VYR_HLR,7WVL_HLF,7VYR_HLR,1,rand_ours_antifold,-0.1395,1.4686,18,,,
7VYR_HLR,7WVL_HLF,7VYR_HLR,1,rand_ours_proteinmpnn_live,0.3525,2.4230,18,,,
7WPH_HLB,7WVL_HLF,7WPH_HLB,1,base_abmpnn_ar,-1.0012,0.0168,18,7.1,6.3,0
7WPH_HLB,7WVL_HLF,7WPH_HLB,1,base_abmpnn_ar_t1,-1.4750,0.7510,18,8.7,7.7,0
7WPH_HLB,7WVL_HLF,7WPH_HLB,1,base_abmpnn_npz,-1.3182,-0.8169,18,0.0,0.0,0
7WPH_HLB,7WVL_HLF,7WPH_HLB,1,base_antifold,0.0583,0.4586,18,0.0,0.0,0
7WPH_HLB,7WVL_HLF,7WPH_HLB,1,base_antifold_t1,-0.4048,0.5511,18,1.2,0.0,0
7WPH_HLB,7WVL_HLF,7WPH_HLB,1,base_diffab,0.7210,2.7234,18,14.4,0.0,0
7WPH_HLB,7WVL_HLF,7WPH_HLB,1,base_diffusion,1.8249,4.1777,18,25.2,15.5,0
7WPH_HLB,7WVL_HLF,7WPH_HLB,1,base_diffusion_s,1.7299,4.4975,12,24.3,15.7,98
7WPH_HLB,7WVL_HLF,7WPH_HLB,1,base_esmif,-1.1736,-0.1092,18,0.0,0.0,0
7WPH_HLB,7WVL_HLF,7WPH_HLB,1,base_esmif_ar,-0.8583,0.4507,18,7.2,0.0,0
7WPH_HLB,7WVL_HLF,7WPH_HLB,1,base_esmif_ar_t1,-0.3979,0.7392,18,7.9,0.0,0
7WPH_HLB,7WVL_HLF,7WPH_HLB,1,base_iglm,5.7807,6.1305,6,3.3,0.0,0
7WPH_HLB,7WVL_HLF,7WPH_HLB,1,base_proteinmpnn,-1.8783,-1.2699,18,0.0,0.0,0
7WPH_HLB,7WVL_HLF,7WPH_HLB,1,base_proteinmpnn_ar,-1.5998,-0.7749,18,6.8,6.2,0
7WPH_HLB,7WVL_HLF,7WPH_HLB,1,base_proteinmpnn_ar_t1,-0.9049,0.6156,18,8.2,7.7,0
7WPH_HLB,7WVL_HLF,7WPH_HLB,1,grad_diffusion,-1.9375,-0.6136,18,25.4,15.6,0
7WPH_HLB,7WVL_HLF,7WPH_HLB,1,obj_mint,-0.1452,0.8627,6,148.9,132.6,475
7WPH_HLB,7WVL_HLF,7WPH_HLB,1,obj_wt,-0.4434,0.4679,6,20.5,12.4,469
7WPH_HLB,7WVL_HLF,7WPH_HLB,1,ours_abmpnn_live,-2.1393,-0.3052,18,84.3,73.7,465
7WPH_HLB,7WVL_HLF,7WPH_HLB,1,ours_abmpnn_npz,-1.5799,-0.3768,18,81.8,71.5,457
7WPH_HLB,7WVL_HLF,7WPH_HLB,1,ours_antifold,-1.3610,0.3318,18,83.6,73.3,470
7WPH_HLB,7WVL_HLF,7WPH_HLB,1,ours_diffusion,0.5472,3.4935,18,93.6,82.3,519
7WPH_HLB,7WVL_HLF,7WPH_HLB,1,ours_esmif,-1.6239,0.1044,18,86.2,75.9,485
7WPH_HLB,7WVL_HLF,7WPH_HLB,1,ours_proteinmpnn,-2.3792,-0.7713,18,88.8,78.1,498
7WPH_HLB,7WVL_HLF,7WPH_HLB,1,ours_proteinmpnn_live,-2.0356,-0.6311,18,87.5,76.9,481
7WPH_HLB,7WVL_HLF,7WPH_HLB,1,rand_base_abmpnn_ar,0.2752,2.2761,18,,,
7WPH_HLB,7WVL_HLF,7WPH_HLB,1,rand_base_antifold,0.4655,2.3912,18,,,
7WPH_HLB,7WVL_HLF,7WPH_HLB,1,rand_base_proteinmpnn_ar,0.2782,2.0638,18,,,
7WPH_HLB,7WVL_HLF,7WPH_HLB,1,rand_ours_abmpnn_live,0.2536,2.6477,18,,,
7WPH_HLB,7WVL_HLF,7WPH_HLB,1,rand_ours_antifold,0.6219,2.1214,18,,,
7WPH_HLB,7WVL_HLF,7WPH_HLB,1,rand_ours_proteinmpnn_live,0.5984,3.2515,18,,,
7X2O_HLB,7X2I_HLB,7X2O_HLB,1,base_abmpnn_ar,-0.4719,-0.0155,18,7.0,6.3,0
7X2O_HLB,7X2I_HLB,7X2O_HLB,1,base_abmpnn_ar_t1,-0.1123,0.8746,18,6.3,5.9,0
7X2O_HLB,7X2I_HLB,7X2O_HLB,1,base_abmpnn_npz,-0.5503,-0.3817,18,0.0,0.0,0
7X2O_HLB,7X2I_HLB,7X2O_HLB,1,base_antifold,2.6871,4.0830,18,0.0,0.0,0
7X2O_HLB,7X2I_HLB,7X2O_HLB,1,base_antifold_t1,1.3453,3.5209,18,1.1,0.0,0
7X2O_HLB,7X2I_HLB,7X2O_HLB,1,base_diffab,1.3710,5.3267,18,15.3,0.0,0
7X2O_HLB,7X2I_HLB,7X2O_HLB,1,base_diffusion,2.9803,3.8265,18,22.8,13.5,0
7X2O_HLB,7X2I_HLB,7X2O_HLB,1,base_diffusion_s,3.4494,5.6140,12,22.4,14.0,91
7X2O_HLB,7X2I_HLB,7X2O_HLB,1,base_esmif,0.8963,1.9481,18,0.0,0.0,0
7X2O_HLB,7X2I_HLB,7X2O_HLB,1,base_esmif_ar,1.8450,2.8986,18,7.6,0.0,0
7X2O_HLB,7X2I_HLB,7X2O_HLB,1,base_esmif_ar_t1,1.6434,4.1752,18,9.2,0.0,0
7X2O_HLB,7X2I_HLB,7X2O_HLB,1,base_iglm,8.2807,8.6051,18,2.4,0.0,0
7X2O_HLB,7X2I_HLB,7X2O_HLB,1,base_proteinmpnn,0.0194,1.4571,18,0.0,0.0,0
7X2O_HLB,7X2I_HLB,7X2O_HLB,1,base_proteinmpnn_ar,0.0668,1.5049,18,5.8,5.1,0
7X2O_HLB,7X2I_HLB,7X2O_HLB,1,base_proteinmpnn_ar_t1,1.9420,3.4446,18,6.6,6.0,0
7X2O_HLB,7X2I_HLB,7X2O_HLB,1,base_rfantibody,4.5284,5.7477,6,399.8,0.0,0
7X2O_HLB,7X2I_HLB,7X2O_HLB,1,grad_diffusion,0.6995,1.1454,18,22.6,13.4,0
7X2O_HLB,7X2I_HLB,7X2O_HLB,1,obj_mint,2.1454,3.8961,6,116.5,101.6,424
7X2O_HLB,7X2I_HLB,7X2O_HLB,1,obj_wt,-0.0317,2.1144,6,18.2,10.6,429
7X2O_HLB,7X2I_HLB,7X2O_HLB,1,ours_abmpnn_live,-0.3302,0.5916,18,73.6,63.6,416
7X2O_HLB,7X2I_HLB,7X2O_HLB,1,ours_abmpnn_npz,-1.1047,0.2734,18,72.3,62.7,417
7X2O_HLB,7X2I_HLB,7X2O_HLB,1,ours_antifold,0.2567,2.7095,18,73.1,63.4,427
7X2O_HLB,7X2I_HLB,7X2O_HLB,1,ours_diffusion,2.6620,4.8447,18,81.1,70.6,468
7X2O_HLB,7X2I_HLB,7X2O_HLB,1,ours_esmif,1.3016,2.9239,18,77.4,67.7,453
7X2O_HLB,7X2I_HLB,7X2O_HLB,1,ours_proteinmpnn,0.5021,2.2426,18,81.0,71.1,476
7X2O_HLB,7X2I_HLB,7X2O_HLB,1,ours_proteinmpnn_live,0.5928,2.3092,18,82.1,71.9,477
7X2O_HLB,7X2I_HLB,7X2O_HLB,1,rand_base_abmpnn_ar,-0.0402,0.9857,18,,,
7X2O_HLB,7X2I_HLB,7X2O_HLB,1,rand_base_antifold,1.4825,3.7169,18,,,
7X2O_HLB,7X2I_HLB,7X2O_HLB,1,rand_base_proteinmpnn_ar,1.4875,4.0494,18,,,
7X2O_HLB,7X2I_HLB,7X2O_HLB,1,rand_ours_abmpnn_live,0.2991,2.3102,18,,,
7X2O_HLB,7X2I_HLB,7X2O_HLB,1,rand_ours_antifold,0.9066,3.0949,18,,,
7X2O_HLB,7X2I_HLB,7X2O_HLB,1,rand_ours_proteinmpnn_live,1.4949,5.5845,18,,,
7X2W_HLC,7X2W_HLC,7X2W_HLC,1,base_abmpnn_ar,0.3351,0.9083,18,5.5,4.7,0
7X2W_HLC,7X2W_HLC,7X2W_HLC,1,base_abmpnn_ar_t1,-0.1360,0.9936,18,6.4,5.8,0
7X2W_HLC,7X2W_HLC,7X2W_HLC,1,base_abmpnn_npz,0.6584,0.9653,18,0.0,0.0,0
7X2W_HLC,7X2W_HLC,7X2W_HLC,1,base_antifold,0.7578,1.0245,18,0.0,0.0,0
7X2W_HLC,7X2W_HLC,7X2W_HLC,1,base_antifold_t1,0.5804,1.1215,18,0.7,0.0,0
7X2W_HLC,7X2W_HLC,7X2W_HLC,1,base_diffab,1.1257,1.6593,18,14.3,0.0,0
7X2W_HLC,7X2W_HLC,7X2W_HLC,1,base_diffusion,1.4522,1.8243,18,20.8,11.5,0
7X2W_HLC,7X2W_HLC,7X2W_HLC,1,base_diffusion_s,0.8582,2.1335,12,19.0,11.3,77
7X2W_HLC,7X2W_HLC,7X2W_HLC,1,base_esmif,0.9764,1.8030,18,0.0,0.0,0
7X2W_HLC,7X2W_HLC,7X2W_HLC,1,base_esmif_ar,0.5940,1.0070,18,5.9,0.0,0
7X2W_HLC,7X2W_HLC,7X2W_HLC,1,base_esmif_ar_t1,0.7246,1.4587,18,5.7,0.0,0
7X2W_HLC,7X2W_HLC,7X2W_HLC,1,base_iglm,2.5241,2.7711,18,2.1,0.0,0
7X2W_HLC,7X2W_HLC,7X2W_HLC,1,base_proteinmpnn,0.5432,0.9299,18,0.0,0.0,0
7X2W_HLC,7X2W_HLC,7X2W_HLC,1,base_proteinmpnn_ar,0.7252,1.1016,18,5.5,4.8,0
7X2W_HLC,7X2W_HLC,7X2W_HLC,1,base_proteinmpnn_ar_t1,0.1323,1.3229,18,6.5,5.9,0
7X2W_HLC,7X2W_HLC,7X2W_HLC,1,base_rfantibody,1.8647,2.1681,6,498.0,0.0,0
7X2W_HLC,7X2W_HLC,7X2W_HLC,1,grad_diffusion,0.4986,0.8072,18,20.7,11.3,0
7X2W_HLC,7X2W_HLC,7X2W_HLC,1,obj_mint,1.1862,1.5242,6,99.6,85.4,359
7X2W_HLC,7X2W_HLC,7X2W_HLC,1,obj_wt,0.1352,1.1120,6,16.5,9.3,368
7X2W_HLC,7X2W_HLC,7X2W_HLC,1,ours_abmpnn_live,0.1933,0.7415,18,65.3,55.7,369
7X2W_HLC,7X2W_HLC,7X2W_HLC,1,ours_abmpnn_npz,-0.2082,0.7432,18,65.2,55.6,372
7X2W_HLC,7X2W_HLC,7X2W_HLC,1,ours_antifold,0.5193,1.1838,18,64.8,55.3,365
7X2W_HLC,7X2W_HLC,7X2W_HLC,1,ours_diffusion,1.1688,1.8548,18,69.7,59.4,391
7X2W_HLC,7X2W_HLC,7X2W_HLC,1,ours_esmif,0.2410,1.3787,18,69.8,60.1,409
7X2W_HLC,7X2W_HLC,7X2W_HLC,1,ours_proteinmpnn,0.2862,1.3739,18,72.0,62.3,416
7X2W_HLC,7X2W_HLC,7X2W_HLC,1,ours_proteinmpnn_live,0.1517,1.3014,18,71.2,61.4,413
7X2W_HLC,7X2W_HLC,7X2W_HLC,1,rand_base_abmpnn_ar,-0.1261,1.1055,18,,,
7X2W_HLC,7X2W_HLC,7X2W_HLC,1,rand_base_antifold,0.1049,1.2355,18,,,
7X2W_HLC,7X2W_HLC,7X2W_HLC,1,rand_base_proteinmpnn_ar,1.3262,2.2110,18,,,
7X2W_HLC,7X2W_HLC,7X2W_HLC,1,rand_ours_abmpnn_live,0.0432,1.6506,18,,,
7X2W_HLC,7X2W_HLC,7X2W_HLC,1,rand_ours_antifold,0.3415,1.5395,18,,,
7X2W_HLC,7X2W_HLC,7X2W_HLC,1,rand_ours_proteinmpnn_live,0.8591,1.9120,18,,,
7X3D_HLB,7X2I_HLB,7X3E_HLB,1,base_abmpnn_ar,-0.2197,0.2147,18,5.6,5.0,0
7X3D_HLB,7X2I_HLB,7X3E_HLB,1,base_abmpnn_ar_t1,-0.0735,1.4060,18,6.6,6.0,0
7X3D_HLB,7X2I_HLB,7X3E_HLB,1,base_abmpnn_npz,-0.3099,0.1935,18,0.0,0.0,0
7X3D_HLB,7X2I_HLB,7X3E_HLB,1,base_antifold,0.0506,0.4157,18,0.0,0.0,0
7X3D_HLB,7X2I_HLB,7X3E_HLB,1,base_antifold_t1,0.1217,0.9613,18,0.5,0.0,0
7X3D_HLB,7X2I_HLB,7X3E_HLB,1,base_diffab,0.7565,1.9973,18,14.6,0.0,0
7X3D_HLB,7X2I_HLB,7X3E_HLB,1,base_diffusion,2.6956,3.2896,18,25.9,16.6,0
7X3D_HLB,7X2I_HLB,7X3E_HLB,1,base_diffusion_s,1.1859,3.2955,18,25.0,16.7,112
7X3D_HLB,7X2I_HLB,7X3E_HLB,1,base_esmif,0.1679,1.6123,18,0.0,0.0,0
7X3D_HLB,7X2I_HLB,7X3E_HLB,1,base_esmif_ar,0.5385,1.7067,18,7.1,0.0,0
7X3D_HLB,7X2I_HLB,7X3E_HLB,1,base_esmif_ar_t1,0.8771,2.1117,18,6.9,0.0,0
7X3D_HLB,7X2I_HLB,7X3E_HLB,1,base_iglm,4.1976,4.6328,18,1.8,0.0,0
7X3D_HLB,7X2I_HLB,7X3E_HLB,1,base_proteinmpnn,-0.0727,0.3524,18,0.0,0.0,0
7X3D_HLB,7X2I_HLB,7X3E_HLB,1,base_proteinmpnn_ar,0.4514,1.2423,18,5.8,5.1,0
7X3D_HLB,7X2I_HLB,7X3E_HLB,1,base_proteinmpnn_ar_t1,0.8658,2.5391,18,6.7,6.1,0
7X3D_HLB,7X2I_HLB,7X3E_HLB,1,grad_diffusion,-0.1286,0.8157,18,26.2,16.7,0
7X3D_HLB,7X2I_HLB,7X3E_HLB,1,obj_mint,0.0187,0.2090,6,152.8,136.9,566
7X3D_HLB,7X2I_HLB,7X3E_HLB,1,obj_wt,-0.0023,0.4260,6,22.1,13.9,557
7X3D_HLB,7X2I_HLB,7X3E_HLB,1,ours_abmpnn_live,-0.0631,0.8990,18,97.1,86.5,563
7X3D_HLB,7X2I_HLB,7X3E_HLB,1,ours_abmpnn_npz,-0.1067,0.8872,18,96.0,85.5,569
7X3D_HLB,7X2I_HLB,7X3E_HLB,1,ours_antifold,-0.3303,0.6730,18,91.9,81.5,545
7X3D_HLB,7X2I_HLB,7X3E_HLB,1,ours_diffusion,1.5789,2.9587,18,101.1,90.2,600
7X3D_HLB,7X2I_HLB,7X3E_HLB,1,ours_esmif,0.3085,1.5810,18,100.2,89.6,601
7X3D_HLB,7X2I_HLB,7X3E_HLB,1,ours_proteinmpnn,0.3997,1.1825,18,105.0,94.4,619
7X3D_HLB,7X2I_HLB,7X3E_HLB,1,ours_proteinmpnn_live,0.4586,1.3999,18,105.7,94.8,612
7X3D_HLB,7X2I_HLB,7X3E_HLB,1,rand_base_abmpnn_ar,0.3631,1.1098,18,,,
7X3D_HLB,7X2I_HLB,7X3E_HLB,1,rand_base_antifold,0.7032,1.7568,18,,,
7X3D_HLB,7X2I_HLB,7X3E_HLB,1,rand_base_proteinmpnn_ar,1.2762,2.0318,18,,,
7X3D_HLB,7X2I_HLB,7X3E_HLB,1,rand_ours_abmpnn_live,-0.0600,1.6739,18,,,
7X3D_HLB,7X2I_HLB,7X3E_HLB,1,rand_ours_antifold,0.4183,1.5162,18,,,
7X3D_HLB,7X2I_HLB,7X3E_HLB,1,rand_ours_proteinmpnn_live,0.6528,2.5178,18,,,
7X4I_HA,7WVL_HLF,7X4I_HA,1,base_abmpnn_ar,-4.2897,-0.8494,18,4.1,3.3,0
7X4I_HA,7WVL_HLF,7X4I_HA,1,base_abmpnn_ar_t1,0.9537,2.5846,18,4.9,4.1,0
7X4I_HA,7WVL_HLF,7X4I_HA,1,base_abmpnn_npz,-5.5061,-3.9494,18,0.0,0.0,0
7X4I_HA,7WVL_HLF,7X4I_HA,1,base_antifold,-1.6553,-0.3642,18,0.0,0.0,0
7X4I_HA,7WVL_HLF,7X4I_HA,1,base_antifold_t1,-0.6156,1.9323,18,2.0,0.0,0
7X4I_HA,7WVL_HLF,7X4I_HA,1,base_diffab,2.0957,6.0227,18,14.7,0.0,0
7X4I_HA,7WVL_HLF,7X4I_HA,1,base_diffusion,5.7372,8.5004,18,26.3,16.5,0
7X4I_HA,7WVL_HLF,7X4I_HA,1,base_diffusion_s,6.2942,7.8391,12,26.1,17.9,119
7X4I_HA,7WVL_HLF,7X4I_HA,1,base_esmif,0.2867,1.7543,18,0.0,0.0,0
7X4I_HA,7WVL_HLF,7X4I_HA,1,base_esmif_ar,-1.4601,0.3635,18,6.8,0.0,0
7X4I_HA,7WVL_HLF,7X4I_HA,1,base_esmif_ar_t1,-0.8174,2.0580,18,6.6,0.0,0
7X4I_HA,7WVL_HLF,7X4I_HA,1,base_iglm,8.9032,9.4065,18,2.1,0.0,0
7X4I_HA,7WVL_HLF,7X4I_HA,1,base_proteinmpnn,-1.6741,0.2503,18,0.1,0.0,0
7X4I_HA,7WVL_HLF,7X4I_HA,1,base_proteinmpnn_ar,-2.7283,0.0418,18,4.2,3.3,0
7X4I_HA,7WVL_HLF,7X4I_HA,1,base_proteinmpnn_ar_t1,1.2187,4.0683,18,4.4,4.0,0
7X4I_HA,7WVL_HLF,7X4I_HA,1,grad_diffusion,0.0603,1.9514,18,26.4,16.6,0
7X4I_HA,7WVL_HLF,7X4I_HA,1,obj_mint,-0.8574,1.6884,6,121.7,107.5,622
7X4I_HA,7WVL_HLF,7X4I_HA,1,obj_wt,-2.2271,-0.5637,6,24.2,15.5,625
7X4I_HA,7WVL_HLF,7X4I_HA,1,ours_abmpnn_live,-5.3712,-1.4882,18,108.0,97.0,632
7X4I_HA,7WVL_HLF,7X4I_HA,1,ours_abmpnn_npz,-4.8912,-2.0825,18,110.1,99.3,651
7X4I_HA,7WVL_HLF,7X4I_HA,1,ours_antifold,-5.8360,-0.7420,18,106.4,95.7,623
7X4I_HA,7WVL_HLF,7X4I_HA,1,ours_diffusion,1.1587,5.2638,18,110.5,99.4,648
7X4I_HA,7WVL_HLF,7X4I_HA,1,ours_esmif,-4.5431,-0.8058,18,108.3,97.7,644
7X4I_HA,7WVL_HLF,7X4I_HA,1,ours_proteinmpnn,-2.6294,0.2260,18,112.5,101.5,662
7X4I_HA,7WVL_HLF,7X4I_HA,1,ours_proteinmpnn_live,-2.2786,0.1238,18,114.6,103.2,664
7X4I_HA,7WVL_HLF,7X4I_HA,1,rand_base_abmpnn_ar,2.9721,6.6842,18,,,
7X4I_HA,7WVL_HLF,7X4I_HA,1,rand_base_antifold,2.1432,4.8506,18,,,
7X4I_HA,7WVL_HLF,7X4I_HA,1,rand_base_proteinmpnn_ar,1.0220,7.0124,18,,,
7X4I_HA,7WVL_HLF,7X4I_HA,1,rand_ours_abmpnn_live,1.0742,6.2073,18,,,
7X4I_HA,7WVL_HLF,7X4I_HA,1,rand_ours_antifold,0.5708,6.4451,18,,,
7X4I_HA,7WVL_HLF,7X4I_HA,1,rand_ours_proteinmpnn_live,1.7870,6.4563,18,,,
7YCL_HLD,7WVL_HLF,7YCL_HLD,1,base_abmpnn_ar,0.7041,2.6358,18,7.8,7.0,0
7YCL_HLD,7WVL_HLF,7YCL_HLD,1,base_abmpnn_ar_t1,0.4940,3.8849,18,8.6,7.9,0
7YCL_HLD,7WVL_HLF,7YCL_HLD,1,base_abmpnn_npz,1.1481,2.4570,18,0.0,0.0,0
7YCL_HLD,7WVL_HLF,7YCL_HLD,1,base_antifold,2.1971,2.4893,18,0.0,0.0,0
7YCL_HLD,7WVL_HLF,7YCL_HLD,1,base_antifold_t1,0.7519,3.1196,18,0.4,0.0,0
7YCL_HLD,7WVL_HLF,7YCL_HLD,1,base_diffab,5.4522,7.9423,18,14.6,0.0,0
7YCL_HLD,7WVL_HLF,7YCL_HLD,1,base_diffusion,1.5415,6.2798,18,26.5,16.7,0
7YCL_HLD,7WVL_HLF,7YCL_HLD,1,base_diffusion_s,6.3099,8.4953,6,25.5,17.0,105
7YCL_HLD,7WVL_HLF,7YCL_HLD,1,base_esmif,-0.6712,-0.2858,18,0.0,0.0,0
7YCL_HLD,7WVL_HLF,7YCL_HLD,1,base_esmif_ar,-0.7940,-0.5000,18,13.6,0.0,0
7YCL_HLD,7WVL_HLF,7YCL_HLD,1,base_esmif_ar_t1,-0.2209,2.3264,18,15.8,0.0,0
7YCL_HLD,7WVL_HLF,7YCL_HLD,1,base_iglm,9.9425,10.4055,12,2.5,0.0,0
7YCL_HLD,7WVL_HLF,7YCL_HLD,1,base_proteinmpnn,-0.4146,1.4867,18,0.0,0.0,0
7YCL_HLD,7WVL_HLF,7YCL_HLD,1,base_proteinmpnn_ar,0.2985,1.9123,18,7.8,6.3,0
7YCL_HLD,7WVL_HLF,7YCL_HLD,1,base_proteinmpnn_ar_t1,3.3335,5.8862,18,8.4,7.9,0
7YCL_HLD,7WVL_HLF,7YCL_HLD,1,grad_diffusion,0.4053,2.8729,18,26.7,16.7,0
7YCL_HLD,7WVL_HLF,7YCL_HLD,1,obj_mint,-0.0275,2.4114,6,164.5,148.2,520
7YCL_HLD,7WVL_HLF,7YCL_HLD,1,obj_wt,-0.8844,2.5673,12,22.3,13.9,519
7YCL_HLD,7WVL_HLF,7YCL_HLD,1,ours_abmpnn_live,0.4960,2.8731,18,92.0,81.3,500
7YCL_HLD,7WVL_HLF,7YCL_HLD,1,ours_abmpnn_npz,1.6867,3.1995,18,92.4,81.6,513
7YCL_HLD,7WVL_HLF,7YCL_HLD,1,ours_antifold,1.1181,2.7006,18,91.9,81.1,514
7YCL_HLD,7WVL_HLF,7YCL_HLD,1,ours_diffusion,4.9937,7.6542,18,99.1,88.0,556
7YCL_HLD,7WVL_HLF,7YCL_HLD,1,ours_esmif,-0.5202,0.8468,18,92.8,82.0,516
7YCL_HLD,7WVL_HLF,7YCL_HLD,1,ours_proteinmpnn,0.1080,2.9576,18,101.5,90.6,574
7YCL_HLD,7WVL_HLF,7YCL_HLD,1,ours_proteinmpnn_live,1.6605,4.1891,18,102.8,91.7,573
7YCL_HLD,7WVL_HLF,7YCL_HLD,1,rand_base_abmpnn_ar,-0.1508,3.8395,18,,,
7YCL_HLD,7WVL_HLF,7YCL_HLD,1,rand_base_antifold,1.1528,3.7247,18,,,
7YCL_HLD,7WVL_HLF,7YCL_HLD,1,rand_base_proteinmpnn_ar,2.7764,5.1875,18,,,
7YCL_HLD,7WVL_HLF,7YCL_HLD,1,rand_ours_abmpnn_live,2.4532,5.4816,18,,,
7YCL_HLD,7WVL_HLF,7YCL_HLD,1,rand_ours_antifold,1.7093,5.7060,18,,,
7YCL_HLD,7WVL_HLF,7YCL_HLD,1,rand_ours_proteinmpnn_live,3.3071,6.8832,18,,,
7YRU_HLA,7YRU_HLA,7YRU_HLA,0,base_abmpnn_ar,-1.2277,-0.2177,18,5.9,5.2,0
7YRU_HLA,7YRU_HLA,7YRU_HLA,0,base_abmpnn_ar_t1,-0.8623,0.9084,18,6.7,6.2,0
7YRU_HLA,7YRU_HLA,7YRU_HLA,0,base_abmpnn_npz,-1.4877,-1.1970,18,0.0,0.0,0
7YRU_HLA,7YRU_HLA,7YRU_HLA,0,base_antifold,-1.0312,-0.0106,18,0.0,0.0,0
7YRU_HLA,7YRU_HLA,7YRU_HLA,0,base_antifold_t1,-1.4446,-0.2621,18,1.4,0.0,0
7YRU_HLA,7YRU_HLA,7YRU_HLA,0,base_diffab,0.9764,2.3738,18,12.4,0.0,0
7YRU_HLA,7YRU_HLA,7YRU_HLA,0,base_diffusion,0.3310,2.5234,18,24.2,14.9,0
7YRU_HLA,7YRU_HLA,7YRU_HLA,0,base_diffusion_s,1.2792,2.2378,6,22.4,14.5,98
7YRU_HLA,7YRU_HLA,7YRU_HLA,0,base_esmif,-0.5017,0.7976,18,0.0,0.0,0
7YRU_HLA,7YRU_HLA,7YRU_HLA,0,base_esmif_ar,-0.6921,-0.1018,18,8.4,0.0,0
7YRU_HLA,7YRU_HLA,7YRU_HLA,0,base_esmif_ar_t1,-0.5353,0.9657,18,6.7,0.0,0
7YRU_HLA,7YRU_HLA,7YRU_HLA,0,base_iglm,1.8015,2.1431,18,1.9,0.0,0
7YRU_HLA,7YRU_HLA,7YRU_HLA,0,base_proteinmpnn,-1.4789,-0.9801,18,0.0,0.0,0
7YRU_HLA,7YRU_HLA,7YRU_HLA,0,base_proteinmpnn_ar,-1.5823,-0.0755,18,6.7,5.4,0
7YRU_HLA,7YRU_HLA,7YRU_HLA,0,base_proteinmpnn_ar_t1,-0.4984,0.8229,18,7.2,6.4,0
7YRU_HLA,7YRU_HLA,7YRU_HLA,0,grad_diffusion,-0.9565,-0.3749,18,24.1,14.7,0
7YRU_HLA,7YRU_HLA,7YRU_HLA,0,obj_mint,-0.4886,-0.2572,6,139.8,124.7,483
7YRU_HLA,7YRU_HLA,7YRU_HLA,0,obj_wt,-1.4125,-0.6802,6,19.5,11.8,466
7YRU_HLA,7YRU_HLA,7YRU_HLA,0,ours_abmpnn_live,-1.1418,0.0148,18,85.4,74.8,484
7YRU_HLA,7YRU_HLA,7YRU_HLA,0,ours_abmpnn_npz,-1.5680,-0.5945,18,83.6,73.6,481
7YRU_HLA,7YRU_HLA,7YRU_HLA,0,ours_antifold,-1.6600,-0.6739,18,82.8,72.8,472
7YRU_HLA,7YRU_HLA,7YRU_HLA,0,ours_diffusion,-0.6824,1.2745,18,89.5,79.3,522
7YRU_HLA,7YRU_HLA,7YRU_HLA,0,ours_esmif,-1.7412,-0.4667,18,84.7,74.7,488
7YRU_HLA,7YRU_HLA,7YRU_HLA,0,ours_proteinmpnn,-1.6925,-0.6265,18,91.2,80.8,530
7YRU_HLA,7YRU_HLA,7YRU_HLA,0,ours_proteinmpnn_live,-0.6105,0.2129,18,91.2,80.8,530
7YRU_HLA,7YRU_HLA,7YRU_HLA,0,rand_base_abmpnn_ar,-0.1810,1.5339,18,,,
7YRU_HLA,7YRU_HLA,7YRU_HLA,0,rand_base_antifold,-0.4800,1.3834,18,,,
7YRU_HLA,7YRU_HLA,7YRU_HLA,0,rand_base_proteinmpnn_ar,0.2689,1.6120,18,,,
7YRU_HLA,7YRU_HLA,7YRU_HLA,0,rand_ours_abmpnn_live,-0.2472,2.3418,18,,,
7YRU_HLA,7YRU_HLA,7YRU_HLA,0,rand_ours_antifold,0.0198,1.8723,18,,,
7YRU_HLA,7YRU_HLA,7YRU_HLA,0,rand_ours_proteinmpnn_live,0.4916,2.7767,18,,,
7ZRA_FC,7ZRA_FC,6QX4_CA,1,base_abmpnn_ar,-0.8950,0.7339,18,3.4,2.9,0
7ZRA_FC,7ZRA_FC,6QX4_CA,1,base_abmpnn_ar_t1,-0.2769,1.4010,18,3.8,3.3,0
7ZRA_FC,7ZRA_FC,6QX4_CA,1,base_abmpnn_npz,0.5822,0.9369,18,0.0,0.0,0
7ZRA_FC,7ZRA_FC,6QX4_CA,1,base_antifold,-0.2674,0.3181,18,0.0,0.0,0
7ZRA_FC,7ZRA_FC,6QX4_CA,1,base_antifold_t1,-1.1494,0.8408,18,0.6,0.0,0
7ZRA_FC,7ZRA_FC,6QX4_CA,1,base_diffab,1.3212,3.3457,18,12.7,0.0,0
7ZRA_FC,7ZRA_FC,6QX4_CA,1,base_diffusion,4.5841,5.2873,18,24.7,15.3,0
7ZRA_FC,7ZRA_FC,6QX4_CA,1,base_diffusion_s,4.0807,5.2361,6,24.9,16.6,112
7ZRA_FC,7ZRA_FC,6QX4_CA,1,base_esmif,-1.6640,-1.1984,18,0.0,0.0,0
7ZRA_FC,7ZRA_FC,6QX4_CA,1,base_esmif_ar,-1.7157,-1.2966,18,6.4,0.0,0
7ZRA_FC,7ZRA_FC,6QX4_CA,1,base_esmif_ar_t1,-1.8430,-0.8031,18,5.8,0.0,0
7ZRA_FC,7ZRA_FC,6QX4_CA,1,base_iglm,6.5075,6.7264,12,1.9,0.0,0
7ZRA_FC,7ZRA_FC,6QX4_CA,1,base_proteinmpnn,-2.0248,-1.5816,18,0.0,0.0,0
7ZRA_FC,7ZRA_FC,6QX4_CA,1,base_proteinmpnn_ar,-2.0864,-1.0384,18,3.9,2.7,0
7ZRA_FC,7ZRA_FC,6QX4_CA,1,base_proteinmpnn_ar_t1,-1.6704,0.3191,18,3.8,3.4,0
7ZRA_FC,7ZRA_FC,6QX4_CA,1,base_rfantibody,4.3686,5.9416,6,167.2,0.0,0
7ZRA_FC,7ZRA_FC,6QX4_CA,1,grad_diffusion,0.4516,1.2695,18,24.7,15.3,0
7ZRA_FC,7ZRA_FC,6QX4_CA,1,obj_mint,-0.6907,1.9193,6,114.5,101.0,581
7ZRA_FC,7ZRA_FC,6QX4_CA,1,obj_wt,-1.3428,0.2238,12,22.4,14.4,574
7ZRA_FC,7ZRA_FC,6QX4_CA,1,ours_abmpnn_live,-0.3739,1.3670,18,99.6,88.9,578
7ZRA_FC,7ZRA_FC,6QX4_CA,1,ours_abmpnn_npz,0.0233,1.0453,18,98.1,87.8,580
7ZRA_FC,7ZRA_FC,6QX4_CA,1,ours_antifold,-1.4082,0.3004,18,99.5,89.0,581
7ZRA_FC,7ZRA_FC,6QX4_CA,1,ours_diffusion,1.7166,4.3612,18,103.0,92.6,608
7ZRA_FC,7ZRA_FC,6QX4_CA,1,ours_esmif,-1.9791,-1.3114,18,94.1,83.6,556
7ZRA_FC,7ZRA_FC,6QX4_CA,1,ours_proteinmpnn,-2.6570,-0.4898,18,100.7,90.0,593
7ZRA_FC,7ZRA_FC,6QX4_CA,1,ours_proteinmpnn_live,-1.5965,-0.3904,18,103.2,92.4,592
7ZRA_FC,7ZRA_FC,6QX4_CA,1,rand_base_abmpnn_ar,0.9441,3.6783,18,,,
7ZRA_FC,7ZRA_FC,6QX4_CA,1,rand_base_antifold,1.5064,3.9150,18,,,
7ZRA_FC,7ZRA_FC,6QX4_CA,1,rand_base_proteinmpnn_ar,0.7677,4.0642,18,,,
7ZRA_FC,7ZRA_FC,6QX4_CA,1,rand_ours_abmpnn_live,0.6182,4.1953,18,,,
7ZRA_FC,7ZRA_FC,6QX4_CA,1,rand_ours_antifold,1.1714,3.8350,18,,,
7ZRA_FC,7ZRA_FC,6QX4_CA,1,rand_ours_proteinmpnn_live,1.6981,3.2458,18,,,
8ATH_HLA,8ATH_HLA,8ATH_HLA,0,base_abmpnn_ar,0.0452,0.9228,18,7.0,6.1,0
8ATH_HLA,8ATH_HLA,8ATH_HLA,0,base_abmpnn_ar_t1,-0.1039,1.2714,18,8.1,7.2,0
8ATH_HLA,8ATH_HLA,8ATH_HLA,0,base_abmpnn_npz,0.1353,0.5716,18,0.0,0.0,0
8ATH_HLA,8ATH_HLA,8ATH_HLA,0,base_antifold,0.8340,1.3406,18,0.0,0.0,0
8ATH_HLA,8ATH_HLA,8ATH_HLA,0,base_antifold_t1,0.2544,1.9806,18,0.8,0.0,0
8ATH_HLA,8ATH_HLA,8ATH_HLA,0,base_diffab,1.4119,3.8017,18,13.8,0.0,0
8ATH_HLA,8ATH_HLA,8ATH_HLA,0,base_diffusion,3.9232,4.3983,18,21.7,12.2,0
8ATH_HLA,8ATH_HLA,8ATH_HLA,0,base_diffusion_s,3.1873,4.0434,6,20.5,12.3,77
8ATH_HLA,8ATH_HLA,8ATH_HLA,0,base_esmif,-0.4737,0.7680,18,0.0,0.0,0
8ATH_HLA,8ATH_HLA,8ATH_HLA,0,base_esmif_ar,-0.3497,1.1685,18,12.0,0.0,0
8ATH_HLA,8ATH_HLA,8ATH_HLA,0,base_esmif_ar_t1,0.1550,2.1322,18,6.4,0.0,0
8ATH_HLA,8ATH_HLA,8ATH_HLA,0,base_iglm,4.9071,5.2903,12,1.7,0.0,0
8ATH_HLA,8ATH_HLA,8ATH_HLA,0,base_proteinmpnn,-0.1462,1.1785,18,0.0,0.0,0
8ATH_HLA,8ATH_HLA,8ATH_HLA,0,base_proteinmpnn_ar,-0.2472,1.5349,18,6.6,5.9,0
8ATH_HLA,8ATH_HLA,8ATH_HLA,0,base_proteinmpnn_ar_t1,1.2260,2.2067,18,7.5,6.9,0
8ATH_HLA,8ATH_HLA,8ATH_HLA,0,grad_diffusion,0.0234,0.7872,18,21.5,12.1,0
8ATH_HLA,8ATH_HLA,8ATH_HLA,0,obj_mint,0.2084,1.5508,6,118.8,103.1,371
8ATH_HLA,8ATH_HLA,8ATH_HLA,0,obj_wt,0.2935,0.9892,6,17.9,9.9,372
8ATH_HLA,8ATH_HLA,8ATH_HLA,0,ours_abmpnn_live,-1.0697,0.7191,18,67.7,57.7,367
8ATH_HLA,8ATH_HLA,8ATH_HLA,0,ours_abmpnn_npz,-0.1599,1.2361,18,66.8,56.9,366
8ATH_HLA,8ATH_HLA,8ATH_HLA,0,ours_antifold,-0.3141,1.2096,18,68.1,58.3,373
8ATH_HLA,8ATH_HLA,8ATH_HLA,0,ours_diffusion,0.7851,3.1944,18,72.0,62.3,409
8ATH_HLA,8ATH_HLA,8ATH_HLA,0,ours_esmif,-0.8155,0.6190,18,67.0,57.4,369
8ATH_HLA,8ATH_HLA,8ATH_HLA,0,ours_proteinmpnn,-0.5288,2.2833,18,70.6,60.4,395
8ATH_HLA,8ATH_HLA,8ATH_HLA,0,ours_proteinmpnn_live,0.0129,1.7240,18,71.6,61.7,395
8ATH_HLA,8ATH_HLA,8ATH_HLA,0,rand_base_abmpnn_ar,-0.1159,1.9084,18,,,
8ATH_HLA,8ATH_HLA,8ATH_HLA,0,rand_base_antifold,-1.0200,1.6256,18,,,
8ATH_HLA,8ATH_HLA,8ATH_HLA,0,rand_base_proteinmpnn_ar,0.7567,3.4357,18,,,
8ATH_HLA,8ATH_HLA,8ATH_HLA,0,rand_ours_abmpnn_live,1.1441,2.9887,18,,,
8ATH_HLA,8ATH_HLA,8ATH_HLA,0,rand_ours_antifold,-0.1977,2.3143,18,,,
8ATH_HLA,8ATH_HLA,8ATH_HLA,0,rand_ours_proteinmpnn_live,0.5549,3.8770,18,,,
8CYH_HLM,8CYH_HLM,8CYH_HLM,1,base_abmpnn_ar,-0.5394,1.3821,18,8.5,7.2,0
8CYH_HLM,8CYH_HLM,8CYH_HLM,1,base_abmpnn_ar_t1,0.2381,1.7977,18,9.0,8.5,0
8CYH_HLM,8CYH_HLM,8CYH_HLM,1,base_abmpnn_npz,0.1002,0.6775,18,0.0,0.0,0
8CYH_HLM,8CYH_HLM,8CYH_HLM,1,base_antifold,1.2690,1.7637,18,0.0,0.0,0
8CYH_HLM,8CYH_HLM,8CYH_HLM,1,base_antifold_t1,1.0570,2.2678,18,0.6,0.0,0
8CYH_HLM,8CYH_HLM,8CYH_HLM,1,base_diffab,1.5771,3.6793,18,14.0,0.0,0
8CYH_HLM,8CYH_HLM,8CYH_HLM,1,base_diffusion,2.5516,4.0684,18,25.3,15.0,0
8CYH_HLM,8CYH_HLM,8CYH_HLM,1,base_diffusion_s,1.8578,3.7912,12,25.9,16.0,84
8CYH_HLM,8CYH_HLM,8CYH_HLM,1,base_esmif,2.8931,3.8072,18,0.0,0.0,0
8CYH_HLM,8CYH_HLM,8CYH_HLM,1,base_esmif_ar,2.5000,3.6143,18,9.8,0.0,0
8CYH_HLM,8CYH_HLM,8CYH_HLM,1,base_esmif_ar_t1,1.4351,3.0257,18,7.3,0.0,0
8CYH_HLM,8CYH_HLM,8CYH_HLM,1,base_iglm,5.2116,5.8552,12,2.1,0.0,0
8CYH_HLM,8CYH_HLM,8CYH_HLM,1,base_proteinmpnn,1.3006,2.8963,18,0.0,0.0,0
8CYH_HLM,8CYH_HLM,8CYH_HLM,1,base_proteinmpnn_ar,2.2028,3.5245,18,8.1,7.3,0
8CYH_HLM,8CYH_HLM,8CYH_HLM,1,base_proteinmpnn_ar_t1,1.3327,3.7972,18,9.0,8.5,0
8CYH_HLM,8CYH_HLM,8CYH_HLM,1,base_rfantibody,2.5167,6.7198,6,457.3,0.0,0
8CYH_HLM,8CYH_HLM,8CYH_HLM,1,grad_diffusion,-0.5374,0.6059,18,25.3,15.0,0
8CYH_HLM,8CYH_HLM,8CYH_HLM,1,obj_mint,0.8119,1.5569,6,136.6,120.7,394
8CYH_HLM,8CYH_HLM,8CYH_HLM,1,obj_wt,0.4745,1.4289,12,19.9,11.3,384
8CYH_HLM,8CYH_HLM,8CYH_HLM,1,ours_abmpnn_live,0.4976,1.5682,18,84.0,72.7,405
8CYH_HLM,8CYH_HLM,8CYH_HLM,1,ours_abmpnn_npz,-0.4185,0.8918,18,82.7,71.7,410
8CYH_HLM,8CYH_HLM,8CYH_HLM,1,ours_antifold,0.7933,1.7119,18,78.6,67.8,386
8CYH_HLM,8CYH_HLM,8CYH_HLM,1,ours_diffusion,2.0943,4.0752,18,86.3,75.3,431
8CYH_HLM,8CYH_HLM,8CYH_HLM,1,ours_esmif,0.1848,2.8511,18,82.2,71.3,407
8CYH_HLM,8CYH_HLM,8CYH_HLM,1,ours_proteinmpnn,0.0871,2.3226,18,87.1,76.0,436
8CYH_HLM,8CYH_HLM,8CYH_HLM,1,ours_proteinmpnn_live,0.4059,2.3189,18,87.9,76.5,435
8CYH_HLM,8CYH_HLM,8CYH_HLM,1,rand_base_abmpnn_ar,0.5153,2.5637,18,,,
8CYH_HLM,8CYH_HLM,8CYH_HLM,1,rand_base_antifold,0.0590,1.8356,18,,,
8CYH_HLM,8CYH_HLM,8CYH_HLM,1,rand_base_proteinmpnn_ar,2.4921,4.2243,18,,,
8CYH_HLM,8CYH_HLM,8CYH_HLM,1,rand_ours_abmpnn_live,0.5312,3.4281,18,,,
8CYH_HLM,8CYH_HLM,8CYH_HLM,1,rand_ours_antifold,0.5648,3.3570,18,,,
8CYH_HLM,8CYH_HLM,8CYH_HLM,1,rand_ours_proteinmpnn_live,1.6169,3.8386,18,,,
8CZ5_HLA,8CZ5_HLA,8CZ5_HLA,0,base_abmpnn_ar,-0.3746,0.2985,18,9.0,8.3,0
8CZ5_HLA,8CZ5_HLA,8CZ5_HLA,0,base_abmpnn_ar_t1,-0.3177,1.2324,18,10.4,9.8,0
8CZ5_HLA,8CZ5_HLA,8CZ5_HLA,0,base_abmpnn_npz,-0.1807,0.7550,18,0.0,0.0,0
8CZ5_HLA,8CZ5_HLA,8CZ5_HLA,0,base_antifold,0.1772,0.5417,18,0.0,0.0,0
8CZ5_HLA,8CZ5_HLA,8CZ5_HLA,0,base_antifold_t1,0.1569,1.0719,18,1.3,0.0,0
8CZ5_HLA,8CZ5_HLA,8CZ5_HLA,0,base_diffab,4.8746,7.4463,18,14.4,0.0,0
8CZ5_HLA,8CZ5_HLA,8CZ5_HLA,0,base_diffusion,7.1220,9.4336,18,30.1,19.3,0
8CZ5_HLA,8CZ5_HLA,8CZ5_HLA,0,base_diffusion_s,6.4937,8.4415,12,29.2,19.4,105
8CZ5_HLA,8CZ5_HLA,8CZ5_HLA,0,base_esmif,0.0306,0.4642,18,0.0,0.0,0
8CZ5_HLA,8CZ5_HLA,8CZ5_HLA,0,base_esmif_ar,-0.2519,0.3998,18,8.7,0.0,0
8CZ5_HLA,8CZ5_HLA,8CZ5_HLA,0,base_esmif_ar_t1,-0.0203,1.4896,18,8.4,0.0,0
8CZ5_HLA,8CZ5_HLA,8CZ5_HLA,0,base_iglm,9.4181,9.8090,18,1.7,0.0,0
8CZ5_HLA,8CZ5_HLA,8CZ5_HLA,0,base_proteinmpnn,0.6157,0.8142,18,0.0,0.0,0
8CZ5_HLA,8CZ5_HLA,8CZ5_HLA,0,base_proteinmpnn_ar,-0.3202,0.3722,18,8.5,7.5,0
8CZ5_HLA,8CZ5_HLA,8CZ5_HLA,0,base_proteinmpnn_ar_t1,0.1690,1.6945,18,9.8,9.2,0
8CZ5_HLA,8CZ5_HLA,8CZ5_HLA,0,grad_diffusion,0.0278,2.6147,18,30.7,19.5,0
8CZ5_HLA,8CZ5_HLA,8CZ5_HLA,0,obj_mint,-0.2973,0.7301,6,176.1,159.2,498
8CZ5_HLA,8CZ5_HLA,8CZ5_HLA,0,obj_wt,-0.4950,0.2422,6,24.5,15.1,490
8CZ5_HLA,8CZ5_HLA,8CZ5_HLA,0,ours_abmpnn_live,-0.3803,0.4908,18,104.5,92.1,495
8CZ5_HLA,8CZ5_HLA,8CZ5_HLA,0,ours_abmpnn_npz,-0.3013,0.4826,18,103.2,91.3,495
8CZ5_HLA,8CZ5_HLA,8CZ5_HLA,0,ours_antifold,-0.2462,0.5559,18,100.1,88.4,483
8CZ5_HLA,8CZ5_HLA,8CZ5_HLA,0,ours_diffusion,3.8770,6.9031,18,111.0,98.4,550
8CZ5_HLA,8CZ5_HLA,8CZ5_HLA,0,ours_esmif,0.0288,0.6402,18,107.1,95.0,523
8CZ5_HLA,8CZ5_HLA,8CZ5_HLA,0,ours_proteinmpnn,-0.5838,1.1460,18,112.0,99.7,543
8CZ5_HLA,8CZ5_HLA,8CZ5_HLA,0,ours_proteinmpnn_live,-0.2807,1.1925,18,111.1,98.8,529
8CZ5_HLA,8CZ5_HLA,8CZ5_HLA,0,rand_base_abmpnn_ar,1.3601,5.2363,18,,,
8CZ5_HLA,8CZ5_HLA,8CZ5_HLA,0,rand_base_antifold,0.7466,4.0617,18,,,
8CZ5_HLA,8CZ5_HLA,8CZ5_HLA,0,rand_base_proteinmpnn_ar,3.3999,5.6456,18,,,
8CZ5_HLA,8CZ5_HLA,8CZ5_HLA,0,rand_ours_abmpnn_live,2.0002,5.0777,18,,,
8CZ5_HLA,8CZ5_HLA,8CZ5_HLA,0,rand_ours_antifold,2.2686,4.5031,18,,,
8CZ5_HLA,8CZ5_HLA,8CZ5_HLA,0,rand_ours_proteinmpnn_live,2.0144,6.2148,18,,,
8DT3_HLC,8DT3_HLC,8DT3_HLC,0,base_abmpnn_ar,-2.2086,-1.1901,18,5.5,4.9,0
8DT3_HLC,8DT3_HLC,8DT3_HLC,0,base_abmpnn_ar_t1,-2.1580,-0.1863,18,7.1,6.3,0
8DT3_HLC,8DT3_HLC,8DT3_HLC,0,base_abmpnn_npz,-2.8061,-1.3106,18,0.0,0.0,0
8DT3_HLC,8DT3_HLC,8DT3_HLC,0,base_antifold,-1.5053,-0.7796,18,0.0,0.0,0
8DT3_HLC,8DT3_HLC,8DT3_HLC,0,base_antifold_t1,-1.6258,-0.4650,18,0.7,0.0,0
8DT3_HLC,8DT3_HLC,8DT3_HLC,0,base_diffab,-1.3666,0.9326,18,13.9,0.0,0
8DT3_HLC,8DT3_HLC,8DT3_HLC,0,base_diffusion,0.4142,1.4840,18,24.0,14.6,0
8DT3_HLC,8DT3_HLC,8DT3_HLC,0,base_diffusion_s,-0.0555,1.0327,12,22.7,14.4,98
8DT3_HLC,8DT3_HLC,8DT3_HLC,0,base_esmif,0.5957,1.0961,18,0.0,0.0,0
8DT3_HLC,8DT3_HLC,8DT3_HLC,0,base_esmif_ar,-1.4233,-0.5283,18,6.5,0.0,0
8DT3_HLC,8DT3_HLC,8DT3_HLC,0,base_esmif_ar_t1,-1.5904,-0.1903,18,6.8,0.0,0
8DT3_HLC,8DT3_HLC,8DT3_HLC,0,base_iglm,3.6293,3.9886,18,2.1,0.0,0
8DT3_HLC,8DT3_HLC,8DT3_HLC,0,base_proteinmpnn,-2.2581,-1.8530,18,0.0,0.0,0
8DT3_HLC,8DT3_HLC,8DT3_HLC,0,base_proteinmpnn_ar,-2.2140,-1.4730,18,5.7,5.0,0
8DT3_HLC,8DT3_HLC,8DT3_HLC,0,base_proteinmpnn_ar_t1,-2.8711,-0.3907,18,6.7,6.2,0
8DT3_HLC,8DT3_HLC,8DT3_HLC,0,base_rfantibody,0.1321,1.2976,6,404.2,0.0,0
8DT3_HLC,8DT3_HLC,8DT3_HLC,0,grad_diffusion,-4.1119,-2.2267,18,24.3,14.5,0
8DT3_HLC,8DT3_HLC,8DT3_HLC,0,obj_mint,-0.6734,-0.2023,6,130.3,115.3,466
8DT3_HLC,8DT3_HLC,8DT3_HLC,0,obj_wt,-1.5639,-0.8088,6,20.2,12.4,480
8DT3_HLC,8DT3_HLC,8DT3_HLC,0,ours_abmpnn_live,-2.2226,-1.1233,18,84.3,74.0,480
8DT3_HLC,8DT3_HLC,8DT3_HLC,0,ours_abmpnn_npz,-3.8097,-1.7944,18,84.1,74.0,484
8DT3_HLC,8DT3_HLC,8DT3_HLC,0,ours_antifold,-2.8318,-1.0612,18,82.1,72.0,474
8DT3_HLC,8DT3_HLC,8DT3_HLC,0,ours_diffusion,-2.5746,-0.2209,18,88.2,77.9,522
8DT3_HLC,8DT3_HLC,8DT3_HLC,0,ours_esmif,-3.2647,-0.7145,18,88.5,78.1,525
8DT3_HLC,8DT3_HLC,8DT3_HLC,0,ours_proteinmpnn,-4.2338,-1.6382,18,92.9,82.3,539
8DT3_HLC,8DT3_HLC,8DT3_HLC,0,ours_proteinmpnn_live,-3.9485,-2.3010,18,90.5,79.8,526
8DT3_HLC,8DT3_HLC,8DT3_HLC,0,rand_base_abmpnn_ar,-0.0941,1.2175,18,,,
8DT3_HLC,8DT3_HLC,8DT3_HLC,0,rand_base_antifold,-0.8011,0.9705,18,,,
8DT3_HLC,8DT3_HLC,8DT3_HLC,0,rand_base_proteinmpnn_ar,-1.0388,1.8245,18,,,
8DT3_HLC,8DT3_HLC,8DT3_HLC,0,rand_ours_abmpnn_live,-1.1920,1.4554,18,,,
8DT3_HLC,8DT3_HLC,8DT3_HLC,0,rand_ours_antifold,-0.5153,1.3091,18,,,
8DT3_HLC,8DT3_HLC,8DT3_HLC,0,rand_ours_proteinmpnn_live,-1.1014,1.8924,18,,,
8DWO_HLB,8DWO_HLB,8DWO_HLB,0,base_abmpnn_ar,-0.7853,1.7352,18,6.9,6.4,0
8DWO_HLB,8DWO_HLB,8DWO_HLB,0,base_abmpnn_ar_t1,1.6484,3.9734,18,8.1,7.3,0
8DWO_HLB,8DWO_HLB,8DWO_HLB,0,base_abmpnn_npz,1.3150,2.2687,18,0.0,0.0,0
8DWO_HLB,8DWO_HLB,8DWO_HLB,0,base_antifold,1.7434,2.2205,18,0.0,0.0,0
8DWO_HLB,8DWO_HLB,8DWO_HLB,0,base_antifold_t1,0.8999,3.3711,18,0.7,0.0,0
8DWO_HLB,8DWO_HLB,8DWO_HLB,0,base_diffab,4.8347,9.7099,18,14.2,0.0,0
8DWO_HLB,8DWO_HLB,8DWO_HLB,0,base_diffusion,5.8921,8.5773,18,26.0,16.3,0
8DWO_HLB,8DWO_HLB,8DWO_HLB,0,base_diffusion_s,2.7838,6.6494,6,24.9,16.4,105
8DWO_HLB,8DWO_HLB,8DWO_HLB,0,base_esmif,3.6137,5.4774,18,0.0,0.0,0
8DWO_HLB,8DWO_HLB,8DWO_HLB,0,base_esmif_ar,3.0794,5.2062,18,7.4,0.0,0
8DWO_HLB,8DWO_HLB,8DWO_HLB,0,base_esmif_ar_t1,3.0530,5.3057,18,7.8,0.0,0
8DWO_HLB,8DWO_HLB,8DWO_HLB,0,base_iglm,14.6728,14.8661,12,1.8,0.0,0
8DWO_HLB,8DWO_HLB,8DWO_HLB,0,base_proteinmpnn,1.3604,2.3563,18,0.0,0.0,0
8DWO_HLB,8DWO_HLB,8DWO_HLB,0,base_proteinmpnn_ar,0.0892,1.9056,18,6.6,6.0,0
8DWO_HLB,8DWO_HLB,8DWO_HLB,0,base_proteinmpnn_ar_t1,2.2587,4.2658,18,7.8,7.1,0
8DWO_HLB,8DWO_HLB,8DWO_HLB,0,grad_diffusion,0.0472,1.1710,18,26.5,16.6,0
8DWO_HLB,8DWO_HLB,8DWO_HLB,0,obj_mint,1.7981,3.1570,6,158.8,142.5,524
8DWO_HLB,8DWO_HLB,8DWO_HLB,0,obj_wt,0.1927,2.1342,12,21.7,13.4,518
8DWO_HLB,8DWO_HLB,8DWO_HLB,0,ours_abmpnn_live,-0.6554,2.2874,18,93.6,82.7,528
8DWO_HLB,8DWO_HLB,8DWO_HLB,0,ours_abmpnn_npz,0.3965,2.8581,18,89.4,78.8,510
8DWO_HLB,8DWO_HLB,8DWO_HLB,0,ours_antifold,0.0775,2.6636,18,92.1,81.3,527
8DWO_HLB,8DWO_HLB,8DWO_HLB,0,ours_diffusion,2.0425,5.7484,18,96.6,85.7,555
8DWO_HLB,8DWO_HLB,8DWO_HLB,0,ours_esmif,1.7569,3.3634,18,95.0,84.2,546
8DWO_HLB,8DWO_HLB,8DWO_HLB,0,ours_proteinmpnn,0.0488,3.2117,18,99.5,88.7,568
8DWO_HLB,8DWO_HLB,8DWO_HLB,0,ours_proteinmpnn_live,-0.1898,2.7652,18,99.3,88.2,562
8DWO_HLB,8DWO_HLB,8DWO_HLB,0,rand_base_abmpnn_ar,1.1652,3.7635,18,,,
8DWO_HLB,8DWO_HLB,8DWO_HLB,0,rand_base_antifold,1.6051,4.7904,18,,,
8DWO_HLB,8DWO_HLB,8DWO_HLB,0,rand_base_proteinmpnn_ar,3.4538,7.5975,18,,,
8DWO_HLB,8DWO_HLB,8DWO_HLB,0,rand_ours_abmpnn_live,0.2419,4.7616,18,,,
8DWO_HLB,8DWO_HLB,8DWO_HLB,0,rand_ours_antifold,1.2525,5.5303,18,,,
8DWO_HLB,8DWO_HLB,8DWO_HLB,0,rand_ours_proteinmpnn_live,3.8725,8.6535,18,,,
8E8Y_HL1,8E8S_HL1,8E8X_HL1,0,base_abmpnn_ar,-1.7145,-0.9130,18,6.0,5.3,0
8E8Y_HL1,8E8S_HL1,8E8X_HL1,0,base_abmpnn_ar_t1,-1.1078,0.8893,18,7.9,6.6,0
8E8Y_HL1,8E8S_HL1,8E8X_HL1,0,base_abmpnn_npz,-1.3301,-1.1712,18,0.0,0.0,0
8E8Y_HL1,8E8S_HL1,8E8X_HL1,0,base_antifold,-2.0895,0.0640,18,0.0,0.0,0
8E8Y_HL1,8E8S_HL1,8E8X_HL1,0,base_antifold_t1,-0.1896,1.6176,18,0.6,0.0,0
8E8Y_HL1,8E8S_HL1,8E8X_HL1,0,base_diffab,2.7803,6.0298,18,14.7,0.0,0
8E8Y_HL1,8E8S_HL1,8E8X_HL1,0,base_diffusion,5.6696,6.9142,18,31.3,21.1,0
8E8Y_HL1,8E8S_HL1,8E8X_HL1,0,base_diffusion_s,4.0174,6.1922,12,30.7,21.7,140
8E8Y_HL1,8E8S_HL1,8E8X_HL1,0,base_esmif,-2.1759,-1.3847,18,0.0,0.0,0
8E8Y_HL1,8E8S_HL1,8E8X_HL1,0,base_esmif_ar,-1.5252,-0.7626,18,9.3,0.0,0
8E8Y_HL1,8E8S_HL1,8E8X_HL1,0,base_esmif_ar_t1,-1.3851,1.2625,18,13.0,0.0,0
8E8Y_HL1,8E8S_HL1,8E8X_HL1,0,base_iglm,10.8022,11.2614,12,2.2,0.0,0
8E8Y_HL1,8E8S_HL1,8E8X_HL1,0,base_proteinmpnn,-2.8768,-1.2418,18,0.0,0.0,0
8E8Y_HL1,8E8S_HL1,8E8X_HL1,0,base_proteinmpnn_ar,-2.7699,-1.1473,18,6.0,5.2,0
8E8Y_HL1,8E8S_HL1,8E8X_HL1,0,base_proteinmpnn_ar_t1,0.4123,2.5415,18,6.9,6.4,0
8E8Y_HL1,8E8S_HL1,8E8X_HL1,0,base_rfantibody,6.7359,7.4188,6,455.3,0.0,0
8E8Y_HL1,8E8S_HL1,8E8X_HL1,0,grad_diffusion,-0.8335,0.7089,18,31.2,21.1,0
8E8Y_HL1,8E8S_HL1,8E8X_HL1,0,obj_mint,-1.8439,0.4353,6,217.0,199.4,762
8E8Y_HL1,8E8S_HL1,8E8X_HL1,0,obj_wt,-1.6099,0.2665,6,28.4,18.8,754
8E8Y_HL1,8E8S_HL1,8E8X_HL1,0,ours_abmpnn_live,-3.8056,-0.7756,18,131.7,119.6,757
8E8Y_HL1,8E8S_HL1,8E8X_HL1,0,ours_abmpnn_npz,-2.2128,-0.6377,18,126.9,115.4,747
8E8Y_HL1,8E8S_HL1,8E8X_HL1,0,ours_antifold,-1.9131,-0.1336,18,126.9,115.4,754
8E8Y_HL1,8E8S_HL1,8E8X_HL1,0,ours_diffusion,0.7661,5.1445,18,130.8,119.2,786
8E8Y_HL1,8E8S_HL1,8E8X_HL1,0,ours_esmif,-1.5795,-0.1698,18,128.5,116.9,761
8E8Y_HL1,8E8S_HL1,8E8X_HL1,0,ours_proteinmpnn,-1.8887,0.2358,18,133.9,122.1,787
8E8Y_HL1,8E8S_HL1,8E8X_HL1,0,ours_proteinmpnn_live,-1.8487,-0.2871,18,137.6,124.9,791
8E8Y_HL1,8E8S_HL1,8E8X_HL1,0,rand_base_abmpnn_ar,0.9865,4.4338,18,,,
8E8Y_HL1,8E8S_HL1,8E8X_HL1,0,rand_base_antifold,0.1320,3.3225,18,,,
8E8Y_HL1,8E8S_HL1,8E8X_HL1,0,rand_base_proteinmpnn_ar,2.2437,4.9111,18,,,
8E8Y_HL1,8E8S_HL1,8E8X_HL1,0,rand_ours_abmpnn_live,1.7457,4.1132,18,,,
8E8Y_HL1,8E8S_HL1,8E8X_HL1,0,rand_ours_antifold,0.5273,3.4542,18,,,
8E8Y_HL1,8E8S_HL1,8E8X_HL1,0,rand_ours_proteinmpnn_live,1.8510,5.8653,18,,,
8EMZ_BA,8EMZ_BA,8EMZ_BA,0,base_abmpnn_ar,-1.0599,-0.2680,18,5.6,4.6,0
8EMZ_BA,8EMZ_BA,8EMZ_BA,0,base_abmpnn_ar_t1,-1.0614,2.6537,18,6.2,5.4,0
8EMZ_BA,8EMZ_BA,8EMZ_BA,0,base_abmpnn_npz,-1.1569,-0.4782,18,0.0,0.0,0
8EMZ_BA,8EMZ_BA,8EMZ_BA,0,base_antifold,-0.0894,2.5270,18,0.1,0.0,0
8EMZ_BA,8EMZ_BA,8EMZ_BA,0,base_antifold_t1,0.1613,2.9468,18,0.5,0.0,0
8EMZ_BA,8EMZ_BA,8EMZ_BA,0,base_diffab,7.9058,11.3574,18,13.5,0.0,0
8EMZ_BA,8EMZ_BA,8EMZ_BA,0,base_diffusion,9.5538,12.2129,18,30.0,20.2,0
8EMZ_BA,8EMZ_BA,8EMZ_BA,0,base_diffusion_s,10.3435,12.7461,12,29.0,20.6,140
8EMZ_BA,8EMZ_BA,8EMZ_BA,0,base_esmif,-1.0325,0.9682,18,0.0,0.0,0
8EMZ_BA,8EMZ_BA,8EMZ_BA,0,base_esmif_ar,0.6908,1.0685,18,9.6,0.0,0
8EMZ_BA,8EMZ_BA,8EMZ_BA,0,base_esmif_ar_t1,-0.5183,1.6494,18,9.2,0.0,0
8EMZ_BA,8EMZ_BA,8EMZ_BA,0,base_iglm,12.5408,13.2269,12,4.2,0.0,0
8EMZ_BA,8EMZ_BA,8EMZ_BA,0,base_proteinmpnn,0.8201,1.8889,18,0.4,0.0,0
8EMZ_BA,8EMZ_BA,8EMZ_BA,0,base_proteinmpnn_ar,0.8626,1.9890,18,5.2,4.5,0
8EMZ_BA,8EMZ_BA,8EMZ_BA,0,base_proteinmpnn_ar_t1,1.6425,5.1986,18,6.0,5.5,0
8EMZ_BA,8EMZ_BA,8EMZ_BA,0,grad_diffusion,1.2266,2.3433,18,30.4,20.4,0
8EMZ_BA,8EMZ_BA,8EMZ_BA,0,obj_wt,-0.3529,1.5549,6,27.4,18.3,746
8EMZ_BA,8EMZ_BA,8EMZ_BA,0,ours_abmpnn_live,-1.1143,-0.0235,18,126.3,114.4,728
8EMZ_BA,8EMZ_BA,8EMZ_BA,0,ours_abmpnn_npz,-0.9169,0.1276,18,126.0,114.4,745
8EMZ_BA,8EMZ_BA,8EMZ_BA,0,ours_antifold,0.7461,2.1767,18,125.8,114.2,743
8EMZ_BA,8EMZ_BA,8EMZ_BA,0,ours_diffusion,4.5400,8.4111,18,134.0,122.4,790
8EMZ_BA,8EMZ_BA,8EMZ_BA,0,ours_esmif,-1.0385,0.5831,18,122.0,110.8,718
8EMZ_BA,8EMZ_BA,8EMZ_BA,0,ours_proteinmpnn,0.1063,1.9997,18,131.9,120.2,771
8EMZ_BA,8EMZ_BA,8EMZ_BA,0,ours_proteinmpnn_live,-2.0502,2.0076,18,133.4,121.3,764
8EMZ_BA,8EMZ_BA,8EMZ_BA,0,rand_base_abmpnn_ar,1.7131,5.9429,18,,,
8EMZ_BA,8EMZ_BA,8EMZ_BA,0,rand_base_antifold,2.1643,5.9644,18,,,
8EMZ_BA,8EMZ_BA,8EMZ_BA,0,rand_base_proteinmpnn_ar,3.2673,8.8615,18,,,
8EMZ_BA,8EMZ_BA,8EMZ_BA,0,rand_ours_abmpnn_live,1.8021,7.3913,18,,,
8EMZ_BA,8EMZ_BA,8EMZ_BA,0,rand_ours_antifold,2.4417,7.3033,18,,,
8EMZ_BA,8EMZ_BA,8EMZ_BA,0,rand_ours_proteinmpnn_live,3.2709,9.0258,18,,,
8IDN_HLA,7WVL_HLF,8IDN_HLA,1,base_abmpnn_ar,-2.4293,-1.3293,18,5.7,4.8,0
8IDN_HLA,7WVL_HLF,8IDN_HLA,1,base_abmpnn_ar_t1,-1.8945,0.6395,18,5.9,5.3,0
8IDN_HLA,7WVL_HLF,8IDN_HLA,1,base_abmpnn_npz,-2.7113,-2.0814,18,0.0,0.0,0
8IDN_HLA,7WVL_HLF,8IDN_HLA,1,base_antifold,0.4047,1.1780,18,0.0,0.0,0
8IDN_HLA,7WVL_HLF,8IDN_HLA,1,base_antifold_t1,0.0345,1.9768,18,0.6,0.0,0
8IDN_HLA,7WVL_HLF,8IDN_HLA,1,base_diffab,2.9789,4.8400,18,13.8,0.0,0
8IDN_HLA,7WVL_HLF,8IDN_HLA,1,base_diffusion,3.0627,4.1061,18,21.5,12.1,0
8IDN_HLA,7WVL_HLF,8IDN_HLA,1,base_diffusion_s,1.6217,3.0852,6,20.7,12.6,84
8IDN_HLA,7WVL_HLF,8IDN_HLA,1,base_esmif,-0.0942,0.6070,18,0.0,0.0,0
8IDN_HLA,7WVL_HLF,8IDN_HLA,1,base_esmif_ar,-0.0339,0.3719,18,6.9,0.0,0
8IDN_HLA,7WVL_HLF,8IDN_HLA,1,base_esmif_ar_t1,-0.4845,1.1187,18,5.5,0.0,0
8IDN_HLA,7WVL_HLF,8IDN_HLA,1,base_iglm,5.6008,5.9812,18,3.3,0.0,0
8IDN_HLA,7WVL_HLF,8IDN_HLA,1,base_proteinmpnn,-1.3848,-0.3236,18,0.0,0.0,0
8IDN_HLA,7WVL_HLF,8IDN_HLA,1,base_proteinmpnn_ar,-1.4135,-0.3361,18,5.4,4.4,0
8IDN_HLA,7WVL_HLF,8IDN_HLA,1,base_proteinmpnn_ar_t1,-0.6411,2.1256,18,5.7,5.2,0
8IDN_HLA,7WVL_HLF,8IDN_HLA,1,grad_diffusion,-0.9938,0.6915,18,21.7,12.2,0
8IDN_HLA,7WVL_HLF,8IDN_HLA,1,obj_mint,-0.0353,1.1876,6,104.3,90.2,399
8IDN_HLA,7WVL_HLF,8IDN_HLA,1,obj_wt,0.0187,0.7137,6,18.0,10.3,400
8IDN_HLA,7WVL_HLF,8IDN_HLA,1,ours_abmpnn_live,-1.8698,-0.0673,18,73.1,63.2,416
8IDN_HLA,7WVL_HLF,8IDN_HLA,1,ours_abmpnn_npz,-2.4046,-0.5810,18,71.8,61.8,410
8IDN_HLA,7WVL_HLF,8IDN_HLA,1,ours_antifold,-0.8752,1.1224,18,69.7,60.1,400
8IDN_HLA,7WVL_HLF,8IDN_HLA,1,ours_diffusion,-0.9099,2.2808,18,77.1,67.1,448
8IDN_HLA,7WVL_HLF,8IDN_HLA,1,ours_esmif,-0.7507,0.5509,18,75.5,65.7,437
8IDN_HLA,7WVL_HLF,8IDN_HLA,1,ours_proteinmpnn,-1.0690,0.6427,18,77.3,67.3,446
8IDN_HLA,7WVL_HLF,8IDN_HLA,1,ours_proteinmpnn_live,-1.9509,0.9169,18,79.3,69.1,457
8IDN_HLA,7WVL_HLF,8IDN_HLA,1,rand_base_abmpnn_ar,-0.7763,1.9304,18,,,
8IDN_HLA,7WVL_HLF,8IDN_HLA,1,rand_base_antifold,0.2573,3.0035,18,,,
8IDN_HLA,7WVL_HLF,8IDN_HLA,1,rand_base_proteinmpnn_ar,0.4065,3.3104,18,,,
8IDN_HLA,7WVL_HLF,8IDN_HLA,1,rand_ours_abmpnn_live,0.9626,3.9701,18,,,
8IDN_HLA,7WVL_HLF,8IDN_HLA,1,rand_ours_antifold,1.6772,3.7369,18,,,
8IDN_HLA,7WVL_HLF,8IDN_HLA,1,rand_ours_proteinmpnn_live,-0.0614,3.8524,18,,,
