target,variant_name,split,omega_normalized,n_mutations,mutation_string
1EGJ_HLA,WT,both,,0,WT
1EGJ_HLA,A:E366D;A:H367W;A:H395N,steer,0.00021,3,A:E366D;A:H367W;A:H395N
1EGJ_HLA,A:E366D;A:H367W;A:H395S,steer,0.00021,3,A:E366D;A:H367W;A:H395S
1EGJ_HLA,A:E366D;A:H367W;A:H395T,steer,0.00021,3,A:E366D;A:H367W;A:H395T
1EGJ_HLA,A:E366Q;A:H367W;A:H395T,steer,0.00021,3,A:E366Q;A:H367W;A:H395T
1EGJ_HLA,A:E366S;A:H367W;A:H395T,steer,0.00021,3,A:E366S;A:H367W;A:H395T
1EGJ_HLA,A:E366Y;A:H367W;A:H395T,steer,0.00021,3,A:E366Y;A:H367W;A:H395T
1EGJ_HLA,A:A394S;A:G420D,eval,4e-05,2,A:A394S;A:G420D
1EGJ_HLA,A:A394T;A:G420D,eval,4e-05,2,A:A394T;A:G420D
1EGJ_HLA,A:A394V;A:G420D,eval,4e-05,2,A:A394V;A:G420D
1EGJ_HLA,A:E366D,eval,4e-05,1,A:E366D
1EGJ_HLA,A:E366D;A:H367F,eval,4e-05,2,A:E366D;A:H367F
1EGJ_HLA,A:E366D;A:H367Y,eval,4e-05,2,A:E366D;A:H367Y
1EGJ_HLA,A:E366D;A:T419N,eval,4e-05,2,A:E366D;A:T419N
1EGJ_HLA,A:E366D;A:T419S,eval,4e-05,2,A:E366D;A:T419S
1EGJ_HLA,A:E366D;A:Y421F,eval,4e-05,2,A:E366D;A:Y421F
1EGJ_HLA,A:E366Q;A:H367Y,eval,4e-05,2,A:E366Q;A:H367Y
1EGJ_HLA,A:E366Y;A:H367Y,eval,4e-05,2,A:E366Y;A:H367Y
1EGJ_HLA,A:H367F;A:T419N,eval,4e-05,2,A:H367F;A:T419N
1EGJ_HLA,A:H367Y,eval,4e-05,1,A:H367Y
1EGJ_HLA,A:H367Y;A:T419N,eval,4e-05,2,A:H367Y;A:T419N
1EGJ_HLA,A:H367Y;A:T419S,eval,4e-05,2,A:H367Y;A:T419S
1EGJ_HLA,A:H367Y;A:Y421F,eval,4e-05,2,A:H367Y;A:Y421F
1EGJ_HLA,A:I338E,eval,4e-05,1,A:I338E
1EGJ_HLA,A:I338E;A:E366D,eval,4e-05,2,A:I338E;A:E366D
1EGJ_HLA,A:I338E;A:H367F,eval,4e-05,2,A:I338E;A:H367F
1EGJ_HLA,A:I338E;A:H367Y,eval,4e-05,2,A:I338E;A:H367Y
1EGJ_HLA,A:I338E;A:K362E,eval,4e-05,2,A:I338E;A:K362E
1EGJ_HLA,A:I338E;A:K362E;A:M363L,eval,4e-05,3,A:I338E;A:K362E;A:M363L
1EGJ_HLA,A:I338E;A:K362E;A:M363Q,eval,4e-05,3,A:I338E;A:K362E;A:M363Q
1EGJ_HLA,A:I338E;A:K362E;A:R364S,eval,4e-05,3,A:I338E;A:K362E;A:R364S
1FDL_HLY,WT,both,,0,WT
1FDL_HLY,Y:A122D;Y:R125A;Y:R128S,steer,0.00032,3,Y:A122D;Y:R125A;Y:R128S
1FDL_HLY,Y:A122D;Y:R125A;Y:R128T,steer,0.00032,3,Y:A122D;Y:R125A;Y:R128T
1FDL_HLY,Y:A122D;Y:R125Q;Y:R128S,steer,0.00032,3,Y:A122D;Y:R125Q;Y:R128S
1FDL_HLY,Y:A122D;Y:R125Q;Y:R128T,steer,0.00032,3,Y:A122D;Y:R125Q;Y:R128T
1FDL_HLY,Y:A122E;Y:R125A;Y:R128N,steer,0.00032,3,Y:A122E;Y:R125A;Y:R128N
1FDL_HLY,Y:A122E;Y:R125A;Y:R128S,steer,0.00032,3,Y:A122E;Y:R125A;Y:R128S
1FDL_HLY,Y:A122R;Y:R125A;Y:R128S,eval,0.00018,3,Y:A122R;Y:R125A;Y:R128S
1FDL_HLY,Y:A122R;Y:R125Q;Y:L129S,eval,0.00018,3,Y:A122R;Y:R125Q;Y:L129S
1FDL_HLY,Y:A122R;Y:R125Q;Y:R128S,eval,0.00018,3,Y:A122R;Y:R125Q;Y:R128S
1FDL_HLY,Y:A122S;Y:R125A,eval,0.00018,2,Y:A122S;Y:R125A
1FDL_HLY,Y:A122S;Y:R125Q,eval,0.00018,2,Y:A122S;Y:R125Q
1FDL_HLY,Y:A122S;Y:R125Q;Y:L129T,eval,0.00018,3,Y:A122S;Y:R125Q;Y:L129T
1FDL_HLY,Y:G117A;Y:T118R;Y:R125D,eval,0.00018,3,Y:G117A;Y:T118R;Y:R125D
1FDL_HLY,Y:G117A;Y:T118R;Y:R125S,eval,0.00018,3,Y:G117A;Y:T118R;Y:R125S
1FDL_HLY,Y:G117N;Y:R125Q,eval,0.00018,2,Y:G117N;Y:R125Q
1FDL_HLY,Y:G117N;Y:T118Q;Y:R125A,eval,0.00018,3,Y:G117N;Y:T118Q;Y:R125A
1FDL_HLY,Y:G117N;Y:T118Q;Y:R125Q,eval,0.00018,3,Y:G117N;Y:T118Q;Y:R125Q
1FDL_HLY,Y:G117N;Y:T118Q;Y:R125S,eval,0.00018,3,Y:G117N;Y:T118Q;Y:R125S
1FDL_HLY,Y:G117N;Y:T118Q;Y:R128S,eval,0.00018,3,Y:G117N;Y:T118Q;Y:R128S
1FDL_HLY,Y:G117N;Y:T118Q;Y:R128T,eval,0.00018,3,Y:G117N;Y:T118Q;Y:R128T
1FDL_HLY,Y:G117N;Y:T118R;Y:R125A,eval,0.00018,3,Y:G117N;Y:T118R;Y:R125A
1FDL_HLY,Y:G117N;Y:T118R;Y:R125Q,eval,0.00018,3,Y:G117N;Y:T118R;Y:R125Q
1FDL_HLY,Y:G117N;Y:T118S;Y:R125A,eval,0.00018,3,Y:G117N;Y:T118S;Y:R125A
1FDL_HLY,Y:G117N;Y:T118S;Y:R125Q,eval,0.00018,3,Y:G117N;Y:T118S;Y:R125Q
1FDL_HLY,Y:G117S;Y:T118Q;Y:R125S,eval,0.00018,3,Y:G117S;Y:T118Q;Y:R125S
1FDL_HLY,Y:G117S;Y:T118R;Y:R125A,eval,0.00018,3,Y:G117S;Y:T118R;Y:R125A
1FDL_HLY,Y:G117S;Y:T118R;Y:R125Q,eval,0.00018,3,Y:G117S;Y:T118R;Y:R125Q
1FDL_HLY,Y:G126S;Y:R128S,eval,0.00018,2,Y:G126S;Y:R128S
1FDL_HLY,Y:G22S;Y:T118R;Y:R125D,eval,0.00018,3,Y:G22S;Y:T118R;Y:R125D
1FDL_HLY,Y:G22S;Y:T118R;Y:R125Q,eval,0.00018,3,Y:G22S;Y:T118R;Y:R125Q
1FE8_HLA,WT,both,,0,WT
1FE8_HLA,A:A989D;A:E1021A;A:H1023F,steer,0.00029,3,A:A989D;A:E1021A;A:H1023F
1FE8_HLA,A:A989D;A:E1021F;A:H1023A,steer,0.00029,3,A:A989D;A:E1021F;A:H1023A
1FE8_HLA,A:A989D;A:H1023A;A:P1027F,steer,0.00029,3,A:A989D;A:H1023A;A:P1027F
1FE8_HLA,A:A989D;A:H1023F,steer,0.00029,2,A:A989D;A:H1023F
1FE8_HLA,A:A989D;A:H1023F;A:P1027A,steer,0.00029,3,A:A989D;A:H1023F;A:P1027A
1FE8_HLA,A:A989D;A:V997D;A:H1023F,steer,0.00029,3,A:A989D;A:V997D;A:H1023F
1FE8_HLA,A:A989G;A:V997D,eval,0.00015,2,A:A989G;A:V997D
1FE8_HLA,A:N983A;A:A989D;A:V997D,eval,0.00015,3,A:N983A;A:A989D;A:V997D
1FE8_HLA,A:N983A;A:A989D;A:V997G,eval,0.00015,3,A:N983A;A:A989D;A:V997G
1FE8_HLA,A:N983A;A:A989D;A:V997S,eval,0.00015,3,A:N983A;A:A989D;A:V997S
1FE8_HLA,A:N983A;A:V984D;A:V985A,eval,0.00015,3,A:N983A;A:V984D;A:V985A
1FE8_HLA,A:N983A;A:V984D;A:V985S,eval,0.00015,3,A:N983A;A:V984D;A:V985S
1FE8_HLA,A:N983A;A:V984D;A:V997D,eval,0.00015,3,A:N983A;A:V984D;A:V997D
1FE8_HLA,A:N983A;A:V984D;A:V997E,eval,0.00015,3,A:N983A;A:V984D;A:V997E
1FE8_HLA,A:N983A;A:V984D;A:V997G,eval,0.00015,3,A:N983A;A:V984D;A:V997G
1FE8_HLA,A:N983A;A:V984D;A:V997N,eval,0.00015,3,A:N983A;A:V984D;A:V997N
1FE8_HLA,A:N983A;A:V984D;A:V997S,eval,0.00015,3,A:N983A;A:V984D;A:V997S
1FE8_HLA,A:N983A;A:V984G;A:A989D,eval,0.00015,3,A:N983A;A:V984G;A:A989D
1FE8_HLA,A:N983A;A:V984G;A:V997D,eval,0.00015,3,A:N983A;A:V984G;A:V997D
1FE8_HLA,A:N983A;A:V984G;A:V997E,eval,0.00015,3,A:N983A;A:V984G;A:V997E
1FE8_HLA,A:N983A;A:V984G;A:V997G,eval,0.00015,3,A:N983A;A:V984G;A:V997G
1FE8_HLA,A:N983A;A:V984G;A:V997N,eval,0.00015,3,A:N983A;A:V984G;A:V997N
1FE8_HLA,A:N983A;A:V984G;A:V997S,eval,0.00015,3,A:N983A;A:V984G;A:V997S
1FE8_HLA,A:N983A;A:V984N;A:V985A,eval,0.00015,3,A:N983A;A:V984N;A:V985A
1FE8_HLA,A:N983A;A:V984N;A:V985R,eval,0.00015,3,A:N983A;A:V984N;A:V985R
1FE8_HLA,A:N983A;A:V984N;A:V985S,eval,0.00015,3,A:N983A;A:V984N;A:V985S
1FE8_HLA,A:N983A;A:V984N;A:V985T,eval,0.00015,3,A:N983A;A:V984N;A:V985T
1FE8_HLA,A:N983A;A:V984N;A:V997D,eval,0.00015,3,A:N983A;A:V984N;A:V997D
1FE8_HLA,A:N983A;A:V984N;A:V997E,eval,0.00015,3,A:N983A;A:V984N;A:V997E
1FE8_HLA,A:N983A;A:V984N;A:V997G,eval,0.00015,3,A:N983A;A:V984N;A:V997G
1IC7_HLY,WT,both,,0,WT
1IC7_HLY,Y:G16A;Y:D101E;Y:G102P,steer,0.00217,3,Y:G16A;Y:D101E;Y:G102P
1IC7_HLY,Y:G16A;Y:D101G;Y:G102P,steer,0.00217,3,Y:G16A;Y:D101G;Y:G102P
1IC7_HLY,Y:G16A;Y:D101S;Y:G102P,steer,0.00217,3,Y:G16A;Y:D101S;Y:G102P
1IC7_HLY,Y:G16A;Y:G102P,steer,0.00217,2,Y:G16A;Y:G102P
1IC7_HLY,Y:G16A;Y:G71A;Y:G102P,steer,0.00217,3,Y:G16A;Y:G71A;Y:G102P
1IC7_HLY,Y:G16A;Y:G71N;Y:G102P,steer,0.00217,3,Y:G16A;Y:G71N;Y:G102P
1IC7_HLY,Y:R14A;Y:D101E;Y:G102E,eval,0.00033,3,Y:R14A;Y:D101E;Y:G102E
1IC7_HLY,Y:R14A;Y:D101E;Y:G102Q,eval,0.00033,3,Y:R14A;Y:D101E;Y:G102Q
1IC7_HLY,Y:R14A;Y:D101E;Y:G102S,eval,0.00033,3,Y:R14A;Y:D101E;Y:G102S
1IC7_HLY,Y:R14A;Y:D101N;Y:G102E,eval,0.00033,3,Y:R14A;Y:D101N;Y:G102E
1IC7_HLY,Y:R14A;Y:D101S;Y:G102E,eval,0.00033,3,Y:R14A;Y:D101S;Y:G102E
1IC7_HLY,Y:R14A;Y:G102E,eval,0.00033,2,Y:R14A;Y:G102E
1IC7_HLY,Y:R14A;Y:G102Q,eval,0.00033,2,Y:R14A;Y:G102Q
1IC7_HLY,Y:R14A;Y:G71A;Y:G102E,eval,0.00033,3,Y:R14A;Y:G71A;Y:G102E
1IC7_HLY,Y:R14A;Y:G71A;Y:G102Q,eval,0.00033,3,Y:R14A;Y:G71A;Y:G102Q
1IC7_HLY,Y:R14A;Y:G71D,eval,0.00033,2,Y:R14A;Y:G71D
1IC7_HLY,Y:R14A;Y:G71D;Y:G102A,eval,0.00033,3,Y:R14A;Y:G71D;Y:G102A
1IC7_HLY,Y:R14A;Y:G71D;Y:G102E,eval,0.00033,3,Y:R14A;Y:G71D;Y:G102E
1IC7_HLY,Y:R14A;Y:G71D;Y:G102Q,eval,0.00033,3,Y:R14A;Y:G71D;Y:G102Q
1IC7_HLY,Y:R14A;Y:G71D;Y:G102S,eval,0.00033,3,Y:R14A;Y:G71D;Y:G102S
1IC7_HLY,Y:R14A;Y:G71D;Y:T89S,eval,0.00033,3,Y:R14A;Y:G71D;Y:T89S
1IC7_HLY,Y:R14A;Y:G71N;Y:G102A,eval,0.00033,3,Y:R14A;Y:G71N;Y:G102A
1IC7_HLY,Y:R14A;Y:G71N;Y:G102E,eval,0.00033,3,Y:R14A;Y:G71N;Y:G102E
1IC7_HLY,Y:R14A;Y:G71N;Y:G102Q,eval,0.00033,3,Y:R14A;Y:G71N;Y:G102Q
1IC7_HLY,Y:R14A;Y:G71N;Y:G102S,eval,0.00033,3,Y:R14A;Y:G71N;Y:G102S
1IC7_HLY,Y:R14A;Y:G71Q;Y:G102A,eval,0.00033,3,Y:R14A;Y:G71Q;Y:G102A
1IC7_HLY,Y:R14A;Y:G71Q;Y:G102E,eval,0.00033,3,Y:R14A;Y:G71Q;Y:G102E
1IC7_HLY,Y:R14A;Y:G71Q;Y:G102Q,eval,0.00033,3,Y:R14A;Y:G71Q;Y:G102Q
1IC7_HLY,Y:R14A;Y:G71Q;Y:G102S,eval,0.00033,3,Y:R14A;Y:G71Q;Y:G102S
1IC7_HLY,Y:R14A;Y:G71S;Y:G102E,eval,0.00033,3,Y:R14A;Y:G71S;Y:G102E
1KB5_HLA,WT,both,,0,WT
1KB5_HLA,A:E25L;A:D26I;A:L104A,steer,0.00053,3,A:E25L;A:D26I;A:L104A
1KB5_HLA,A:E25L;A:D26I;A:T28S,steer,0.00053,3,A:E25L;A:D26I;A:T28S
1KB5_HLA,A:E25S;A:D26H;A:A103D,steer,0.00053,3,A:E25S;A:D26H;A:A103D
1KB5_HLA,A:E25S;A:D26H;A:A103E,steer,0.00053,3,A:E25S;A:D26H;A:A103E
1KB5_HLA,A:E25S;A:D26H;A:G97D,steer,0.00053,3,A:E25S;A:D26H;A:G97D
1KB5_HLA,A:E25S;A:D26H;A:G97S,steer,0.00053,3,A:E25S;A:D26H;A:G97S
1KB5_HLA,A:A103F;A:L104A,eval,9e-05,2,A:A103F;A:L104A
1KB5_HLA,A:A103G,eval,9e-05,1,A:A103G
1KB5_HLA,A:A103G;A:L104A,eval,9e-05,2,A:A103G;A:L104A
1KB5_HLA,A:A103G;A:L104F,eval,9e-05,2,A:A103G;A:L104F
1KB5_HLA,A:D26E,eval,9e-05,1,A:D26E
1KB5_HLA,A:D26E;A:A103F;A:L104A,eval,9e-05,3,A:D26E;A:A103F;A:L104A
1KB5_HLA,A:D26E;A:A103F;A:L104F,eval,9e-05,3,A:D26E;A:A103F;A:L104F
1KB5_HLA,A:D26E;A:A103G,eval,9e-05,2,A:D26E;A:A103G
1KB5_HLA,A:D26E;A:A103G;A:L104A,eval,9e-05,3,A:D26E;A:A103G;A:L104A
1KB5_HLA,A:D26E;A:A103G;A:L104F,eval,9e-05,3,A:D26E;A:A103G;A:L104F
1KB5_HLA,A:D26E;A:G96A,eval,9e-05,2,A:D26E;A:G96A
1KB5_HLA,A:D26E;A:G96A;A:L104A,eval,9e-05,3,A:D26E;A:G96A;A:L104A
1KB5_HLA,A:D26E;A:G96A;A:L104F,eval,9e-05,3,A:D26E;A:G96A;A:L104F
1KB5_HLA,A:D26E;A:G96A;A:R101A,eval,9e-05,3,A:D26E;A:G96A;A:R101A
1KB5_HLA,A:D26E;A:G96A;A:R101G,eval,9e-05,3,A:D26E;A:G96A;A:R101G
1KB5_HLA,A:D26E;A:G96A;A:R101S,eval,9e-05,3,A:D26E;A:G96A;A:R101S
1KB5_HLA,A:D26E;A:G96A;A:R101T,eval,9e-05,3,A:D26E;A:G96A;A:R101T
1KB5_HLA,A:D26E;A:G96F;A:L104A,eval,9e-05,3,A:D26E;A:G96F;A:L104A
1KB5_HLA,A:D26E;A:G96F;A:R101A,eval,9e-05,3,A:D26E;A:G96F;A:R101A
1KB5_HLA,A:D26E;A:G96F;A:R101G,eval,9e-05,3,A:D26E;A:G96F;A:R101G
1KB5_HLA,A:D26E;A:G96F;A:R101S,eval,9e-05,3,A:D26E;A:G96F;A:R101S
1KB5_HLA,A:D26E;A:G96F;A:R101T,eval,9e-05,3,A:D26E;A:G96F;A:R101T
1KB5_HLA,A:D26E;A:G97N;A:R101G,eval,9e-05,3,A:D26E;A:G97N;A:R101G
1KB5_HLA,A:D26E;A:G97S;A:A103G,eval,9e-05,3,A:D26E;A:G97S;A:A103G
1KB5_HLB,WT,both,,0,WT
1KB5_HLB,B:L60E;B:P98A;B:W100C,steer,0.0003,3,B:L60E;B:P98A;B:W100C
1KB5_HLB,B:L60E;B:P98C;B:W100A,steer,0.0003,3,B:L60E;B:P98C;B:W100A
1KB5_HLB,B:L60E;B:P98D;B:W100C,steer,0.0003,3,B:L60E;B:P98D;B:W100C
1KB5_HLB,B:L60E;B:P98E;B:W100C,steer,0.0003,3,B:L60E;B:P98E;B:W100C
1KB5_HLB,B:L60E;B:P98F;B:W100C,steer,0.0003,3,B:L60E;B:P98F;B:W100C
1KB5_HLB,B:L60E;B:W100D;B:S103C,steer,0.0003,3,B:L60E;B:W100D;B:S103C
1KB5_HLB,B:L60E;B:P61A;B:W100A,eval,0.0001,3,B:L60E;B:P61A;B:W100A
1KB5_HLB,B:L60E;B:P61F;B:W100A,eval,0.0001,3,B:L60E;B:P61F;B:W100A
1KB5_HLB,B:L60E;B:W100A,eval,0.0001,2,B:L60E;B:W100A
1KB5_HLB,B:L60E;B:W100A;B:G101A,eval,0.0001,3,B:L60E;B:W100A;B:G101A
1KB5_HLB,B:L60E;B:W100A;B:G101N,eval,0.0001,3,B:L60E;B:W100A;B:G101N
1KB5_HLB,B:L60E;B:W100A;B:G101P,eval,0.0001,3,B:L60E;B:W100A;B:G101P
1KB5_HLB,B:L60E;B:W100A;B:G101S,eval,0.0001,3,B:L60E;B:W100A;B:G101S
1KB5_HLB,B:L60E;B:W100A;B:G101T,eval,0.0001,3,B:L60E;B:W100A;B:G101T
1KB5_HLB,B:L60E;B:W100A;B:S103A,eval,0.0001,3,B:L60E;B:W100A;B:S103A
1KB5_HLB,B:L60E;B:W100A;B:S103F,eval,0.0001,3,B:L60E;B:W100A;B:S103F
1KB5_HLB,B:L60E;B:W100D;B:G101A,eval,0.0001,3,B:L60E;B:W100D;B:G101A
1KB5_HLB,B:L60E;B:W100D;B:G101P,eval,0.0001,3,B:L60E;B:W100D;B:G101P
1KB5_HLB,B:L60E;B:W100D;B:G101T,eval,0.0001,3,B:L60E;B:W100D;B:G101T
1KB5_HLB,B:L60E;B:W100E;B:G101A,eval,0.0001,3,B:L60E;B:W100E;B:G101A
1KB5_HLB,B:L60E;B:W100E;B:G101P,eval,0.0001,3,B:L60E;B:W100E;B:G101P
1KB5_HLB,B:L60E;B:W100E;B:G101T,eval,0.0001,3,B:L60E;B:W100E;B:G101T
1KB5_HLB,B:L60I;B:P61A;B:W100A,eval,0.0001,3,B:L60I;B:P61A;B:W100A
1KB5_HLB,B:L60I;B:P61A;B:W100D,eval,0.0001,3,B:L60I;B:P61A;B:W100D
1KB5_HLB,B:L60I;B:P61A;B:W100E,eval,0.0001,3,B:L60I;B:P61A;B:W100E
1KB5_HLB,B:L60I;B:P61D;B:W100A,eval,0.0001,3,B:L60I;B:P61D;B:W100A
1KB5_HLB,B:L60I;B:P61E;B:W100A,eval,0.0001,3,B:L60I;B:P61E;B:W100A
1KB5_HLB,B:L60I;B:P61F;B:W100A,eval,0.0001,3,B:L60I;B:P61F;B:W100A
1KB5_HLB,B:L60I;B:P61F;B:W100D,eval,0.0001,3,B:L60I;B:P61F;B:W100D
1KB5_HLB,B:L60I;B:P61F;B:W100E,eval,0.0001,3,B:L60I;B:P61F;B:W100E
1KEN_HLA,WT,both,,0,WT
1KEN_HLA,A:G144A;A:G158A;A:W222T,steer,0.00062,3,A:G144A;A:G158A;A:W222T
1KEN_HLA,A:G144A;A:G158D;A:W222T,steer,0.00062,3,A:G144A;A:G158D;A:W222T
1KEN_HLA,A:G144A;A:G158N;A:W222T,steer,0.00062,3,A:G144A;A:G158N;A:W222T
1KEN_HLA,A:G144A;A:G158S;A:W222T,steer,0.00062,3,A:G144A;A:G158S;A:W222T
1KEN_HLA,A:G144A;A:G158T;A:W222T,steer,0.00062,3,A:G144A;A:G158T;A:W222T
1KEN_HLA,A:G144A;A:Q189A;A:W222T,steer,0.00062,3,A:G144A;A:Q189A;A:W222T
1KEN_HLA,A:G144A;A:G158N;A:G225N,eval,0.0002,3,A:G144A;A:G158N;A:G225N
1KEN_HLA,A:G144A;A:G158N;A:G225S,eval,0.0002,3,A:G144A;A:G158N;A:G225S
1KEN_HLA,A:G144A;A:G158S;A:G225N,eval,0.0002,3,A:G144A;A:G158S;A:G225N
1KEN_HLA,A:G144A;A:G158T;A:G225N,eval,0.0002,3,A:G144A;A:G158T;A:G225N
1KEN_HLA,A:G144A;A:Q189N,eval,0.0002,2,A:G144A;A:Q189N
1KEN_HLA,A:G144A;A:Q189N;A:R224K,eval,0.0002,3,A:G144A;A:Q189N;A:R224K
1KEN_HLA,A:G144A;A:Q189N;A:S193A,eval,0.0002,3,A:G144A;A:Q189N;A:S193A
1KEN_HLA,A:G144A;A:Q189N;A:S193N,eval,0.0002,3,A:G144A;A:Q189N;A:S193N
1KEN_HLA,A:G144A;A:Q189N;A:S193Q,eval,0.0002,3,A:G144A;A:Q189N;A:S193Q
1KEN_HLA,A:G144A;A:Q189N;A:S193T,eval,0.0002,3,A:G144A;A:Q189N;A:S193T
1KEN_HLA,A:G144A;A:Q189S;A:R224K,eval,0.0002,3,A:G144A;A:Q189S;A:R224K
1KEN_HLA,A:G144A;A:Q189S;A:S193T,eval,0.0002,3,A:G144A;A:Q189S;A:S193T
1KEN_HLA,A:G144A;A:Q189S;A:V223I,eval,0.0002,3,A:G144A;A:Q189S;A:V223I
1KEN_HLA,A:G144A;A:S159A;A:Q189N,eval,0.0002,3,A:G144A;A:S159A;A:Q189N
1KEN_HLA,A:G144A;A:S159G;A:Q189S,eval,0.0002,3,A:G144A;A:S159G;A:Q189S
1KEN_HLA,A:G144A;A:S159N;A:Q189N,eval,0.0002,3,A:G144A;A:S159N;A:Q189N
1KEN_HLA,A:G144A;A:S159T;A:Q189N,eval,0.0002,3,A:G144A;A:S159T;A:Q189N
1KEN_HLA,A:G144A;A:S159T;A:Q189S,eval,0.0002,3,A:G144A;A:S159T;A:Q189S
1KEN_HLA,A:G144N,eval,0.0002,1,A:G144N
1KEN_HLA,A:G144N;A:G158N;A:G225N,eval,0.0002,3,A:G144N;A:G158N;A:G225N
1KEN_HLA,A:G144N;A:G158N;A:Q189N,eval,0.0002,3,A:G144N;A:G158N;A:Q189N
1KEN_HLA,A:G144N;A:G158N;A:S159G,eval,0.0002,3,A:G144N;A:G158N;A:S159G
1KEN_HLA,A:G144N;A:G158S;A:Q189N,eval,0.0002,3,A:G144N;A:G158S;A:Q189N
1KEN_HLA,A:G144N;A:Q189A,eval,0.0002,2,A:G144N;A:Q189A
1KXT_DC,WT,both,,0,WT
1KXT_DC,C:S245A;C:S270N;C:K278R,steer,0.03333,3,C:S245A;C:S270N;C:K278R
1KXT_DC,C:S245D;C:S270N;C:K278R,steer,0.03333,3,C:S245D;C:S270N;C:K278R
1KXT_DC,C:S270N;C:K278R;C:S310E,steer,0.03333,3,C:S270N;C:K278R;C:S310E
1KXT_DC,C:N152K;C:S270N,steer,0.025,2,C:N152K;C:S270N
1KXT_DC,C:N152K;C:S270N;C:G283A,steer,0.025,3,C:N152K;C:S270N;C:G283A
1KXT_DC,C:S270N;C:G283A;C:S310K,steer,0.025,3,C:S270N;C:G283A;C:S310K
1KXT_DC,C:G283A,eval,0.005,1,C:G283A
1KXT_DC,C:N152Q;C:S270N,eval,0.005,2,C:N152Q;C:S270N
1KXT_DC,C:N152Q;C:S270N;C:G283A,eval,0.005,3,C:N152Q;C:S270N;C:G283A
1KXT_DC,C:S245A;C:S270N;C:G283S,eval,0.005,3,C:S245A;C:S270N;C:G283S
1KXT_DC,C:S245A;C:S270N;C:G413S,eval,0.005,3,C:S245A;C:S270N;C:G413S
1KXT_DC,C:S245E;C:S270N;C:G283S,eval,0.005,3,C:S245E;C:S270N;C:G283S
1KXT_DC,C:S245Q;C:S270N;C:G283S,eval,0.005,3,C:S245Q;C:S270N;C:G283S
1KXT_DC,C:S245T;C:S270N;C:G271S,eval,0.005,3,C:S245T;C:S270N;C:G271S
1KXT_DC,C:S245T;C:S270N;C:G283S,eval,0.005,3,C:S245T;C:S270N;C:G283S
1KXT_DC,C:S245T;C:S270N;C:G413S,eval,0.005,3,C:S245T;C:S270N;C:G413S
1KXT_DC,C:S270N;C:G271S,eval,0.005,2,C:S270N;C:G271S
1KXT_DC,C:S270N;C:G271S;C:G283A,eval,0.005,3,C:S270N;C:G271S;C:G283A
1KXT_DC,C:S270N;C:G283A;C:G413N,eval,0.005,3,C:S270N;C:G283A;C:G413N
1KXT_DC,C:S270N;C:G283A;C:G413S,eval,0.005,3,C:S270N;C:G283A;C:G413S
1KXT_DC,C:S270N;C:G283N,eval,0.005,2,C:S270N;C:G283N
1KXT_DC,C:S270N;C:G283S,eval,0.005,2,C:S270N;C:G283S
1KXT_DC,C:S270N;C:G283S;C:G413S,eval,0.005,3,C:S270N;C:G283S;C:G413S
1KXT_DC,C:S270N;C:G283S;C:S310T,eval,0.005,3,C:S270N;C:G283S;C:S310T
1KXT_DC,C:S270N;C:G413N,eval,0.005,2,C:S270N;C:G413N
1KXT_DC,C:S270N;C:G413S,eval,0.005,2,C:S270N;C:G413S
1KXT_DC,C:N152Q;C:S245A;C:S270N,eval,0.00667,3,C:N152Q;C:S245A;C:S270N
1KXT_DC,C:N152Q;C:S245T;C:S270N,eval,0.00667,3,C:N152Q;C:S245T;C:S270N
1KXT_DC,C:S245A;C:S270N,eval,0.00667,2,C:S245A;C:S270N
1KXT_DC,C:S245A;C:S270N;C:G283A,eval,0.00667,3,C:S245A;C:S270N;C:G283A
1KXT_FE,WT,both,,0,WT
1KXT_FE,E:K278R;E:G283A;E:S310A,steer,0.00909,3,E:K278R;E:G283A;E:S310A
1KXT_FE,E:K278R;E:S310A,steer,0.00909,2,E:K278R;E:S310A
1KXT_FE,E:S245A;E:S270N;E:G271N,steer,0.00909,3,E:S245A;E:S270N;E:G271N
1KXT_FE,E:S245A;E:S270N;E:K278R,steer,0.00909,3,E:S245A;E:S270N;E:K278R
1KXT_FE,E:S245D;E:S270N;E:K278R,steer,0.00909,3,E:S245D;E:S270N;E:K278R
1KXT_FE,E:S245T;E:S270N;E:G271N,steer,0.00909,3,E:S245T;E:S270N;E:G271N
1KXT_FE,E:N152L;E:S270N;E:S310A,eval,0.00323,3,E:N152L;E:S270N;E:S310A
1KXT_FE,E:N152Q;E:S245A;E:S270N,eval,0.00323,3,E:N152Q;E:S245A;E:S270N
1KXT_FE,E:N152Q;E:S245T;E:S270N,eval,0.00323,3,E:N152Q;E:S245T;E:S270N
1KXT_FE,E:N152Q;E:S270N,eval,0.00323,2,E:N152Q;E:S270N
1KXT_FE,E:N152Q;E:S270N;E:G283A,eval,0.00323,3,E:N152Q;E:S270N;E:G283A
1KXT_FE,E:N152Q;E:S270N;E:S310A,eval,0.00323,3,E:N152Q;E:S270N;E:S310A
1KXT_FE,E:S245A;E:S270N,eval,0.00323,2,E:S245A;E:S270N
1KXT_FE,E:S245A;E:S270N;E:G283S,eval,0.00323,3,E:S245A;E:S270N;E:G283S
1KXT_FE,E:S245A;E:S270N;E:G413S,eval,0.00323,3,E:S245A;E:S270N;E:G413S
1KXT_FE,E:S245Q;E:S270N;E:G283S,eval,0.00323,3,E:S245Q;E:S270N;E:G283S
1KXT_FE,E:S245T;E:S270N,eval,0.00323,2,E:S245T;E:S270N
1KXT_FE,E:S245T;E:S270N;E:G283S,eval,0.00323,3,E:S245T;E:S270N;E:G283S
1KXT_FE,E:S245T;E:S270N;E:G413S,eval,0.00323,3,E:S245T;E:S270N;E:G413S
1KXT_FE,E:S270N;E:G283A;E:G413N,eval,0.00323,3,E:S270N;E:G283A;E:G413N
1KXT_FE,E:S270N;E:G283A;E:G413S,eval,0.00323,3,E:S270N;E:G283A;E:G413S
1KXT_FE,E:S270N;E:G283A;E:S310N,eval,0.00323,3,E:S270N;E:G283A;E:S310N
1KXT_FE,E:S270N;E:G283K;E:S310A,eval,0.00323,3,E:S270N;E:G283K;E:S310A
1KXT_FE,E:S270N;E:G283N,eval,0.00323,2,E:S270N;E:G283N
1KXT_FE,E:S270N;E:G283N;E:S310A,eval,0.00323,3,E:S270N;E:G283N;E:S310A
1KXT_FE,E:S270N;E:G283Q;E:S310A,eval,0.00323,3,E:S270N;E:G283Q;E:S310A
1KXT_FE,E:S270N;E:G283S,eval,0.00323,2,E:S270N;E:G283S
1KXT_FE,E:S270N;E:G283S;E:S310A,eval,0.00323,3,E:S270N;E:G283S;E:S310A
1KXT_FE,E:S270N;E:G283S;E:S310N,eval,0.00323,3,E:S270N;E:G283S;E:S310N
1KXT_FE,E:S270N;E:G283S;E:S310P,eval,0.00323,3,E:S270N;E:G283S;E:S310P
1NMB_HLN,WT,both,,0,WT
1NMB_HLN,N:A369K;N:T401F,steer,0.00022,2,N:A369K;N:T401F
1NMB_HLN,N:A369K;N:T401F;N:E465G,steer,0.00022,3,N:A369K;N:T401F;N:E465G
1NMB_HLN,N:A369K;N:T401F;N:K432A,steer,0.00022,3,N:A369K;N:T401F;N:K432A
1NMB_HLN,N:A369K;N:T401F;N:K432D,steer,0.00022,3,N:A369K;N:T401F;N:K432D
1NMB_HLN,N:A369K;N:T401F;N:K432E,steer,0.00022,3,N:A369K;N:T401F;N:K432E
1NMB_HLN,N:A369K;N:T401F;N:K435A,steer,0.00022,3,N:A369K;N:T401F;N:K435A
1NMB_HLN,N:A369K;N:K432A;N:K435A,eval,4e-05,3,N:A369K;N:K432A;N:K435A
1NMB_HLN,N:A369K;N:K432A;N:K435D,eval,4e-05,3,N:A369K;N:K432A;N:K435D
1NMB_HLN,N:A369K;N:K432A;N:K435E,eval,4e-05,3,N:A369K;N:K432A;N:K435E
1NMB_HLN,N:A369K;N:K432A;N:K435F,eval,4e-05,3,N:A369K;N:K432A;N:K435F
1NMB_HLN,N:A369K;N:K432D,eval,4e-05,2,N:A369K;N:K432D
1NMB_HLN,N:A369K;N:K432D;N:E465D,eval,4e-05,3,N:A369K;N:K432D;N:E465D
1NMB_HLN,N:A369K;N:K432D;N:K435A,eval,4e-05,3,N:A369K;N:K432D;N:K435A
1NMB_HLN,N:A369K;N:K432D;N:K435E,eval,4e-05,3,N:A369K;N:K432D;N:K435E
1NMB_HLN,N:A369K;N:K432D;N:K435F,eval,4e-05,3,N:A369K;N:K432D;N:K435F
1NMB_HLN,N:A369K;N:K432E;N:K435A,eval,4e-05,3,N:A369K;N:K432E;N:K435A
1NMB_HLN,N:A369K;N:K432E;N:K435D,eval,4e-05,3,N:A369K;N:K432E;N:K435D
1NMB_HLN,N:A369K;N:K432E;N:K435E,eval,4e-05,3,N:A369K;N:K432E;N:K435E
1NMB_HLN,N:A369K;N:K432E;N:K435F,eval,4e-05,3,N:A369K;N:K432E;N:K435F
1NMB_HLN,N:A369K;N:K432F,eval,4e-05,2,N:A369K;N:K432F
1NMB_HLN,N:A369K;N:K432F;N:K435A,eval,4e-05,3,N:A369K;N:K432F;N:K435A
1NMB_HLN,N:A369K;N:K432F;N:K435D,eval,4e-05,3,N:A369K;N:K432F;N:K435D
1NMB_HLN,N:A369K;N:K432F;N:K435E,eval,4e-05,3,N:A369K;N:K432F;N:K435E
1NMB_HLN,N:A369K;N:K435D,eval,4e-05,2,N:A369K;N:K435D
1NMB_HLN,N:A369K;N:T401A;N:K432A,eval,4e-05,3,N:A369K;N:T401A;N:K432A
1NMB_HLN,N:A369K;N:T401A;N:K432D,eval,4e-05,3,N:A369K;N:T401A;N:K432D
1NMB_HLN,N:A369K;N:T401A;N:K432F,eval,4e-05,3,N:A369K;N:T401A;N:K432F
1NMB_HLN,N:A369K;N:T401A;N:K435A,eval,4e-05,3,N:A369K;N:T401A;N:K435A
1NMB_HLN,N:A369K;N:T401A;N:K435D,eval,4e-05,3,N:A369K;N:T401A;N:K435D
1NMB_HLN,N:A369K;N:T401A;N:K435F,eval,4e-05,3,N:A369K;N:T401A;N:K435F
1OSP_HLO,WT,both,,0,WT
1OSP_HLO,O:E26P;O:D68E;O:D92E,steer,0.00043,3,O:E26P;O:D68E;O:D92E
1OSP_HLO,O:E26P;O:D68E;O:D92K,steer,0.00043,3,O:E26P;O:D68E;O:D92K
1OSP_HLO,O:E26P;O:D68E;O:D92N,steer,0.00043,3,O:E26P;O:D68E;O:D92N
1OSP_HLO,O:E26P;O:D68E;O:D92S,steer,0.00043,3,O:E26P;O:D68E;O:D92S
1OSP_HLO,O:E26P;O:D68E;O:D93K,steer,0.00043,3,O:E26P;O:D68E;O:D93K
1OSP_HLO,O:E26P;O:D68E;O:D93N,steer,0.00043,3,O:E26P;O:D68E;O:D93N
1OSP_HLO,O:D68N;O:D93N,eval,0.00012,2,O:D68N;O:D93N
1OSP_HLO,O:D68N;O:D93S,eval,0.00012,2,O:D68N;O:D93S
1OSP_HLO,O:D68N;O:N71D;O:D93K,eval,0.00012,3,O:D68N;O:N71D;O:D93K
1OSP_HLO,O:D68N;O:N71D;O:D93N,eval,0.00012,3,O:D68N;O:N71D;O:D93N
1OSP_HLO,O:D68N;O:N71D;O:D93T,eval,0.00012,3,O:D68N;O:N71D;O:D93T
1OSP_HLO,O:D92N,eval,0.00012,1,O:D92N
1OSP_HLO,O:D93K,eval,0.00012,1,O:D93K
1OSP_HLO,O:D93N,eval,0.00012,1,O:D93N
1OSP_HLO,O:E26A,eval,0.00012,1,O:E26A
1OSP_HLO,O:E26A;O:D68E;O:D93N,eval,0.00012,3,O:E26A;O:D68E;O:D93N
1OSP_HLO,O:E26A;O:D68N,eval,0.00012,2,O:E26A;O:D68N
1OSP_HLO,O:E26A;O:D68N;O:D92N,eval,0.00012,3,O:E26A;O:D68N;O:D92N
1OSP_HLO,O:E26A;O:D68N;O:D93K,eval,0.00012,3,O:E26A;O:D68N;O:D93K
1OSP_HLO,O:E26A;O:D68N;O:D93N,eval,0.00012,3,O:E26A;O:D68N;O:D93N
1OSP_HLO,O:E26A;O:D68N;O:D93S,eval,0.00012,3,O:E26A;O:D68N;O:D93S
1OSP_HLO,O:E26A;O:D68N;O:D93T,eval,0.00012,3,O:E26A;O:D68N;O:D93T
1OSP_HLO,O:E26A;O:D68N;O:N71D,eval,0.00012,3,O:E26A;O:D68N;O:N71D
1OSP_HLO,O:E26A;O:D68S,eval,0.00012,2,O:E26A;O:D68S
1OSP_HLO,O:E26A;O:D68S;O:D93N,eval,0.00012,3,O:E26A;O:D68S;O:D93N
1OSP_HLO,O:E26A;O:D68T,eval,0.00012,2,O:E26A;O:D68T
1OSP_HLO,O:E26A;O:D68T;O:D92N,eval,0.00012,3,O:E26A;O:D68T;O:D92N
1OSP_HLO,O:E26A;O:D68T;O:D93N,eval,0.00012,3,O:E26A;O:D68T;O:D93N
1OSP_HLO,O:E26A;O:D68T;O:N71D,eval,0.00012,3,O:E26A;O:D68T;O:N71D
1OSP_HLO,O:E26A;O:D92N,eval,0.00012,2,O:E26A;O:D92N
1RJC_AB,WT,both,,0,WT
1RJC_AB,B:T47V;B:D48N;B:V109Y,steer,0.05,3,B:T47V;B:D48N;B:V109Y
1RJC_AB,B:T47V;B:V109Y,steer,0.05,2,B:T47V;B:V109Y
1RJC_AB,B:T47N;B:D48N;B:V109Y,steer,0.03333,3,B:T47N;B:D48N;B:V109Y
1RJC_AB,B:T47N;B:V109T,steer,0.03333,2,B:T47N;B:V109T
1RJC_AB,B:T47N;B:V109Y,steer,0.03333,2,B:T47N;B:V109Y
1RJC_AB,B:T47F;B:D48N;B:V109T,steer,0.025,3,B:T47F;B:D48N;B:V109T
1RJC_AB,B:D48N,eval,0.0125,1,B:D48N
1RJC_AB,B:D48N;B:V109I,eval,0.0125,2,B:D48N;B:V109I
1RJC_AB,B:D48N;B:V109L,eval,0.0125,2,B:D48N;B:V109L
1RJC_AB,B:T47S;B:D48N,eval,0.0125,2,B:T47S;B:D48N
1RJC_AB,B:T47S;B:D48N;B:N113T,eval,0.0125,3,B:T47S;B:D48N;B:N113T
1RJC_AB,B:T47S;B:D48N;B:V109F,eval,0.0125,3,B:T47S;B:D48N;B:V109F
1RJC_AB,B:T47S;B:D48N;B:V109I,eval,0.0125,3,B:T47S;B:D48N;B:V109I
1RJC_AB,B:T47S;B:D48N;B:V109L,eval,0.0125,3,B:T47S;B:D48N;B:V109L
1RJC_AB,B:D48N;B:V109Y,eval,0.01429,2,B:D48N;B:V109Y
1RJC_AB,B:T47R,eval,0.01429,1,B:T47R
1RJC_AB,B:T47R;B:V109F,eval,0.01429,2,B:T47R;B:V109F
1RJC_AB,B:T47R;B:V109I,eval,0.01429,2,B:T47R;B:V109I
1RJC_AB,B:T47R;B:V109L,eval,0.01429,2,B:T47R;B:V109L
1RJC_AB,B:T47R;B:V109T,eval,0.01429,2,B:T47R;B:V109T
1RJC_AB,B:T47R;B:V109T;B:N113T,eval,0.01429,3,B:T47R;B:V109T;B:N113T
1RJC_AB,B:T47R;B:V109Y,eval,0.01429,2,B:T47R;B:V109Y
1RJC_AB,B:T47S;B:D48N;B:V109Y,eval,0.01429,3,B:T47S;B:D48N;B:V109Y
1RJC_AB,B:T47S;B:V109F,eval,0.01429,2,B:T47S;B:V109F
1RJC_AB,B:T47S;B:V109T;B:N113Y,eval,0.01429,3,B:T47S;B:V109T;B:N113Y
1RJC_AB,B:T47S;B:V109Y,eval,0.01429,2,B:T47S;B:V109Y
1RJC_AB,B:T47S;B:V109Y;B:N113T,eval,0.01429,3,B:T47S;B:V109Y;B:N113T
1RJC_AB,B:V109Y,eval,0.01429,1,B:V109Y
1RJC_AB,B:D48N;B:V109T,eval,0.01667,2,B:D48N;B:V109T
1RJC_AB,B:D48N;B:V109T;B:N113T,eval,0.01667,3,B:D48N;B:V109T;B:N113T
1Z3G_HLA,WT,both,,0,WT
1Z3G_HLA,A:D62V;A:P63S;A:N67K,steer,0.0002,3,A:D62V;A:P63S;A:N67K
1Z3G_HLA,A:D62V;A:P63S;A:V66L,steer,0.0002,3,A:D62V;A:P63S;A:V66L
1Z3G_HLA,A:E45A;A:P61D;A:P63S,steer,0.0002,3,A:E45A;A:P61D;A:P63S
1Z3G_HLA,A:E45A;A:P61E;A:P63A,steer,0.0002,3,A:E45A;A:P61E;A:P63A
1Z3G_HLA,A:E45A;A:P61E;A:P63S,steer,0.0002,3,A:E45A;A:P61E;A:P63S
1Z3G_HLA,A:E45A;A:P61N;A:P63A,steer,0.0002,3,A:E45A;A:P61N;A:P63A
1Z3G_HLA,A:D62E;A:P63A;A:V66K,eval,5e-05,3,A:D62E;A:P63A;A:V66K
1Z3G_HLA,A:D62E;A:P63S;A:V66Q,eval,5e-05,3,A:D62E;A:P63S;A:V66Q
1Z3G_HLA,A:D62N;A:P63A;A:V66K,eval,5e-05,3,A:D62N;A:P63A;A:V66K
1Z3G_HLA,A:D62N;A:P63A;A:V66Q,eval,5e-05,3,A:D62N;A:P63A;A:V66Q
1Z3G_HLA,A:D62N;A:P63S;A:V66Q,eval,5e-05,3,A:D62N;A:P63S;A:V66Q
1Z3G_HLA,A:D62S;A:P63S;A:V66Q,eval,5e-05,3,A:D62S;A:P63S;A:V66Q
1Z3G_HLA,A:D62V;A:A64E;A:Q65N,eval,5e-05,3,A:D62V;A:A64E;A:Q65N
1Z3G_HLA,A:D62V;A:A64S;A:Q65E,eval,5e-05,3,A:D62V;A:A64S;A:Q65E
1Z3G_HLA,A:D62V;A:A64T;A:Q65E,eval,5e-05,3,A:D62V;A:A64T;A:Q65E
1Z3G_HLA,A:D62V;A:A64T;A:Q65N,eval,5e-05,3,A:D62V;A:A64T;A:Q65N
1Z3G_HLA,A:D62V;A:P63A;A:A64T,eval,5e-05,3,A:D62V;A:P63A;A:A64T
1Z3G_HLA,A:D62V;A:P63A;A:V66K,eval,5e-05,3,A:D62V;A:P63A;A:V66K
1Z3G_HLA,A:D62V;A:P63S;A:V66K,eval,5e-05,3,A:D62V;A:P63S;A:V66K
1Z3G_HLA,A:D62V;A:Q65E;A:V66Q,eval,5e-05,3,A:D62V;A:Q65E;A:V66Q
1Z3G_HLA,A:D62V;A:Q65N;A:V66L,eval,5e-05,3,A:D62V;A:Q65N;A:V66L
1Z3G_HLA,A:D62V;A:Q65N;A:V66Q,eval,5e-05,3,A:D62V;A:Q65N;A:V66Q
1Z3G_HLA,A:E45A;A:G48S;A:P61E,eval,5e-05,3,A:E45A;A:G48S;A:P61E
1Z3G_HLA,A:E45A;A:G48S;A:P61N,eval,5e-05,3,A:E45A;A:G48S;A:P61N
1Z3G_HLA,A:E45A;A:G48S;A:P61S,eval,5e-05,3,A:E45A;A:G48S;A:P61S
1Z3G_HLA,A:E45A;A:G48S;A:P61T,eval,5e-05,3,A:E45A;A:G48S;A:P61T
1Z3G_HLA,A:E45A;A:P61D,eval,5e-05,2,A:E45A;A:P61D
1Z3G_HLA,A:E45A;A:P61D;A:A64K,eval,5e-05,3,A:E45A;A:P61D;A:A64K
1Z3G_HLA,A:E45A;A:P61D;A:A64N,eval,5e-05,3,A:E45A;A:P61D;A:A64N
1Z3G_HLA,A:E45A;A:P61D;A:A64S,eval,5e-05,3,A:E45A;A:P61D;A:A64S
1ZA3_HLR,WT,both,,0,WT
1ZA3_HLR,R:D37E;R:L61K;R:T64R,steer,0.00014,3,R:D37E;R:L61K;R:T64R
1ZA3_HLR,R:D37E;R:L61Q;R:T64R,steer,0.00014,3,R:D37E;R:L61Q;R:T64R
1ZA3_HLR,R:D37E;R:L61R;R:T64K,steer,0.00014,3,R:D37E;R:L61R;R:T64K
1ZA3_HLR,R:D37E;R:L61R;R:T64R,steer,0.00014,3,R:D37E;R:L61R;R:T64R
1ZA3_HLR,R:D37E;R:R62K;R:T64K,steer,0.00014,3,R:D37E;R:R62K;R:T64K
1ZA3_HLR,R:D37E;R:R62K;R:T64R,steer,0.00014,3,R:D37E;R:R62K;R:T64R
1ZA3_HLR,R:D37E,eval,5e-05,1,R:D37E
1ZA3_HLR,R:D37E;R:D95E,eval,5e-05,2,R:D37E;R:D95E
1ZA3_HLR,R:D37E;R:D95N,eval,5e-05,2,R:D37E;R:D95N
1ZA3_HLR,R:D37E;R:D95S,eval,5e-05,2,R:D37E;R:D95S
1ZA3_HLR,R:D37E;R:E94D;R:D95E,eval,5e-05,3,R:D37E;R:E94D;R:D95E
1ZA3_HLR,R:D37E;R:R62K,eval,5e-05,2,R:D37E;R:R62K
1ZA3_HLR,R:D37E;R:R62K;R:D95A,eval,5e-05,3,R:D37E;R:R62K;R:D95A
1ZA3_HLR,R:D37E;R:R62K;R:D95E,eval,5e-05,3,R:D37E;R:R62K;R:D95E
1ZA3_HLR,R:D37E;R:R62K;R:D95N,eval,5e-05,3,R:D37E;R:R62K;R:D95N
1ZA3_HLR,R:D37E;R:R62K;R:D95S,eval,5e-05,3,R:D37E;R:R62K;R:D95S
1ZA3_HLR,R:D37E;R:R62K;R:D95T,eval,5e-05,3,R:D37E;R:R62K;R:D95T
1ZA3_HLR,R:D37E;R:R62K;R:E94D,eval,5e-05,3,R:D37E;R:R62K;R:E94D
1ZA3_HLR,R:D37E;R:R62K;R:E94S,eval,5e-05,3,R:D37E;R:R62K;R:E94S
1ZA3_HLR,R:D37E;R:R62K;R:T64S,eval,5e-05,3,R:D37E;R:R62K;R:T64S
1ZA3_HLR,R:D37E;R:R62S;R:T64R,eval,5e-05,3,R:D37E;R:R62S;R:T64R
1ZA3_HLR,R:D37E;R:T64S,eval,5e-05,2,R:D37E;R:T64S
1ZA3_HLR,R:D37E;R:T64S;R:D95E,eval,5e-05,3,R:D37E;R:T64S;R:D95E
1ZA3_HLR,R:D37L;R:R62K;R:D95E,eval,5e-05,3,R:D37L;R:R62K;R:D95E
1ZA3_HLR,R:D37L;R:R62K;R:T64S,eval,5e-05,3,R:D37L;R:R62K;R:T64S
1ZA3_HLR,R:D37N;R:D95E,eval,5e-05,2,R:D37N;R:D95E
1ZA3_HLR,R:D37N;R:R62K,eval,5e-05,2,R:D37N;R:R62K
1ZA3_HLR,R:D37N;R:R62K;R:D95E,eval,5e-05,3,R:D37N;R:R62K;R:D95E
1ZA3_HLR,R:D37N;R:R62K;R:D95N,eval,5e-05,3,R:D37N;R:R62K;R:D95N
1ZA3_HLR,R:D37N;R:R62K;R:D95S,eval,5e-05,3,R:D37N;R:R62K;R:D95S
1ZVH_AL,WT,both,,0,WT
1ZVH_AL,L:K1M;L:G67L;L:S86N,steer,0.00909,3,L:K1M;L:G67L;L:S86N
1ZVH_AL,L:K1M;L:G67Y,steer,0.00909,2,L:K1M;L:G67Y
1ZVH_AL,L:K1M;L:G67Y;L:D87N,steer,0.00909,3,L:K1M;L:G67Y;L:D87N
1ZVH_AL,L:K1M;L:G67Y;L:R68A,steer,0.00909,3,L:K1M;L:G67Y;L:R68A
1ZVH_AL,L:K1M;L:G67Y;L:R68N,steer,0.00909,3,L:K1M;L:G67Y;L:R68N
1ZVH_AL,L:K1M;L:G67Y;L:R68Q,steer,0.00909,3,L:K1M;L:G67Y;L:R68Q
1ZVH_AL,L:K1M;L:D87N,eval,0.0027,2,L:K1M;L:D87N
1ZVH_AL,L:K1M;L:R68A,eval,0.0027,2,L:K1M;L:R68A
1ZVH_AL,L:K1M;L:R68A;L:S86A,eval,0.0027,3,L:K1M;L:R68A;L:S86A
1ZVH_AL,L:K1M;L:R68A;L:S86N,eval,0.0027,3,L:K1M;L:R68A;L:S86N
1ZVH_AL,L:K1M;L:R68A;L:S86P,eval,0.0027,3,L:K1M;L:R68A;L:S86P
1ZVH_AL,L:K1M;L:R68D;L:S86D,eval,0.0027,3,L:K1M;L:R68D;L:S86D
1ZVH_AL,L:K1M;L:R68D;L:S86N,eval,0.0027,3,L:K1M;L:R68D;L:S86N
1ZVH_AL,L:K1M;L:R68D;L:S86P,eval,0.0027,3,L:K1M;L:R68D;L:S86P
1ZVH_AL,L:K1M;L:R68N,eval,0.0027,2,L:K1M;L:R68N
1ZVH_AL,L:K1M;L:R68N;L:D87N,eval,0.0027,3,L:K1M;L:R68N;L:D87N
1ZVH_AL,L:K1M;L:R68N;L:S86A,eval,0.0027,3,L:K1M;L:R68N;L:S86A
1ZVH_AL,L:K1M;L:R68N;L:S86N,eval,0.0027,3,L:K1M;L:R68N;L:S86N
1ZVH_AL,L:K1M;L:R68N;L:S86P,eval,0.0027,3,L:K1M;L:R68N;L:S86P
1ZVH_AL,L:K1M;L:R68N;L:S86Q,eval,0.0027,3,L:K1M;L:R68N;L:S86Q
1ZVH_AL,L:K1M;L:R68Q,eval,0.0027,2,L:K1M;L:R68Q
1ZVH_AL,L:K1M;L:R68Q;L:D87N,eval,0.0027,3,L:K1M;L:R68Q;L:D87N
1ZVH_AL,L:K1M;L:R68Q;L:S86A,eval,0.0027,3,L:K1M;L:R68Q;L:S86A
1ZVH_AL,L:K1M;L:R68Q;L:S86N,eval,0.0027,3,L:K1M;L:R68Q;L:S86N
1ZVH_AL,L:K1M;L:R68Q;L:S86P,eval,0.0027,3,L:K1M;L:R68Q;L:S86P
1ZVH_AL,L:K1M;L:R68Q;L:S86Q,eval,0.0027,3,L:K1M;L:R68Q;L:S86Q
1ZVH_AL,L:K1M;L:R68S,eval,0.0027,2,L:K1M;L:R68S
1ZVH_AL,L:K1M;L:R68S;L:D87N,eval,0.0027,3,L:K1M;L:R68S;L:D87N
1ZVH_AL,L:K1M;L:R68S;L:S86A,eval,0.0027,3,L:K1M;L:R68S;L:S86A
1ZVH_AL,L:K1M;L:R68S;L:S86N,eval,0.0027,3,L:K1M;L:R68S;L:S86N
2B2X_HLA,WT,both,,0,WT
2B2X_HLA,A:E163A;A:Q218H;A:Y264H,steer,0.00025,3,A:E163A;A:Q218H;A:Y264H
2B2X_HLA,A:E163A;A:V217E;A:Y264H,steer,0.00025,3,A:E163A;A:V217E;A:Y264H
2B2X_HLA,A:E163A;A:V217K;A:Y264H,steer,0.00025,3,A:E163A;A:V217K;A:Y264H
2B2X_HLA,A:E163A;A:V217Q;A:Y264H,steer,0.00025,3,A:E163A;A:V217Q;A:Y264H
2B2X_HLA,A:E163A;A:V217R;A:Y264H,steer,0.00025,3,A:E163A;A:V217R;A:Y264H
2B2X_HLA,A:E163A;A:V217T;A:Y264H,steer,0.00025,3,A:E163A;A:V217T;A:Y264H
2B2X_HLA,A:E163A;A:H288N;A:L294A,eval,7e-05,3,A:E163A;A:H288N;A:L294A
2B2X_HLA,A:E163A;A:H288N;A:L294D,eval,7e-05,3,A:E163A;A:H288N;A:L294D
2B2X_HLA,A:E163A;A:H288N;A:L294E,eval,7e-05,3,A:E163A;A:H288N;A:L294E
2B2X_HLA,A:E163A;A:L294A;A:S295D,eval,7e-05,3,A:E163A;A:L294A;A:S295D
2B2X_HLA,A:E163A;A:L294A;A:S295E,eval,7e-05,3,A:E163A;A:L294A;A:S295E
2B2X_HLA,A:E163A;A:L294D,eval,7e-05,2,A:E163A;A:L294D
2B2X_HLA,A:E163A;A:L294D;A:K298D,eval,7e-05,3,A:E163A;A:L294D;A:K298D
2B2X_HLA,A:E163A;A:L294D;A:K298N,eval,7e-05,3,A:E163A;A:L294D;A:K298N
2B2X_HLA,A:E163A;A:L294D;A:S295A,eval,7e-05,3,A:E163A;A:L294D;A:S295A
2B2X_HLA,A:E163A;A:L294D;A:S295D,eval,7e-05,3,A:E163A;A:L294D;A:S295D
2B2X_HLA,A:E163A;A:L294D;A:S295E,eval,7e-05,3,A:E163A;A:L294D;A:S295E
2B2X_HLA,A:E163A;A:L294E,eval,7e-05,2,A:E163A;A:L294E
2B2X_HLA,A:E163A;A:L294E;A:E297R,eval,7e-05,3,A:E163A;A:L294E;A:E297R
2B2X_HLA,A:E163A;A:L294E;A:K298D,eval,7e-05,3,A:E163A;A:L294E;A:K298D
2B2X_HLA,A:E163A;A:L294E;A:K298N,eval,7e-05,3,A:E163A;A:L294E;A:K298N
2B2X_HLA,A:E163A;A:L294E;A:S295A,eval,7e-05,3,A:E163A;A:L294E;A:S295A
2B2X_HLA,A:E163A;A:L294E;A:S295D,eval,7e-05,3,A:E163A;A:L294E;A:S295D
2B2X_HLA,A:E163A;A:L294E;A:S295E,eval,7e-05,3,A:E163A;A:L294E;A:S295E
2B2X_HLA,A:E163A;A:N290S;A:L294D,eval,7e-05,3,A:E163A;A:N290S;A:L294D
2B2X_HLA,A:E163A;A:N290S;A:L294E,eval,7e-05,3,A:E163A;A:N290S;A:L294E
2B2X_HLA,A:E163A;A:Q218H;A:L294D,eval,7e-05,3,A:E163A;A:Q218H;A:L294D
2B2X_HLA,A:E163A;A:Q218H;A:L294E,eval,7e-05,3,A:E163A;A:Q218H;A:L294E
2B2X_HLA,A:E163A;A:Q218N;A:L294E,eval,7e-05,3,A:E163A;A:Q218N;A:L294E
2B2X_HLA,A:E163A;A:Q268D;A:L294A,eval,7e-05,3,A:E163A;A:Q268D;A:L294A
2BDN_HLA,WT,both,,0,WT
2BDN_HLA,A:A4G;A:A7K;A:Q57V,steer,0.00022,3,A:A4G;A:A7K;A:Q57V
2BDN_HLA,A:A4G;A:A7L;A:Q57V,steer,0.00022,3,A:A4G;A:A7L;A:Q57V
2BDN_HLA,A:A4G;A:A7S;A:Q57V,steer,0.00022,3,A:A4G;A:A7S;A:Q57V
2BDN_HLA,A:A4G;A:I5L;A:Q57V,steer,0.00022,3,A:A4G;A:I5L;A:Q57V
2BDN_HLA,A:A4G;A:K35S;A:Q57V,steer,0.00022,3,A:A4G;A:K35S;A:Q57V
2BDN_HLA,A:A4G;A:Q57V;A:D68E,steer,0.00022,3,A:A4G;A:Q57V;A:D68E
2BDN_HLA,A:A4G,eval,3e-05,1,A:A4G
2BDN_HLA,A:A4G;A:A7E;A:T71K,eval,3e-05,3,A:A4G;A:A7E;A:T71K
2BDN_HLA,A:A4G;A:A7K,eval,3e-05,2,A:A4G;A:A7K
2BDN_HLA,A:A4G;A:A7K;A:D68A,eval,3e-05,3,A:A4G;A:A7K;A:D68A
2BDN_HLA,A:A4G;A:A7K;A:D68E,eval,3e-05,3,A:A4G;A:A7K;A:D68E
2BDN_HLA,A:A4G;A:A7K;A:D68N,eval,3e-05,3,A:A4G;A:A7K;A:D68N
2BDN_HLA,A:A4G;A:A7K;A:D68S,eval,3e-05,3,A:A4G;A:A7K;A:D68S
2BDN_HLA,A:A4G;A:A7K;A:K35R,eval,3e-05,3,A:A4G;A:A7K;A:K35R
2BDN_HLA,A:A4G;A:A7K;A:K56R,eval,3e-05,3,A:A4G;A:A7K;A:K56R
2BDN_HLA,A:A4G;A:A7K;A:K69R,eval,3e-05,3,A:A4G;A:A7K;A:K69R
2BDN_HLA,A:A4G;A:A7K;A:Q57K,eval,3e-05,3,A:A4G;A:A7K;A:Q57K
2BDN_HLA,A:A4G;A:A7K;A:Q57R,eval,3e-05,3,A:A4G;A:A7K;A:Q57R
2BDN_HLA,A:A4G;A:A7K;A:Q70A,eval,3e-05,3,A:A4G;A:A7K;A:Q70A
2BDN_HLA,A:A4G;A:A7K;A:Q70K,eval,3e-05,3,A:A4G;A:A7K;A:Q70K
2BDN_HLA,A:A4G;A:A7K;A:Q70R,eval,3e-05,3,A:A4G;A:A7K;A:Q70R
2BDN_HLA,A:A4G;A:A7K;A:R29K,eval,3e-05,3,A:A4G;A:A7K;A:R29K
2BDN_HLA,A:A4G;A:A7K;A:S34A,eval,3e-05,3,A:A4G;A:A7K;A:S34A
2BDN_HLA,A:A4G;A:A7K;A:S34E,eval,3e-05,3,A:A4G;A:A7K;A:S34E
2BDN_HLA,A:A4G;A:A7K;A:S34N,eval,3e-05,3,A:A4G;A:A7K;A:S34N
2BDN_HLA,A:A4G;A:A7K;A:T71A,eval,3e-05,3,A:A4G;A:A7K;A:T71A
2BDN_HLA,A:A4G;A:A7K;A:T71E,eval,3e-05,3,A:A4G;A:A7K;A:T71E
2BDN_HLA,A:A4G;A:A7K;A:T71G,eval,3e-05,3,A:A4G;A:A7K;A:T71G
2BDN_HLA,A:A4G;A:A7K;A:T71K,eval,3e-05,3,A:A4G;A:A7K;A:T71K
2BDN_HLA,A:A4G;A:A7K;A:T71S,eval,3e-05,3,A:A4G;A:A7K;A:T71S
2FEE_ILB,WT,both,,0,WT
2FEE_ILB,B:D246E;B:E377A;B:Q381E,steer,0.00042,3,B:D246E;B:E377A;B:Q381E
2FEE_ILB,B:D246E;B:E377A;B:Q420E,steer,0.00042,3,B:D246E;B:E377A;B:Q420E
2FEE_ILB,B:D246E;B:E377S;B:Q381E,steer,0.00042,3,B:D246E;B:E377S;B:Q381E
2FEE_ILB,B:D246E;B:E377S;B:Q420E,steer,0.00042,3,B:D246E;B:E377S;B:Q420E
2FEE_ILB,B:D246E;B:N327E;B:E377A,steer,0.00042,3,B:D246E;B:N327E;B:E377A
2FEE_ILB,B:D246E;B:N327E;B:E377S,steer,0.00042,3,B:D246E;B:N327E;B:E377S
2FEE_ILB,B:D246E,eval,0.00018,1,B:D246E
2FEE_ILB,B:D246E;B:L249F;B:N327Q,eval,0.00018,3,B:D246E;B:L249F;B:N327Q
2FEE_ILB,B:D246E;B:L249I;B:N250S,eval,0.00018,3,B:D246E;B:L249I;B:N250S
2FEE_ILB,B:D246E;B:L249I;B:N327Q,eval,0.00018,3,B:D246E;B:L249I;B:N327Q
2FEE_ILB,B:D246E;B:L249V,eval,0.00018,2,B:D246E;B:L249V
2FEE_ILB,B:D246E;B:L249V;B:N250S,eval,0.00018,3,B:D246E;B:L249V;B:N250S
2FEE_ILB,B:D246E;B:L249V;B:N250T,eval,0.00018,3,B:D246E;B:L249V;B:N250T
2FEE_ILB,B:D246E;B:L249V;B:N327Q,eval,0.00018,3,B:D246E;B:L249V;B:N327Q
2FEE_ILB,B:D246E;B:N250A;B:N327Q,eval,0.00018,3,B:D246E;B:N250A;B:N327Q
2FEE_ILB,B:D246E;B:N250S,eval,0.00018,2,B:D246E;B:N250S
2FEE_ILB,B:D246E;B:N250S;B:N327Q,eval,0.00018,3,B:D246E;B:N250S;B:N327Q
2FEE_ILB,B:D246E;B:N250T,eval,0.00018,2,B:D246E;B:N250T
2FEE_ILB,B:D246E;B:N250T;B:N327Q,eval,0.00018,3,B:D246E;B:N250T;B:N327Q
2FEE_ILB,B:D246E;B:N250V;B:N327Q,eval,0.00018,3,B:D246E;B:N250V;B:N327Q
2FEE_ILB,B:D246E;B:N327E;B:E377Q,eval,0.00018,3,B:D246E;B:N327E;B:E377Q
2FEE_ILB,B:D246E;B:N327Q,eval,0.00018,2,B:D246E;B:N327Q
2FEE_ILB,B:D246E;B:N327Q;B:H383N,eval,0.00018,3,B:D246E;B:N327Q;B:H383N
2FEE_ILB,B:D246E;B:N327Q;B:L378A,eval,0.00018,3,B:D246E;B:N327Q;B:L378A
2FEE_ILB,B:D246E;B:N327Q;B:L378F,eval,0.00018,3,B:D246E;B:N327Q;B:L378F
2FEE_ILB,B:D246E;B:N327Q;B:L378M,eval,0.00018,3,B:D246E;B:N327Q;B:L378M
2FEE_ILB,B:D246E;B:N327Q;B:Q381F,eval,0.00018,3,B:D246E;B:N327Q;B:Q381F
2FEE_ILB,B:D246E;B:N327Q;B:Q381H,eval,0.00018,3,B:D246E;B:N327Q;B:Q381H
2FEE_ILB,B:D246E;B:N327Q;B:Q381T,eval,0.00018,3,B:D246E;B:N327Q;B:Q381T
2FEE_ILB,B:D246E;B:N327Q;B:Q381Y,eval,0.00018,3,B:D246E;B:N327Q;B:Q381Y
2W9E_HLA,WT,both,,0,WT
2W9E_HLA,A:D144S;A:E152N;A:F198L,steer,0.00014,3,A:D144S;A:E152N;A:F198L
2W9E_HLA,A:D144S;A:E152S;A:F198L,steer,0.00014,3,A:D144S;A:E152S;A:F198L
2W9E_HLA,A:D144S;A:F198L;A:T201K,steer,0.00014,3,A:D144S;A:F198L;A:T201K
2W9E_HLA,A:D144S;A:F198L;A:T201N,steer,0.00014,3,A:D144S;A:F198L;A:T201N
2W9E_HLA,A:D144S;A:F198L;A:T201R,steer,0.00014,3,A:D144S;A:F198L;A:T201R
2W9E_HLA,A:D144S;A:H155D;A:F198L,steer,0.00014,3,A:D144S;A:H155D;A:F198L
2W9E_HLA,A:D144A;A:E152D;A:H155D,eval,2e-05,3,A:D144A;A:E152D;A:H155D
2W9E_HLA,A:D144A;A:E152D;A:H155N,eval,2e-05,3,A:D144A;A:E152D;A:H155N
2W9E_HLA,A:D144A;A:E152D;A:H155Y,eval,2e-05,3,A:D144A;A:E152D;A:H155Y
2W9E_HLA,A:D144A;A:E152N;A:F198I,eval,2e-05,3,A:D144A;A:E152N;A:F198I
2W9E_HLA,A:D144A;A:E152N;A:F198M,eval,2e-05,3,A:D144A;A:E152N;A:F198M
2W9E_HLA,A:D144A;A:E152N;A:H155G,eval,2e-05,3,A:D144A;A:E152N;A:H155G
2W9E_HLA,A:D144A;A:E152N;A:H155S,eval,2e-05,3,A:D144A;A:E152N;A:H155S
2W9E_HLA,A:D144A;A:E152N;A:N197S,eval,2e-05,3,A:D144A;A:E152N;A:N197S
2W9E_HLA,A:D144A;A:E152N;A:N197T,eval,2e-05,3,A:D144A;A:E152N;A:N197T
2W9E_HLA,A:D144A;A:E152N;A:T201N,eval,2e-05,3,A:D144A;A:E152N;A:T201N
2W9E_HLA,A:D144A;A:E152N;A:T201R,eval,2e-05,3,A:D144A;A:E152N;A:T201R
2W9E_HLA,A:D144A;A:E152Q;A:H155D,eval,2e-05,3,A:D144A;A:E152Q;A:H155D
2W9E_HLA,A:D144A;A:E152Q;A:H155N,eval,2e-05,3,A:D144A;A:E152Q;A:H155N
2W9E_HLA,A:D144A;A:E152Q;A:H155Y,eval,2e-05,3,A:D144A;A:E152Q;A:H155Y
2W9E_HLA,A:D144A;A:E152S;A:F198M,eval,2e-05,3,A:D144A;A:E152S;A:F198M
2W9E_HLA,A:D144A;A:E152S;A:T201K,eval,2e-05,3,A:D144A;A:E152S;A:T201K
2W9E_HLA,A:D144A;A:E152S;A:T201N,eval,2e-05,3,A:D144A;A:E152S;A:T201N
2W9E_HLA,A:D144A;A:E196D;A:F198L,eval,2e-05,3,A:D144A;A:E196D;A:F198L
2W9E_HLA,A:D144A;A:E196G;A:F198L,eval,2e-05,3,A:D144A;A:E196G;A:F198L
2W9E_HLA,A:D144A;A:E196Q;A:F198L,eval,2e-05,3,A:D144A;A:E196Q;A:F198L
2W9E_HLA,A:D144A;A:F198I;A:T201N,eval,2e-05,3,A:D144A;A:F198I;A:T201N
2W9E_HLA,A:D144A;A:F198I;A:T201R,eval,2e-05,3,A:D144A;A:F198I;A:T201R
2W9E_HLA,A:D144A;A:F198L;A:E200D,eval,2e-05,3,A:D144A;A:F198L;A:E200D
2W9E_HLA,A:D144A;A:F198M;A:T201R,eval,2e-05,3,A:D144A;A:F198M;A:T201R
2WUB_HLA,WT,both,,0,WT
2WUB_HLA,A:A174G;A:D175A;A:P178D,steer,0.00012,3,A:A174G;A:D175A;A:P178D
2WUB_HLA,A:A174G;A:D175A;A:P178E,steer,0.00012,3,A:A174G;A:D175A;A:P178E
2WUB_HLA,A:A174G;A:D175A;A:R241A,steer,0.00012,3,A:A174G;A:D175A;A:R241A
2WUB_HLA,A:A174G;A:D175A;A:R243A,steer,0.00012,3,A:A174G;A:D175A;A:R243A
2WUB_HLA,A:A174G;A:D175E;A:P178D,steer,0.00012,3,A:A174G;A:D175E;A:P178D
2WUB_HLA,A:A174G;A:D175E;A:P178E,steer,0.00012,3,A:A174G;A:D175E;A:P178E
2WUB_HLA,A:A174D,eval,3e-05,1,A:A174D
2WUB_HLA,A:A174D;A:D175A;A:R241E,eval,3e-05,3,A:A174D;A:D175A;A:R241E
2WUB_HLA,A:A174D;A:D175A;A:S177A,eval,3e-05,3,A:A174D;A:D175A;A:S177A
2WUB_HLA,A:A174D;A:D175E;A:R241E,eval,3e-05,3,A:A174D;A:D175E;A:R241E
2WUB_HLA,A:A174D;A:D175E;A:S177A,eval,3e-05,3,A:A174D;A:D175E;A:S177A
2WUB_HLA,A:A174D;A:D175G;A:P178D,eval,3e-05,3,A:A174D;A:D175G;A:P178D
2WUB_HLA,A:A174D;A:D175G;A:P178E,eval,3e-05,3,A:A174D;A:D175G;A:P178E
2WUB_HLA,A:A174D;A:D175G;A:R241A,eval,3e-05,3,A:A174D;A:D175G;A:R241A
2WUB_HLA,A:A174D;A:D175G;A:R243A,eval,3e-05,3,A:A174D;A:D175G;A:R243A
2WUB_HLA,A:A174D;A:P178D,eval,3e-05,2,A:A174D;A:P178D
2WUB_HLA,A:A174D;A:P178D;A:R241A,eval,3e-05,3,A:A174D;A:P178D;A:R241A
2WUB_HLA,A:A174D;A:P178D;A:R243A,eval,3e-05,3,A:A174D;A:P178D;A:R243A
2WUB_HLA,A:A174D;A:P178E,eval,3e-05,2,A:A174D;A:P178E
2WUB_HLA,A:A174D;A:P178E;A:R241A,eval,3e-05,3,A:A174D;A:P178E;A:R241A
2WUB_HLA,A:A174D;A:P178E;A:R243A,eval,3e-05,3,A:A174D;A:P178E;A:R243A
2WUB_HLA,A:A174D;A:R241A,eval,3e-05,2,A:A174D;A:R241A
2WUB_HLA,A:A174D;A:R241A;A:R243A,eval,3e-05,3,A:A174D;A:R241A;A:R243A
2WUB_HLA,A:A174D;A:R243A,eval,3e-05,2,A:A174D;A:R243A
2WUB_HLA,A:A174E;A:D175A,eval,3e-05,2,A:A174E;A:D175A
2WUB_HLA,A:A174E;A:D175E,eval,3e-05,2,A:A174E;A:D175E
2WUB_HLA,A:A174G;A:D175F;A:R241C,eval,3e-05,3,A:A174G;A:D175F;A:R241C
2WUB_HLA,A:A174G;A:P178D;A:R241C,eval,3e-05,3,A:A174G;A:P178D;A:R241C
2WUB_HLA,A:A174G;A:P178D;A:R243W,eval,3e-05,3,A:A174G;A:P178D;A:R243W
2WUB_HLA,A:A174G;A:P178E;A:R243W,eval,3e-05,3,A:A174G;A:P178E;A:R243W
3B9K_HLB,WT,both,,0,WT
3B9K_HLB,B:I25E;B:L28P;B:K55S,steer,0.00101,3,B:I25E;B:L28P;B:K55S
3B9K_HLB,B:I25S;B:L28P;B:K55S,steer,0.00101,3,B:I25S;B:L28P;B:K55S
3B9K_HLB,B:I25S;B:T29S;B:K55S,steer,0.00101,3,B:I25S;B:T29S;B:K55S
3B9K_HLB,B:K23S;B:I25E;B:K55E,steer,0.00101,3,B:K23S;B:I25E;B:K55E
3B9K_HLB,B:K23S;B:I25E;B:K55N,steer,0.00101,3,B:K23S;B:I25E;B:K55N
3B9K_HLB,B:K23S;B:I25E;B:K55S,steer,0.00101,3,B:K23S;B:I25E;B:K55S
3B9K_HLB,B:I25E;B:K55E;B:S76A,eval,8e-05,3,B:I25E;B:K55E;B:S76A
3B9K_HLB,B:I25E;B:K55Q;B:S76N,eval,8e-05,3,B:I25E;B:K55Q;B:S76N
3B9K_HLB,B:I25E;B:K55Q;B:S76T,eval,8e-05,3,B:I25E;B:K55Q;B:S76T
3B9K_HLB,B:I25E;B:L28K;B:K55Q,eval,8e-05,3,B:I25E;B:L28K;B:K55Q
3B9K_HLB,B:I25E;B:L28K;B:S54D,eval,8e-05,3,B:I25E;B:L28K;B:S54D
3B9K_HLB,B:I25E;B:L28K;B:S54N,eval,8e-05,3,B:I25E;B:L28K;B:S54N
3B9K_HLB,B:I25E;B:L28K;B:S76A,eval,8e-05,3,B:I25E;B:L28K;B:S76A
3B9K_HLB,B:I25E;B:L28K;B:T29K,eval,8e-05,3,B:I25E;B:L28K;B:T29K
3B9K_HLB,B:I25E;B:L28K;B:T29Q,eval,8e-05,3,B:I25E;B:L28K;B:T29Q
3B9K_HLB,B:I25E;B:L28K;B:T29R,eval,8e-05,3,B:I25E;B:L28K;B:T29R
3B9K_HLB,B:I25E;B:L28M;B:K55E,eval,8e-05,3,B:I25E;B:L28M;B:K55E
3B9K_HLB,B:I25E;B:L28M;B:S53T,eval,8e-05,3,B:I25E;B:L28M;B:S53T
3B9K_HLB,B:I25E;B:L28M;B:S76D,eval,8e-05,3,B:I25E;B:L28M;B:S76D
3B9K_HLB,B:I25E;B:L28M;B:S76G,eval,8e-05,3,B:I25E;B:L28M;B:S76G
3B9K_HLB,B:I25E;B:L28R;B:K55E,eval,8e-05,3,B:I25E;B:L28R;B:K55E
3B9K_HLB,B:I25E;B:L28R;B:S53D,eval,8e-05,3,B:I25E;B:L28R;B:S53D
3B9K_HLB,B:I25E;B:L28R;B:S53K,eval,8e-05,3,B:I25E;B:L28R;B:S53K
3B9K_HLB,B:I25E;B:L28R;B:S53T,eval,8e-05,3,B:I25E;B:L28R;B:S53T
3B9K_HLB,B:I25E;B:L28R;B:S54E,eval,8e-05,3,B:I25E;B:L28R;B:S54E
3B9K_HLB,B:I25E;B:L28R;B:S54K,eval,8e-05,3,B:I25E;B:L28R;B:S54K
3B9K_HLB,B:I25E;B:L28R;B:S54T,eval,8e-05,3,B:I25E;B:L28R;B:S54T
3B9K_HLB,B:I25E;B:L28R;B:S76N,eval,8e-05,3,B:I25E;B:L28R;B:S76N
3B9K_HLB,B:I25E;B:L28R;B:S76T,eval,8e-05,3,B:I25E;B:L28R;B:S76T
3B9K_HLB,B:I25E;B:S26K,eval,8e-05,2,B:I25E;B:S26K
3EOA_HLI,WT,both,,0,WT
3EOA_HLI,I:A194E;I:H198K;I:K200E,steer,0.00145,3,I:A194E;I:H198K;I:K200E
3EOA_HLI,I:A194E;I:H198K;I:V199I,steer,0.00145,3,I:A194E;I:H198K;I:V199I
3EOA_HLI,I:A194E;I:H198N;I:V199I,steer,0.00145,3,I:A194E;I:H198N;I:V199I
3EOA_HLI,I:A194T;I:H198K;I:V199I,steer,0.00145,3,I:A194T;I:H198K;I:V199I
3EOA_HLI,I:D145A;I:A194E;I:H198K,steer,0.00145,3,I:D145A;I:A194E;I:H198K
3EOA_HLI,I:D145E;I:A194E;I:H198D,steer,0.00145,3,I:D145E;I:A194E;I:H198D
3EOA_HLI,I:A194E;I:H198D;I:V199S,eval,0.00013,3,I:A194E;I:H198D;I:V199S
3EOA_HLI,I:A194E;I:H198K;I:V199C,eval,0.00013,3,I:A194E;I:H198K;I:V199C
3EOA_HLI,I:A194E;I:K197A;I:K200R,eval,0.00013,3,I:A194E;I:K197A;I:K200R
3EOA_HLI,I:A194E;I:K197S;I:H198Y,eval,0.00013,3,I:A194E;I:K197S;I:H198Y
3EOA_HLI,I:A194E;I:V199T;I:K200E,eval,0.00013,3,I:A194E;I:V199T;I:K200E
3EOA_HLI,I:A194F;I:H198D;I:K200Q,eval,0.00013,3,I:A194F;I:H198D;I:K200Q
3EOA_HLI,I:A194F;I:H198D;I:K200S,eval,0.00013,3,I:A194F;I:H198D;I:K200S
3EOA_HLI,I:A194F;I:H198K;I:K200T,eval,0.00013,3,I:A194F;I:H198K;I:K200T
3EOA_HLI,I:A194F;I:H198K;I:V199A,eval,0.00013,3,I:A194F;I:H198K;I:V199A
3EOA_HLI,I:A194F;I:K197A;I:H198D,eval,0.00013,3,I:A194F;I:K197A;I:H198D
3EOA_HLI,I:A194F;I:K197Q;I:H198D,eval,0.00013,3,I:A194F;I:K197Q;I:H198D
3EOA_HLI,I:A194F;I:K197S;I:H198N,eval,0.00013,3,I:A194F;I:K197S;I:H198N
3EOA_HLI,I:A194S;I:H198D;I:V199T,eval,0.00013,3,I:A194S;I:H198D;I:V199T
3EOA_HLI,I:A194S;I:H198K;I:V199S,eval,0.00013,3,I:A194S;I:H198K;I:V199S
3EOA_HLI,I:A194S;I:H198R;I:K200T,eval,0.00013,3,I:A194S;I:H198R;I:K200T
3EOA_HLI,I:A194S;I:H198R;I:V199A,eval,0.00013,3,I:A194S;I:H198R;I:V199A
3EOA_HLI,I:A194S;I:H198Y;I:K200E,eval,0.00013,3,I:A194S;I:H198Y;I:K200E
3EOA_HLI,I:A194S;I:K197Q;I:K200E,eval,0.00013,3,I:A194S;I:K197Q;I:K200E
3EOA_HLI,I:A194S;I:K197R;I:H198R,eval,0.00013,3,I:A194S;I:K197R;I:H198R
3EOA_HLI,I:A194S;I:K197R;I:V199I,eval,0.00013,3,I:A194S;I:K197R;I:V199I
3EOA_HLI,I:A194S;I:K197S;I:K200E,eval,0.00013,3,I:A194S;I:K197S;I:K200E
3EOA_HLI,I:A194S;I:V199I;I:K200R,eval,0.00013,3,I:A194S;I:V199I;I:K200R
3EOA_HLI,I:A194T;I:H198R;I:V199T,eval,0.00013,3,I:A194T;I:H198R;I:V199T
3EOA_HLI,I:A194T;I:K197A;I:H198Y,eval,0.00013,3,I:A194T;I:K197A;I:H198Y
3H3B_CA,WT,both,,0,WT
3H3B_CA,A:A169Q;A:H171L;A:M176S,steer,0.00013,3,A:A169Q;A:H171L;A:M176S
3H3B_CA,A:A169R;A:H171L;A:M176L,steer,0.00013,3,A:A169R;A:H171L;A:M176L
3H3B_CA,A:A169R;A:H171L;A:M176S,steer,0.00013,3,A:A169R;A:H171L;A:M176S
3H3B_CA,A:A169R;A:M176S;A:E188S,steer,0.00013,3,A:A169R;A:M176S;A:E188S
3H3B_CA,A:A169S;A:H171L;A:M176A,steer,0.00013,3,A:A169S;A:H171L;A:M176A
3H3B_CA,A:A169S;A:H171L;A:M176L,steer,0.00013,3,A:A169S;A:H171L;A:M176L
3H3B_CA,A:A169K;A:H171I;A:M176S,eval,3e-05,3,A:A169K;A:H171I;A:M176S
3H3B_CA,A:A169K;A:H171K;A:M176S,eval,3e-05,3,A:A169K;A:H171K;A:M176S
3H3B_CA,A:A169K;A:M176L,eval,3e-05,2,A:A169K;A:M176L
3H3B_CA,A:A169K;A:M176L;A:E188Q,eval,3e-05,3,A:A169K;A:M176L;A:E188Q
3H3B_CA,A:A169K;A:M176L;A:E188T,eval,3e-05,3,A:A169K;A:M176L;A:E188T
3H3B_CA,A:A169K;A:M176S;A:E188D,eval,3e-05,3,A:A169K;A:M176S;A:E188D
3H3B_CA,A:A169K;A:P172S;A:M176A,eval,3e-05,3,A:A169K;A:P172S;A:M176A
3H3B_CA,A:A169K;A:P172S;A:M176T,eval,3e-05,3,A:A169K;A:P172S;A:M176T
3H3B_CA,A:A169K;A:P172V;A:M176S,eval,3e-05,3,A:A169K;A:P172V;A:M176S
3H3B_CA,A:A169K;A:P175D;A:M176S,eval,3e-05,3,A:A169K;A:P175D;A:M176S
3H3B_CA,A:A169K;A:P175E;A:M176L,eval,3e-05,3,A:A169K;A:P175E;A:M176L
3H3B_CA,A:A169K;A:P175K;A:M176L,eval,3e-05,3,A:A169K;A:P175K;A:M176L
3H3B_CA,A:A169K;A:P175S;A:M176T,eval,3e-05,3,A:A169K;A:P175S;A:M176T
3H3B_CA,A:A169K;A:P175T;A:M176S,eval,3e-05,3,A:A169K;A:P175T;A:M176S
3H3B_CA,A:A169Q;A:H171I;A:M176L,eval,3e-05,3,A:A169Q;A:H171I;A:M176L
3H3B_CA,A:A169Q;A:H171K;A:M176L,eval,3e-05,3,A:A169Q;A:H171K;A:M176L
3H3B_CA,A:A169Q;A:H171L;A:E188S,eval,3e-05,3,A:A169Q;A:H171L;A:E188S
3H3B_CA,A:A169Q;A:H171L;A:P175S,eval,3e-05,3,A:A169Q;A:H171L;A:P175S
3H3B_CA,A:A169Q;A:H171N;A:M176S,eval,3e-05,3,A:A169Q;A:H171N;A:M176S
3H3B_CA,A:A169Q;A:H171R;A:M176E,eval,3e-05,3,A:A169Q;A:H171R;A:M176E
3H3B_CA,A:A169Q;A:M176A,eval,3e-05,2,A:A169Q;A:M176A
3H3B_CA,A:A169Q;A:M176A;A:E188Q,eval,3e-05,3,A:A169Q;A:M176A;A:E188Q
3H3B_CA,A:A169Q;A:M176A;A:E188T,eval,3e-05,3,A:A169Q;A:M176A;A:E188T
3H3B_CA,A:A169Q;A:M176T,eval,3e-05,2,A:A169Q;A:M176T
3KS0_HLB,WT,both,,0,WT
3KS0_HLB,B:A67Q;B:P68S;B:I71L,steer,0.00046,3,B:A67Q;B:P68S;B:I71L
3KS0_HLB,B:A67Q;B:P68S;B:N69D,steer,0.00046,3,B:A67Q;B:P68S;B:N69D
3KS0_HLB,B:L65A;B:P68S;B:I71L,steer,0.00046,3,B:L65A;B:P68S;B:I71L
3KS0_HLB,B:L65A;B:P68S;B:N69D,steer,0.00046,3,B:L65A;B:P68S;B:N69D
3KS0_HLB,B:L65A;B:P68S;B:N69E,steer,0.00046,3,B:L65A;B:P68S;B:N69E
3KS0_HLB,B:L65R;B:P68S;B:I71L,steer,0.00046,3,B:L65R;B:P68S;B:I71L
3KS0_HLB,B:A67H;B:I71L;B:P96R,eval,7e-05,3,B:A67H;B:I71L;B:P96R
3KS0_HLB,B:A67H;B:I71L;B:Y74I,eval,7e-05,3,B:A67H;B:I71L;B:Y74I
3KS0_HLB,B:A67H;B:N69D;B:I71M,eval,7e-05,3,B:A67H;B:N69D;B:I71M
3KS0_HLB,B:A67H;B:N69D;B:K73Q,eval,7e-05,3,B:A67H;B:N69D;B:K73Q
3KS0_HLB,B:A67H;B:N69D;B:Y74I,eval,7e-05,3,B:A67H;B:N69D;B:Y74I
3KS0_HLB,B:A67H;B:N69E;B:I71V,eval,7e-05,3,B:A67H;B:N69E;B:I71V
3KS0_HLB,B:A67H;B:N69E;B:P96A,eval,7e-05,3,B:A67H;B:N69E;B:P96A
3KS0_HLB,B:A67H;B:N69E;B:P96E,eval,7e-05,3,B:A67H;B:N69E;B:P96E
3KS0_HLB,B:A67H;B:N69E;B:P96R,eval,7e-05,3,B:A67H;B:N69E;B:P96R
3KS0_HLB,B:A67H;B:N69G,eval,7e-05,2,B:A67H;B:N69G
3KS0_HLB,B:A67H;B:N69G;B:I71V,eval,7e-05,3,B:A67H;B:N69G;B:I71V
3KS0_HLB,B:A67H;B:N69G;B:P96A,eval,7e-05,3,B:A67H;B:N69G;B:P96A
3KS0_HLB,B:A67H;B:N69G;B:P96E,eval,7e-05,3,B:A67H;B:N69G;B:P96E
3KS0_HLB,B:A67H;B:N69G;B:P96L,eval,7e-05,3,B:A67H;B:N69G;B:P96L
3KS0_HLB,B:A67H;B:N69G;B:P96S,eval,7e-05,3,B:A67H;B:N69G;B:P96S
3KS0_HLB,B:A67H;B:N69G;B:Y74F,eval,7e-05,3,B:A67H;B:N69G;B:Y74F
3KS0_HLB,B:A67H;B:N69H;B:I71L,eval,7e-05,3,B:A67H;B:N69H;B:I71L
3KS0_HLB,B:A67H;B:P68A,eval,7e-05,2,B:A67H;B:P68A
3KS0_HLB,B:A67H;B:P68A;B:I71V,eval,7e-05,3,B:A67H;B:P68A;B:I71V
3KS0_HLB,B:A67H;B:P68A;B:P96A,eval,7e-05,3,B:A67H;B:P68A;B:P96A
3KS0_HLB,B:A67H;B:P68A;B:P96E,eval,7e-05,3,B:A67H;B:P68A;B:P96E
3KS0_HLB,B:A67H;B:P68A;B:P96L,eval,7e-05,3,B:A67H;B:P68A;B:P96L
3KS0_HLB,B:A67H;B:P68A;B:P96S,eval,7e-05,3,B:A67H;B:P68A;B:P96S
3KS0_HLB,B:A67H;B:P68A;B:Y74F,eval,7e-05,3,B:A67H;B:P68A;B:Y74F
3L5W_HLI,WT,both,,0,WT
3L5W_HLI,I:S7M;I:E109A;I:G110C,steer,0.004,3,I:S7M;I:E109A;I:G110C
3L5W_HLI,I:S7M;I:E109C;I:G110A,steer,0.004,3,I:S7M;I:E109C;I:G110A
3L5W_HLI,I:S7M;I:E109C;I:G110C,steer,0.004,3,I:S7M;I:E109C;I:G110C
3L5W_HLI,I:S7M;I:E109C;I:G110D,steer,0.004,3,I:S7M;I:E109C;I:G110D
3L5W_HLI,I:S7M;I:E109C;I:G110F,steer,0.004,3,I:S7M;I:E109C;I:G110F
3L5W_HLI,I:S7M;I:E109D;I:G110C,steer,0.004,3,I:S7M;I:E109D;I:G110C
3L5W_HLI,I:E109A,eval,0.00038,1,I:E109A
3L5W_HLI,I:E109A;I:G110D,eval,0.00038,2,I:E109A;I:G110D
3L5W_HLI,I:E109D,eval,0.00038,1,I:E109D
3L5W_HLI,I:E109D;I:G110D,eval,0.00038,2,I:E109D;I:G110D
3L5W_HLI,I:E109F;I:G110E,eval,0.00038,2,I:E109F;I:G110E
3L5W_HLI,I:E109G,eval,0.00038,1,I:E109G
3L5W_HLI,I:E109G;I:G110D,eval,0.00038,2,I:E109G;I:G110D
3L5W_HLI,I:G110F,eval,0.00038,1,I:G110F
3L5W_HLI,I:R108A;I:E109A;I:G110F,eval,0.00038,3,I:R108A;I:E109A;I:G110F
3L5W_HLI,I:R108A;I:E109C;I:G110E,eval,0.00038,3,I:R108A;I:E109C;I:G110E
3L5W_HLI,I:R108A;I:E109D;I:G110F,eval,0.00038,3,I:R108A;I:E109D;I:G110F
3L5W_HLI,I:R108A;I:E109F,eval,0.00038,2,I:R108A;I:E109F
3L5W_HLI,I:R108A;I:E109F;I:G110A,eval,0.00038,3,I:R108A;I:E109F;I:G110A
3L5W_HLI,I:R108A;I:E109F;I:G110D,eval,0.00038,3,I:R108A;I:E109F;I:G110D
3L5W_HLI,I:R108A;I:E109G;I:G110F,eval,0.00038,3,I:R108A;I:E109G;I:G110F
3L5W_HLI,I:R108A;I:G110C,eval,0.00038,2,I:R108A;I:G110C
3L5W_HLI,I:R108C;I:G110E,eval,0.00038,2,I:R108C;I:G110E
3L5W_HLI,I:R108D;I:E109A;I:G110F,eval,0.00038,3,I:R108D;I:E109A;I:G110F
3L5W_HLI,I:R108D;I:E109C;I:G110E,eval,0.00038,3,I:R108D;I:E109C;I:G110E
3L5W_HLI,I:R108D;I:E109D;I:G110F,eval,0.00038,3,I:R108D;I:E109D;I:G110F
3L5W_HLI,I:R108D;I:E109F,eval,0.00038,2,I:R108D;I:E109F
3L5W_HLI,I:R108D;I:E109F;I:G110A,eval,0.00038,3,I:R108D;I:E109F;I:G110A
3L5W_HLI,I:R108D;I:E109F;I:G110D,eval,0.00038,3,I:R108D;I:E109F;I:G110D
3L5W_HLI,I:R108D;I:E109G;I:G110F,eval,0.00038,3,I:R108D;I:E109G;I:G110F
3L5X_HLA,WT,both,,0,WT
3L5X_HLA,A:S7M;A:E109C;A:G110C,steer,0.00455,3,A:S7M;A:E109C;A:G110C
3L5X_HLA,A:S7M;A:E109C;A:G110D,steer,0.00455,3,A:S7M;A:E109C;A:G110D
3L5X_HLA,A:S7M;A:E109C;A:G110F,steer,0.00455,3,A:S7M;A:E109C;A:G110F
3L5X_HLA,A:S7M;A:E109C;A:R111A,steer,0.00455,3,A:S7M;A:E109C;A:R111A
3L5X_HLA,A:S7M;A:E109C;A:R111C,steer,0.00455,3,A:S7M;A:E109C;A:R111C
3L5X_HLA,A:S7M;A:E109C;A:R111D,steer,0.00455,3,A:S7M;A:E109C;A:R111D
3L5X_HLA,A:E109A;A:G110A;A:R111A,eval,0.00022,3,A:E109A;A:G110A;A:R111A
3L5X_HLA,A:E109A;A:G110A;A:R111D,eval,0.00022,3,A:E109A;A:G110A;A:R111D
3L5X_HLA,A:E109A;A:G110A;A:R111F,eval,0.00022,3,A:E109A;A:G110A;A:R111F
3L5X_HLA,A:E109A;A:G110D,eval,0.00022,2,A:E109A;A:G110D
3L5X_HLA,A:E109A;A:G110D;A:R111E,eval,0.00022,3,A:E109A;A:G110D;A:R111E
3L5X_HLA,A:E109A;A:G110E;A:R111D,eval,0.00022,3,A:E109A;A:G110E;A:R111D
3L5X_HLA,A:E109A;A:G110E;A:R111F,eval,0.00022,3,A:E109A;A:G110E;A:R111F
3L5X_HLA,A:E109A;A:G110F,eval,0.00022,2,A:E109A;A:G110F
3L5X_HLA,A:E109A;A:G110F;A:R111E,eval,0.00022,3,A:E109A;A:G110F;A:R111E
3L5X_HLA,A:E109A;A:R111A,eval,0.00022,2,A:E109A;A:R111A
3L5X_HLA,A:E109A;A:R111D,eval,0.00022,2,A:E109A;A:R111D
3L5X_HLA,A:E109A;A:R111F,eval,0.00022,2,A:E109A;A:R111F
3L5X_HLA,A:E109D;A:G110A;A:R111A,eval,0.00022,3,A:E109D;A:G110A;A:R111A
3L5X_HLA,A:E109D;A:G110A;A:R111D,eval,0.00022,3,A:E109D;A:G110A;A:R111D
3L5X_HLA,A:E109D;A:G110D,eval,0.00022,2,A:E109D;A:G110D
3L5X_HLA,A:E109D;A:G110D;A:R111E,eval,0.00022,3,A:E109D;A:G110D;A:R111E
3L5X_HLA,A:E109D;A:G110E;A:R111A,eval,0.00022,3,A:E109D;A:G110E;A:R111A
3L5X_HLA,A:E109D;A:G110E;A:R111D,eval,0.00022,3,A:E109D;A:G110E;A:R111D
3L5X_HLA,A:E109D;A:G110E;A:R111F,eval,0.00022,3,A:E109D;A:G110E;A:R111F
3L5X_HLA,A:E109D;A:G110F,eval,0.00022,2,A:E109D;A:G110F
3L5X_HLA,A:E109D;A:G110F;A:R111E,eval,0.00022,3,A:E109D;A:G110F;A:R111E
3L5X_HLA,A:E109D;A:R111A,eval,0.00022,2,A:E109D;A:R111A
3L5X_HLA,A:E109D;A:R111D,eval,0.00022,2,A:E109D;A:R111D
3L5X_HLA,A:E109F;A:G110A,eval,0.00022,2,A:E109F;A:G110A
3NFP_HLI,WT,both,,0,WT
3NFP_HLI,I:D4E;I:I118D;I:H151D,steer,0.00019,3,I:D4E;I:I118D;I:H151D
3NFP_HLI,I:D4E;I:I118E;I:H151D,steer,0.00019,3,I:D4E;I:I118E;I:H151D
3NFP_HLI,I:D4E;I:T150D;I:H151D,steer,0.00019,3,I:D4E;I:T150D;I:H151D
3NFP_HLI,I:D4E;I:T150E;I:H151E,steer,0.00019,3,I:D4E;I:T150E;I:H151E
3NFP_HLI,I:D4L;I:T150E;I:H151D,steer,0.00019,3,I:D4L;I:T150E;I:H151D
3NFP_HLI,I:D4Q;I:T150E;I:H151D,steer,0.00019,3,I:D4Q;I:T150E;I:H151D
3NFP_HLI,I:D4E;I:D5A;I:T150D,eval,3e-05,3,I:D4E;I:D5A;I:T150D
3NFP_HLI,I:D4E;I:D5E,eval,3e-05,2,I:D4E;I:D5E
3NFP_HLI,I:D4E;I:D5E;I:D6E,eval,3e-05,3,I:D4E;I:D5E;I:D6E
3NFP_HLI,I:D4E;I:D5E;I:I118A,eval,3e-05,3,I:D4E;I:D5E;I:I118A
3NFP_HLI,I:D4E;I:D5E;I:K153E,eval,3e-05,3,I:D4E;I:D5E;I:K153E
3NFP_HLI,I:D4E;I:D5E;I:L42A,eval,3e-05,3,I:D4E;I:D5E;I:L42A
3NFP_HLI,I:D4E;I:D5E;I:R117A,eval,3e-05,3,I:D4E;I:D5E;I:R117A
3NFP_HLI,I:D4E;I:D5S,eval,3e-05,2,I:D4E;I:D5S
3NFP_HLI,I:D4E;I:D5S;I:D6E,eval,3e-05,3,I:D4E;I:D5S;I:D6E
3NFP_HLI,I:D4E;I:D5S;I:E29T,eval,3e-05,3,I:D4E;I:D5S;I:E29T
3NFP_HLI,I:D4E;I:D5S;I:I118A,eval,3e-05,3,I:D4E;I:D5S;I:I118A
3NFP_HLI,I:D4E;I:D5S;I:L42A,eval,3e-05,3,I:D4E;I:D5S;I:L42A
3NFP_HLI,I:D4E;I:D5S;I:R117A,eval,3e-05,3,I:D4E;I:D5S;I:R117A
3NFP_HLI,I:D4E;I:D5T;I:D6S,eval,3e-05,3,I:D4E;I:D5T;I:D6S
3NFP_HLI,I:D4E;I:D5T;I:E116G,eval,3e-05,3,I:D4E;I:D5T;I:E116G
3NFP_HLI,I:D4E;I:D5T;I:H151A,eval,3e-05,3,I:D4E;I:D5T;I:H151A
3NFP_HLI,I:D4E;I:D5T;I:R117D,eval,3e-05,3,I:D4E;I:D5T;I:R117D
3NFP_HLI,I:D4E;I:D5T;I:R117E,eval,3e-05,3,I:D4E;I:D5T;I:R117E
3NFP_HLI,I:D4E;I:D5V;I:I118D,eval,3e-05,3,I:D4E;I:D5V;I:I118D
3NFP_HLI,I:D4E;I:D5V;I:T150D,eval,3e-05,3,I:D4E;I:D5V;I:T150D
3NFP_HLI,I:D4E;I:D6E,eval,3e-05,2,I:D4E;I:D6E
3NFP_HLI,I:D4E;I:D6E;I:E29S,eval,3e-05,3,I:D4E;I:D6E;I:E29S
3NFP_HLI,I:D4E;I:D6E;I:E29T,eval,3e-05,3,I:D4E;I:D6E;I:E29T
3NFP_HLI,I:D4E;I:D6E;I:L42A,eval,3e-05,3,I:D4E;I:D6E;I:L42A
3NH7_HLA,WT,both,,0,WT
3NH7_HLA,A:A93G;A:L95K;A:V118S,steer,0.00013,3,A:A93G;A:L95K;A:V118S
3NH7_HLA,A:A93G;A:L95R;A:V118S,steer,0.00013,3,A:A93G;A:L95R;A:V118S
3NH7_HLA,A:A93G;A:L95S;A:V118S,steer,0.00013,3,A:A93G;A:L95S;A:V118S
3NH7_HLA,A:A93G;A:L95T;A:V118S,steer,0.00013,3,A:A93G;A:L95T;A:V118S
3NH7_HLA,A:A93G;A:Q94D;A:V118S,steer,0.00013,3,A:A93G;A:Q94D;A:V118S
3NH7_HLA,A:A93G;A:Q94E;A:V118S,steer,0.00013,3,A:A93G;A:Q94E;A:V118S
3NH7_HLA,A:A93D;A:L95K;A:V118S,eval,1e-05,3,A:A93D;A:L95K;A:V118S
3NH7_HLA,A:A93D;A:L95R;A:V118S,eval,1e-05,3,A:A93D;A:L95R;A:V118S
3NH7_HLA,A:A93D;A:L95T;A:V118S,eval,1e-05,3,A:A93D;A:L95T;A:V118S
3NH7_HLA,A:A93D;A:Q94H;A:V118S,eval,1e-05,3,A:A93D;A:Q94H;A:V118S
3NH7_HLA,A:A93D;A:V118S,eval,1e-05,2,A:A93D;A:V118S
3NH7_HLA,A:A93R;A:Q94N;A:V118T,eval,1e-05,3,A:A93R;A:Q94N;A:V118T
3NH7_HLA,A:A93S;A:L95V;A:V118S,eval,1e-05,3,A:A93S;A:L95V;A:V118S
3NH7_HLA,A:A93S;A:Q94N,eval,1e-05,2,A:A93S;A:Q94N
3NH7_HLA,A:A93S;A:Q94N;A:L95T,eval,1e-05,3,A:A93S;A:Q94N;A:L95T
3NH7_HLA,A:A93S;A:V118S,eval,1e-05,2,A:A93S;A:V118S
3NH7_HLA,A:D46A;A:A93R;A:Q94P,eval,1e-05,3,A:D46A;A:A93R;A:Q94P
3NH7_HLA,A:D46A;A:A93S,eval,1e-05,2,A:D46A;A:A93S
3NH7_HLA,A:D46A;A:A93S;A:L95T,eval,1e-05,3,A:D46A;A:A93S;A:L95T
3NH7_HLA,A:D46A;A:A93S;A:L95V,eval,1e-05,3,A:D46A;A:A93S;A:L95V
3NH7_HLA,A:D46A;A:D67E,eval,1e-05,2,A:D46A;A:D67E
3NH7_HLA,A:D46A;A:D67E;A:A93R,eval,1e-05,3,A:D46A;A:D67E;A:A93R
3NH7_HLA,A:D46A;A:D67E;A:D84E,eval,1e-05,3,A:D46A;A:D67E;A:D84E
3NH7_HLA,A:D46A;A:D67E;A:D89T,eval,1e-05,3,A:D46A;A:D67E;A:D89T
3NH7_HLA,A:D46A;A:D67E;A:E70Q,eval,1e-05,3,A:D46A;A:D67E;A:E70Q
3NH7_HLA,A:D46A;A:D67E;A:F85E,eval,1e-05,3,A:D46A;A:D67E;A:F85E
3NH7_HLA,A:D46A;A:D67E;A:F85S,eval,1e-05,3,A:D46A;A:D67E;A:F85S
3NH7_HLA,A:D46A;A:D67E;A:F85Y,eval,1e-05,3,A:D46A;A:D67E;A:F85Y
3NH7_HLA,A:D46A;A:D67E;A:K92Q,eval,1e-05,3,A:D46A;A:D67E;A:K92Q
3NH7_HLA,A:D46A;A:D67E;A:K92R,eval,1e-05,3,A:D46A;A:D67E;A:K92R
3NIG_HLA,WT,both,,0,WT
3NIG_HLA,A:A201D;A:G210S,steer,6e-05,2,A:A201D;A:G210S
3NIG_HLA,A:A201D;A:I211Y,steer,6e-05,2,A:A201D;A:I211Y
3NIG_HLA,A:A201D;A:L212G,steer,6e-05,2,A:A201D;A:L212G
3NIG_HLA,A:A201D;A:P209A,steer,6e-05,2,A:A201D;A:P209A
3NIG_HLA,A:A201D;A:P209D,steer,6e-05,2,A:A201D;A:P209D
3NIG_HLA,A:A201D;A:P209E,steer,6e-05,2,A:A201D;A:P209E
3NIG_HLA,A:A201D;A:G210D;A:W214R,eval,2e-05,3,A:A201D;A:G210D;A:W214R
3NIG_HLA,A:A201D;A:G210H;A:W214S,eval,2e-05,3,A:A201D;A:G210H;A:W214S
3NIG_HLA,A:A201D;A:G210R;A:W214R,eval,2e-05,3,A:A201D;A:G210R;A:W214R
3NIG_HLA,A:A201D;A:H215N;A:S218N,eval,2e-05,3,A:A201D;A:H215N;A:S218N
3NIG_HLA,A:A201D;A:I211L;A:H215R,eval,2e-05,3,A:A201D;A:I211L;A:H215R
3NIG_HLA,A:A201D;A:I211L;A:W214Y,eval,2e-05,3,A:A201D;A:I211L;A:W214Y
3NIG_HLA,A:A201D;A:I211M;A:W214R,eval,2e-05,3,A:A201D;A:I211M;A:W214R
3NIG_HLA,A:A201D;A:I211T;A:H215R,eval,2e-05,3,A:A201D;A:I211T;A:H215R
3NIG_HLA,A:A201D;A:I211T;A:W214Y,eval,2e-05,3,A:A201D;A:I211T;A:W214Y
3NIG_HLA,A:A201D;A:L212I;A:W214R,eval,2e-05,3,A:A201D;A:L212I;A:W214R
3NIG_HLA,A:A201D;A:L212M;A:W214G,eval,2e-05,3,A:A201D;A:L212M;A:W214G
3NIG_HLA,A:A201D;A:L212Q;A:W214R,eval,2e-05,3,A:A201D;A:L212Q;A:W214R
3NIG_HLA,A:A201D;A:L212V;A:W214R,eval,2e-05,3,A:A201D;A:L212V;A:W214R
3NIG_HLA,A:A201D;A:L213M;A:W214G,eval,2e-05,3,A:A201D;A:L213M;A:W214G
3NIG_HLA,A:A201D;A:L213Y;A:W214R,eval,2e-05,3,A:A201D;A:L213Y;A:W214R
3NIG_HLA,A:A201D;A:P209A;A:H215N,eval,2e-05,3,A:A201D;A:P209A;A:H215N
3NIG_HLA,A:A201D;A:P209K;A:H215N,eval,2e-05,3,A:A201D;A:P209K;A:H215N
3NIG_HLA,A:A201D;A:P209S;A:H215N,eval,2e-05,3,A:A201D;A:P209S;A:H215N
3NIG_HLA,A:A201D;A:R208H;A:W214S,eval,2e-05,3,A:A201D;A:R208H;A:W214S
3NIG_HLA,A:A201D;A:R208K;A:W214R,eval,2e-05,3,A:A201D;A:R208K;A:W214R
3NIG_HLA,A:A201D;A:R208S;A:H215N,eval,2e-05,3,A:A201D;A:R208S;A:H215N
3NIG_HLA,A:A201D;A:S205A;A:W214R,eval,2e-05,3,A:A201D;A:S205A;A:W214R
3NIG_HLA,A:A201D;A:S205H;A:W214R,eval,2e-05,3,A:A201D;A:S205H;A:W214R
3NIG_HLA,A:A201D;A:S205R;A:W214R,eval,2e-05,3,A:A201D;A:S205R;A:W214R
3OGO_FC,WT,both,,0,WT
3OGO_FC,C:D102E;C:Y143F,steer,0.03333,2,C:D102E;C:Y143F
3OGO_FC,C:D102G;C:Y143F,steer,0.03333,2,C:D102G;C:Y143F
3OGO_FC,C:Y143F,steer,0.03333,1,C:Y143F
3OGO_FC,C:D102A;C:Y143F,steer,0.01,2,C:D102A;C:Y143F
3OGO_FC,C:D102E;C:Y143A,steer,0.01,2,C:D102E;C:Y143A
3OGO_FC,C:D102E;C:Y143F;C:D173G,steer,0.01,3,C:D102E;C:Y143F;C:D173G
3OGO_FC,C:D102A;C:Y143A;C:D173F,eval,0.00172,3,C:D102A;C:Y143A;C:D173F
3OGO_FC,C:D102E;C:D173A;C:S175E,eval,0.00172,3,C:D102E;C:D173A;C:S175E
3OGO_FC,C:D102E;C:D173E;C:S175E,eval,0.00172,3,C:D102E;C:D173E;C:S175E
3OGO_FC,C:D102E;C:D173G;C:G174A,eval,0.00172,3,C:D102E;C:D173G;C:G174A
3OGO_FC,C:D102E;C:G174F;C:S175E,eval,0.00172,3,C:D102E;C:G174F;C:S175E
3OGO_FC,C:D102E;C:Y143D;C:D173A,eval,0.00172,3,C:D102E;C:Y143D;C:D173A
3OGO_FC,C:D102E;C:Y143D;C:G174A,eval,0.00172,3,C:D102E;C:Y143D;C:G174A
3OGO_FC,C:D102E;C:Y143E;C:D173A,eval,0.00172,3,C:D102E;C:Y143E;C:D173A
3OGO_FC,C:D102E;C:Y143E;C:G174A,eval,0.00172,3,C:D102E;C:Y143E;C:G174A
3OGO_FC,C:D102E;C:Y143E;C:G174D,eval,0.00172,3,C:D102E;C:Y143E;C:G174D
3OGO_FC,C:D102F;C:Y143A;C:D173E,eval,0.00172,3,C:D102F;C:Y143A;C:D173E
3OGO_FC,C:D102F;C:Y143A;C:G174F,eval,0.00172,3,C:D102F;C:Y143A;C:G174F
3OGO_FC,C:D102F;C:Y143A;C:S175A,eval,0.00172,3,C:D102F;C:Y143A;C:S175A
3OGO_FC,C:D102F;C:Y143A;C:S175D,eval,0.00172,3,C:D102F;C:Y143A;C:S175D
3OGO_FC,C:D102F;C:Y143A;C:S175F,eval,0.00172,3,C:D102F;C:Y143A;C:S175F
3OGO_FC,C:D102F;C:Y143F;C:G174A,eval,0.00172,3,C:D102F;C:Y143F;C:G174A
3OGO_FC,C:D102F;C:Y143F;C:G174D,eval,0.00172,3,C:D102F;C:Y143F;C:G174D
3OGO_FC,C:D102F;C:Y143F;C:G174E,eval,0.00172,3,C:D102F;C:Y143F;C:G174E
3OGO_FC,C:D102G;C:D173E;C:S175E,eval,0.00172,3,C:D102G;C:D173E;C:S175E
3OGO_FC,C:D102G;C:D173G;C:G174F,eval,0.00172,3,C:D102G;C:D173G;C:G174F
3OGO_FC,C:D102G;C:D173G;C:S175A,eval,0.00172,3,C:D102G;C:D173G;C:S175A
3OGO_FC,C:D102G;C:D173G;C:S175F,eval,0.00172,3,C:D102G;C:D173G;C:S175F
3OGO_FC,C:D102G;C:G174F;C:S175E,eval,0.00172,3,C:D102G;C:G174F;C:S175E
3OGO_FC,C:D102G;C:Y143D;C:D173E,eval,0.00172,3,C:D102G;C:Y143D;C:D173E
3OGO_GB,WT,both,,0,WT
3OGO_GB,B:D102E,steer,0.1,1,B:D102E
3OGO_GB,B:D102G,steer,0.1,1,B:D102G
3OGO_GB,B:D102A,steer,0.03333,1,B:D102A
3OGO_GB,B:D102E;B:D173G;B:S175E,steer,0.03333,3,B:D102E;B:D173G;B:S175E
3OGO_GB,B:D102E;B:S175F,steer,0.03333,2,B:D102E;B:S175F
3OGO_GB,B:D102G;B:D173G,steer,0.03333,2,B:D102G;B:D173G
3OGO_GB,B:D102A;B:D173G;B:S175F,eval,0.01111,3,B:D102A;B:D173G;B:S175F
3OGO_GB,B:D102E;B:D173A;B:S175E,eval,0.01111,3,B:D102E;B:D173A;B:S175E
3OGO_GB,B:D102E;B:D173G;B:G174A,eval,0.01111,3,B:D102E;B:D173G;B:G174A
3OGO_GB,B:D102E;B:D173G;B:G174D,eval,0.01111,3,B:D102E;B:D173G;B:G174D
3OGO_GB,B:D102E;B:G174A;B:S175E,eval,0.01111,3,B:D102E;B:G174A;B:S175E
3OGO_GB,B:D102E;B:G174D;B:S175E,eval,0.01111,3,B:D102E;B:G174D;B:S175E
3OGO_GB,B:D102G;B:D173E;B:S175E,eval,0.01111,3,B:D102G;B:D173E;B:S175E
3OGO_GB,B:D102G;B:D173G;B:G174F,eval,0.01111,3,B:D102G;B:D173G;B:G174F
3OGO_GB,B:D102G;B:G174F;B:S175E,eval,0.01111,3,B:D102G;B:G174F;B:S175E
3OGO_GB,B:D102E;B:D173E;B:S175E,eval,0.01667,3,B:D102E;B:D173E;B:S175E
3OGO_GB,B:D102E;B:D173G;B:G174F,eval,0.01667,3,B:D102E;B:D173G;B:G174F
3OGO_GB,B:D102E;B:G174F;B:S175E,eval,0.01667,3,B:D102E;B:G174F;B:S175E
3OGO_GB,B:D102G;B:D173G;B:S175A,eval,0.01667,3,B:D102G;B:D173G;B:S175A
3OGO_GB,B:D102G;B:D173G;B:S175D,eval,0.01667,3,B:D102G;B:D173G;B:S175D
3OGO_GB,B:D102G;B:D173G;B:S175F,eval,0.01667,3,B:D102G;B:D173G;B:S175F
3OGO_GB,B:D102A;B:D173G,eval,0.02,2,B:D102A;B:D173G
3OGO_GB,B:D102A;B:S175E,eval,0.02,2,B:D102A;B:S175E
3OGO_GB,B:D102E;B:D173E,eval,0.02,2,B:D102E;B:D173E
3OGO_GB,B:D102E;B:G174F,eval,0.02,2,B:D102E;B:G174F
3OGO_GB,B:D102E;B:S175A,eval,0.02,2,B:D102E;B:S175A
3OGO_GB,B:D102E;B:S175D,eval,0.02,2,B:D102E;B:S175D
3OGO_GB,B:D102G;B:D173G;B:S175E,eval,0.02,3,B:D102G;B:D173G;B:S175E
3OGO_GB,B:D102G;B:S175A,eval,0.02,2,B:D102G;B:S175A
3OGO_GB,B:D102G;B:S175D,eval,0.02,2,B:D102G;B:S175D
3P0Y_HLA,WT,both,,0,WT
3P0Y_HLA,A:H409D;A:K454S;A:K455A,steer,0.00137,3,A:H409D;A:K454S;A:K455A
3P0Y_HLA,A:H409D;A:K455A,steer,0.00137,2,A:H409D;A:K455A
3P0Y_HLA,A:H409D;A:K455A;A:E472S,steer,0.00137,3,A:H409D;A:K455A;A:E472S
3P0Y_HLA,A:H409D;A:K455A;A:S460K,steer,0.00137,3,A:H409D;A:K455A;A:S460K
3P0Y_HLA,A:H409D;A:K455E;A:E472S,steer,0.00137,3,A:H409D;A:K455E;A:E472S
3P0Y_HLA,A:H409D;A:K455E;A:S460K,steer,0.00137,3,A:H409D;A:K455E;A:S460K
3P0Y_HLA,A:G410D;A:E472S;A:N473S,eval,9e-05,3,A:G410D;A:E472S;A:N473S
3P0Y_HLA,A:G410D;A:K454E;A:E472S,eval,9e-05,3,A:G410D;A:K454E;A:E472S
3P0Y_HLA,A:G410D;A:K454E;A:K455E,eval,9e-05,3,A:G410D;A:K454E;A:K455E
3P0Y_HLA,A:G410D;A:K454E;A:K455S,eval,9e-05,3,A:G410D;A:K454E;A:K455S
3P0Y_HLA,A:G410D;A:K454E;A:S460K,eval,9e-05,3,A:G410D;A:K454E;A:S460K
3P0Y_HLA,A:G410D;A:K454R;A:K455A,eval,9e-05,3,A:G410D;A:K454R;A:K455A
3P0Y_HLA,A:G410D;A:K454S;A:K455D,eval,9e-05,3,A:G410D;A:K454S;A:K455D
3P0Y_HLA,A:G410D;A:K455A;A:G461V,eval,9e-05,3,A:G410D;A:K455A;A:G461V
3P0Y_HLA,A:G410D;A:K455A;A:K463R,eval,9e-05,3,A:G410D;A:K455A;A:K463R
3P0Y_HLA,A:G410D;A:K455A;A:N473A,eval,9e-05,3,A:G410D;A:K455A;A:N473A
3P0Y_HLA,A:G410D;A:K455A;A:N473D,eval,9e-05,3,A:G410D;A:K455A;A:N473D
3P0Y_HLA,A:G410D;A:K455A;A:N473Q,eval,9e-05,3,A:G410D;A:K455A;A:N473Q
3P0Y_HLA,A:G410D;A:K455A;A:S460P,eval,9e-05,3,A:G410D;A:K455A;A:S460P
3P0Y_HLA,A:G410D;A:K455E;A:E472A,eval,9e-05,3,A:G410D;A:K455E;A:E472A
3P0Y_HLA,A:G410D;A:K455E;A:E472V,eval,9e-05,3,A:G410D;A:K455E;A:E472V
3P0Y_HLA,A:G410D;A:K455E;A:G461L,eval,9e-05,3,A:G410D;A:K455E;A:G461L
3P0Y_HLA,A:G410D;A:K455E;A:N473E,eval,9e-05,3,A:G410D;A:K455E;A:N473E
3P0Y_HLA,A:G410D;A:K455E;A:N473S,eval,9e-05,3,A:G410D;A:K455E;A:N473S
3P0Y_HLA,A:G410D;A:K455E;A:S460E,eval,9e-05,3,A:G410D;A:K455E;A:S460E
3P0Y_HLA,A:G410D;A:K455E;A:S460T,eval,9e-05,3,A:G410D;A:K455E;A:S460T
3P0Y_HLA,A:G410D;A:K455N;A:E472S,eval,9e-05,3,A:G410D;A:K455N;A:E472S
3P0Y_HLA,A:G410D;A:K455S;A:E472A,eval,9e-05,3,A:G410D;A:K455S;A:E472A
3P0Y_HLA,A:G410D;A:K455S;A:E472D,eval,9e-05,3,A:G410D;A:K455S;A:E472D
3P0Y_HLA,A:G410D;A:K455S;A:E472L,eval,9e-05,3,A:G410D;A:K455S;A:E472L
3QUM_HLP,WT,both,,0,WT
3QUM_HLP,P:E23A;P:K24P;P:F73D,steer,0.0008,3,P:E23A;P:K24P;P:F73D
3QUM_HLP,P:E23A;P:K24P;P:F73E,steer,0.0008,3,P:E23A;P:K24P;P:F73E
3QUM_HLP,P:E23A;P:K24P;P:H75S,steer,0.0008,3,P:E23A;P:K24P;P:H75S
3QUM_HLP,P:E23R;P:F73D;P:H75S,steer,0.0008,3,P:E23R;P:F73D;P:H75S
3QUM_HLP,P:E23R;P:F73E;P:H75S,steer,0.0008,3,P:E23R;P:F73E;P:H75S
3QUM_HLP,P:E23R;P:K24P;P:D116E,steer,0.0008,3,P:E23R;P:K24P;P:D116E
3QUM_HLP,P:D116A;P:D122C;P:N202D,eval,0.00012,3,P:D116A;P:D122C;P:N202D
3QUM_HLP,P:D116E;P:D122A;P:N202E,eval,0.00012,3,P:D116E;P:D122A;P:N202E
3QUM_HLP,P:D116E;P:D122C;P:P152A,eval,0.00012,3,P:D116E;P:D122C;P:P152A
3QUM_HLP,P:D116E;P:D122E;P:N202E,eval,0.00012,3,P:D116E;P:D122E;P:N202E
3QUM_HLP,P:E23A;P:D116A;P:D122C,eval,0.00012,3,P:E23A;P:D116A;P:D122C
3QUM_HLP,P:E23A;P:D116E;P:N202E,eval,0.00012,3,P:E23A;P:D116E;P:N202E
3QUM_HLP,P:E23A;P:D122A;P:N202D,eval,0.00012,3,P:E23A;P:D122A;P:N202D
3QUM_HLP,P:E23A;P:D122C;P:N202E,eval,0.00012,3,P:E23A;P:D122C;P:N202E
3QUM_HLP,P:E23A;P:D122E;P:N202D,eval,0.00012,3,P:E23A;P:D122E;P:N202D
3QUM_HLP,P:E23A;P:F73A;P:E77D,eval,0.00012,3,P:E23A;P:F73A;P:E77D
3QUM_HLP,P:E23A;P:F73A;P:N202E,eval,0.00012,3,P:E23A;P:F73A;P:N202E
3QUM_HLP,P:E23A;P:F73A;P:P76E,eval,0.00012,3,P:E23A;P:F73A;P:P76E
3QUM_HLP,P:E23A;P:F73D;P:D116G,eval,0.00012,3,P:E23A;P:F73D;P:D116G
3QUM_HLP,P:E23A;P:F73D;P:D122G,eval,0.00012,3,P:E23A;P:F73D;P:D122G
3QUM_HLP,P:E23A;P:F73D;P:G203D,eval,0.00012,3,P:E23A;P:F73D;P:G203D
3QUM_HLP,P:E23A;P:F73D;P:N202A,eval,0.00012,3,P:E23A;P:F73D;P:N202A
3QUM_HLP,P:E23A;P:F73D;P:P76A,eval,0.00012,3,P:E23A;P:F73D;P:P76A
3QUM_HLP,P:E23A;P:F73E;P:D116G,eval,0.00012,3,P:E23A;P:F73E;P:D116G
3QUM_HLP,P:E23A;P:F73E;P:D122G,eval,0.00012,3,P:E23A;P:F73E;P:D122G
3QUM_HLP,P:E23A;P:F73E;P:P76A,eval,0.00012,3,P:E23A;P:F73E;P:P76A
3QUM_HLP,P:E23A;P:F73E;P:P76D,eval,0.00012,3,P:E23A;P:F73E;P:P76D
3QUM_HLP,P:E23A;P:F73G;P:D122A,eval,0.00012,3,P:E23A;P:F73G;P:D122A
3QUM_HLP,P:E23A;P:F73G;P:D122E,eval,0.00012,3,P:E23A;P:F73G;P:D122E
3QUM_HLP,P:E23A;P:F73G;P:N202D,eval,0.00012,3,P:E23A;P:F73G;P:N202D
3R1G_HLB,WT,both,,0,WT
3R1G_HLB,B:N339A;B:Q377D;B:F426A,steer,0.0008,3,B:N339A;B:Q377D;B:F426A
3R1G_HLB,B:N339A;B:Q377D;B:F426D,steer,0.0008,3,B:N339A;B:Q377D;B:F426D
3R1G_HLB,B:N339A;B:Q377D;B:F426E,steer,0.0008,3,B:N339A;B:Q377D;B:F426E
3R1G_HLB,B:N339A;B:Q377E;B:F426D,steer,0.0008,3,B:N339A;B:Q377E;B:F426D
3R1G_HLB,B:N339A;B:Q377E;B:F426E,steer,0.0008,3,B:N339A;B:Q377E;B:F426E
3R1G_HLB,B:N339A;B:V373E;B:F426A,steer,0.0008,3,B:N339A;B:V373E;B:F426A
3R1G_HLB,B:D320A;B:Q377D;B:F426A,eval,0.00018,3,B:D320A;B:Q377D;B:F426A
3R1G_HLB,B:D320A;B:Q377D;B:F426G,eval,0.00018,3,B:D320A;B:Q377D;B:F426G
3R1G_HLB,B:D320A;B:Q377E;B:F426A,eval,0.00018,3,B:D320A;B:Q377E;B:F426A
3R1G_HLB,B:D320A;B:Q377E;B:F426E,eval,0.00018,3,B:D320A;B:Q377E;B:F426E
3R1G_HLB,B:D320A;B:Q377E;B:F426G,eval,0.00018,3,B:D320A;B:Q377E;B:F426G
3R1G_HLB,B:D320A;B:V373E;B:Q377D,eval,0.00018,3,B:D320A;B:V373E;B:Q377D
3R1G_HLB,B:D320A;B:V373E;B:Q377E,eval,0.00018,3,B:D320A;B:V373E;B:Q377E
3R1G_HLB,B:D320E;B:E425A;B:F426A,eval,0.00018,3,B:D320E;B:E425A;B:F426A
3R1G_HLB,B:D320E;B:E425A;B:F426G,eval,0.00018,3,B:D320E;B:E425A;B:F426G
3R1G_HLB,B:D320E;B:E425D;B:F426A,eval,0.00018,3,B:D320E;B:E425D;B:F426A
3R1G_HLB,B:D320E;B:E425D;B:F426D,eval,0.00018,3,B:D320E;B:E425D;B:F426D
3R1G_HLB,B:D320E;B:E425D;B:F426E,eval,0.00018,3,B:D320E;B:E425D;B:F426E
3R1G_HLB,B:D320E;B:E425G;B:F426D,eval,0.00018,3,B:D320E;B:E425G;B:F426D
3R1G_HLB,B:D320E;B:E425G;B:F426E,eval,0.00018,3,B:D320E;B:E425G;B:F426E
3R1G_HLB,B:D320E;B:F426A,eval,0.00018,2,B:D320E;B:F426A
3R1G_HLB,B:D320E;B:F426G,eval,0.00018,2,B:D320E;B:F426G
3R1G_HLB,B:D320E;B:N339A;B:F426D,eval,0.00018,3,B:D320E;B:N339A;B:F426D
3R1G_HLB,B:D320E;B:N339A;B:F426E,eval,0.00018,3,B:D320E;B:N339A;B:F426E
3R1G_HLB,B:D320E;B:N339A;B:Q377A,eval,0.00018,3,B:D320E;B:N339A;B:Q377A
3R1G_HLB,B:D320E;B:N339D;B:Q377A,eval,0.00018,3,B:D320E;B:N339D;B:Q377A
3R1G_HLB,B:D320E;B:N339E;B:F426A,eval,0.00018,3,B:D320E;B:N339E;B:F426A
3R1G_HLB,B:D320E;B:N339E;B:F426G,eval,0.00018,3,B:D320E;B:N339E;B:F426G
3R1G_HLB,B:D320E;B:Q377A;B:E425G,eval,0.00018,3,B:D320E;B:Q377A;B:E425G
3R1G_HLB,B:D320E;B:S376A;B:F426A,eval,0.00018,3,B:D320E;B:S376A;B:F426A
3S36_HLX,WT,both,,0,WT
3S36_HLX,X:D257E;X:E261T;X:H269E,steer,0.00039,3,X:D257E;X:E261T;X:H269E
3S36_HLX,X:D257E;X:H269E;X:E284S,steer,0.00039,3,X:D257E;X:H269E;X:E284S
3S36_HLX,X:D257S;X:E261T;X:H269E,steer,0.00039,3,X:D257S;X:E261T;X:H269E
3S36_HLX,X:D257S;X:E261T;X:H269L,steer,0.00039,3,X:D257S;X:E261T;X:H269L
3S36_HLX,X:D257S;X:H269E,steer,0.00039,2,X:D257S;X:H269E
3S36_HLX,X:D257S;X:H269E;X:E284G,steer,0.00039,3,X:D257S;X:H269E;X:E284G
3S36_HLX,X:D257A;X:E261S;X:H269L,eval,5e-05,3,X:D257A;X:E261S;X:H269L
3S36_HLX,X:D257A;X:E261S;X:H269S,eval,5e-05,3,X:D257A;X:E261S;X:H269S
3S36_HLX,X:D257A;X:H269E;X:E284K,eval,5e-05,3,X:D257A;X:H269E;X:E284K
3S36_HLX,X:D257A;X:H269E;X:L277E,eval,5e-05,3,X:D257A;X:H269E;X:L277E
3S36_HLX,X:D257A;X:H269E;X:L277N,eval,5e-05,3,X:D257A;X:H269E;X:L277N
3S36_HLX,X:D257A;X:H269K;X:E284S,eval,5e-05,3,X:D257A;X:H269K;X:E284S
3S36_HLX,X:D257A;X:H269L,eval,5e-05,2,X:D257A;X:H269L
3S36_HLX,X:D257A;X:H269L;X:E284D,eval,5e-05,3,X:D257A;X:H269L;X:E284D
3S36_HLX,X:D257A;X:H269L;X:E284G,eval,5e-05,3,X:D257A;X:H269L;X:E284G
3S36_HLX,X:D257A;X:H269L;X:L277K,eval,5e-05,3,X:D257A;X:H269L;X:L277K
3S36_HLX,X:D257A;X:H269L;X:L277S,eval,5e-05,3,X:D257A;X:H269L;X:L277S
3S36_HLX,X:D257A;X:H269L;X:L277T,eval,5e-05,3,X:D257A;X:H269L;X:L277T
3S36_HLX,X:D257A;X:H269L;X:L313T,eval,5e-05,3,X:D257A;X:H269L;X:L313T
3S36_HLX,X:D257A;X:H269S,eval,5e-05,2,X:D257A;X:H269S
3S36_HLX,X:D257A;X:H269S;X:E284D,eval,5e-05,3,X:D257A;X:H269S;X:E284D
3S36_HLX,X:D257A;X:H269S;X:E284G,eval,5e-05,3,X:D257A;X:H269S;X:E284G
3S36_HLX,X:D257A;X:H269S;X:L277K,eval,5e-05,3,X:D257A;X:H269S;X:L277K
3S36_HLX,X:D257A;X:H269S;X:L277S,eval,5e-05,3,X:D257A;X:H269S;X:L277S
3S36_HLX,X:D257A;X:H269S;X:L277T,eval,5e-05,3,X:D257A;X:H269S;X:L277T
3S36_HLX,X:D257E,eval,5e-05,1,X:D257E
3S36_HLX,X:D257E;X:E261D;X:H269L,eval,5e-05,3,X:D257E;X:E261D;X:H269L
3S36_HLX,X:D257E;X:E261N;X:H269L,eval,5e-05,3,X:D257E;X:E261N;X:H269L
3S36_HLX,X:D257E;X:E261Q;X:H269K,eval,5e-05,3,X:D257E;X:E261Q;X:H269K
3S36_HLX,X:D257E;X:E261S,eval,5e-05,2,X:D257E;X:E261S
3S88_HLI,WT,both,,0,WT
3S88_HLI,I:M33L;I:N40G;I:I48L,steer,0.00039,3,I:M33L;I:N40G;I:I48L
3S88_HLI,I:M33L;I:N40G;I:I48P,steer,0.00039,3,I:M33L;I:N40G;I:I48P
3S88_HLI,I:M33L;I:N40G;I:K54S,steer,0.00039,3,I:M33L;I:N40G;I:K54S
3S88_HLI,I:M33L;I:N40G;I:Q50D,steer,0.00039,3,I:M33L;I:N40G;I:Q50D
3S88_HLI,I:M33L;I:N40G;I:Q50E,steer,0.00039,3,I:M33L;I:N40G;I:Q50E
3S88_HLI,I:M33L;I:N40G;I:Q50S,steer,0.00039,3,I:M33L;I:N40G;I:Q50S
3S88_HLI,I:D49A;I:K54D,eval,5e-05,2,I:D49A;I:K54D
3S88_HLI,I:D49A;I:K54E,eval,5e-05,2,I:D49A;I:K54E
3S88_HLI,I:D49A;I:K54G,eval,5e-05,2,I:D49A;I:K54G
3S88_HLI,I:D49A;I:Q50D;I:K54N,eval,5e-05,3,I:D49A;I:Q50D;I:K54N
3S88_HLI,I:D49A;I:Q50D;I:V52D,eval,5e-05,3,I:D49A;I:Q50D;I:V52D
3S88_HLI,I:D49A;I:Q50D;I:V52T,eval,5e-05,3,I:D49A;I:Q50D;I:V52T
3S88_HLI,I:D49A;I:Q50E;I:K54N,eval,5e-05,3,I:D49A;I:Q50E;I:K54N
3S88_HLI,I:D49A;I:Q50E;I:V52T,eval,5e-05,3,I:D49A;I:Q50E;I:V52T
3S88_HLI,I:D49A;I:Q50S;I:K54N,eval,5e-05,3,I:D49A;I:Q50S;I:K54N
3S88_HLI,I:D49A;I:Q50S;I:V52D,eval,5e-05,3,I:D49A;I:Q50S;I:V52D
3S88_HLI,I:D49A;I:Q50S;I:V52P,eval,5e-05,3,I:D49A;I:Q50S;I:V52P
3S88_HLI,I:D49A;I:Q50S;I:V52T,eval,5e-05,3,I:D49A;I:Q50S;I:V52T
3S88_HLI,I:D49A;I:Q50T,eval,5e-05,2,I:D49A;I:Q50T
3S88_HLI,I:D49A;I:Q50T;I:K54D,eval,5e-05,3,I:D49A;I:Q50T;I:K54D
3S88_HLI,I:D49A;I:Q50T;I:K54E,eval,5e-05,3,I:D49A;I:Q50T;I:K54E
3S88_HLI,I:D49A;I:V52D;I:K54S,eval,5e-05,3,I:D49A;I:V52D;I:K54S
3S88_HLI,I:D49A;I:V52S;I:K54G,eval,5e-05,3,I:D49A;I:V52S;I:K54G
3S88_HLI,I:D49A;I:V52T;I:K54G,eval,5e-05,3,I:D49A;I:V52T;I:K54G
3S88_HLI,I:D49A;I:V52T;I:K54S,eval,5e-05,3,I:D49A;I:V52T;I:K54S
3S88_HLI,I:D49G,eval,5e-05,1,I:D49G
3S88_HLI,I:D49G;I:K54N,eval,5e-05,2,I:D49G;I:K54N
3S88_HLI,I:D49G;I:Q50D;I:V52N,eval,5e-05,3,I:D49G;I:Q50D;I:V52N
3S88_HLI,I:D49G;I:Q50D;I:V52P,eval,5e-05,3,I:D49G;I:Q50D;I:V52P
3S88_HLI,I:D49G;I:Q50E;I:V52N,eval,5e-05,3,I:D49G;I:Q50E;I:V52N
3SDY_HLB,WT,both,,0,WT
3SDY_HLB,B:E15A;B:I18V;B:S29E,steer,0.00076,3,B:E15A;B:I18V;B:S29E
3SDY_HLB,B:E15D;B:I18V;B:S29E,steer,0.00076,3,B:E15D;B:I18V;B:S29E
3SDY_HLB,B:E15D;B:S29E;B:E30Q,steer,0.00076,3,B:E15D;B:S29E;B:E30Q
3SDY_HLB,B:E15S;B:S29E;B:N154T,steer,0.00076,3,B:E15S;B:S29E;B:N154T
3SDY_HLB,B:E15T;B:I18K;B:S29E,steer,0.00076,3,B:E15T;B:I18K;B:S29E
3SDY_HLB,B:E15T;B:S29E;B:A147K,steer,0.00076,3,B:E15T;B:S29E;B:A147K
3SDY_HLB,B:D19E;B:S29A;B:E30Q,eval,0.00025,3,B:D19E;B:S29A;B:E30Q
3SDY_HLB,B:D19E;B:S29E;B:A147E,eval,0.00025,3,B:D19E;B:S29E;B:A147E
3SDY_HLB,B:D19G;B:S29E;B:N154T,eval,0.00025,3,B:D19G;B:S29E;B:N154T
3SDY_HLB,B:D19N;B:S29E;B:A147D,eval,0.00025,3,B:D19N;B:S29E;B:A147D
3SDY_HLB,B:D19N;B:S29E;B:G31S,eval,0.00025,3,B:D19N;B:S29E;B:G31S
3SDY_HLB,B:D19N;B:S29E;B:N154S,eval,0.00025,3,B:D19N;B:S29E;B:N154S
3SDY_HLB,B:D19S;B:S29A;B:E30Q,eval,0.00025,3,B:D19S;B:S29A;B:E30Q
3SDY_HLB,B:D19S;B:S29E;B:N154S,eval,0.00025,3,B:D19S;B:S29E;B:N154S
3SDY_HLB,B:E15A;B:A147K;B:N154T,eval,0.00025,3,B:E15A;B:A147K;B:N154T
3SDY_HLB,B:E15A;B:E30Q;B:A147D,eval,0.00025,3,B:E15A;B:E30Q;B:A147D
3SDY_HLB,B:E15A;B:E30Q;B:G31S,eval,0.00025,3,B:E15A;B:E30Q;B:G31S
3SDY_HLB,B:E15A;B:E30Q;B:N154S,eval,0.00025,3,B:E15A;B:E30Q;B:N154S
3SDY_HLB,B:E15A;B:I18K;B:N154T,eval,0.00025,3,B:E15A;B:I18K;B:N154T
3SDY_HLB,B:E15A;B:I18V;B:A147D,eval,0.00025,3,B:E15A;B:I18V;B:A147D
3SDY_HLB,B:E15A;B:I18V;B:N154S,eval,0.00025,3,B:E15A;B:I18V;B:N154S
3SDY_HLB,B:E15A;B:I18V;B:S29Y,eval,0.00025,3,B:E15A;B:I18V;B:S29Y
3SDY_HLB,B:E15A;B:S29A;B:A147E,eval,0.00025,3,B:E15A;B:S29A;B:A147E
3SDY_HLB,B:E15A;B:S29E;B:G33A,eval,0.00025,3,B:E15A;B:S29E;B:G33A
3SDY_HLB,B:E15A;B:S29E;B:G33S,eval,0.00025,3,B:E15A;B:S29E;B:G33S
3SDY_HLB,B:E15A;B:S29Y;B:E30Q,eval,0.00025,3,B:E15A;B:S29Y;B:E30Q
3SDY_HLB,B:E15D;B:E30Q;B:A147D,eval,0.00025,3,B:E15D;B:E30Q;B:A147D
3SDY_HLB,B:E15D;B:E30Q;B:N154S,eval,0.00025,3,B:E15D;B:E30Q;B:N154S
3SDY_HLB,B:E15D;B:I18K;B:N154T,eval,0.00025,3,B:E15D;B:I18K;B:N154T
3SDY_HLB,B:E15D;B:I18V;B:A147E,eval,0.00025,3,B:E15D;B:I18V;B:A147E
3SKJ_HLE,WT,both,,0,WT
3SKJ_HLE,E:E133D;E:A134G;E:H136T,steer,0.00034,3,E:E133D;E:A134G;E:H136T
3SKJ_HLE,E:E133D;E:A134G;E:H136V,steer,0.00034,3,E:E133D;E:A134G;E:H136V
3SKJ_HLE,E:E133D;E:A134N;E:H136V,steer,0.00034,3,E:E133D;E:A134N;E:H136V
3SKJ_HLE,E:E133N;E:A134G;E:H136E,steer,0.00034,3,E:E133N;E:A134G;E:H136E
3SKJ_HLE,E:E133N;E:A134G;E:H136K,steer,0.00034,3,E:E133N;E:A134G;E:H136K
3SKJ_HLE,E:E133N;E:A134G;E:H136N,steer,0.00034,3,E:E133N;E:A134G;E:H136N
3SKJ_HLE,E:A134G;E:R135G,eval,6e-05,2,E:A134G;E:R135G
3SKJ_HLE,E:A134G;E:R135G;E:H136E,eval,6e-05,3,E:A134G;E:R135G;E:H136E
3SKJ_HLE,E:A134G;E:R135H;E:H136K,eval,6e-05,3,E:A134G;E:R135H;E:H136K
3SKJ_HLE,E:A134G;E:R135N;E:H136E,eval,6e-05,3,E:A134G;E:R135N;E:H136E
3SKJ_HLE,E:A134G;E:R135N;E:H136N,eval,6e-05,3,E:A134G;E:R135N;E:H136N
3SKJ_HLE,E:A134G;E:R135Q,eval,6e-05,2,E:A134G;E:R135Q
3SKJ_HLE,E:A134G;E:R135Q;E:H136E,eval,6e-05,3,E:A134G;E:R135Q;E:H136E
3SKJ_HLE,E:A134N;E:R135H;E:H136T,eval,6e-05,3,E:A134N;E:R135H;E:H136T
3SKJ_HLE,E:A134N;E:R135N;E:H136K,eval,6e-05,3,E:A134N;E:R135N;E:H136K
3SKJ_HLE,E:A134Q,eval,6e-05,1,E:A134Q
3SKJ_HLE,E:A134Q;E:H136E,eval,6e-05,2,E:A134Q;E:H136E
3SKJ_HLE,E:A134Q;E:H136N,eval,6e-05,2,E:A134Q;E:H136N
3SKJ_HLE,E:A134Q;E:R135K;E:H136T,eval,6e-05,3,E:A134Q;E:R135K;E:H136T
3SKJ_HLE,E:A134R;E:H136E,eval,6e-05,2,E:A134R;E:H136E
3SKJ_HLE,E:A134R;E:H136N,eval,6e-05,2,E:A134R;E:H136N
3SKJ_HLE,E:A134R;E:R135K;E:H136T,eval,6e-05,3,E:A134R;E:R135K;E:H136T
3SKJ_HLE,E:A134S;E:R135K,eval,6e-05,2,E:A134S;E:R135K
3SKJ_HLE,E:A134S;E:R135K;E:H136K,eval,6e-05,3,E:A134S;E:R135K;E:H136K
3SKJ_HLE,E:A134S;E:R135N;E:H136T,eval,6e-05,3,E:A134S;E:R135N;E:H136T
3SKJ_HLE,E:E133D;E:A134G;E:R135H,eval,6e-05,3,E:E133D;E:A134G;E:R135H
3SKJ_HLE,E:E133D;E:A134N;E:R135G,eval,6e-05,3,E:E133D;E:A134N;E:R135G
3SKJ_HLE,E:E133D;E:A134N;E:R135N,eval,6e-05,3,E:E133D;E:A134N;E:R135N
3SKJ_HLE,E:E133D;E:A134N;E:R135Q,eval,6e-05,3,E:E133D;E:A134N;E:R135Q
3SKJ_HLE,E:E133D;E:A134Q;E:H136N,eval,6e-05,3,E:E133D;E:A134Q;E:H136N
3T2N_HLA,WT,both,,0,WT
3T2N_HLA,A:A325D;A:L383F;A:A384G,steer,0.00051,3,A:A325D;A:L383F;A:A384G
3T2N_HLA,A:A325D;A:P342R;A:L383F,steer,0.00051,3,A:A325D;A:P342R;A:L383F
3T2N_HLA,A:A325E;A:P342R;A:L383F,steer,0.00051,3,A:A325E;A:P342R;A:L383F
3T2N_HLA,A:A325F;A:L383F;A:A384G,steer,0.00051,3,A:A325F;A:L383F;A:A384G
3T2N_HLA,A:A325F;A:P342R;A:A384G,steer,0.00051,3,A:A325F;A:P342R;A:A384G
3T2N_HLA,A:A325G;A:P342R;A:L383F,steer,0.00051,3,A:A325G;A:P342R;A:L383F
3T2N_HLA,A:A325C;A:A384G;A:Q385D,eval,0.0001,3,A:A325C;A:A384G;A:Q385D
3T2N_HLA,A:A325C;A:N330D;A:A384G,eval,0.0001,3,A:A325C;A:N330D;A:A384G
3T2N_HLA,A:A325D;A:A384G;A:Q385F,eval,0.0001,3,A:A325D;A:A384G;A:Q385F
3T2N_HLA,A:A325D;A:K333A;A:L383F,eval,0.0001,3,A:A325D;A:K333A;A:L383F
3T2N_HLA,A:A325D;A:K333A;A:P342R,eval,0.0001,3,A:A325D;A:K333A;A:P342R
3T2N_HLA,A:A325D;A:K333D;A:L383F,eval,0.0001,3,A:A325D;A:K333D;A:L383F
3T2N_HLA,A:A325D;A:K333D;A:P342R,eval,0.0001,3,A:A325D;A:K333D;A:P342R
3T2N_HLA,A:A325D;A:K333F;A:A384G,eval,0.0001,3,A:A325D;A:K333F;A:A384G
3T2N_HLA,A:A325D;A:L383A;A:Q385D,eval,0.0001,3,A:A325D;A:L383A;A:Q385D
3T2N_HLA,A:A325D;A:L383D;A:A384G,eval,0.0001,3,A:A325D;A:L383D;A:A384G
3T2N_HLA,A:A325D;A:L383E;A:A384G,eval,0.0001,3,A:A325D;A:L383E;A:A384G
3T2N_HLA,A:A325D;A:N330D;A:L383A,eval,0.0001,3,A:A325D;A:N330D;A:L383A
3T2N_HLA,A:A325D;A:N330D;A:P342A,eval,0.0001,3,A:A325D;A:N330D;A:P342A
3T2N_HLA,A:A325D;A:N330D;A:P342N,eval,0.0001,3,A:A325D;A:N330D;A:P342N
3T2N_HLA,A:A325D;A:N330D;A:Q331E,eval,0.0001,3,A:A325D;A:N330D;A:Q331E
3T2N_HLA,A:A325D;A:N330E;A:P334D,eval,0.0001,3,A:A325D;A:N330E;A:P334D
3T2N_HLA,A:A325D;A:N330E;A:Q385E,eval,0.0001,3,A:A325D;A:N330E;A:Q385E
3T2N_HLA,A:A325D;A:P334D,eval,0.0001,2,A:A325D;A:P334D
3T2N_HLA,A:A325D;A:P334D;A:K386A,eval,0.0001,3,A:A325D;A:P334D;A:K386A
3T2N_HLA,A:A325D;A:P334D;A:P342S,eval,0.0001,3,A:A325D;A:P334D;A:P342S
3T2N_HLA,A:A325D;A:P334D;A:P342T,eval,0.0001,3,A:A325D;A:P334D;A:P342T
3T2N_HLA,A:A325D;A:P342A;A:Q385D,eval,0.0001,3,A:A325D;A:P342A;A:Q385D
3T2N_HLA,A:A325D;A:P342R;A:A384D,eval,0.0001,3,A:A325D;A:P342R;A:A384D
3T2N_HLA,A:A325D;A:P342R;A:L383E,eval,0.0001,3,A:A325D;A:P342R;A:L383E
3UAJ_HLA,WT,both,,0,WT
3UAJ_HLA,A:H158A;A:D177A;A:M297E,steer,0.00056,3,A:H158A;A:D177A;A:M297E
3UAJ_HLA,A:H158A;A:D177E;A:M297A,steer,0.00056,3,A:H158A;A:D177E;A:M297A
3UAJ_HLA,A:H158A;A:D177E;A:M297D,steer,0.00056,3,A:H158A;A:D177E;A:M297D
3UAJ_HLA,A:H158A;A:D177E;A:M297E,steer,0.00056,3,A:H158A;A:D177E;A:M297E
3UAJ_HLA,A:H158A;A:D177G;A:M297A,steer,0.00056,3,A:H158A;A:D177G;A:M297A
3UAJ_HLA,A:H158A;A:D177G;A:M297D,steer,0.00056,3,A:H158A;A:D177G;A:M297D
3UAJ_HLA,A:D177A;A:M297A;A:S298F,eval,6e-05,3,A:D177A;A:M297A;A:S298F
3UAJ_HLA,A:D177A;A:M297C;A:S298A,eval,6e-05,3,A:D177A;A:M297C;A:S298A
3UAJ_HLA,A:D177A;A:M297D;A:S298F,eval,6e-05,3,A:D177A;A:M297D;A:S298F
3UAJ_HLA,A:D177A;A:M297E;A:S298C,eval,6e-05,3,A:D177A;A:M297E;A:S298C
3UAJ_HLA,A:D177A;A:S298A,eval,6e-05,2,A:D177A;A:S298A
3UAJ_HLA,A:D177C;A:M297A;A:S298A,eval,6e-05,3,A:D177C;A:M297A;A:S298A
3UAJ_HLA,A:D177C;A:M297D;A:S298A,eval,6e-05,3,A:D177C;A:M297D;A:S298A
3UAJ_HLA,A:D177C;A:M297E;A:S298A,eval,6e-05,3,A:D177C;A:M297E;A:S298A
3UAJ_HLA,A:D177C;A:M297F;A:S298E,eval,6e-05,3,A:D177C;A:M297F;A:S298E
3UAJ_HLA,A:D177E;A:M297A;A:S298C,eval,6e-05,3,A:D177E;A:M297A;A:S298C
3UAJ_HLA,A:D177E;A:M297D;A:S298C,eval,6e-05,3,A:D177E;A:M297D;A:S298C
3UAJ_HLA,A:D177E;A:M297E;A:S298C,eval,6e-05,3,A:D177E;A:M297E;A:S298C
3UAJ_HLA,A:D177F;A:M297C,eval,6e-05,2,A:D177F;A:M297C
3UAJ_HLA,A:D177F;A:M297C;A:S298E,eval,6e-05,3,A:D177F;A:M297C;A:S298E
3UAJ_HLA,A:D177F;A:M297F;A:S298A,eval,6e-05,3,A:D177F;A:M297F;A:S298A
3UAJ_HLA,A:D177F;A:S298D,eval,6e-05,2,A:D177F;A:S298D
3UAJ_HLA,A:D177G;A:M297F;A:S298F,eval,6e-05,3,A:D177G;A:M297F;A:S298F
3UAJ_HLA,A:G159A,eval,6e-05,1,A:G159A
3UAJ_HLA,A:G159A;A:D177A,eval,6e-05,2,A:G159A;A:D177A
3UAJ_HLA,A:G159A;A:D177A;A:M297C,eval,6e-05,3,A:G159A;A:D177A;A:M297C
3UAJ_HLA,A:G159A;A:D177A;A:S298D,eval,6e-05,3,A:G159A;A:D177A;A:S298D
3UAJ_HLA,A:G159A;A:D177C;A:M297A,eval,6e-05,3,A:G159A;A:D177C;A:M297A
3UAJ_HLA,A:G159A;A:D177C;A:M297D,eval,6e-05,3,A:G159A;A:D177C;A:M297D
3UAJ_HLA,A:G159A;A:D177C;A:M297E,eval,6e-05,3,A:G159A;A:D177C;A:M297E
3VI3_HLD,WT,both,,0,WT
3VI3_HLD,D:N77D;D:S79A;D:R155E,steer,0.005,3,D:N77D;D:S79A;D:R155E
3VI3_HLD,D:N77D;D:S79A;D:T82A,steer,0.005,3,D:N77D;D:S79A;D:T82A
3VI3_HLD,D:N77D;D:S79A;D:T82E,steer,0.005,3,D:N77D;D:S79A;D:T82E
3VI3_HLD,D:N77D;D:T82A;D:R155E,steer,0.005,3,D:N77D;D:T82A;D:R155E
3VI3_HLD,D:N77D;D:T82E;D:R155E,steer,0.005,3,D:N77D;D:T82E;D:R155E
3VI3_HLD,D:R78D;D:S79A;D:R155E,steer,0.005,3,D:R78D;D:S79A;D:R155E
3VI3_HLD,D:A83G;D:D120G;D:R155E,eval,0.00041,3,D:A83G;D:D120G;D:R155E
3VI3_HLD,D:A83G;D:E84D;D:R155E,eval,0.00041,3,D:A83G;D:E84D;D:R155E
3VI3_HLD,D:A83G;D:K87R;D:R155E,eval,0.00041,3,D:A83G;D:K87R;D:R155E
3VI3_HLD,D:A83G;D:R155E;D:N397D,eval,0.00041,3,D:A83G;D:R155E;D:N397D
3VI3_HLD,D:E84A;D:R155E,eval,0.00041,2,D:E84A;D:R155E
3VI3_HLD,D:E84D;D:R155D,eval,0.00041,2,D:E84D;D:R155D
3VI3_HLD,D:E84G;D:R155E,eval,0.00041,2,D:E84G;D:R155E
3VI3_HLD,D:G81A;D:T82E;D:D120G,eval,0.00041,3,D:G81A;D:T82E;D:D120G
3VI3_HLD,D:G81A;D:T82E;D:K87R,eval,0.00041,3,D:G81A;D:T82E;D:K87R
3VI3_HLD,D:G81A;D:T82E;D:N397D,eval,0.00041,3,D:G81A;D:T82E;D:N397D
3VI3_HLD,D:G81A;D:T82E;D:R155A,eval,0.00041,3,D:G81A;D:T82E;D:R155A
3VI3_HLD,D:G81D;D:A83G;D:R155E,eval,0.00041,3,D:G81D;D:A83G;D:R155E
3VI3_HLD,D:G81D;D:R155D,eval,0.00041,2,D:G81D;D:R155D
3VI3_HLD,D:G81D;D:T82D;D:A83D,eval,0.00041,3,D:G81D;D:T82D;D:A83D
3VI3_HLD,D:G81D;D:T82D;D:A83E,eval,0.00041,3,D:G81D;D:T82D;D:A83E
3VI3_HLD,D:G81D;D:T82D;D:E84D,eval,0.00041,3,D:G81D;D:T82D;D:E84D
3VI3_HLD,D:G81D;D:T82E;D:A83G,eval,0.00041,3,D:G81D;D:T82E;D:A83G
3VI3_HLD,D:G81E;D:T82A;D:A83G,eval,0.00041,3,D:G81E;D:T82A;D:A83G
3VI3_HLD,D:G81F;D:T82E;D:R155E,eval,0.00041,3,D:G81F;D:T82E;D:R155E
3VI3_HLD,D:K80A;D:A83D;D:R155E,eval,0.00041,3,D:K80A;D:A83D;D:R155E
3VI3_HLD,D:K80A;D:T82A;D:A83D,eval,0.00041,3,D:K80A;D:T82A;D:A83D
3VI3_HLD,D:K80A;D:T82E,eval,0.00041,2,D:K80A;D:T82E
3VI3_HLD,D:K80A;D:T82E;D:R155D,eval,0.00041,3,D:K80A;D:T82E;D:R155D
3VI3_HLD,D:K80E;D:A83D;D:R155E,eval,0.00041,3,D:K80E;D:A83D;D:R155E
3WLW_HLB,WT,both,,0,WT
3WLW_HLB,B:A169D;B:H171A;B:M176Q,steer,0.00092,3,B:A169D;B:H171A;B:M176Q
3WLW_HLB,B:A169D;B:M176Q;B:G179D,steer,0.00092,3,B:A169D;B:M176Q;B:G179D
3WLW_HLB,B:A169D;B:M176Q;B:G179E,steer,0.00092,3,B:A169D;B:M176Q;B:G179E
3WLW_HLB,B:A169D;B:M176Q;B:K178L,steer,0.00092,3,B:A169D;B:M176Q;B:K178L
3WLW_HLB,B:A169D;B:M176S;B:K178Q,steer,0.00092,3,B:A169D;B:M176S;B:K178Q
3WLW_HLB,B:A169D;B:M176S;B:K178R,steer,0.00092,3,B:A169D;B:M176S;B:K178R
3WLW_HLB,B:A169C;B:H171E;B:M176Q,eval,0.00013,3,B:A169C;B:H171E;B:M176Q
3WLW_HLB,B:A169C;B:M176D;B:K178S,eval,0.00013,3,B:A169C;B:M176D;B:K178S
3WLW_HLB,B:A169C;B:M176Q;B:G179E,eval,0.00013,3,B:A169C;B:M176Q;B:G179E
3WLW_HLB,B:A169C;B:M176S;B:K178L,eval,0.00013,3,B:A169C;B:M176S;B:K178L
3WLW_HLB,B:A169C;B:M176S;B:K178R,eval,0.00013,3,B:A169C;B:M176S;B:K178R
3WLW_HLB,B:A169C;B:M176T;B:K178Q,eval,0.00013,3,B:A169C;B:M176T;B:K178Q
3WLW_HLB,B:A169C;B:P175A;B:M176Q,eval,0.00013,3,B:A169C;B:P175A;B:M176Q
3WLW_HLB,B:A169C;B:P175E;B:M176Q,eval,0.00013,3,B:A169C;B:P175E;B:M176Q
3WLW_HLB,B:A169D;B:G179A,eval,0.00013,2,B:A169D;B:G179A
3WLW_HLB,B:A169D;B:H171A;B:G179A,eval,0.00013,3,B:A169D;B:H171A;B:G179A
3WLW_HLB,B:A169D;B:H171A;B:P175D,eval,0.00013,3,B:A169D;B:H171A;B:P175D
3WLW_HLB,B:A169D;B:H171C;B:M176Q,eval,0.00013,3,B:A169D;B:H171C;B:M176Q
3WLW_HLB,B:A169D;B:H171D,eval,0.00013,2,B:A169D;B:H171D
3WLW_HLB,B:A169D;B:H171D;B:G179D,eval,0.00013,3,B:A169D;B:H171D;B:G179D
3WLW_HLB,B:A169D;B:H171D;B:K178L,eval,0.00013,3,B:A169D;B:H171D;B:K178L
3WLW_HLB,B:A169D;B:H171E;B:G179E,eval,0.00013,3,B:A169D;B:H171E;B:G179E
3WLW_HLB,B:A169D;B:H171E;B:P175A,eval,0.00013,3,B:A169D;B:H171E;B:P175A
3WLW_HLB,B:A169D;B:H171E;B:P175E,eval,0.00013,3,B:A169D;B:H171E;B:P175E
3WLW_HLB,B:A169D;B:H171F;B:K178Q,eval,0.00013,3,B:A169D;B:H171F;B:K178Q
3WLW_HLB,B:A169D;B:H171F;B:K178T,eval,0.00013,3,B:A169D;B:H171F;B:K178T
3WLW_HLB,B:A169D;B:H171F;B:M176N,eval,0.00013,3,B:A169D;B:H171F;B:M176N
3WLW_HLB,B:A169D;B:M176S;B:G179F,eval,0.00013,3,B:A169D;B:M176S;B:G179F
3WLW_HLB,B:A169D;B:P172A;B:K178S,eval,0.00013,3,B:A169D;B:P172A;B:K178S
3WLW_HLB,B:A169D;B:P172F;B:M176Q,eval,0.00013,3,B:A169D;B:P172F;B:M176Q
4AEI_HLA,WT,both,,0,WT
4AEI_HLA,A:D53E;A:H54D;A:H64I,steer,0.00022,3,A:D53E;A:H54D;A:H64I
4AEI_HLA,A:D53E;A:H54D;A:H64V,steer,0.00022,3,A:D53E;A:H54D;A:H64V
4AEI_HLA,A:D53E;A:H54E;A:H64I,steer,0.00022,3,A:D53E;A:H54E;A:H64I
4AEI_HLA,A:D53E;A:H54E;A:H64V,steer,0.00022,3,A:D53E;A:H54E;A:H64V
4AEI_HLA,A:D53E;A:H54N;A:H64I,steer,0.00022,3,A:D53E;A:H54N;A:H64I
4AEI_HLA,A:D53E;A:H54N;A:H64V,steer,0.00022,3,A:D53E;A:H54N;A:H64V
4AEI_HLA,A:D53E;A:G59E;A:H64F,eval,5e-05,3,A:D53E;A:G59E;A:H64F
4AEI_HLA,A:D53E;A:G59E;A:P60R,eval,5e-05,3,A:D53E;A:G59E;A:P60R
4AEI_HLA,A:D53E;A:G59K;A:P60N,eval,5e-05,3,A:D53E;A:G59K;A:P60N
4AEI_HLA,A:D53E;A:G59K;A:R62G,eval,5e-05,3,A:D53E;A:G59K;A:R62G
4AEI_HLA,A:D53E;A:G59L;A:P60N,eval,5e-05,3,A:D53E;A:G59L;A:P60N
4AEI_HLA,A:D53E;A:G59L;A:R62G,eval,5e-05,3,A:D53E;A:G59L;A:R62G
4AEI_HLA,A:D53E;A:G59Q;A:H64I,eval,5e-05,3,A:D53E;A:G59Q;A:H64I
4AEI_HLA,A:D53E;A:G59Q;A:H64L,eval,5e-05,3,A:D53E;A:G59Q;A:H64L
4AEI_HLA,A:D53E;A:G59R;A:P60N,eval,5e-05,3,A:D53E;A:G59R;A:P60N
4AEI_HLA,A:D53E;A:G59R;A:P60R,eval,5e-05,3,A:D53E;A:G59R;A:P60R
4AEI_HLA,A:D53E;A:G59R;A:R62G,eval,5e-05,3,A:D53E;A:G59R;A:R62G
4AEI_HLA,A:D53E;A:G61A;A:H64I,eval,5e-05,3,A:D53E;A:G61A;A:H64I
4AEI_HLA,A:D53E;A:G61A;A:H64L,eval,5e-05,3,A:D53E;A:G61A;A:H64L
4AEI_HLA,A:D53E;A:G61E;A:H64I,eval,5e-05,3,A:D53E;A:G61E;A:H64I
4AEI_HLA,A:D53E;A:G61E;A:H64L,eval,5e-05,3,A:D53E;A:G61E;A:H64L
4AEI_HLA,A:D53E;A:G61R;A:H64F,eval,5e-05,3,A:D53E;A:G61R;A:H64F
4AEI_HLA,A:D53E;A:H54D;A:G59Q,eval,5e-05,3,A:D53E;A:H54D;A:G59Q
4AEI_HLA,A:D53E;A:H54D;A:G61A,eval,5e-05,3,A:D53E;A:H54D;A:G61A
4AEI_HLA,A:D53E;A:H54D;A:P60H,eval,5e-05,3,A:D53E;A:H54D;A:P60H
4AEI_HLA,A:D53E;A:H54E;A:G59Q,eval,5e-05,3,A:D53E;A:H54E;A:G59Q
4AEI_HLA,A:D53E;A:H54E;A:G61A,eval,5e-05,3,A:D53E;A:H54E;A:G61A
4AEI_HLA,A:D53E;A:H54E;A:P60H,eval,5e-05,3,A:D53E;A:H54E;A:P60H
4AEI_HLA,A:D53E;A:H54N;A:G59Q,eval,5e-05,3,A:D53E;A:H54N;A:G59Q
4AEI_HLA,A:D53E;A:H54N;A:G61A,eval,5e-05,3,A:D53E;A:H54N;A:G61A
4AL8_HLC,WT,both,,0,WT
4AL8_HLC,C:A313E;C:H317D;C:E362D,steer,0.00035,3,C:A313E;C:H317D;C:E362D
4AL8_HLC,C:A313E;C:H317D;C:N355A,steer,0.00035,3,C:A313E;C:H317D;C:N355A
4AL8_HLC,C:A313E;C:H317D;C:N355E,steer,0.00035,3,C:A313E;C:H317D;C:N355E
4AL8_HLC,C:A313E;C:H317D;C:N355S,steer,0.00035,3,C:A313E;C:H317D;C:N355S
4AL8_HLC,C:A313E;C:H317D;C:N355T,steer,0.00035,3,C:A313E;C:H317D;C:N355T
4AL8_HLC,C:A313E;C:H317N;C:N355T,steer,0.00035,3,C:A313E;C:H317N;C:N355T
4AL8_HLC,C:A313E;C:A354E;C:E362T,eval,6e-05,3,C:A313E;C:A354E;C:E362T
4AL8_HLC,C:A313E;C:A354K;C:E362A,eval,6e-05,3,C:A313E;C:A354K;C:E362A
4AL8_HLC,C:A313E;C:A354K;C:E362N,eval,6e-05,3,C:A313E;C:A354K;C:E362N
4AL8_HLC,C:A313E;C:A354K;C:E362S,eval,6e-05,3,C:A313E;C:A354K;C:E362S
4AL8_HLC,C:A313E;C:A354K;C:E362T,eval,6e-05,3,C:A313E;C:A354K;C:E362T
4AL8_HLC,C:A313E;C:A354P,eval,6e-05,2,C:A313E;C:A354P
4AL8_HLC,C:A313E;C:A354P;C:E362D,eval,6e-05,3,C:A313E;C:A354P;C:E362D
4AL8_HLC,C:A313E;C:A354P;C:N355D,eval,6e-05,3,C:A313E;C:A354P;C:N355D
4AL8_HLC,C:A313E;C:A354S;C:E362A,eval,6e-05,3,C:A313E;C:A354S;C:E362A
4AL8_HLC,C:A313E;C:A354S;C:E362S,eval,6e-05,3,C:A313E;C:A354S;C:E362S
4AL8_HLC,C:A313E;C:A354S;C:E362T,eval,6e-05,3,C:A313E;C:A354S;C:E362T
4AL8_HLC,C:A313E;C:A354T;C:E362A,eval,6e-05,3,C:A313E;C:A354T;C:E362A
4AL8_HLC,C:A313E;C:A354T;C:E362S,eval,6e-05,3,C:A313E;C:A354T;C:E362S
4AL8_HLC,C:A313E;C:A354T;C:E362T,eval,6e-05,3,C:A313E;C:A354T;C:E362T
4AL8_HLC,C:A313E;C:E362A,eval,6e-05,2,C:A313E;C:E362A
4AL8_HLC,C:A313E;C:E362S,eval,6e-05,2,C:A313E;C:E362S
4AL8_HLC,C:A313E;C:E362T,eval,6e-05,2,C:A313E;C:E362T
4AL8_HLC,C:A313E;C:G318E;C:N355T,eval,6e-05,3,C:A313E;C:G318E;C:N355T
4AL8_HLC,C:A313E;C:G318K;C:E362D,eval,6e-05,3,C:A313E;C:G318K;C:E362D
4AL8_HLC,C:A313E;C:G318K;C:N355A,eval,6e-05,3,C:A313E;C:G318K;C:N355A
4AL8_HLC,C:A313E;C:G318K;C:N355E,eval,6e-05,3,C:A313E;C:G318K;C:N355E
4AL8_HLC,C:A313E;C:G318K;C:N355S,eval,6e-05,3,C:A313E;C:G318K;C:N355S
4AL8_HLC,C:A313E;C:G318N;C:N355E,eval,6e-05,3,C:A313E;C:G318N;C:N355E
4AL8_HLC,C:A313E;C:G318N;C:N355S,eval,6e-05,3,C:A313E;C:G318N;C:N355S
4BZ1_HLA,WT,both,,0,WT
4BZ1_HLA,A:A313E;A:H317N;A:H396E,steer,0.00036,3,A:A313E;A:H317N;A:H396E
4BZ1_HLA,A:A313E;A:H317N;A:H396S,steer,0.00036,3,A:A313E;A:H317N;A:H396S
4BZ1_HLA,A:A313F;A:H317D;A:H396D,steer,0.00036,3,A:A313F;A:H317D;A:H396D
4BZ1_HLA,A:A313F;A:H317D;A:H396E,steer,0.00036,3,A:A313F;A:H317D;A:H396E
4BZ1_HLA,A:A313F;A:H317D;A:H396N,steer,0.00036,3,A:A313F;A:H317D;A:H396N
4BZ1_HLA,A:A313F;A:H317D;A:H396S,steer,0.00036,3,A:A313F;A:H317D;A:H396S
4BZ1_HLA,A:A313E;A:G349D;A:H396E,eval,5e-05,3,A:A313E;A:G349D;A:H396E
4BZ1_HLA,A:A313E;A:G349D;A:H396S,eval,5e-05,3,A:A313E;A:G349D;A:H396S
4BZ1_HLA,A:A313E;A:G349N;A:H396E,eval,5e-05,3,A:A313E;A:G349N;A:H396E
4BZ1_HLA,A:A313E;A:G349N;A:H396S,eval,5e-05,3,A:A313E;A:G349N;A:H396S
4BZ1_HLA,A:A313E;A:G349S,eval,5e-05,2,A:A313E;A:G349S
4BZ1_HLA,A:A313E;A:H317D;A:G318E,eval,5e-05,3,A:A313E;A:H317D;A:G318E
4BZ1_HLA,A:A313E;A:H317F;A:K394E,eval,5e-05,3,A:A313E;A:H317F;A:K394E
4BZ1_HLA,A:A313E;A:H317F;A:K394S,eval,5e-05,3,A:A313E;A:H317F;A:K394S
4BZ1_HLA,A:A313E;A:H317F;A:S354D,eval,5e-05,3,A:A313E;A:H317F;A:S354D
4BZ1_HLA,A:A313E;A:H317F;A:S354K,eval,5e-05,3,A:A313E;A:H317F;A:S354K
4BZ1_HLA,A:A313E;A:H317F;A:S354N,eval,5e-05,3,A:A313E;A:H317F;A:S354N
4BZ1_HLA,A:A313E;A:H317N;A:G318Q,eval,5e-05,3,A:A313E;A:H317N;A:G318Q
4BZ1_HLA,A:A313E;A:H317S;A:G318D,eval,5e-05,3,A:A313E;A:H317S;A:G318D
4BZ1_HLA,A:A313E;A:H317S;A:G318N,eval,5e-05,3,A:A313E;A:H317S;A:G318N
4BZ1_HLA,A:A313E;A:H317S;A:G318S,eval,5e-05,3,A:A313E;A:H317S;A:G318S
4BZ1_HLA,A:A313E;A:H317S;A:K394H,eval,5e-05,3,A:A313E;A:H317S;A:K394H
4BZ1_HLA,A:A313E;A:H317S;A:V348E,eval,5e-05,3,A:A313E;A:H317S;A:V348E
4BZ1_HLA,A:A313E;A:H317Y,eval,5e-05,2,A:A313E;A:H317Y
4BZ1_HLA,A:A313E;A:H317Y;A:G349E,eval,5e-05,3,A:A313E;A:H317Y;A:G349E
4BZ1_HLA,A:A313E;A:H317Y;A:K394E,eval,5e-05,3,A:A313E;A:H317Y;A:K394E
4BZ1_HLA,A:A313E;A:H317Y;A:S354D,eval,5e-05,3,A:A313E;A:H317Y;A:S354D
4BZ1_HLA,A:A313E;A:H317Y;A:S354E,eval,5e-05,3,A:A313E;A:H317Y;A:S354E
4BZ1_HLA,A:A313E;A:K394E;A:H396T,eval,5e-05,3,A:A313E;A:K394E;A:H396T
4BZ1_HLA,A:A313E;A:K394P;A:H396D,eval,5e-05,3,A:A313E;A:K394P;A:H396D
4CDG_CA,WT,both,,0,WT
4CDG_CA,A:K1002L;A:F1109A;A:N1194E,steer,0.00152,3,A:K1002L;A:F1109A;A:N1194E
4CDG_CA,A:K1002R;A:F1109A,steer,0.00152,2,A:K1002R;A:F1109A
4CDG_CA,A:K1002R;A:F1109A;A:I1126F,steer,0.00152,3,A:K1002R;A:F1109A;A:I1126F
4CDG_CA,A:K1002R;A:F1109A;A:N1112A,steer,0.00152,3,A:K1002R;A:F1109A;A:N1112A
4CDG_CA,A:K1002R;A:F1109A;A:N1164D,steer,0.00152,3,A:K1002R;A:F1109A;A:N1164D
4CDG_CA,A:K1002R;A:F1109A;A:N1164E,steer,0.00152,3,A:K1002R;A:F1109A;A:N1164E
4CDG_CA,A:E1017A;A:F1109A;A:N1194E,eval,8e-05,3,A:E1017A;A:F1109A;A:N1194E
4CDG_CA,A:E1017A;A:F1109C;A:N1194E,eval,8e-05,3,A:E1017A;A:F1109C;A:N1194E
4CDG_CA,A:E1017A;A:I1033A;A:F1109A,eval,8e-05,3,A:E1017A;A:I1033A;A:F1109A
4CDG_CA,A:E1017D;A:F1109A;A:I1126A,eval,8e-05,3,A:E1017D;A:F1109A;A:I1126A
4CDG_CA,A:E1017D;A:F1109A;A:N1162A,eval,8e-05,3,A:E1017D;A:F1109A;A:N1162A
4CDG_CA,A:E1017D;A:F1109A;A:N1164A,eval,8e-05,3,A:E1017D;A:F1109A;A:N1164A
4CDG_CA,A:E1017D;A:F1109C;A:I1126D,eval,8e-05,3,A:E1017D;A:F1109C;A:I1126D
4CDG_CA,A:E1017D;A:F1109C;A:Q1166F,eval,8e-05,3,A:E1017D;A:F1109C;A:Q1166F
4CDG_CA,A:E1017D;A:F1109C;A:S1195D,eval,8e-05,3,A:E1017D;A:F1109C;A:S1195D
4CDG_CA,A:E1017D;A:F1109C;A:S1196E,eval,8e-05,3,A:E1017D;A:F1109C;A:S1196E
4CDG_CA,A:E1017D;A:F1109E;A:N1194A,eval,8e-05,3,A:E1017D;A:F1109E;A:N1194A
4CDG_CA,A:E1017D;A:F1109E;A:N1194D,eval,8e-05,3,A:E1017D;A:F1109E;A:N1194D
4CDG_CA,A:E1017D;A:F1109G;A:I1126D,eval,8e-05,3,A:E1017D;A:F1109G;A:I1126D
4CDG_CA,A:E1017D;A:F1109G;A:Q1166F,eval,8e-05,3,A:E1017D;A:F1109G;A:Q1166F
4CDG_CA,A:E1017D;A:F1109G;A:S1195D,eval,8e-05,3,A:E1017D;A:F1109G;A:S1195D
4CDG_CA,A:E1017D;A:F1109G;A:S1196E,eval,8e-05,3,A:E1017D;A:F1109G;A:S1196E
4CDG_CA,A:E1017D;A:I1033A;A:I1126D,eval,8e-05,3,A:E1017D;A:I1033A;A:I1126D
4CDG_CA,A:E1017D;A:I1033A;A:Q1166F,eval,8e-05,3,A:E1017D;A:I1033A;A:Q1166F
4CDG_CA,A:E1017D;A:I1033A;A:S1195D,eval,8e-05,3,A:E1017D;A:I1033A;A:S1195D
4CDG_CA,A:E1017D;A:I1033A;A:S1196E,eval,8e-05,3,A:E1017D;A:I1033A;A:S1196E
4CDG_CA,A:E1017D;A:I1033D;A:F1109C,eval,8e-05,3,A:E1017D;A:I1033D;A:F1109C
4CDG_CA,A:E1017D;A:I1033D;A:F1109G,eval,8e-05,3,A:E1017D;A:I1033D;A:F1109G
4CDG_CA,A:E1017D;A:I1033D;A:N1194E,eval,8e-05,3,A:E1017D;A:I1033D;A:N1194E
4CDG_CA,A:E1017D;A:I1033E;A:N1112A,eval,8e-05,3,A:E1017D;A:I1033E;A:N1112A
4CNI_HLC,WT,both,,0,WT
4CNI_HLC,C:A153K;C:N155Q;C:W157E,steer,0.00015,3,C:A153K;C:N155Q;C:W157E
4CNI_HLC,C:A153Q;C:N155E;C:W157E,steer,0.00015,3,C:A153Q;C:N155E;C:W157E
4CNI_HLC,C:A153Q;C:N155E;C:W157Q,steer,0.00015,3,C:A153Q;C:N155E;C:W157Q
4CNI_HLC,C:A153Q;C:N155Q;C:W157E,steer,0.00015,3,C:A153Q;C:N155Q;C:W157E
4CNI_HLC,C:A153Q;C:N155Q;C:W157Q,steer,0.00015,3,C:A153Q;C:N155Q;C:W157Q
4CNI_HLC,C:A56F;C:N155E;C:W157E,steer,0.00015,3,C:A56F;C:N155E;C:W157E
4CNI_HLC,C:A153K;C:N155C;C:W157L,eval,3e-05,3,C:A153K;C:N155C;C:W157L
4CNI_HLC,C:A153K;C:N155C;C:W157R,eval,3e-05,3,C:A153K;C:N155C;C:W157R
4CNI_HLC,C:A153K;C:Q156P;C:W157Q,eval,3e-05,3,C:A153K;C:Q156P;C:W157Q
4CNI_HLC,C:A153Q;C:Q156E;C:W157Y,eval,3e-05,3,C:A153Q;C:Q156E;C:W157Y
4CNI_HLC,C:A153Q;C:Q156P;C:W157L,eval,3e-05,3,C:A153Q;C:Q156P;C:W157L
4CNI_HLC,C:A153Q;C:Q156P;C:W157R,eval,3e-05,3,C:A153Q;C:Q156P;C:W157R
4CNI_HLC,C:A153Q;C:Q156S;C:W157Y,eval,3e-05,3,C:A153Q;C:Q156S;C:W157Y
4CNI_HLC,C:A153Q;C:W157Y,eval,3e-05,2,C:A153Q;C:W157Y
4CNI_HLC,C:A153R;C:N155C;C:W157E,eval,3e-05,3,C:A153R;C:N155C;C:W157E
4CNI_HLC,C:A153R;C:N155C;C:W157Q,eval,3e-05,3,C:A153R;C:N155C;C:W157Q
4CNI_HLC,C:A153R;C:N155D;C:W157Q,eval,3e-05,3,C:A153R;C:N155D;C:W157Q
4CNI_HLC,C:A153R;C:N155E;C:W157Y,eval,3e-05,3,C:A153R;C:N155E;C:W157Y
4CNI_HLC,C:A153R;C:N155H;C:W157R,eval,3e-05,3,C:A153R;C:N155H;C:W157R
4CNI_HLC,C:A153R;C:N155Q;C:W157Y,eval,3e-05,3,C:A153R;C:N155Q;C:W157Y
4CNI_HLC,C:A153R;C:Q156A;C:W157Q,eval,3e-05,3,C:A153R;C:Q156A;C:W157Q
4CNI_HLC,C:A153R;C:Q156E;C:W157L,eval,3e-05,3,C:A153R;C:Q156E;C:W157L
4CNI_HLC,C:A153R;C:Q156E;C:W157R,eval,3e-05,3,C:A153R;C:Q156E;C:W157R
4CNI_HLC,C:A153R;C:Q156R;C:W157Q,eval,3e-05,3,C:A153R;C:Q156R;C:W157Q
4CNI_HLC,C:A153R;C:Q156S;C:W157L,eval,3e-05,3,C:A153R;C:Q156S;C:W157L
4CNI_HLC,C:A153R;C:Q156S;C:W157R,eval,3e-05,3,C:A153R;C:Q156S;C:W157R
4CNI_HLC,C:A153R;C:W157L,eval,3e-05,2,C:A153R;C:W157L
4CNI_HLC,C:A153R;C:W157R,eval,3e-05,2,C:A153R;C:W157R
4CNI_HLC,C:A153S;C:N155C;C:W157L,eval,3e-05,3,C:A153S;C:N155C;C:W157L
4CNI_HLC,C:A153S;C:N155C;C:W157R,eval,3e-05,3,C:A153S;C:N155C;C:W157R
4FFW_HLA,WT,both,,0,WT
4FFW_HLA,A:D98E;A:D241E;A:T747K,steer,9e-05,3,A:D98E;A:D241E;A:T747K
4FFW_HLA,A:D98E;A:E242D;A:T747K,steer,9e-05,3,A:D98E;A:E242D;A:T747K
4FFW_HLA,A:D98E;A:E242D;A:T747S,steer,9e-05,3,A:D98E;A:E242D;A:T747S
4FFW_HLA,A:D98E;A:K137S;A:R138K,steer,9e-05,3,A:D98E;A:K137S;A:R138K
4FFW_HLA,A:D98E;A:K137S;A:T747K,steer,9e-05,3,A:D98E;A:K137S;A:T747K
4FFW_HLA,A:D98E;A:K137S;A:T747S,steer,9e-05,3,A:D98E;A:K137S;A:T747S
4FFW_HLA,A:D241E;A:E242A;A:T747K,eval,2e-05,3,A:D241E;A:E242A;A:T747K
4FFW_HLA,A:D241E;A:E242D;A:S243D,eval,2e-05,3,A:D241E;A:E242D;A:S243D
4FFW_HLA,A:D241E;A:E242D;A:S746P,eval,2e-05,3,A:D241E;A:E242D;A:S746P
4FFW_HLA,A:D241E;A:E242D;A:T747E,eval,2e-05,3,A:D241E;A:E242D;A:T747E
4FFW_HLA,A:D241E;A:E242P;A:T747K,eval,2e-05,3,A:D241E;A:E242P;A:T747K
4FFW_HLA,A:D241E;A:E242P;A:T747S,eval,2e-05,3,A:D241E;A:E242P;A:T747S
4FFW_HLA,A:D241E;A:S243G;A:T747S,eval,2e-05,3,A:D241E;A:S243G;A:T747S
4FFW_HLA,A:D241E;A:S746E;A:T747K,eval,2e-05,3,A:D241E;A:S746E;A:T747K
4FFW_HLA,A:D241E;A:S746K;A:T747S,eval,2e-05,3,A:D241E;A:S746K;A:T747S
4FFW_HLA,A:D241E;A:T747A,eval,2e-05,2,A:D241E;A:T747A
4FFW_HLA,A:D241E;A:T747Q,eval,2e-05,2,A:D241E;A:T747Q
4FFW_HLA,A:D241N;A:E242S;A:T747K,eval,2e-05,3,A:D241N;A:E242S;A:T747K
4FFW_HLA,A:D241N;A:E242S;A:T747S,eval,2e-05,3,A:D241N;A:E242S;A:T747S
4FFW_HLA,A:D241N;A:S243D;A:T747K,eval,2e-05,3,A:D241N;A:S243D;A:T747K
4FFW_HLA,A:D241N;A:S243T;A:T747S,eval,2e-05,3,A:D241N;A:S243T;A:T747S
4FFW_HLA,A:D241N;A:T747K,eval,2e-05,2,A:D241N;A:T747K
4FFW_HLA,A:D241N;A:T747S,eval,2e-05,2,A:D241N;A:T747S
4FFW_HLA,A:D241S;A:E242S;A:T747K,eval,2e-05,3,A:D241S;A:E242S;A:T747K
4FFW_HLA,A:D241S;A:E242S;A:T747S,eval,2e-05,3,A:D241S;A:E242S;A:T747S
4FFW_HLA,A:D241S;A:S243D;A:T747K,eval,2e-05,3,A:D241S;A:S243D;A:T747K
4FFW_HLA,A:D241S;A:S243T;A:T747S,eval,2e-05,3,A:D241S;A:S243T;A:T747S
4FFW_HLA,A:D241S;A:T747K,eval,2e-05,2,A:D241S;A:T747K
4FFW_HLA,A:D241S;A:T747S,eval,2e-05,2,A:D241S;A:T747S
4FFW_HLA,A:D241T;A:E242D;A:T747K,eval,2e-05,3,A:D241T;A:E242D;A:T747K
4G6J_HLA,WT,both,,0,WT
4G6J_HLA,A:D35E;A:Y90V;A:S152K,steer,0.00013,3,A:D35E;A:Y90V;A:S152K
4G6J_HLA,A:E37K;A:N89K;A:Y90V,steer,0.00013,3,A:E37K;A:N89K;A:Y90V
4G6J_HLA,A:E37K;A:P87L;A:Y90V,steer,0.00013,3,A:E37K;A:P87L;A:Y90V
4G6J_HLA,A:E37K;A:Y90I;A:S152K,steer,0.00013,3,A:E37K;A:Y90I;A:S152K
4G6J_HLA,A:E37K;A:Y90V;A:N129G,steer,0.00013,3,A:E37K;A:Y90V;A:N129G
4G6J_HLA,A:E37K;A:Y90V;A:S152K,steer,0.00013,3,A:E37K;A:Y90V;A:S152K
4G6J_HLA,A:D35A;A:E37K;A:Y90I,eval,2e-05,3,A:D35A;A:E37K;A:Y90I
4G6J_HLA,A:D35A;A:E64D;A:Y90V,eval,2e-05,3,A:D35A;A:E64D;A:Y90V
4G6J_HLA,A:D35A;A:E64N;A:Y90V,eval,2e-05,3,A:D35A;A:E64N;A:Y90V
4G6J_HLA,A:D35A;A:N129G;A:S152K,eval,2e-05,3,A:D35A;A:N129G;A:S152K
4G6J_HLA,A:D35A;A:N89D;A:Y90I,eval,2e-05,3,A:D35A;A:N89D;A:Y90I
4G6J_HLA,A:D35A;A:N89D;A:Y90V,eval,2e-05,3,A:D35A;A:N89D;A:Y90V
4G6J_HLA,A:D35A;A:N89E;A:Y90V,eval,2e-05,3,A:D35A;A:N89E;A:Y90V
4G6J_HLA,A:D35A;A:N89K;A:S152K,eval,2e-05,3,A:D35A;A:N89K;A:S152K
4G6J_HLA,A:D35A;A:N89K;A:Y90F,eval,2e-05,3,A:D35A;A:N89K;A:Y90F
4G6J_HLA,A:D35A;A:N89K;A:Y90I,eval,2e-05,3,A:D35A;A:N89K;A:Y90I
4G6J_HLA,A:D35A;A:P87L;A:S152K,eval,2e-05,3,A:D35A;A:P87L;A:S152K
4G6J_HLA,A:D35A;A:P87L;A:Y90F,eval,2e-05,3,A:D35A;A:P87L;A:Y90F
4G6J_HLA,A:D35A;A:Q38E;A:Y90I,eval,2e-05,3,A:D35A;A:Q38E;A:Y90I
4G6J_HLA,A:D35A;A:Q38N;A:Y90I,eval,2e-05,3,A:D35A;A:Q38N;A:Y90I
4G6J_HLA,A:D35A;A:S84K;A:Y90I,eval,2e-05,3,A:D35A;A:S84K;A:Y90I
4G6J_HLA,A:D35A;A:Y90F;A:N129G,eval,2e-05,3,A:D35A;A:Y90F;A:N129G
4G6J_HLA,A:D35A;A:Y90I;A:N129K,eval,2e-05,3,A:D35A;A:Y90I;A:N129K
4G6J_HLA,A:D35A;A:Y90V;A:S152E,eval,2e-05,3,A:D35A;A:Y90V;A:S152E
4G6J_HLA,A:D35A;A:Y90V;A:V151L,eval,2e-05,3,A:D35A;A:Y90V;A:V151L
4G6J_HLA,A:D35E;A:E37K;A:Q38E,eval,2e-05,3,A:D35E;A:E37K;A:Q38E
4G6J_HLA,A:D35E;A:E37Q;A:N129G,eval,2e-05,3,A:D35E;A:E37Q;A:N129G
4G6J_HLA,A:D35E;A:E37Q;A:S152K,eval,2e-05,3,A:D35E;A:E37Q;A:S152K
4G6J_HLA,A:D35E;A:E37Q;A:Y90F,eval,2e-05,3,A:D35E;A:E37Q;A:Y90F
4G6J_HLA,A:D35E;A:E37V;A:Y90V,eval,2e-05,3,A:D35E;A:E37V;A:Y90V
4HT1_HLT,WT,both,,0,WT
4HT1_HLT,T:I55A;T:A79D;T:E99D,steer,0.00075,3,T:I55A;T:A79D;T:E99D
4HT1_HLT,T:I55A;T:A79E;T:E99D,steer,0.00075,3,T:I55A;T:A79E;T:E99D
4HT1_HLT,T:I55A;T:K78A;T:A79D,steer,0.00075,3,T:I55A;T:K78A;T:A79D
4HT1_HLT,T:I55A;T:K78A;T:A79E,steer,0.00075,3,T:I55A;T:K78A;T:A79E
4HT1_HLT,T:I55A;T:K78A;T:V91A,steer,0.00075,3,T:I55A;T:K78A;T:V91A
4HT1_HLT,T:I55A;T:K78A;T:V91E,steer,0.00075,3,T:I55A;T:K78A;T:V91E
4HT1_HLT,T:A79D;T:E98D,eval,0.00015,2,T:A79D;T:E98D
4HT1_HLT,T:A79D;T:G90E;T:E99D,eval,0.00015,3,T:A79D;T:G90E;T:E99D
4HT1_HLT,T:A79D;T:V80A,eval,0.00015,2,T:A79D;T:V80A
4HT1_HLT,T:A79D;T:V80A;T:V91A,eval,0.00015,3,T:A79D;T:V80A;T:V91A
4HT1_HLT,T:A79D;T:V80A;T:V91E,eval,0.00015,3,T:A79D;T:V80A;T:V91E
4HT1_HLT,T:A79D;T:V80F;T:E99D,eval,0.00015,3,T:A79D;T:V80F;T:E99D
4HT1_HLT,T:A79D;T:V91A;T:E98D,eval,0.00015,3,T:A79D;T:V91A;T:E98D
4HT1_HLT,T:A79D;T:V91A;T:E99G,eval,0.00015,3,T:A79D;T:V91A;T:E99G
4HT1_HLT,T:A79D;T:V91E;T:E99A,eval,0.00015,3,T:A79D;T:V91E;T:E99A
4HT1_HLT,T:A79D;T:V91E;T:E99G,eval,0.00015,3,T:A79D;T:V91E;T:E99G
4HT1_HLT,T:A79D;T:Y81E;T:E99D,eval,0.00015,3,T:A79D;T:Y81E;T:E99D
4HT1_HLT,T:A79D;T:Y81F,eval,0.00015,2,T:A79D;T:Y81F
4HT1_HLT,T:A79D;T:Y81F;T:V91A,eval,0.00015,3,T:A79D;T:Y81F;T:V91A
4HT1_HLT,T:A79D;T:Y81F;T:V91E,eval,0.00015,3,T:A79D;T:Y81F;T:V91E
4HT1_HLT,T:A79E;T:G90D,eval,0.00015,2,T:A79E;T:G90D
4HT1_HLT,T:A79E;T:G90D;T:V91A,eval,0.00015,3,T:A79E;T:G90D;T:V91A
4HT1_HLT,T:A79E;T:G90D;T:V91E,eval,0.00015,3,T:A79E;T:G90D;T:V91E
4HT1_HLT,T:A79E;T:V80A;T:E99A,eval,0.00015,3,T:A79E;T:V80A;T:E99A
4HT1_HLT,T:A79E;T:V80A;T:E99G,eval,0.00015,3,T:A79E;T:V80A;T:E99G
4HT1_HLT,T:A79E;T:V91A;T:E98D,eval,0.00015,3,T:A79E;T:V91A;T:E98D
4HT1_HLT,T:A79E;T:V91D;T:E99D,eval,0.00015,3,T:A79E;T:V91D;T:E99D
4HT1_HLT,T:A79E;T:V91E;T:E98D,eval,0.00015,3,T:A79E;T:V91E;T:E98D
4HT1_HLT,T:A79E;T:Y81A,eval,0.00015,2,T:A79E;T:Y81A
4HT1_HLT,T:A79E;T:Y81A;T:V91A,eval,0.00015,3,T:A79E;T:Y81A;T:V91A
4I3S_HLG,WT,both,,0,WT
4I3S_HLG,G:D276N;G:A281S;G:D368C,steer,0.00069,3,G:D276N;G:A281S;G:D368C
4I3S_HLG,G:D276N;G:A281T;G:G463D,steer,0.00069,3,G:D276N;G:A281T;G:G463D
4I3S_HLG,G:D276N;G:A281T;G:S460D,steer,0.00069,3,G:D276N;G:A281T;G:S460D
4I3S_HLG,G:D276N;G:A281T;G:T464A,steer,0.00069,3,G:D276N;G:A281T;G:T464A
4I3S_HLG,G:D276N;G:A281T;G:T464D,steer,0.00069,3,G:D276N;G:A281T;G:T464D
4I3S_HLG,G:D276N;G:A281T;G:T464E,steer,0.00069,3,G:D276N;G:A281T;G:T464E
4I3S_HLG,G:A281S;G:D368C;G:G461D,eval,9e-05,3,G:A281S;G:D368C;G:G461D
4I3S_HLG,G:A281S;G:D368C;G:G463E,eval,9e-05,3,G:A281S;G:D368C;G:G463E
4I3S_HLG,G:A281T;G:D368C;G:G459A,eval,9e-05,3,G:A281T;G:D368C;G:G459A
4I3S_HLG,G:A281T;G:D368C;G:G459D,eval,9e-05,3,G:A281T;G:D368C;G:G459D
4I3S_HLG,G:A281T;G:D368C;G:G461C,eval,9e-05,3,G:A281T;G:D368C;G:G461C
4I3S_HLG,G:A281T;G:D368C;G:S460A,eval,9e-05,3,G:A281T;G:D368C;G:S460A
4I3S_HLG,G:A281T;G:G461D;G:G463D,eval,9e-05,3,G:A281T;G:G461D;G:G463D
4I3S_HLG,G:A281T;G:G461D;G:T464D,eval,9e-05,3,G:A281T;G:G461D;G:T464D
4I3S_HLG,G:A281T;G:G463E;G:T464D,eval,9e-05,3,G:A281T;G:G463E;G:T464D
4I3S_HLG,G:A281T;G:G463E;G:T464E,eval,9e-05,3,G:A281T;G:G463E;G:T464E
4I3S_HLG,G:A281T;G:S460D;G:G461D,eval,9e-05,3,G:A281T;G:S460D;G:G461D
4I3S_HLG,G:A281T;G:S460D;G:G463E,eval,9e-05,3,G:A281T;G:S460D;G:G463E
4I3S_HLG,G:A281T;G:S460D;G:T464A,eval,9e-05,3,G:A281T;G:S460D;G:T464A
4I3S_HLG,G:D276A;G:D368C;G:G461D,eval,9e-05,3,G:D276A;G:D368C;G:G461D
4I3S_HLG,G:D276A;G:D368C;G:G463E,eval,9e-05,3,G:D276A;G:D368C;G:G463E
4I3S_HLG,G:D276A;G:S278T;G:A281S,eval,9e-05,3,G:D276A;G:S278T;G:A281S
4I3S_HLG,G:D276A;G:S278T;G:G459A,eval,9e-05,3,G:D276A;G:S278T;G:G459A
4I3S_HLG,G:D276A;G:S278T;G:G459E,eval,9e-05,3,G:D276A;G:S278T;G:G459E
4I3S_HLG,G:D276A;G:S278T;G:G461A,eval,9e-05,3,G:D276A;G:S278T;G:G461A
4I3S_HLG,G:D276A;G:S278T;G:S460A,eval,9e-05,3,G:D276A;G:S278T;G:S460A
4I3S_HLG,G:D276A;G:S278T;G:S460F,eval,9e-05,3,G:D276A;G:S278T;G:S460F
4I3S_HLG,G:D276E;G:D279N;G:G463D,eval,9e-05,3,G:D276E;G:D279N;G:G463D
4I3S_HLG,G:D276E;G:D368C;G:G461D,eval,9e-05,3,G:D276E;G:D368C;G:G461D
4I3S_HLG,G:D276E;G:G463D;G:T464D,eval,9e-05,3,G:D276E;G:G463D;G:T464D
4I77_HLZ,WT,both,,0,WT
4I77_HLZ,Z:A9K;Z:H73S;Z:A77S,steer,0.0002,3,Z:A9K;Z:H73S;Z:A77S
4I77_HLZ,Z:A9K;Z:H73S;Z:G78S,steer,0.0002,3,Z:A9K;Z:H73S;Z:G78S
4I77_HLZ,Z:A9K;Z:H73S;Z:Q79A,steer,0.0002,3,Z:A9K;Z:H73S;Z:Q79A
4I77_HLZ,Z:A9K;Z:P27A;Z:H73S,steer,0.0002,3,Z:A9K;Z:P27A;Z:H73S
4I77_HLZ,Z:A9K;Z:P27D;Z:H73G,steer,0.0002,3,Z:A9K;Z:P27D;Z:H73G
4I77_HLZ,Z:A9K;Z:P27D;Z:H73S,steer,0.0002,3,Z:A9K;Z:P27D;Z:H73S
4I77_HLZ,Z:A77E;Z:G78K;Z:Q79D,eval,3e-05,3,Z:A77E;Z:G78K;Z:Q79D
4I77_HLZ,Z:A77E;Z:G78K;Z:Q79E,eval,3e-05,3,Z:A77E;Z:G78K;Z:Q79E
4I77_HLZ,Z:A77E;Z:G78K;Z:Q79F,eval,3e-05,3,Z:A77E;Z:G78K;Z:Q79F
4I77_HLZ,Z:A77E;Z:G78R;Z:Q79A,eval,3e-05,3,Z:A77E;Z:G78R;Z:Q79A
4I77_HLZ,Z:A77E;Z:G78S;Z:Q79C,eval,3e-05,3,Z:A77E;Z:G78S;Z:Q79C
4I77_HLZ,Z:A77E;Z:G78T;Z:Q79A,eval,3e-05,3,Z:A77E;Z:G78T;Z:Q79A
4I77_HLZ,Z:A77E;Z:Q79A,eval,3e-05,2,Z:A77E;Z:Q79A
4I77_HLZ,Z:A77E;Z:Q79D,eval,3e-05,2,Z:A77E;Z:Q79D
4I77_HLZ,Z:A77E;Z:Q79E,eval,3e-05,2,Z:A77E;Z:Q79E
4I77_HLZ,Z:A77K;Z:G78K;Z:Q79A,eval,3e-05,3,Z:A77K;Z:G78K;Z:Q79A
4I77_HLZ,Z:A77K;Z:G78K;Z:Q79D,eval,3e-05,3,Z:A77K;Z:G78K;Z:Q79D
4I77_HLZ,Z:A77K;Z:G78K;Z:Q79E,eval,3e-05,3,Z:A77K;Z:G78K;Z:Q79E
4I77_HLZ,Z:A77K;Z:G78K;Z:Q79F,eval,3e-05,3,Z:A77K;Z:G78K;Z:Q79F
4I77_HLZ,Z:A77K;Z:G78R;Z:Q79A,eval,3e-05,3,Z:A77K;Z:G78R;Z:Q79A
4I77_HLZ,Z:A77K;Z:G78S,eval,3e-05,2,Z:A77K;Z:G78S
4I77_HLZ,Z:A77K;Z:G78S;Z:Q79C,eval,3e-05,3,Z:A77K;Z:G78S;Z:Q79C
4I77_HLZ,Z:A77K;Z:G78T;Z:Q79A,eval,3e-05,3,Z:A77K;Z:G78T;Z:Q79A
4I77_HLZ,Z:A77S,eval,3e-05,1,Z:A77S
4I77_HLZ,Z:A77S;Z:G78R,eval,3e-05,2,Z:A77S;Z:G78R
4I77_HLZ,Z:A77S;Z:G78R;Z:Q79C,eval,3e-05,3,Z:A77S;Z:G78R;Z:Q79C
4I77_HLZ,Z:A77S;Z:G78T,eval,3e-05,2,Z:A77S;Z:G78T
4I77_HLZ,Z:A77S;Z:G78T;Z:Q79C,eval,3e-05,3,Z:A77S;Z:G78T;Z:Q79C
4I77_HLZ,Z:A77S;Z:Q79C,eval,3e-05,2,Z:A77S;Z:Q79C
4I77_HLZ,Z:A77T;Z:G78K;Z:Q79A,eval,3e-05,3,Z:A77T;Z:G78K;Z:Q79A
4IDJ_HLA,WT,both,,0,WT
4IDJ_HLA,A:E31A;A:E71D;A:M204A,steer,0.00023,3,A:E31A;A:E71D;A:M204A
4IDJ_HLA,A:E31A;A:E71D;A:M204D,steer,0.00023,3,A:E31A;A:E71D;A:M204D
4IDJ_HLA,A:E31A;A:E71D;A:M204F,steer,0.00023,3,A:E31A;A:E71D;A:M204F
4IDJ_HLA,A:E31A;A:R66K;A:M204F,steer,0.00023,3,A:E31A;A:R66K;A:M204F
4IDJ_HLA,A:E31A;A:R66L;A:M204F,steer,0.00023,3,A:E31A;A:R66L;A:M204F
4IDJ_HLA,A:E31D;A:E71D;A:M204A,steer,0.00023,3,A:E31D;A:E71D;A:M204A
4IDJ_HLA,A:D208A,eval,5e-05,1,A:D208A
4IDJ_HLA,A:D208A;A:D212A;A:W274D,eval,5e-05,3,A:D208A;A:D212A;A:W274D
4IDJ_HLA,A:D208A;A:D212A;A:W274F,eval,5e-05,3,A:D208A;A:D212A;A:W274F
4IDJ_HLA,A:D208A;A:N214A;A:W274D,eval,5e-05,3,A:D208A;A:N214A;A:W274D
4IDJ_HLA,A:D208A;A:N214A;A:W274E,eval,5e-05,3,A:D208A;A:N214A;A:W274E
4IDJ_HLA,A:D208A;A:N214A;A:W274F,eval,5e-05,3,A:D208A;A:N214A;A:W274F
4IDJ_HLA,A:D208A;A:N214D;A:W274D,eval,5e-05,3,A:D208A;A:N214D;A:W274D
4IDJ_HLA,A:D208A;A:N214D;A:W274F,eval,5e-05,3,A:D208A;A:N214D;A:W274F
4IDJ_HLA,A:D208A;A:N214E;A:W274D,eval,5e-05,3,A:D208A;A:N214E;A:W274D
4IDJ_HLA,A:D208A;A:N214E;A:W274F,eval,5e-05,3,A:D208A;A:N214E;A:W274F
4IDJ_HLA,A:D208A;A:W274A,eval,5e-05,2,A:D208A;A:W274A
4IDJ_HLA,A:D208E;A:W274E,eval,5e-05,2,A:D208E;A:W274E
4IDJ_HLA,A:D208E;A:W274F,eval,5e-05,2,A:D208E;A:W274F
4IDJ_HLA,A:D208F;A:D212A;A:W274A,eval,5e-05,3,A:D208F;A:D212A;A:W274A
4IDJ_HLA,A:D208F;A:D212A;A:W274E,eval,5e-05,3,A:D208F;A:D212A;A:W274E
4IDJ_HLA,A:D208F;A:D212F;A:W274D,eval,5e-05,3,A:D208F;A:D212F;A:W274D
4IDJ_HLA,A:D208F;A:D212F;A:W274F,eval,5e-05,3,A:D208F;A:D212F;A:W274F
4IDJ_HLA,A:D208F;A:D212G;A:W274D,eval,5e-05,3,A:D208F;A:D212G;A:W274D
4IDJ_HLA,A:D208F;A:N214A,eval,5e-05,2,A:D208F;A:N214A
4IDJ_HLA,A:D208F;A:N214A;A:W274A,eval,5e-05,3,A:D208F;A:N214A;A:W274A
4IDJ_HLA,A:D208F;A:N214D,eval,5e-05,2,A:D208F;A:N214D
4IDJ_HLA,A:D208F;A:N214D;A:W274A,eval,5e-05,3,A:D208F;A:N214D;A:W274A
4IDJ_HLA,A:D208F;A:N214E;A:W274A,eval,5e-05,3,A:D208F;A:N214E;A:W274A
4IDJ_HLA,A:D208F;A:N214E;A:W274E,eval,5e-05,3,A:D208F;A:N214E;A:W274E
4IRZ_HLA,WT,both,,0,WT
4IRZ_HLA,A:K145E;A:V155Q;A:L206N,steer,0.00026,3,A:K145E;A:V155Q;A:L206N
4IRZ_HLA,A:K145E;A:V155Q;A:L206Q,steer,0.00026,3,A:K145E;A:V155Q;A:L206Q
4IRZ_HLA,A:K145E;A:V155Q;A:T198S,steer,0.00026,3,A:K145E;A:V155Q;A:T198S
4IRZ_HLA,A:K145Q;A:V155E;A:L206N,steer,0.00026,3,A:K145Q;A:V155E;A:L206N
4IRZ_HLA,A:K145Q;A:V155E;A:L206Q,steer,0.00026,3,A:K145Q;A:V155E;A:L206Q
4IRZ_HLA,A:K145Q;A:V155E;A:T198S,steer,0.00026,3,A:K145Q;A:V155E;A:T198S
4IRZ_HLA,A:D254E;A:E255D,eval,3e-05,2,A:D254E;A:E255D
4IRZ_HLA,A:D254N;A:E255S,eval,3e-05,2,A:D254N;A:E255S
4IRZ_HLA,A:E255D;A:K256E,eval,3e-05,2,A:E255D;A:K256E
4IRZ_HLA,A:E255N;A:K256N,eval,3e-05,2,A:E255N;A:K256N
4IRZ_HLA,A:K145E;A:E255S,eval,3e-05,2,A:K145E;A:E255S
4IRZ_HLA,A:K145E;A:K156N;A:L206N,eval,3e-05,3,A:K145E;A:K156N;A:L206N
4IRZ_HLA,A:K145E;A:K156N;A:L206Q,eval,3e-05,3,A:K145E;A:K156N;A:L206Q
4IRZ_HLA,A:K145E;A:K156N;A:T198S,eval,3e-05,3,A:K145E;A:K156N;A:T198S
4IRZ_HLA,A:K145E;A:K201Q;A:L206N,eval,3e-05,3,A:K145E;A:K201Q;A:L206N
4IRZ_HLA,A:K145E;A:K201Q;A:L206Q,eval,3e-05,3,A:K145E;A:K201Q;A:L206Q
4IRZ_HLA,A:K145E;A:K208L;A:Q209D,eval,3e-05,3,A:K145E;A:K208L;A:Q209D
4IRZ_HLA,A:K145E;A:L206N;A:E255N,eval,3e-05,3,A:K145E;A:L206N;A:E255N
4IRZ_HLA,A:K145E;A:L206N;A:K208L,eval,3e-05,3,A:K145E;A:L206N;A:K208L
4IRZ_HLA,A:K145E;A:L206N;A:Q209N,eval,3e-05,3,A:K145E;A:L206N;A:Q209N
4IRZ_HLA,A:K145E;A:L206Q;A:E255N,eval,3e-05,3,A:K145E;A:L206Q;A:E255N
4IRZ_HLA,A:K145E;A:L206Q;A:K208L,eval,3e-05,3,A:K145E;A:L206Q;A:K208L
4IRZ_HLA,A:K145E;A:L206Q;A:K256N,eval,3e-05,3,A:K145E;A:L206Q;A:K256N
4IRZ_HLA,A:K145E;A:L206Q;A:Q209N,eval,3e-05,3,A:K145E;A:L206Q;A:Q209N
4IRZ_HLA,A:K145E;A:N200G;A:L206N,eval,3e-05,3,A:K145E;A:N200G;A:L206N
4IRZ_HLA,A:K145E;A:N200G;A:L206Q,eval,3e-05,3,A:K145E;A:N200G;A:L206Q
4IRZ_HLA,A:K145E;A:N200G;A:Q209D,eval,3e-05,3,A:K145E;A:N200G;A:Q209D
4IRZ_HLA,A:K145E;A:N200K,eval,3e-05,2,A:K145E;A:N200K
4IRZ_HLA,A:K145E;A:N200K;A:E255D,eval,3e-05,3,A:K145E;A:N200K;A:E255D
4IRZ_HLA,A:K145E;A:N200K;A:Q209D,eval,3e-05,3,A:K145E;A:N200K;A:Q209D
4JPV_HLG,WT,both,,0,WT
4JPV_HLG,G:G124H;G:G198C;G:E460G,steer,0.00038,3,G:G124H;G:G198C;G:E460G
4JPV_HLG,G:G124H;G:G198C;G:E460K,steer,0.00038,3,G:G124H;G:G198C;G:E460K
4JPV_HLG,G:G124H;G:G198C;G:N354A,steer,0.00038,3,G:G124H;G:G198C;G:N354A
4JPV_HLG,G:G124H;G:G198C;G:N354D,steer,0.00038,3,G:G124H;G:G198C;G:N354D
4JPV_HLG,G:G124H;G:G198C;G:S199E,steer,0.00038,3,G:G124H;G:G198C;G:S199E
4JPV_HLG,G:G124H;G:G198C;G:T430E,steer,0.00038,3,G:G124H;G:G198C;G:T430E
4JPV_HLG,G:E275A;G:T430A;G:E460D,eval,8e-05,3,G:E275A;G:T430A;G:E460D
4JPV_HLG,G:E275A;G:T430A;G:E460S,eval,8e-05,3,G:E275A;G:T430A;G:E460S
4JPV_HLG,G:E275D;G:N354E;G:T430A,eval,8e-05,3,G:E275D;G:N354E;G:T430A
4JPV_HLG,G:G124H;G:E275A;G:T430A,eval,8e-05,3,G:G124H;G:E275A;G:T430A
4JPV_HLG,G:G124H;G:E460D;G:S464D,eval,8e-05,3,G:G124H;G:E460D;G:S464D
4JPV_HLG,G:G124H;G:E460S;G:S464D,eval,8e-05,3,G:G124H;G:E460S;G:S464D
4JPV_HLG,G:G124H;G:G198A;G:S199A,eval,8e-05,3,G:G124H;G:G198A;G:S199A
4JPV_HLG,G:G124H;G:G198A;G:S464A,eval,8e-05,3,G:G124H;G:G198A;G:S464A
4JPV_HLG,G:G124H;G:G198A;G:T430F,eval,8e-05,3,G:G124H;G:G198A;G:T430F
4JPV_HLG,G:G124H;G:G198C;G:G366A,eval,8e-05,3,G:G124H;G:G198C;G:G366A
4JPV_HLG,G:G124H;G:G198C;G:G366E,eval,8e-05,3,G:G124H;G:G198C;G:G366E
4JPV_HLG,G:G124H;G:G198C;G:G458E,eval,8e-05,3,G:G124H;G:G198C;G:G458E
4JPV_HLG,G:G124H;G:G198C;G:H352D,eval,8e-05,3,G:G124H;G:G198C;G:H352D
4JPV_HLG,G:G124H;G:G198C;G:N463A,eval,8e-05,3,G:G124H;G:G198C;G:N463A
4JPV_HLG,G:G124H;G:G198C;G:S365C,eval,8e-05,3,G:G124H;G:G198C;G:S365C
4JPV_HLG,G:G124H;G:G198C;G:S464F,eval,8e-05,3,G:G124H;G:G198C;G:S464F
4JPV_HLG,G:G124H;G:G198D;G:E275A,eval,8e-05,3,G:G124H;G:G198D;G:E275A
4JPV_HLG,G:G124H;G:G198D;G:G429A,eval,8e-05,3,G:G124H;G:G198D;G:G429A
4JPV_HLG,G:G124H;G:G198D;G:N354C,eval,8e-05,3,G:G124H;G:G198D;G:N354C
4JPV_HLG,G:G124H;G:G198D;G:N354F,eval,8e-05,3,G:G124H;G:G198D;G:N354F
4JPV_HLG,G:G124H;G:G198D;G:N461D,eval,8e-05,3,G:G124H;G:G198D;G:N461D
4JPV_HLG,G:G124H;G:G198D;G:N461E,eval,8e-05,3,G:G124H;G:G198D;G:N461E
4JPV_HLG,G:G124H;G:G198D;G:S365A,eval,8e-05,3,G:G124H;G:G198D;G:S365A
4JPV_HLG,G:G124H;G:G198F;G:E460G,eval,8e-05,3,G:G124H;G:G198F;G:E460G
4K2U_HLA,WT,both,,0,WT
4K2U_HLA,A:E158C;A:H159A;A:Q171E,steer,0.00026,3,A:E158C;A:H159A;A:Q171E
4K2U_HLA,A:E158C;A:H159A;A:Q171N,steer,0.00026,3,A:E158C;A:H159A;A:Q171N
4K2U_HLA,A:E158C;A:H159C;A:Q171E,steer,0.00026,3,A:E158C;A:H159C;A:Q171E
4K2U_HLA,A:E158C;A:H159C;A:Q171N,steer,0.00026,3,A:E158C;A:H159C;A:Q171N
4K2U_HLA,A:E158G;A:H159A;A:Q171D,steer,0.00026,3,A:E158G;A:H159A;A:Q171D
4K2U_HLA,A:E158G;A:H159A;A:Q171E,steer,0.00026,3,A:E158G;A:H159A;A:Q171E
4K2U_HLA,A:E158A;A:H159A;A:N162A,eval,5e-05,3,A:E158A;A:H159A;A:N162A
4K2U_HLA,A:E158A;A:H159A;A:N162F,eval,5e-05,3,A:E158A;A:H159A;A:N162F
4K2U_HLA,A:E158A;A:H159A;A:N168T,eval,5e-05,3,A:E158A;A:H159A;A:N168T
4K2U_HLA,A:E158A;A:H159C;A:N161F,eval,5e-05,3,A:E158A;A:H159C;A:N161F
4K2U_HLA,A:E158A;A:H159C;A:N162A,eval,5e-05,3,A:E158A;A:H159C;A:N162A
4K2U_HLA,A:E158A;A:H159C;A:N162F,eval,5e-05,3,A:E158A;A:H159C;A:N162F
4K2U_HLA,A:E158A;A:H159C;A:N165G,eval,5e-05,3,A:E158A;A:H159C;A:N165G
4K2U_HLA,A:E158A;A:H159D;A:I169Y,eval,5e-05,3,A:E158A;A:H159D;A:I169Y
4K2U_HLA,A:E158A;A:H159D;A:N161D,eval,5e-05,3,A:E158A;A:H159D;A:N161D
4K2U_HLA,A:E158A;A:H159D;A:N162C,eval,5e-05,3,A:E158A;A:H159D;A:N162C
4K2U_HLA,A:E158A;A:H159D;A:N162D,eval,5e-05,3,A:E158A;A:H159D;A:N162D
4K2U_HLA,A:E158A;A:H159D;A:N164D,eval,5e-05,3,A:E158A;A:H159D;A:N164D
4K2U_HLA,A:E158A;A:H159D;A:N165D,eval,5e-05,3,A:E158A;A:H159D;A:N165D
4K2U_HLA,A:E158A;A:H159D;A:N165S,eval,5e-05,3,A:E158A;A:H159D;A:N165S
4K2U_HLA,A:E158A;A:H159D;A:N168S,eval,5e-05,3,A:E158A;A:H159D;A:N168S
4K2U_HLA,A:E158A;A:H159D;A:P170A,eval,5e-05,3,A:E158A;A:H159D;A:P170A
4K2U_HLA,A:E158A;A:H159D;A:P170C,eval,5e-05,3,A:E158A;A:H159D;A:P170C
4K2U_HLA,A:E158A;A:H159E;A:I169V,eval,5e-05,3,A:E158A;A:H159E;A:I169V
4K2U_HLA,A:E158A;A:H159E;A:N164Q,eval,5e-05,3,A:E158A;A:H159E;A:N164Q
4K2U_HLA,A:E158A;A:H159E;A:N168T,eval,5e-05,3,A:E158A;A:H159E;A:N168T
4K2U_HLA,A:E158A;A:H159F,eval,5e-05,2,A:E158A;A:H159F
4K2U_HLA,A:E158A;A:H159F;A:Q171Y,eval,5e-05,3,A:E158A;A:H159F;A:Q171Y
4K2U_HLA,A:E158A;A:I169E;A:P170E,eval,5e-05,3,A:E158A;A:I169E;A:P170E
4K2U_HLA,A:E158A;A:I169E;A:Q171D,eval,5e-05,3,A:E158A;A:I169E;A:Q171D
4L5F_HLE,WT,both,,0,WT
4L5F_HLE,E:E311A;E:T329E;E:E362D,steer,0.00667,3,E:E311A;E:T329E;E:E362D
4L5F_HLE,E:E311A;E:T329V;E:E362D,steer,0.00667,3,E:E311A;E:T329V;E:E362D
4L5F_HLE,E:K310A;E:E311A,steer,0.00667,2,E:K310A;E:E311A
4L5F_HLE,E:K310A;E:E311A;E:E362D,steer,0.00667,3,E:K310A;E:E311A;E:E362D
4L5F_HLE,E:K310A;E:E311A;E:E362N,steer,0.00667,3,E:K310A;E:E311A;E:E362N
4L5F_HLE,E:K310A;E:E311A;E:K385G,steer,0.00667,3,E:K310A;E:E311A;E:K385G
4L5F_HLE,E:E311A;E:E362F,eval,0.00063,2,E:E311A;E:E362F
4L5F_HLE,E:E311A;E:E362F;E:K385G,eval,0.00063,3,E:E311A;E:E362F;E:K385G
4L5F_HLE,E:E311A;E:E362N;E:K385S,eval,0.00063,3,E:E311A;E:E362N;E:K385S
4L5F_HLE,E:E311A;E:E362Y,eval,0.00063,2,E:E311A;E:E362Y
4L5F_HLE,E:E311A;E:T329A;E:E362F,eval,0.00063,3,E:E311A;E:T329A;E:E362F
4L5F_HLE,E:E311A;E:T329A;E:E362Y,eval,0.00063,3,E:E311A;E:T329A;E:E362Y
4L5F_HLE,E:E311A;E:T329E;E:E362F,eval,0.00063,3,E:E311A;E:T329E;E:E362F
4L5F_HLE,E:E311A;E:T329E;E:E362Y,eval,0.00063,3,E:E311A;E:T329E;E:E362Y
4L5F_HLE,E:E311A;E:T329N;E:K385D,eval,0.00063,3,E:E311A;E:T329N;E:K385D
4L5F_HLE,E:E311A;E:T329N;E:K385N,eval,0.00063,3,E:E311A;E:T329N;E:K385N
4L5F_HLE,E:E311A;E:T329N;E:K385S,eval,0.00063,3,E:E311A;E:T329N;E:K385S
4L5F_HLE,E:E311A;E:T329N;E:K385T,eval,0.00063,3,E:E311A;E:T329N;E:K385T
4L5F_HLE,E:E311A;E:T329S;E:K385S,eval,0.00063,3,E:E311A;E:T329S;E:K385S
4L5F_HLE,E:E311A;E:T329S;E:K385T,eval,0.00063,3,E:E311A;E:T329S;E:K385T
4L5F_HLE,E:E311A;E:T329V;E:E362F,eval,0.00063,3,E:E311A;E:T329V;E:E362F
4L5F_HLE,E:E311A;E:T329V;E:E362Y,eval,0.00063,3,E:E311A;E:T329V;E:E362Y
4L5F_HLE,E:E311D,eval,0.00063,1,E:E311D
4L5F_HLE,E:E311D;E:E362D;E:K385D,eval,0.00063,3,E:E311D;E:E362D;E:K385D
4L5F_HLE,E:E311D;E:E362D;E:K385G,eval,0.00063,3,E:E311D;E:E362D;E:K385G
4L5F_HLE,E:E311D;E:E362D;E:K385N,eval,0.00063,3,E:E311D;E:E362D;E:K385N
4L5F_HLE,E:E311D;E:E362N,eval,0.00063,2,E:E311D;E:E362N
4L5F_HLE,E:E311D;E:E362N;E:K385G,eval,0.00063,3,E:E311D;E:E362N;E:K385G
4L5F_HLE,E:E311D;E:K385G,eval,0.00063,2,E:E311D;E:K385G
4L5F_HLE,E:E311D;E:T329A,eval,0.00063,2,E:E311D;E:T329A
4LMQ_HLD,WT,both,,0,WT
4LMQ_HLD,D:A19I;D:A21C;D:L55A,steer,0.00072,3,D:A19I;D:A21C;D:L55A
4LMQ_HLD,D:A19I;D:A21S;D:L55A,steer,0.00072,3,D:A19I;D:A21S;D:L55A
4LMQ_HLD,D:A19I;D:L55A,steer,0.00072,2,D:A19I;D:L55A
4LMQ_HLD,D:A19I;D:R20E;D:L55A,steer,0.00072,3,D:A19I;D:R20E;D:L55A
4LMQ_HLD,D:A19I;D:R20K;D:L55A,steer,0.00072,3,D:A19I;D:R20K;D:L55A
4LMQ_HLD,D:A19I;D:R20P;D:L55A,steer,0.00072,3,D:A19I;D:R20P;D:L55A
4LMQ_HLD,D:A19C;D:A21E;D:L55A,eval,9e-05,3,D:A19C;D:A21E;D:L55A
4LMQ_HLD,D:A19C;D:A21N;D:L55A,eval,9e-05,3,D:A19C;D:A21N;D:L55A
4LMQ_HLD,D:A19C;D:A21S;D:L55D,eval,9e-05,3,D:A19C;D:A21S;D:L55D
4LMQ_HLD,D:A19C;D:A21S;D:L55E,eval,9e-05,3,D:A19C;D:A21S;D:L55E
4LMQ_HLD,D:A19C;D:R20E;D:L55E,eval,9e-05,3,D:A19C;D:R20E;D:L55E
4LMQ_HLD,D:A19C;D:R20K;D:A21C,eval,9e-05,3,D:A19C;D:R20K;D:A21C
4LMQ_HLD,D:A19C;D:R20P;D:L55E,eval,9e-05,3,D:A19C;D:R20P;D:L55E
4LMQ_HLD,D:A19C;D:R20T;D:L55E,eval,9e-05,3,D:A19C;D:R20T;D:L55E
4LMQ_HLD,D:A19C;D:R47T;D:L55A,eval,9e-05,3,D:A19C;D:R47T;D:L55A
4LMQ_HLD,D:A19G;D:A21E;D:L55D,eval,9e-05,3,D:A19G;D:A21E;D:L55D
4LMQ_HLD,D:A19G;D:A21E;D:L55E,eval,9e-05,3,D:A19G;D:A21E;D:L55E
4LMQ_HLD,D:A19G;D:A21N;D:L55D,eval,9e-05,3,D:A19G;D:A21N;D:L55D
4LMQ_HLD,D:A19G;D:A21S,eval,9e-05,2,D:A19G;D:A21S
4LMQ_HLD,D:A19G;D:N44A;D:L55A,eval,9e-05,3,D:A19G;D:N44A;D:L55A
4LMQ_HLD,D:A19G;D:N46E;D:L55A,eval,9e-05,3,D:A19G;D:N46E;D:L55A
4LMQ_HLD,D:A19G;D:R20E;D:A21S,eval,9e-05,3,D:A19G;D:R20E;D:A21S
4LMQ_HLD,D:A19G;D:R20K;D:A21G,eval,9e-05,3,D:A19G;D:R20K;D:A21G
4LMQ_HLD,D:A19G;D:R20P;D:A21S,eval,9e-05,3,D:A19G;D:R20P;D:A21S
4LMQ_HLD,D:A19G;D:R20Q;D:A21C,eval,9e-05,3,D:A19G;D:R20Q;D:A21C
4LMQ_HLD,D:A19G;D:R20T;D:A21S,eval,9e-05,3,D:A19G;D:R20T;D:A21S
4LMQ_HLD,D:A19G;D:R47S;D:L55E,eval,9e-05,3,D:A19G;D:R47S;D:L55E
4LMQ_HLD,D:A19G;D:R47T;D:L55D,eval,9e-05,3,D:A19G;D:R47T;D:L55D
4LMQ_HLD,D:A19G;D:R47V;D:L55A,eval,9e-05,3,D:A19G;D:R47V;D:L55A
4LMQ_HLD,D:A19I;D:A21C;D:N45D,eval,9e-05,3,D:A19I;D:A21C;D:N45D
4NZT_HLM,WT,both,,0,WT
4NZT_HLM,M:D117E;M:R118L;M:F341S,steer,6e-05,3,M:D117E;M:R118L;M:F341S
4NZT_HLM,M:D117E;M:R118L;M:P119L,steer,6e-05,3,M:D117E;M:R118L;M:P119L
4NZT_HLM,M:D117K;M:P119L;M:F341N,steer,6e-05,3,M:D117K;M:P119L;M:F341N
4NZT_HLM,M:D117K;M:P119L;M:F341S,steer,6e-05,3,M:D117K;M:P119L;M:F341S
4NZT_HLM,M:D117K;M:R118I;M:F341N,steer,6e-05,3,M:D117K;M:R118I;M:F341N
4NZT_HLM,M:D117K;M:R118I;M:F341S,steer,6e-05,3,M:D117K;M:R118I;M:F341S
4NZT_HLM,M:A320D;M:E441L;M:P445S,eval,1e-05,3,M:A320D;M:E441L;M:P445S
4NZT_HLM,M:A320D;M:F341N;M:E431D,eval,1e-05,3,M:A320D;M:F341N;M:E431D
4NZT_HLM,M:A320D;M:F341N;M:E431S,eval,1e-05,3,M:A320D;M:F341N;M:E431S
4NZT_HLM,M:A320D;M:F341N;M:G446D,eval,1e-05,3,M:A320D;M:F341N;M:G446D
4NZT_HLM,M:A320D;M:F341N;M:G446N,eval,1e-05,3,M:A320D;M:F341N;M:G446N
4NZT_HLM,M:A320D;M:F341N;M:G446S,eval,1e-05,3,M:A320D;M:F341N;M:G446S
4NZT_HLM,M:A320D;M:F341S;M:A447K,eval,1e-05,3,M:A320D;M:F341S;M:A447K
4NZT_HLM,M:A320D;M:F341S;M:A447S,eval,1e-05,3,M:A320D;M:F341S;M:A447S
4NZT_HLM,M:A320D;M:F341S;M:A447V,eval,1e-05,3,M:A320D;M:F341S;M:A447V
4NZT_HLM,M:A320D;M:F341S;M:E431D,eval,1e-05,3,M:A320D;M:F341S;M:E431D
4NZT_HLM,M:A320D;M:F341S;M:E431S,eval,1e-05,3,M:A320D;M:F341S;M:E431S
4NZT_HLM,M:A320D;M:F341S;M:E453K,eval,1e-05,3,M:A320D;M:F341S;M:E453K
4NZT_HLM,M:A320D;M:F341S;M:F390N,eval,1e-05,3,M:A320D;M:F341S;M:F390N
4NZT_HLM,M:A320D;M:F341S;M:G446D,eval,1e-05,3,M:A320D;M:F341S;M:G446D
4NZT_HLM,M:A320D;M:F341S;M:G446N,eval,1e-05,3,M:A320D;M:F341S;M:G446N
4NZT_HLM,M:A320D;M:F341S;M:G446S,eval,1e-05,3,M:A320D;M:F341S;M:G446S
4NZT_HLM,M:A320D;M:N321T;M:F341N,eval,1e-05,3,M:A320D;M:N321T;M:F341N
4NZT_HLM,M:A320D;M:N321T;M:F341S,eval,1e-05,3,M:A320D;M:N321T;M:F341S
4NZT_HLM,M:A320E;M:F341N;M:P445K,eval,1e-05,3,M:A320E;M:F341N;M:P445K
4NZT_HLM,M:A320E;M:F341N;M:P445S,eval,1e-05,3,M:A320E;M:F341N;M:P445S
4NZT_HLM,M:A320E;M:F341S;M:E441L,eval,1e-05,3,M:A320E;M:F341S;M:E441L
4NZT_HLM,M:A320E;M:F341S;M:P445K,eval,1e-05,3,M:A320E;M:F341S;M:P445K
4NZT_HLM,M:A320E;M:F341S;M:P445S,eval,1e-05,3,M:A320E;M:F341S;M:P445S
4NZT_HLM,M:A320G;M:E431N;M:E441L,eval,1e-05,3,M:A320G;M:E431N;M:E441L
4OCL_FE,WT,both,,0,WT
4OCL_FE,E:D101H;E:A207D;E:K208F,steer,0.0005,3,E:D101H;E:A207D;E:K208F
4OCL_FE,E:D101H;E:Q102E;E:T206C,steer,0.0005,3,E:D101H;E:Q102E;E:T206C
4OCL_FE,E:D101H;E:Q102E;E:T206F,steer,0.0005,3,E:D101H;E:Q102E;E:T206F
4OCL_FE,E:D101K;E:Q102E;E:A207E,steer,0.0005,3,E:D101K;E:Q102E;E:A207E
4OCL_FE,E:D101K;E:Q102E;E:K208C,steer,0.0005,3,E:D101K;E:Q102E;E:K208C
4OCL_FE,E:D101N;E:Q102E;E:T206D,steer,0.0005,3,E:D101N;E:Q102E;E:T206D
4OCL_FE,E:D101H;E:A207C;E:K208E,eval,0.00016,3,E:D101H;E:A207C;E:K208E
4OCL_FE,E:D101H;E:A207G;E:K208D,eval,0.00016,3,E:D101H;E:A207G;E:K208D
4OCL_FE,E:D101H;E:Q102D;E:T206F,eval,0.00016,3,E:D101H;E:Q102D;E:T206F
4OCL_FE,E:D101H;E:Q102E;E:M103D,eval,0.00016,3,E:D101H;E:Q102E;E:M103D
4OCL_FE,E:D101H;E:Q102E;E:M103E,eval,0.00016,3,E:D101H;E:Q102E;E:M103E
4OCL_FE,E:D101H;E:Q102N;E:A207D,eval,0.00016,3,E:D101H;E:Q102N;E:A207D
4OCL_FE,E:D101H;E:Q102W;E:K208F,eval,0.00016,3,E:D101H;E:Q102W;E:K208F
4OCL_FE,E:D101H;E:T206C;E:K208A,eval,0.00016,3,E:D101H;E:T206C;E:K208A
4OCL_FE,E:D101H;E:T206C;E:K208E,eval,0.00016,3,E:D101H;E:T206C;E:K208E
4OCL_FE,E:D101H;E:T206D;E:A207D,eval,0.00016,3,E:D101H;E:T206D;E:A207D
4OCL_FE,E:D101H;E:T206E;E:A207D,eval,0.00016,3,E:D101H;E:T206E;E:A207D
4OCL_FE,E:D101H;E:T206F,eval,0.00016,2,E:D101H;E:T206F
4OCL_FE,E:D101H;E:T206F;E:A207E,eval,0.00016,3,E:D101H;E:T206F;E:A207E
4OCL_FE,E:D101K;E:A207E;E:K208A,eval,0.00016,3,E:D101K;E:A207E;E:K208A
4OCL_FE,E:D101K;E:K208A,eval,0.00016,2,E:D101K;E:K208A
4OCL_FE,E:D101K;E:K208E,eval,0.00016,2,E:D101K;E:K208E
4OCL_FE,E:D101K;E:Q102D;E:K208A,eval,0.00016,3,E:D101K;E:Q102D;E:K208A
4OCL_FE,E:D101K;E:Q102D;E:K208E,eval,0.00016,3,E:D101K;E:Q102D;E:K208E
4OCL_FE,E:D101K;E:T206C;E:K208F,eval,0.00016,3,E:D101K;E:T206C;E:K208F
4OCL_FE,E:D101K;E:T206F;E:K208F,eval,0.00016,3,E:D101K;E:T206F;E:K208F
4OCL_FE,E:D101N;E:A207D,eval,0.00016,2,E:D101N;E:A207D
4OCL_FE,E:D101N;E:A207D;E:K208C,eval,0.00016,3,E:D101N;E:A207D;E:K208C
4OCL_FE,E:D101N;E:A207D;E:K208D,eval,0.00016,3,E:D101N;E:A207D;E:K208D
4OCL_FE,E:D101N;E:M103K;E:K208F,eval,0.00016,3,E:D101N;E:M103K;E:K208F
4OII_HLA,WT,both,,0,WT
4OII_HLA,A:D208E;A:T209L;A:W232S,steer,0.00022,3,A:D208E;A:T209L;A:W232S
4OII_HLA,A:D208E;A:W232A;A:E289S,steer,0.00022,3,A:D208E;A:W232A;A:E289S
4OII_HLA,A:D208E;A:W232A;A:N351S,steer,0.00022,3,A:D208E;A:W232A;A:N351S
4OII_HLA,A:D208E;A:W232A;A:N351T,steer,0.00022,3,A:D208E;A:W232A;A:N351T
4OII_HLA,A:D208E;A:W232D;A:E289S,steer,0.00022,3,A:D208E;A:W232D;A:E289S
4OII_HLA,A:D208E;A:W232D;A:N351S,steer,0.00022,3,A:D208E;A:W232D;A:N351S
4OII_HLA,A:A352R,eval,3e-05,1,A:A352R
4OII_HLA,A:D208E,eval,3e-05,1,A:D208E
4OII_HLA,A:D208E;A:A352K,eval,3e-05,2,A:D208E;A:A352K
4OII_HLA,A:D208E;A:A352V,eval,3e-05,2,A:D208E;A:A352V
4OII_HLA,A:D208E;A:D234E;A:E289P,eval,3e-05,3,A:D208E;A:D234E;A:E289P
4OII_HLA,A:D208E;A:D234E;A:G259L,eval,3e-05,3,A:D208E;A:D234E;A:G259L
4OII_HLA,A:D208E;A:D234K;A:E289P,eval,3e-05,3,A:D208E;A:D234K;A:E289P
4OII_HLA,A:D208E;A:D234K;A:G259L,eval,3e-05,3,A:D208E;A:D234K;A:G259L
4OII_HLA,A:D208E;A:D234N;A:A352R,eval,3e-05,3,A:D208E;A:D234N;A:A352R
4OII_HLA,A:D208E;A:D234N;A:E289A,eval,3e-05,3,A:D208E;A:D234N;A:E289A
4OII_HLA,A:D208E;A:D234N;A:E289P,eval,3e-05,3,A:D208E;A:D234N;A:E289P
4OII_HLA,A:D208E;A:D234N;A:N351V,eval,3e-05,3,A:D208E;A:D234N;A:N351V
4OII_HLA,A:D208E;A:D234S;A:E289Q,eval,3e-05,3,A:D208E;A:D234S;A:E289Q
4OII_HLA,A:D208E;A:D234S;A:G235D,eval,3e-05,3,A:D208E;A:D234S;A:G235D
4OII_HLA,A:D208E;A:D234S;A:G235K,eval,3e-05,3,A:D208E;A:D234S;A:G235K
4OII_HLA,A:D208E;A:D234S;A:L237D,eval,3e-05,3,A:D208E;A:D234S;A:L237D
4OII_HLA,A:D208E;A:D234S;A:L237E,eval,3e-05,3,A:D208E;A:D234S;A:L237E
4OII_HLA,A:D208E;A:D234S;A:P258E,eval,3e-05,3,A:D208E;A:D234S;A:P258E
4OII_HLA,A:D208E;A:D234S;A:P258Q,eval,3e-05,3,A:D208E;A:D234S;A:P258Q
4OII_HLA,A:D208E;A:D234S;A:S290A,eval,3e-05,3,A:D208E;A:D234S;A:S290A
4OII_HLA,A:D208E;A:D234T,eval,3e-05,2,A:D208E;A:D234T
4OII_HLA,A:D208E;A:E289A;A:A352H,eval,3e-05,3,A:D208E;A:E289A;A:A352H
4OII_HLA,A:D208E;A:E289A;A:S290A,eval,3e-05,3,A:D208E;A:E289A;A:S290A
4OII_HLA,A:D208E;A:E289D,eval,3e-05,2,A:D208E;A:E289D
4UT9_HLA,WT,both,,0,WT
4UT9_HLA,A:N67A;A:N83C;A:H244A,steer,0.00038,3,A:N67A;A:N83C;A:H244A
4UT9_HLA,A:N67A;A:N83C;A:H244D,steer,0.00038,3,A:N67A;A:N83C;A:H244D
4UT9_HLA,A:N67A;A:N83C;A:H244E,steer,0.00038,3,A:N67A;A:N83C;A:H244E
4UT9_HLA,A:N67A;A:N83E;A:H244D,steer,0.00038,3,A:N67A;A:N83E;A:H244D
4UT9_HLA,A:N67A;A:N83E;A:H244E,steer,0.00038,3,A:N67A;A:N83E;A:H244E
4UT9_HLA,A:N67A;A:N83F;A:H244E,steer,0.00038,3,A:N67A;A:N83F;A:H244E
4UT9_HLA,A:D249A,eval,4e-05,1,A:D249A
4UT9_HLA,A:D249G,eval,4e-05,1,A:D249G
4UT9_HLA,A:G102A;A:G104A;A:H244E,eval,4e-05,3,A:G102A;A:G104A;A:H244E
4UT9_HLA,A:G102A;A:G104D;A:H244E,eval,4e-05,3,A:G102A;A:G104D;A:H244E
4UT9_HLA,A:G102A;A:G104F;A:H244E,eval,4e-05,3,A:G102A;A:G104F;A:H244E
4UT9_HLA,A:G102A;A:G106A;A:H244D,eval,4e-05,3,A:G102A;A:G106A;A:H244D
4UT9_HLA,A:G102A;A:G106A;A:H244E,eval,4e-05,3,A:G102A;A:G106A;A:H244E
4UT9_HLA,A:G102A;A:G106D;A:H244D,eval,4e-05,3,A:G102A;A:G106D;A:H244D
4UT9_HLA,A:G102A;A:G106D;A:H244E,eval,4e-05,3,A:G102A;A:G106D;A:H244E
4UT9_HLA,A:G102A;A:G106E;A:H244A,eval,4e-05,3,A:G102A;A:G106E;A:H244A
4UT9_HLA,A:G102A;A:G106E;A:H244D,eval,4e-05,3,A:G102A;A:G106E;A:H244D
4UT9_HLA,A:G102A;A:G106F;A:H244E,eval,4e-05,3,A:G102A;A:G106F;A:H244E
4UT9_HLA,A:G102A;A:H244A,eval,4e-05,2,A:G102A;A:H244A
4UT9_HLA,A:G102A;A:H244A;A:D249F,eval,4e-05,3,A:G102A;A:H244A;A:D249F
4UT9_HLA,A:G102A;A:H244D;A:D249F,eval,4e-05,3,A:G102A;A:H244D;A:D249F
4UT9_HLA,A:G102A;A:H244E;A:D249F,eval,4e-05,3,A:G102A;A:H244E;A:D249F
4UT9_HLA,A:G102A;A:H244F;A:D249E,eval,4e-05,3,A:G102A;A:H244F;A:D249E
4UT9_HLA,A:G102A;A:K241E;A:H244A,eval,4e-05,3,A:G102A;A:K241E;A:H244A
4UT9_HLA,A:G102A;A:K241E;A:H244D,eval,4e-05,3,A:G102A;A:K241E;A:H244D
4UT9_HLA,A:G102A;A:N103A;A:D249A,eval,4e-05,3,A:G102A;A:N103A;A:D249A
4UT9_HLA,A:G102A;A:N103A;A:D249G,eval,4e-05,3,A:G102A;A:N103A;A:D249G
4UT9_HLA,A:G102A;A:N103A;A:H244F,eval,4e-05,3,A:G102A;A:N103A;A:H244F
4UT9_HLA,A:G102A;A:N103D;A:H244F,eval,4e-05,3,A:G102A;A:N103D;A:H244F
4UT9_HLA,A:G102A;A:N103E;A:D249A,eval,4e-05,3,A:G102A;A:N103E;A:D249A
4UTA_HLB,WT,both,,0,WT
4UTA_HLB,B:N67A;B:N83E;B:N103S,steer,0.00039,3,B:N67A;B:N83E;B:N103S
4UTA_HLB,B:N67A;B:N83P;B:N103S,steer,0.00039,3,B:N67A;B:N83P;B:N103S
4UTA_HLB,B:N67A;B:N83S;B:N103S,steer,0.00039,3,B:N67A;B:N83S;B:N103S
4UTA_HLB,B:N67A;B:Q77A;B:N83E,steer,0.00039,3,B:N67A;B:Q77A;B:N83E
4UTA_HLB,B:N67A;B:Q77A;B:N83S,steer,0.00039,3,B:N67A;B:Q77A;B:N83S
4UTA_HLB,B:N67A;B:Q77D;B:N103S,steer,0.00039,3,B:N67A;B:Q77D;B:N103S
4UTA_HLB,B:G102D;B:N103D;B:K247E,eval,5e-05,3,B:G102D;B:N103D;B:K247E
4UTA_HLB,B:G102D;B:N103S;B:G106E,eval,5e-05,3,B:G102D;B:N103S;B:G106E
4UTA_HLB,B:G102D;B:N103S;B:K247F,eval,5e-05,3,B:G102D;B:N103S;B:K247F
4UTA_HLB,B:G102D;B:N103T;B:K247A,eval,5e-05,3,B:G102D;B:N103T;B:K247A
4UTA_HLB,B:G102D;B:N103T;B:K247E,eval,5e-05,3,B:G102D;B:N103T;B:K247E
4UTA_HLB,B:G102D;B:N103V;B:K247E,eval,5e-05,3,B:G102D;B:N103V;B:K247E
4UTA_HLB,B:G102E;B:G106E;B:K247E,eval,5e-05,3,B:G102E;B:G106E;B:K247E
4UTA_HLB,B:G102E;B:G106S;B:K247E,eval,5e-05,3,B:G102E;B:G106S;B:K247E
4UTA_HLB,B:G102E;B:K247E,eval,5e-05,2,B:G102E;B:K247E
4UTA_HLB,B:G102E;B:N103D,eval,5e-05,2,B:G102E;B:N103D
4UTA_HLB,B:G102E;B:N103D;B:G106E,eval,5e-05,3,B:G102E;B:N103D;B:G106E
4UTA_HLB,B:G102E;B:N103D;B:G106S,eval,5e-05,3,B:G102E;B:N103D;B:G106S
4UTA_HLB,B:G102E;B:N103D;B:K247A,eval,5e-05,3,B:G102E;B:N103D;B:K247A
4UTA_HLB,B:G102E;B:N103D;B:K247D,eval,5e-05,3,B:G102E;B:N103D;B:K247D
4UTA_HLB,B:G102E;B:N103R,eval,5e-05,2,B:G102E;B:N103R
4UTA_HLB,B:G102E;B:N103S;B:G106P,eval,5e-05,3,B:G102E;B:N103S;B:G106P
4UTA_HLB,B:G102E;B:N103T;B:G106E,eval,5e-05,3,B:G102E;B:N103T;B:G106E
4UTA_HLB,B:G102E;B:N103T;B:K247F,eval,5e-05,3,B:G102E;B:N103T;B:K247F
4UTA_HLB,B:G102E;B:N103V,eval,5e-05,2,B:G102E;B:N103V
4UTA_HLB,B:G102E;B:N103V;B:G106E,eval,5e-05,3,B:G102E;B:N103V;B:G106E
4UTA_HLB,B:G102N;B:N103S,eval,5e-05,2,B:G102N;B:N103S
4UTA_HLB,B:G102N;B:N103S;B:G106E,eval,5e-05,3,B:G102N;B:N103S;B:G106E
4UTA_HLB,B:G102N;B:N103S;B:G106S,eval,5e-05,3,B:G102N;B:N103S;B:G106S
4UTA_HLB,B:G102N;B:N103S;B:K247A,eval,5e-05,3,B:G102N;B:N103S;B:K247A
4YBL_HLG,WT,both,,0,WT
4YBL_HLG,G:A60S;G:D113A;G:Q114T,steer,0.0037,3,G:A60S;G:D113A;G:Q114T
4YBL_HLG,G:A60S;G:E62T;G:D113A,steer,0.0037,3,G:A60S;G:E62T;G:D113A
4YBL_HLG,G:A60S;G:E62T;G:Q114T,steer,0.0037,3,G:A60S;G:E62T;G:Q114T
4YBL_HLG,G:K59E;G:A60N;G:D113A,steer,0.0037,3,G:K59E;G:A60N;G:D113A
4YBL_HLG,G:K59E;G:A60N;G:Q114T,steer,0.0037,3,G:K59E;G:A60N;G:Q114T
4YBL_HLG,G:K59E;G:A60S;G:E62T,steer,0.0037,3,G:K59E;G:A60S;G:E62T
4YBL_HLG,G:A60D;G:D113A;G:A221D,eval,0.00016,3,G:A60D;G:D113A;G:A221D
4YBL_HLG,G:A60D;G:D113A;G:A221F,eval,0.00016,3,G:A60D;G:D113A;G:A221F
4YBL_HLG,G:A60D;G:E62T;G:A221E,eval,0.00016,3,G:A60D;G:E62T;G:A221E
4YBL_HLG,G:A60D;G:E62T;G:D113S,eval,0.00016,3,G:A60D;G:E62T;G:D113S
4YBL_HLG,G:A60D;G:E62T;G:Q114N,eval,0.00016,3,G:A60D;G:E62T;G:Q114N
4YBL_HLG,G:A60E;G:D113A;G:A221C,eval,0.00016,3,G:A60E;G:D113A;G:A221C
4YBL_HLG,G:A60E;G:D113A;G:A221D,eval,0.00016,3,G:A60E;G:D113A;G:A221D
4YBL_HLG,G:A60E;G:D113A;G:A221F,eval,0.00016,3,G:A60E;G:D113A;G:A221F
4YBL_HLG,G:A60E;G:D113A;G:G222E,eval,0.00016,3,G:A60E;G:D113A;G:G222E
4YBL_HLG,G:A60E;G:E62T;G:A221E,eval,0.00016,3,G:A60E;G:E62T;G:A221E
4YBL_HLG,G:A60E;G:E62T;G:D113S,eval,0.00016,3,G:A60E;G:E62T;G:D113S
4YBL_HLG,G:A60E;G:Q114T;G:A221D,eval,0.00016,3,G:A60E;G:Q114T;G:A221D
4YBL_HLG,G:A60E;G:Q114T;G:A221F,eval,0.00016,3,G:A60E;G:Q114T;G:A221F
4YBL_HLG,G:A60N;G:A73S;G:Q114L,eval,0.00016,3,G:A60N;G:A73S;G:Q114L
4YBL_HLG,G:A60N;G:A73S;G:Q114S,eval,0.00016,3,G:A60N;G:A73S;G:Q114S
4YBL_HLG,G:A60N;G:A73T;G:Q114T,eval,0.00016,3,G:A60N;G:A73T;G:Q114T
4YBL_HLG,G:A60N;G:D113E;G:Q114L,eval,0.00016,3,G:A60N;G:D113E;G:Q114L
4YBL_HLG,G:A60N;G:D113E;G:Q114S,eval,0.00016,3,G:A60N;G:D113E;G:Q114S
4YBL_HLG,G:A60N;G:D113N;G:Q114L,eval,0.00016,3,G:A60N;G:D113N;G:Q114L
4YBL_HLG,G:A60N;G:D113N;G:Q114S,eval,0.00016,3,G:A60N;G:D113N;G:Q114S
4YBL_HLG,G:A60N;G:D113S;G:A221C,eval,0.00016,3,G:A60N;G:D113S;G:A221C
4YBL_HLG,G:A60N;G:D113S;G:A221D,eval,0.00016,3,G:A60N;G:D113S;G:A221D
4YBL_HLG,G:A60N;G:D113S;G:A221F,eval,0.00016,3,G:A60N;G:D113S;G:A221F
4YBL_HLG,G:A60N;G:D113S;G:G222E,eval,0.00016,3,G:A60N;G:D113S;G:G222E
4YGA_DC,WT,both,,0,WT
4YGA_DC,C:F416A;C:F467A;C:T476D,steer,0.00076,3,C:F416A;C:F467A;C:T476D
4YGA_DC,C:F416A;C:F467A;C:T476E,steer,0.00076,3,C:F416A;C:F467A;C:T476E
4YGA_DC,C:F416A;C:F467A;C:V469D,steer,0.00076,3,C:F416A;C:F467A;C:V469D
4YGA_DC,C:F416A;C:I466A;C:S470D,steer,0.00076,3,C:F416A;C:I466A;C:S470D
4YGA_DC,C:F416A;C:I466A;C:S470E,steer,0.00076,3,C:F416A;C:I466A;C:S470E
4YGA_DC,C:F416A;C:I466A;C:T476D,steer,0.00076,3,C:F416A;C:I466A;C:T476D
4YGA_DC,C:D372S;C:F416A;C:M449D,eval,8e-05,3,C:D372S;C:F416A;C:M449D
4YGA_DC,C:D372S;C:F416C;C:I466A,eval,8e-05,3,C:D372S;C:F416C;C:I466A
4YGA_DC,C:D372S;C:F416C;C:M449A,eval,8e-05,3,C:D372S;C:F416C;C:M449A
4YGA_DC,C:D372S;C:F416D;C:T476E,eval,8e-05,3,C:D372S;C:F416D;C:T476E
4YGA_DC,C:D372S;C:F416E;C:S470A,eval,8e-05,3,C:D372S;C:F416E;C:S470A
4YGA_DC,C:D372S;C:F416E;C:T476F,eval,8e-05,3,C:D372S;C:F416E;C:T476F
4YGA_DC,C:D372S;C:F416G;C:S470D,eval,8e-05,3,C:D372S;C:F416G;C:S470D
4YGA_DC,C:D372S;C:F416G;C:S470E,eval,8e-05,3,C:D372S;C:F416G;C:S470E
4YGA_DC,C:D372S;C:F416G;C:V469E,eval,8e-05,3,C:D372S;C:F416G;C:V469E
4YGA_DC,C:D372S;C:F467A;C:V469D,eval,8e-05,3,C:D372S;C:F467A;C:V469D
4YGA_DC,C:D372S;C:I466A;C:S470D,eval,8e-05,3,C:D372S;C:I466A;C:S470D
4YGA_DC,C:D372S;C:I466A;C:S470E,eval,8e-05,3,C:D372S;C:I466A;C:S470E
4YGA_DC,C:D372S;C:I466A;C:V469E,eval,8e-05,3,C:D372S;C:I466A;C:V469E
4YGA_DC,C:D372S;C:I466E;C:V469D,eval,8e-05,3,C:D372S;C:I466E;C:V469D
4YGA_DC,C:D372S;C:M449A;C:S470D,eval,8e-05,3,C:D372S;C:M449A;C:S470D
4YGA_DC,C:D372S;C:M449A;C:V469E,eval,8e-05,3,C:D372S;C:M449A;C:V469E
4YGA_DC,C:D372S;C:M449E;C:V469D,eval,8e-05,3,C:D372S;C:M449E;C:V469D
4YGA_DC,C:D372S;C:M449F;C:T476D,eval,8e-05,3,C:D372S;C:M449F;C:T476D
4YGA_DC,C:D372S;C:M449F;C:V469D,eval,8e-05,3,C:D372S;C:M449F;C:V469D
4YGA_DC,C:D372S;C:V414A;C:F416E,eval,8e-05,3,C:D372S;C:V414A;C:F416E
4YGA_DC,C:D372S;C:V414F;C:F416E,eval,8e-05,3,C:D372S;C:V414F;C:F416E
4YGA_DC,C:D372S;C:V469A;C:T476E,eval,8e-05,3,C:D372S;C:V469A;C:T476E
4YGA_DC,C:F416A;C:F467C;C:S470F,eval,8e-05,3,C:F416A;C:F467C;C:S470F
4YGA_DC,C:F416A;C:F467D;C:S470A,eval,8e-05,3,C:F416A;C:F467D;C:S470A
4ZPT_HLS,WT,both,,0,WT
4ZPT_HLS,S:L495S;S:W535L;S:E549L,steer,0.00056,3,S:L495S;S:W535L;S:E549L
4ZPT_HLS,S:L495S;S:W535L;S:E549S,steer,0.00056,3,S:L495S;S:W535L;S:E549S
4ZPT_HLS,S:L495S;S:W535L;S:P547S,steer,0.00056,3,S:L495S;S:W535L;S:P547S
4ZPT_HLS,S:L495S;S:W535V;S:E549S,steer,0.00056,3,S:L495S;S:W535V;S:E549S
4ZPT_HLS,S:L495T;S:W535L;S:E549S,steer,0.00056,3,S:L495T;S:W535L;S:E549S
4ZPT_HLS,S:P387A;S:W535I;S:E549S,steer,0.00056,3,S:P387A;S:W535I;S:E549S
4ZPT_HLS,S:L402E;S:A562S,eval,6e-05,2,S:L402E;S:A562S
4ZPT_HLS,S:L402E;S:A562T,eval,6e-05,2,S:L402E;S:A562T
4ZPT_HLS,S:L402E;S:E549A;S:A562D,eval,6e-05,3,S:L402E;S:E549A;S:A562D
4ZPT_HLS,S:L402E;S:E549A;S:A562E,eval,6e-05,3,S:L402E;S:E549A;S:A562E
4ZPT_HLS,S:L402E;S:E549A;S:A562P,eval,6e-05,3,S:L402E;S:E549A;S:A562P
4ZPT_HLS,S:L402E;S:E549D;S:A562T,eval,6e-05,3,S:L402E;S:E549D;S:A562T
4ZPT_HLS,S:L402E;S:E549Q;S:A562S,eval,6e-05,3,S:L402E;S:E549Q;S:A562S
4ZPT_HLS,S:L402E;S:E549Q;S:A562T,eval,6e-05,3,S:L402E;S:E549Q;S:A562T
4ZPT_HLS,S:L402E;S:L495D;S:W535F,eval,6e-05,3,S:L402E;S:L495D;S:W535F
4ZPT_HLS,S:L402E;S:L495D;S:W535I,eval,6e-05,3,S:L402E;S:L495D;S:W535I
4ZPT_HLS,S:L402E;S:L495E;S:W535F,eval,6e-05,3,S:L402E;S:L495E;S:W535F
4ZPT_HLS,S:L402E;S:L495E;S:W535I,eval,6e-05,3,S:L402E;S:L495E;S:W535I
4ZPT_HLS,S:L402E;S:L495P;S:E549S,eval,6e-05,3,S:L402E;S:L495P;S:E549S
4ZPT_HLS,S:L402E;S:L495P;S:W535F,eval,6e-05,3,S:L402E;S:L495P;S:W535F
4ZPT_HLS,S:L402E;S:L495P;S:W535Y,eval,6e-05,3,S:L402E;S:L495P;S:W535Y
4ZPT_HLS,S:L402E;S:L495S;S:A562S,eval,6e-05,3,S:L402E;S:L495S;S:A562S
4ZPT_HLS,S:L402E;S:L495S;S:A562T,eval,6e-05,3,S:L402E;S:L495S;S:A562T
4ZPT_HLS,S:L402E;S:L495S;S:E549A,eval,6e-05,3,S:L402E;S:L495S;S:E549A
4ZPT_HLS,S:L402E;S:L495S;S:P547A,eval,6e-05,3,S:L402E;S:L495S;S:P547A
4ZPT_HLS,S:L402E;S:L495S;S:P547E,eval,6e-05,3,S:L402E;S:L495S;S:P547E
4ZPT_HLS,S:L402E;S:L495S;S:P547K,eval,6e-05,3,S:L402E;S:L495S;S:P547K
4ZPT_HLS,S:L402E;S:L495T;S:E549A,eval,6e-05,3,S:L402E;S:L495T;S:E549A
4ZPT_HLS,S:L402E;S:L548A;S:E549A,eval,6e-05,3,S:L402E;S:L548A;S:E549A
4ZPT_HLS,S:L402E;S:L548A;S:E549L,eval,6e-05,3,S:L402E;S:L548A;S:E549L
5ANM_HLE,WT,both,,0,WT
5ANM_HLE,E:D473A;E:K497P;E:G500S,steer,0.00029,3,E:D473A;E:K497P;E:G500S
5ANM_HLE,E:D473E;E:K497A;E:G500S,steer,0.00029,3,E:D473E;E:K497A;E:G500S
5ANM_HLE,E:D473E;E:K497E;E:G500S,steer,0.00029,3,E:D473E;E:K497E;E:G500S
5ANM_HLE,E:D473E;E:K497P;E:G500K,steer,0.00029,3,E:D473E;E:K497P;E:G500K
5ANM_HLE,E:D473E;E:K497P;E:G500S,steer,0.00029,3,E:D473E;E:K497P;E:G500S
5ANM_HLE,E:D473E;E:R496E;E:G500S,steer,0.00029,3,E:D473E;E:R496E;E:G500S
5ANM_HLE,E:D473A;E:K497A,eval,4e-05,2,E:D473A;E:K497A
5ANM_HLE,E:D473A;E:K497A;E:G500D,eval,4e-05,3,E:D473A;E:K497A;E:G500D
5ANM_HLE,E:D473A;E:K497A;E:G500E,eval,4e-05,3,E:D473A;E:K497A;E:G500E
5ANM_HLE,E:D473A;E:K497A;E:G500N,eval,4e-05,3,E:D473A;E:K497A;E:G500N
5ANM_HLE,E:D473A;E:K497E,eval,4e-05,2,E:D473A;E:K497E
5ANM_HLE,E:D473A;E:K497E;E:G500D,eval,4e-05,3,E:D473A;E:K497E;E:G500D
5ANM_HLE,E:D473A;E:K497E;E:G500E,eval,4e-05,3,E:D473A;E:K497E;E:G500E
5ANM_HLE,E:D473A;E:K497E;E:G500N,eval,4e-05,3,E:D473A;E:K497E;E:G500N
5ANM_HLE,E:D473A;E:K497Q;E:G500K,eval,4e-05,3,E:D473A;E:K497Q;E:G500K
5ANM_HLE,E:D473A;E:R496E,eval,4e-05,2,E:D473A;E:R496E
5ANM_HLE,E:D473A;E:R496E;E:G500E,eval,4e-05,3,E:D473A;E:R496E;E:G500E
5ANM_HLE,E:D473A;E:R496E;E:K497Q,eval,4e-05,3,E:D473A;E:R496E;E:K497Q
5ANM_HLE,E:D473A;E:R496E;E:K497R,eval,4e-05,3,E:D473A;E:R496E;E:K497R
5ANM_HLE,E:D473A;E:R496K;E:K497A,eval,4e-05,3,E:D473A;E:R496K;E:K497A
5ANM_HLE,E:D473A;E:R496K;E:K497E,eval,4e-05,3,E:D473A;E:R496K;E:K497E
5ANM_HLE,E:D473A;E:R496T;E:G500D,eval,4e-05,3,E:D473A;E:R496T;E:G500D
5ANM_HLE,E:D473A;E:R496T;E:G500N,eval,4e-05,3,E:D473A;E:R496T;E:G500N
5ANM_HLE,E:D473A;E:R496V;E:K497A,eval,4e-05,3,E:D473A;E:R496V;E:K497A
5ANM_HLE,E:D473A;E:R496V;E:K497E,eval,4e-05,3,E:D473A;E:R496V;E:K497E
5ANM_HLE,E:D473E;E:G500D,eval,4e-05,2,E:D473E;E:G500D
5ANM_HLE,E:D473E;E:G500N,eval,4e-05,2,E:D473E;E:G500N
5ANM_HLE,E:D473E;E:K497R;E:G500N,eval,4e-05,3,E:D473E;E:K497R;E:G500N
5ANM_HLE,E:D473E;E:R496K;E:G500N,eval,4e-05,3,E:D473E;E:R496K;E:G500N
5ANM_HLE,E:D473E;E:R496Q,eval,4e-05,2,E:D473E;E:R496Q
5CZX_HLA,WT,both,,0,WT
5CZX_HLA,A:G1462R;A:K1473D;A:Q1486P,steer,0.00019,3,A:G1462R;A:K1473D;A:Q1486P
5CZX_HLA,A:G1462R;A:K1473Q;A:Q1486P,steer,0.00019,3,A:G1462R;A:K1473Q;A:Q1486P
5CZX_HLA,A:G1462R;A:K1473R;A:Q1486P,steer,0.00019,3,A:G1462R;A:K1473R;A:Q1486P
5CZX_HLA,A:G1462R;A:Q1486P;A:G1487A,steer,0.00019,3,A:G1462R;A:Q1486P;A:G1487A
5CZX_HLA,A:G1462R;A:T1466R;A:G1487A,steer,0.00019,3,A:G1462R;A:T1466R;A:G1487A
5CZX_HLA,A:G1462R;A:T1466R;A:K1473R,steer,0.00019,3,A:G1462R;A:T1466R;A:K1473R
5CZX_HLA,A:D1621A;A:F1622A,eval,2e-05,2,A:D1621A;A:F1622A
5CZX_HLA,A:D1621A;A:F1622A;A:P1623D,eval,2e-05,3,A:D1621A;A:F1622A;A:P1623D
5CZX_HLA,A:D1621A;A:F1622A;A:P1623E,eval,2e-05,3,A:D1621A;A:F1622A;A:P1623E
5CZX_HLA,A:D1621A;A:F1622A;A:P1623F,eval,2e-05,3,A:D1621A;A:F1622A;A:P1623F
5CZX_HLA,A:D1621A;A:P1623A,eval,2e-05,2,A:D1621A;A:P1623A
5CZX_HLA,A:D1621E;A:F1622A;A:P1623A,eval,2e-05,3,A:D1621E;A:F1622A;A:P1623A
5CZX_HLA,A:D1621G;A:F1622A,eval,2e-05,2,A:D1621G;A:F1622A
5CZX_HLA,A:E1618A;A:D1621A,eval,2e-05,2,A:E1618A;A:D1621A
5CZX_HLA,A:E1618A;A:D1621A;A:F1622E,eval,2e-05,3,A:E1618A;A:D1621A;A:F1622E
5CZX_HLA,A:E1618A;A:D1621A;A:P1623D,eval,2e-05,3,A:E1618A;A:D1621A;A:P1623D
5CZX_HLA,A:E1618A;A:D1621E;A:F1622A,eval,2e-05,3,A:E1618A;A:D1621E;A:F1622A
5CZX_HLA,A:E1618A;A:D1621E;A:P1623A,eval,2e-05,3,A:E1618A;A:D1621E;A:P1623A
5CZX_HLA,A:E1618A;A:D1621G,eval,2e-05,2,A:E1618A;A:D1621G
5CZX_HLA,A:E1618A;A:F1622A;A:P1623D,eval,2e-05,3,A:E1618A;A:F1622A;A:P1623D
5CZX_HLA,A:E1618A;A:F1622A;A:P1623E,eval,2e-05,3,A:E1618A;A:F1622A;A:P1623E
5CZX_HLA,A:E1618A;A:F1622A;A:P1623F,eval,2e-05,3,A:E1618A;A:F1622A;A:P1623F
5CZX_HLA,A:E1618A;A:F1622E;A:P1623A,eval,2e-05,3,A:E1618A;A:F1622E;A:P1623A
5CZX_HLA,A:E1618A;A:F1622G,eval,2e-05,2,A:E1618A;A:F1622G
5CZX_HLA,A:E1618A;A:L1620A;A:D1621A,eval,2e-05,3,A:E1618A;A:L1620A;A:D1621A
5CZX_HLA,A:E1618A;A:L1620A;A:F1622A,eval,2e-05,3,A:E1618A;A:L1620A;A:F1622A
5CZX_HLA,A:E1618A;A:L1620A;A:P1623A,eval,2e-05,3,A:E1618A;A:L1620A;A:P1623A
5CZX_HLA,A:E1618A;A:P1623A,eval,2e-05,2,A:E1618A;A:P1623A
5CZX_HLA,A:E1618D;A:D1621A;A:F1622A,eval,2e-05,3,A:E1618D;A:D1621A;A:F1622A
5CZX_HLA,A:E1618D;A:F1622A;A:P1623A,eval,2e-05,3,A:E1618D;A:F1622A;A:P1623A
5DUM_HLA,WT,both,,0,WT
5DUM_HLA,A:D124F;A:R162A;A:T167D,steer,0.03333,3,A:D124F;A:R162A;A:T167D
5DUM_HLA,A:R162A;A:T167D,steer,0.03333,2,A:R162A;A:T167D
5DUM_HLA,A:S120A;A:R162A;A:T167D,steer,0.03333,3,A:S120A;A:R162A;A:T167D
5DUM_HLA,A:D124A;A:R162A;A:T167D,steer,0.0125,3,A:D124A;A:R162A;A:T167D
5DUM_HLA,A:D124E;A:R162A;A:T167D,steer,0.0125,3,A:D124E;A:R162A;A:T167D
5DUM_HLA,A:D124F;A:R162A;A:T167E,steer,0.0125,3,A:D124F;A:R162A;A:T167E
5DUM_HLA,A:D124A;A:R162A;A:T167A,eval,0.00263,3,A:D124A;A:R162A;A:T167A
5DUM_HLA,A:D124F;A:R162D;A:N168D,eval,0.00263,3,A:D124F;A:R162D;A:N168D
5DUM_HLA,A:D124G;A:R162A;A:T167A,eval,0.00263,3,A:D124G;A:R162A;A:T167A
5DUM_HLA,A:D124G;A:R162E;A:T167E,eval,0.00263,3,A:D124G;A:R162E;A:T167E
5DUM_HLA,A:S120A;A:D124G;A:T167E,eval,0.00263,3,A:S120A;A:D124G;A:T167E
5DUM_HLA,A:S120A;A:R162A;A:T167F,eval,0.00263,3,A:S120A;A:R162A;A:T167F
5DUM_HLA,A:S120A;A:R162D;A:N168D,eval,0.00263,3,A:S120A;A:R162D;A:N168D
5DUM_HLA,A:S120A;A:S121A;A:R162A,eval,0.00263,3,A:S120A;A:S121A;A:R162A
5DUM_HLA,A:S120A;A:S121A;A:T167D,eval,0.00263,3,A:S120A;A:S121A;A:T167D
5DUM_HLA,A:S120A;A:S123T;A:N168D,eval,0.00263,3,A:S120A;A:S123T;A:N168D
5DUM_HLA,A:S120A;A:S123T;A:R162D,eval,0.00263,3,A:S120A;A:S123T;A:R162D
5DUM_HLA,A:S120D;A:D124E;A:R162A,eval,0.00263,3,A:S120D;A:D124E;A:R162A
5DUM_HLA,A:S120D;A:D124E;A:T167D,eval,0.00263,3,A:S120D;A:D124E;A:T167D
5DUM_HLA,A:S120D;A:D124F;A:T167E,eval,0.00263,3,A:S120D;A:D124F;A:T167E
5DUM_HLA,A:S120D;A:R162A;A:N168E,eval,0.00263,3,A:S120D;A:R162A;A:N168E
5DUM_HLA,A:S120D;A:R162E;A:T167E,eval,0.00263,3,A:S120D;A:R162E;A:T167E
5DUM_HLA,A:S120E;A:R162A;A:N168D,eval,0.00263,3,A:S120E;A:R162A;A:N168D
5DUM_HLA,A:S120E;A:R162D;A:T167D,eval,0.00263,3,A:S120E;A:R162D;A:T167D
5DUM_HLA,A:S120E;A:S123T;A:R162A,eval,0.00263,3,A:S120E;A:S123T;A:R162A
5DUM_HLA,A:S120E;A:S123T;A:T167D,eval,0.00263,3,A:S120E;A:S123T;A:T167D
5DUM_HLA,A:S120E;A:T167D;A:N168D,eval,0.00263,3,A:S120E;A:T167D;A:N168D
5DUM_HLA,A:S120F;A:R162E;A:T167D,eval,0.00263,3,A:S120F;A:R162E;A:T167D
5DUM_HLA,A:S121A;A:D124F;A:R162A,eval,0.00263,3,A:S121A;A:D124F;A:R162A
5DUM_HLA,A:S121A;A:D124F;A:T167D,eval,0.00263,3,A:S121A;A:D124F;A:T167D
5DUR_HLC,WT,both,,0,WT
5DUR_HLC,C:E69A;C:S128N;C:Q138H,steer,0.00034,3,C:E69A;C:S128N;C:Q138H
5DUR_HLC,C:E69A;C:S128N;C:Q169D,steer,0.00034,3,C:E69A;C:S128N;C:Q169D
5DUR_HLC,C:E69A;C:S128N;C:Q169N,steer,0.00034,3,C:E69A;C:S128N;C:Q169N
5DUR_HLC,C:E69A;C:S128N;C:T140K,steer,0.00034,3,C:E69A;C:S128N;C:T140K
5DUR_HLC,C:E69A;C:S128N;C:T167N,steer,0.00034,3,C:E69A;C:S128N;C:T167N
5DUR_HLC,C:E69D;C:P74S;C:S128N,steer,0.00034,3,C:E69D;C:P74S;C:S128N
5DUR_HLC,C:E69A;C:E75A;C:Q169N,eval,5e-05,3,C:E69A;C:E75A;C:Q169N
5DUR_HLC,C:E69A;C:E75P;C:S128N,eval,5e-05,3,C:E69A;C:E75P;C:S128N
5DUR_HLC,C:E69A;C:N168T;C:Q169D,eval,5e-05,3,C:E69A;C:N168T;C:Q169D
5DUR_HLC,C:E69A;C:N168T;C:Q169S,eval,5e-05,3,C:E69A;C:N168T;C:Q169S
5DUR_HLC,C:E69A;C:N72D;C:T167D,eval,5e-05,3,C:E69A;C:N72D;C:T167D
5DUR_HLC,C:E69A;C:N72S;C:N168S,eval,5e-05,3,C:E69A;C:N72S;C:N168S
5DUR_HLC,C:E69A;C:N72S;C:Q169A,eval,5e-05,3,C:E69A;C:N72S;C:Q169A
5DUR_HLC,C:E69A;C:N72S;C:S128T,eval,5e-05,3,C:E69A;C:N72S;C:S128T
5DUR_HLC,C:E69A;C:N72S;C:T140R,eval,5e-05,3,C:E69A;C:N72S;C:T140R
5DUR_HLC,C:E69A;C:N72T;C:P74D,eval,5e-05,3,C:E69A;C:N72T;C:P74D
5DUR_HLC,C:E69A;C:N72T;C:P74E,eval,5e-05,3,C:E69A;C:N72T;C:P74E
5DUR_HLC,C:E69A;C:N72T;C:Q169T,eval,5e-05,3,C:E69A;C:N72T;C:Q169T
5DUR_HLC,C:E69A;C:N72T;C:T140A,eval,5e-05,3,C:E69A;C:N72T;C:T140A
5DUR_HLC,C:E69A;C:P74A;C:Q169S,eval,5e-05,3,C:E69A;C:P74A;C:Q169S
5DUR_HLC,C:E69A;C:P74D;C:Q138N,eval,5e-05,3,C:E69A;C:P74D;C:Q138N
5DUR_HLC,C:E69A;C:P74D;C:S120A,eval,5e-05,3,C:E69A;C:P74D;C:S120A
5DUR_HLC,C:E69A;C:P74D;C:T167S,eval,5e-05,3,C:E69A;C:P74D;C:T167S
5DUR_HLC,C:E69A;C:P74E,eval,5e-05,2,C:E69A;C:P74E
5DUR_HLC,C:E69A;C:P74E;C:Q138N,eval,5e-05,3,C:E69A;C:P74E;C:Q138N
5DUR_HLC,C:E69A;C:P74E;C:Q169T,eval,5e-05,3,C:E69A;C:P74E;C:Q169T
5DUR_HLC,C:E69A;C:P74E;C:T140A,eval,5e-05,3,C:E69A;C:P74E;C:T140A
5DUR_HLC,C:E69A;C:P74E;C:T167S,eval,5e-05,3,C:E69A;C:P74E;C:T167S
5DUR_HLC,C:E69A;C:P74N;C:N168T,eval,5e-05,3,C:E69A;C:P74N;C:N168T
5DUR_HLC,C:E69A;C:P74N;C:Q138K,eval,5e-05,3,C:E69A;C:P74N;C:Q138K
5E0Q_AB,WT,both,,0,WT
5E0Q_AB,B:D741G;B:P795L;B:P796V,steer,0.00018,3,B:D741G;B:P795L;B:P796V
5E0Q_AB,B:D741G;B:Q792E;B:P795L,steer,0.00018,3,B:D741G;B:Q792E;B:P795L
5E0Q_AB,B:D741G;B:Q792E;B:P796V,steer,0.00018,3,B:D741G;B:Q792E;B:P796V
5E0Q_AB,B:H716D;B:P795L;B:P796V,steer,0.00018,3,B:H716D;B:P795L;B:P796V
5E0Q_AB,B:H716D;B:Q792E;B:P795L,steer,0.00018,3,B:H716D;B:Q792E;B:P795L
5E0Q_AB,B:H716D;B:Q792E;B:P796V,steer,0.00018,3,B:H716D;B:Q792E;B:P796V
5E0Q_AB,B:D741A;B:D790A;B:P795L,eval,2e-05,3,B:D741A;B:D790A;B:P795L
5E0Q_AB,B:D741A;B:D790A;B:P796V,eval,2e-05,3,B:D741A;B:D790A;B:P796V
5E0Q_AB,B:D741A;B:D790A;B:Q792E,eval,2e-05,3,B:D741A;B:D790A;B:Q792E
5E0Q_AB,B:D741A;B:D790A;B:Q792K,eval,2e-05,3,B:D741A;B:D790A;B:Q792K
5E0Q_AB,B:D741A;B:D790A;B:Q792S,eval,2e-05,3,B:D741A;B:D790A;B:Q792S
5E0Q_AB,B:D741A;B:D790E;B:Q792K,eval,2e-05,3,B:D741A;B:D790E;B:Q792K
5E0Q_AB,B:D741A;B:D790E;B:Q792S,eval,2e-05,3,B:D741A;B:D790E;B:Q792S
5E0Q_AB,B:D741A;B:D790N;B:P795K,eval,2e-05,3,B:D741A;B:D790N;B:P795K
5E0Q_AB,B:D741A;B:D790S;B:N793S,eval,2e-05,3,B:D741A;B:D790S;B:N793S
5E0Q_AB,B:D741A;B:D790S;B:P795K,eval,2e-05,3,B:D741A;B:D790S;B:P795K
5E0Q_AB,B:D741A;B:D790T;B:P795L,eval,2e-05,3,B:D741A;B:D790T;B:P795L
5E0Q_AB,B:D741A;B:D790T;B:P796V,eval,2e-05,3,B:D741A;B:D790T;B:P796V
5E0Q_AB,B:D741A;B:D790T;B:Q792K,eval,2e-05,3,B:D741A;B:D790T;B:Q792K
5E0Q_AB,B:D741A;B:D790T;B:Q792S,eval,2e-05,3,B:D741A;B:D790T;B:Q792S
5E0Q_AB,B:D741A;B:D791A;B:N793S,eval,2e-05,3,B:D741A;B:D791A;B:N793S
5E0Q_AB,B:D741A;B:D791A;B:P795K,eval,2e-05,3,B:D741A;B:D791A;B:P795K
5E0Q_AB,B:D741A;B:D791A;B:Q792A,eval,2e-05,3,B:D741A;B:D791A;B:Q792A
5E0Q_AB,B:D741A;B:D791E,eval,2e-05,2,B:D741A;B:D791E
5E0Q_AB,B:D741A;B:D791K;B:N793S,eval,2e-05,3,B:D741A;B:D791K;B:N793S
5E0Q_AB,B:D741A;B:D791K;B:P795R,eval,2e-05,3,B:D741A;B:D791K;B:P795R
5E0Q_AB,B:D741A;B:D791K;B:Q792A,eval,2e-05,3,B:D741A;B:D791K;B:Q792A
5E0Q_AB,B:D741A;B:D791K;B:Q792T,eval,2e-05,3,B:D741A;B:D791K;B:Q792T
5E0Q_AB,B:D741A;B:D791Q;B:P795L,eval,2e-05,3,B:D741A;B:D791Q;B:P795L
5E0Q_AB,B:D741A;B:D791Q;B:P796V,eval,2e-05,3,B:D741A;B:D791Q;B:P796V
5GGT_HLA,WT,both,,0,WT
5GGT_HLA,A:A18D;A:A51S;A:E71K,steer,0.00072,3,A:A18D;A:A51S;A:E71K
5GGT_HLA,A:A18D;A:A51S;A:V76S,steer,0.00072,3,A:A18D;A:A51S;A:V76S
5GGT_HLA,A:A18E;A:A51S;A:E71K,steer,0.00072,3,A:A18E;A:A51S;A:E71K
5GGT_HLA,A:A18E;A:A51S;A:E71Q,steer,0.00072,3,A:A18E;A:A51S;A:E71Q
5GGT_HLA,A:A18E;A:A51S;A:E71R,steer,0.00072,3,A:A18E;A:A51S;A:E71R
5GGT_HLA,A:A18E;A:A51S;A:G119D,steer,0.00072,3,A:A18E;A:A51S;A:G119D
5GGT_HLA,A:A18D;A:A51E;A:G120S,eval,9e-05,3,A:A18D;A:A51E;A:G120S
5GGT_HLA,A:A18D;A:A51P;A:E71K,eval,9e-05,3,A:A18D;A:A51P;A:E71K
5GGT_HLA,A:A18D;A:A51P;A:G119K,eval,9e-05,3,A:A18D;A:A51P;A:G119K
5GGT_HLA,A:A18D;A:A51P;A:G119N,eval,9e-05,3,A:A18D;A:A51P;A:G119N
5GGT_HLA,A:A18D;A:A51P;A:G119R,eval,9e-05,3,A:A18D;A:A51P;A:G119R
5GGT_HLA,A:A18D;A:A51Q;A:G120S,eval,9e-05,3,A:A18D;A:A51Q;A:G120S
5GGT_HLA,A:A18D;A:A51Q;A:K75D,eval,9e-05,3,A:A18D;A:A51Q;A:K75D
5GGT_HLA,A:A18D;A:A51T;A:E71T,eval,9e-05,3,A:A18D;A:A51T;A:E71T
5GGT_HLA,A:A18D;A:D49E;A:A51S,eval,9e-05,3,A:A18D;A:D49E;A:A51S
5GGT_HLA,A:A18D;A:D49N;A:E71K,eval,9e-05,3,A:A18D;A:D49N;A:E71K
5GGT_HLA,A:A18D;A:D49N;A:V76S,eval,9e-05,3,A:A18D;A:D49N;A:V76S
5GGT_HLA,A:A18D;A:E71K;A:G120Q,eval,9e-05,3,A:A18D;A:E71K;A:G120Q
5GGT_HLA,A:A18D;A:E71Q,eval,9e-05,2,A:A18D;A:E71Q
5GGT_HLA,A:A18D;A:E71Q;A:K75E,eval,9e-05,3,A:A18D;A:E71Q;A:K75E
5GGT_HLA,A:A18D;A:E71Q;A:K75T,eval,9e-05,3,A:A18D;A:E71Q;A:K75T
5GGT_HLA,A:A18D;A:E71Q;A:V76Q,eval,9e-05,3,A:A18D;A:E71Q;A:V76Q
5GGT_HLA,A:A18D;A:E71R;A:G120D,eval,9e-05,3,A:A18D;A:E71R;A:G120D
5GGT_HLA,A:A18D;A:E71R;A:G120E,eval,9e-05,3,A:A18D;A:E71R;A:G120E
5GGT_HLA,A:A18D;A:E71R;A:G120S,eval,9e-05,3,A:A18D;A:E71R;A:G120S
5GGT_HLA,A:A18D;A:E71R;A:K75D,eval,9e-05,3,A:A18D;A:E71R;A:K75D
5GGT_HLA,A:A18D;A:E71R;A:V76I,eval,9e-05,3,A:A18D;A:E71R;A:V76I
5GGT_HLA,A:A18D;A:E71R;A:V76L,eval,9e-05,3,A:A18D;A:E71R;A:V76L
5GGT_HLA,A:A18D;A:E71S;A:G119D,eval,9e-05,3,A:A18D;A:E71S;A:G119D
5GGT_HLA,A:A18D;A:E71S;A:G119Q,eval,9e-05,3,A:A18D;A:E71S;A:G119Q
5GJS_HLB,WT,both,,0,WT
5GJS_HLB,B:D19V,steer,0.03333,1,B:D19V
5GJS_HLB,B:D19V;B:G31A,steer,0.03333,2,B:D19V;B:G31A
5GJS_HLB,B:D19V;B:G31A;B:G33D,steer,0.03333,3,B:D19V;B:G31A;B:G33D
5GJS_HLB,B:D19V;B:G31D,steer,0.03333,2,B:D19V;B:G31D
5GJS_HLB,B:D19V;B:G31D;B:G33D,steer,0.03333,3,B:D19V;B:G31D;B:G33D
5GJS_HLB,B:D19V;B:G33D,steer,0.03333,2,B:D19V;B:G33D
5GJS_HLB,B:D19V;B:G31A;B:G33E,eval,0.01,3,B:D19V;B:G31A;B:G33E
5GJS_HLB,B:G16A;B:D19V;B:G31D,eval,0.01,3,B:G16A;B:D19V;B:G31D
5GJS_HLB,B:G16A;B:D19V;B:G33D,eval,0.01,3,B:G16A;B:D19V;B:G33D
5GJS_HLB,B:T15S;B:D19I;B:G31D,eval,0.01,3,B:T15S;B:D19I;B:G31D
5GJS_HLB,B:T15S;B:D19I;B:G33D,eval,0.01,3,B:T15S;B:D19I;B:G33D
5GJS_HLB,B:W14E;B:D19V;B:G31D,eval,0.01,3,B:W14E;B:D19V;B:G31D
5GJS_HLB,B:W14E;B:D19V;B:G33D,eval,0.01,3,B:W14E;B:D19V;B:G33D
5GJS_HLB,B:W14F;B:D19I;B:G31D,eval,0.01,3,B:W14F;B:D19I;B:G31D
5GJS_HLB,B:W14F;B:D19I;B:G33D,eval,0.01,3,B:W14F;B:D19I;B:G33D
5GJS_HLB,B:W14F;B:T15S;B:G31A,eval,0.01,3,B:W14F;B:T15S;B:G31A
5GJS_HLB,B:D19I;B:G31A,eval,0.0125,2,B:D19I;B:G31A
5GJS_HLB,B:D19I;B:G31A;B:G33D,eval,0.0125,3,B:D19I;B:G31A;B:G33D
5GJS_HLB,B:D19T;B:G31D;B:G33D,eval,0.0125,3,B:D19T;B:G31D;B:G33D
5GJS_HLB,B:D19V;B:G31D;B:G33E,eval,0.0125,3,B:D19V;B:G31D;B:G33E
5GJS_HLB,B:D19V;B:G31E,eval,0.0125,2,B:D19V;B:G31E
5GJS_HLB,B:D19V;B:G31E;B:G33D,eval,0.0125,3,B:D19V;B:G31E;B:G33D
5GJS_HLB,B:W14F;B:T15S;B:G31D,eval,0.0125,3,B:W14F;B:T15S;B:G31D
5GJS_HLB,B:W14F;B:T15S;B:G33D,eval,0.0125,3,B:W14F;B:T15S;B:G33D
5GJS_HLB,B:D19T;B:G31A;B:G33D,eval,0.01429,3,B:D19T;B:G31A;B:G33D
5GJS_HLB,B:T15N;B:D19V;B:G31D,eval,0.01429,3,B:T15N;B:D19V;B:G31D
5GJS_HLB,B:T15N;B:D19V;B:G33D,eval,0.01429,3,B:T15N;B:D19V;B:G33D
5GJS_HLB,B:W14A;B:D19V;B:G31D,eval,0.01429,3,B:W14A;B:D19V;B:G31D
5GJS_HLB,B:W14A;B:D19V;B:G33D,eval,0.01429,3,B:W14A;B:D19V;B:G33D
5GJS_HLB,B:W14F;B:D19I;B:G31A,eval,0.01429,3,B:W14F;B:D19I;B:G31A
5GZN_HLA,WT,both,,0,WT
5GZN_HLA,A:D155A;A:D230A;A:D278A,steer,0.00019,3,A:D155A;A:D230A;A:D278A
5GZN_HLA,A:D155A;A:D230A;A:D278E,steer,0.00019,3,A:D155A;A:D230A;A:D278E
5GZN_HLA,A:D155A;A:D230A;A:G279A,steer,0.00019,3,A:D155A;A:D230A;A:G279A
5GZN_HLA,A:D155A;A:E159A;A:D230A,steer,0.00019,3,A:D155A;A:E159A;A:D230A
5GZN_HLA,A:D155A;A:E159A;A:D230G,steer,0.00019,3,A:D155A;A:E159A;A:D230G
5GZN_HLA,A:D155A;A:E159F;A:D230A,steer,0.00019,3,A:D155A;A:E159F;A:D230A
5GZN_HLA,A:D155A,eval,3e-05,1,A:D155A
5GZN_HLA,A:D155A;A:A280E,eval,3e-05,2,A:D155A;A:A280E
5GZN_HLA,A:D155A;A:D230A;A:A280C,eval,3e-05,3,A:D155A;A:D230A;A:A280C
5GZN_HLA,A:D155A;A:D230A;A:G279C,eval,3e-05,3,A:D155A;A:D230A;A:G279C
5GZN_HLA,A:D155A;A:D230C;A:A280D,eval,3e-05,3,A:D155A;A:D230C;A:A280D
5GZN_HLA,A:D155A;A:D230C;A:G232C,eval,3e-05,3,A:D155A;A:D230C;A:G232C
5GZN_HLA,A:D155A;A:D230C;A:G279D,eval,3e-05,3,A:D155A;A:D230C;A:G279D
5GZN_HLA,A:D155A;A:D230C;A:T231F,eval,3e-05,3,A:D155A;A:D230C;A:T231F
5GZN_HLA,A:D155A;A:D230E;A:A280E,eval,3e-05,3,A:D155A;A:D230E;A:A280E
5GZN_HLA,A:D155A;A:D230E;A:G232F,eval,3e-05,3,A:D155A;A:D230E;A:G232F
5GZN_HLA,A:D155A;A:D230E;A:G279F,eval,3e-05,3,A:D155A;A:D230E;A:G279F
5GZN_HLA,A:D155A;A:D230E;A:T231D,eval,3e-05,3,A:D155A;A:D230E;A:T231D
5GZN_HLA,A:D155A;A:D230F;A:A280F,eval,3e-05,3,A:D155A;A:D230F;A:A280F
5GZN_HLA,A:D155A;A:D230G;A:D278F,eval,3e-05,3,A:D155A;A:D230G;A:D278F
5GZN_HLA,A:D155A;A:D230G;A:T231C,eval,3e-05,3,A:D155A;A:D230G;A:T231C
5GZN_HLA,A:D155A;A:D278A;A:A280D,eval,3e-05,3,A:D155A;A:D278A;A:A280D
5GZN_HLA,A:D155A;A:D278A;A:G279D,eval,3e-05,3,A:D155A;A:D278A;A:G279D
5GZN_HLA,A:D155A;A:D278A;A:G279E,eval,3e-05,3,A:D155A;A:D278A;A:G279E
5GZN_HLA,A:D155A;A:D278E;A:A280D,eval,3e-05,3,A:D155A;A:D278E;A:A280D
5GZN_HLA,A:D155A;A:D278E;A:G279D,eval,3e-05,3,A:D155A;A:D278E;A:G279D
5GZN_HLA,A:D155A;A:D278G;A:A280E,eval,3e-05,3,A:D155A;A:D278G;A:A280E
5GZN_HLA,A:D155A;A:D278G;A:G279E,eval,3e-05,3,A:D155A;A:D278G;A:G279E
5GZN_HLA,A:D155A;A:D278G;A:G279F,eval,3e-05,3,A:D155A;A:D278G;A:G279F
5GZN_HLA,A:D155A;A:E159A;A:A280D,eval,3e-05,3,A:D155A;A:E159A;A:A280D
5HGG_SB,WT,both,,0,WT
5HGG_SB,B:G37BD;B:D60AG,steer,0.00043,2,B:G37BD;B:D60AG
5HGG_SB,B:G37BD;B:D60AG;B:T147D,steer,0.00043,3,B:G37BD;B:D60AG;B:T147D
5HGG_SB,B:G37BD;B:D60AG;B:Y149A,steer,0.00043,3,B:G37BD;B:D60AG;B:Y149A
5HGG_SB,B:G37BD;B:D60AG;B:Y149D,steer,0.00043,3,B:G37BD;B:D60AG;B:Y149D
5HGG_SB,B:G37BD;B:D60AG;B:Y149E,steer,0.00043,3,B:G37BD;B:D60AG;B:Y149E
5HGG_SB,B:G37BD;B:D60AG;B:Y149F,steer,0.00043,3,B:G37BD;B:D60AG;B:Y149F
5HGG_SB,B:D60AA;B:T147D;B:Y149F,eval,5e-05,3,B:D60AA;B:T147D;B:Y149F
5HGG_SB,B:D60AA;B:Y60BA;B:Y149E,eval,5e-05,3,B:D60AA;B:Y60BA;B:Y149E
5HGG_SB,B:D60AA;B:Y60BD;B:Y149E,eval,5e-05,3,B:D60AA;B:Y60BD;B:Y149E
5HGG_SB,B:D60AA;B:Y60BE;B:T147D,eval,5e-05,3,B:D60AA;B:Y60BE;B:T147D
5HGG_SB,B:D60AA;B:Y60BE;B:Y149E,eval,5e-05,3,B:D60AA;B:Y60BE;B:Y149E
5HGG_SB,B:D60AE;B:D97E;B:Y149E,eval,5e-05,3,B:D60AE;B:D97E;B:Y149E
5HGG_SB,B:D60AE;B:D97G;B:Y149A,eval,5e-05,3,B:D60AE;B:D97G;B:Y149A
5HGG_SB,B:D60AE;B:D97G;B:Y149F,eval,5e-05,3,B:D60AE;B:D97G;B:Y149F
5HGG_SB,B:D60AE;B:L97BD;B:Y149A,eval,5e-05,3,B:D60AE;B:L97BD;B:Y149A
5HGG_SB,B:D60AE;B:L97BD;B:Y149D,eval,5e-05,3,B:D60AE;B:L97BD;B:Y149D
5HGG_SB,B:D60AE;B:L97BD;B:Y149F,eval,5e-05,3,B:D60AE;B:L97BD;B:Y149F
5HGG_SB,B:D60AE;B:L97BE;B:Y149E,eval,5e-05,3,B:D60AE;B:L97BE;B:Y149E
5HGG_SB,B:D60AE;B:L97BF;B:Y149A,eval,5e-05,3,B:D60AE;B:L97BF;B:Y149A
5HGG_SB,B:D60AE;B:L97BF;B:Y149D,eval,5e-05,3,B:D60AE;B:L97BF;B:Y149D
5HGG_SB,B:D60AE;B:L97BF;B:Y149F,eval,5e-05,3,B:D60AE;B:L97BF;B:Y149F
5HGG_SB,B:D60AE;B:N74D;B:Y149A,eval,5e-05,3,B:D60AE;B:N74D;B:Y149A
5HGG_SB,B:D60AE;B:N74D;B:Y149D,eval,5e-05,3,B:D60AE;B:N74D;B:Y149D
5HGG_SB,B:D60AE;B:N74D;B:Y149F,eval,5e-05,3,B:D60AE;B:N74D;B:Y149F
5HGG_SB,B:D60AE;B:P60CD;B:Y149A,eval,5e-05,3,B:D60AE;B:P60CD;B:Y149A
5HGG_SB,B:D60AE;B:P60CD;B:Y149D,eval,5e-05,3,B:D60AE;B:P60CD;B:Y149D
5HGG_SB,B:D60AE;B:P60CD;B:Y149F,eval,5e-05,3,B:D60AE;B:P60CD;B:Y149F
5HGG_SB,B:D60AE;B:P60CE;B:T147D,eval,5e-05,3,B:D60AE;B:P60CE;B:T147D
5HGG_SB,B:D60AE;B:P60CE;B:Y149E,eval,5e-05,3,B:D60AE;B:P60CE;B:Y149E
5HGG_SB,B:D60AE;B:T147A;B:Y149A,eval,5e-05,3,B:D60AE;B:T147A;B:Y149A
5JHL_HLA,WT,both,,0,WT
5JHL_HLA,A:Q77A;A:G102A;A:N103S,steer,0.00147,3,A:Q77A;A:G102A;A:N103S
5JHL_HLA,A:Q77A;A:G102K;A:N103S,steer,0.00147,3,A:Q77A;A:G102K;A:N103S
5JHL_HLA,A:Q77A;A:G102S;A:N103S,steer,0.00147,3,A:Q77A;A:G102S;A:N103S
5JHL_HLA,A:Q77A;A:N103S,steer,0.00147,2,A:Q77A;A:N103S
5JHL_HLA,A:Q77A;A:N103S;A:G104S,steer,0.00147,3,A:Q77A;A:N103S;A:G104S
5JHL_HLA,A:Q77A;A:N103S;A:G106S,steer,0.00147,3,A:Q77A;A:N103S;A:G106S
5JHL_HLA,A:G102A;A:N103D,eval,0.00027,2,A:G102A;A:N103D
5JHL_HLA,A:G102A;A:N103D;A:G104S,eval,0.00027,3,A:G102A;A:N103D;A:G104S
5JHL_HLA,A:G102A;A:N103D;A:G106S,eval,0.00027,3,A:G102A;A:N103D;A:G106S
5JHL_HLA,A:G102A;A:N103E,eval,0.00027,2,A:G102A;A:N103E
5JHL_HLA,A:G102A;A:N103E;A:G104S,eval,0.00027,3,A:G102A;A:N103E;A:G104S
5JHL_HLA,A:G102A;A:N103E;A:G106S,eval,0.00027,3,A:G102A;A:N103E;A:G106S
5JHL_HLA,A:G102A;A:N103S;A:G104R,eval,0.00027,3,A:G102A;A:N103S;A:G104R
5JHL_HLA,A:G102A;A:N103S;A:G106P,eval,0.00027,3,A:G102A;A:N103S;A:G106P
5JHL_HLA,A:G102A;A:N103T;A:G104S,eval,0.00027,3,A:G102A;A:N103T;A:G104S
5JHL_HLA,A:G102A;A:N103T;A:G106S,eval,0.00027,3,A:G102A;A:N103T;A:G106S
5JHL_HLA,A:G102A;A:N103V,eval,0.00027,2,A:G102A;A:N103V
5JHL_HLA,A:G102A;A:N103V;A:G104S,eval,0.00027,3,A:G102A;A:N103V;A:G104S
5JHL_HLA,A:G102A;A:N103V;A:G106S,eval,0.00027,3,A:G102A;A:N103V;A:G106S
5JHL_HLA,A:G102D;A:N103D,eval,0.00027,2,A:G102D;A:N103D
5JHL_HLA,A:G102D;A:N103D;A:G106S,eval,0.00027,3,A:G102D;A:N103D;A:G106S
5JHL_HLA,A:G102D;A:N103E,eval,0.00027,2,A:G102D;A:N103E
5JHL_HLA,A:G102D;A:N103E;A:G106S,eval,0.00027,3,A:G102D;A:N103E;A:G106S
5JHL_HLA,A:G102D;A:N103S;A:G104D,eval,0.00027,3,A:G102D;A:N103S;A:G104D
5JHL_HLA,A:G102D;A:N103S;A:G106P,eval,0.00027,3,A:G102D;A:N103S;A:G106P
5JHL_HLA,A:G102D;A:N103T,eval,0.00027,2,A:G102D;A:N103T
5JHL_HLA,A:G102D;A:N103T;A:G104S,eval,0.00027,3,A:G102D;A:N103T;A:G104S
5JHL_HLA,A:G102D;A:N103T;A:G106S,eval,0.00027,3,A:G102D;A:N103T;A:G106S
5JHL_HLA,A:G102D;A:N103V,eval,0.00027,2,A:G102D;A:N103V
5JHL_HLA,A:G102D;A:N103V;A:G104S,eval,0.00027,3,A:G102D;A:N103V;A:G104S
5JYL_BA,WT,both,,0,WT
5JYL_BA,A:A86E;A:V88I;A:D90K,steer,0.00077,3,A:A86E;A:V88I;A:D90K
5JYL_BA,A:A86E;A:V88L;A:D90A,steer,0.00077,3,A:A86E;A:V88L;A:D90A
5JYL_BA,A:A86E;A:V88L;A:D90E,steer,0.00077,3,A:A86E;A:V88L;A:D90E
5JYL_BA,A:A86E;A:V88L;A:D90K,steer,0.00077,3,A:A86E;A:V88L;A:D90K
5JYL_BA,A:A86E;A:V88L;A:D90S,steer,0.00077,3,A:A86E;A:V88L;A:D90S
5JYL_BA,A:A86K;A:V88L;A:D90K,steer,0.00077,3,A:A86K;A:V88L;A:D90K
5JYL_BA,A:A86E;A:V88Q,eval,5e-05,2,A:A86E;A:V88Q
5JYL_BA,A:A86I;A:V88I,eval,5e-05,2,A:A86I;A:V88I
5JYL_BA,A:A86I;A:V88T;A:D90K,eval,5e-05,3,A:A86I;A:V88T;A:D90K
5JYL_BA,A:A86K;A:V88Q;A:D90E,eval,5e-05,3,A:A86K;A:V88Q;A:D90E
5JYL_BA,A:A86T;A:V88M;A:D90A,eval,5e-05,3,A:A86T;A:V88M;A:D90A
5JYL_BA,A:A86T;A:V88M;A:D90S,eval,5e-05,3,A:A86T;A:V88M;A:D90S
5JYL_BA,A:A86T;A:V88Q;A:D90K,eval,5e-05,3,A:A86T;A:V88Q;A:D90K
5JYL_BA,A:A86T;A:V88T,eval,5e-05,2,A:A86T;A:V88T
5JYL_BA,A:A86V;A:V88M;A:D90E,eval,5e-05,3,A:A86V;A:V88M;A:D90E
5JYL_BA,A:A86V;A:V88T;A:D90A,eval,5e-05,3,A:A86V;A:V88T;A:D90A
5JYL_BA,A:A86V;A:V88T;A:D90S,eval,5e-05,3,A:A86V;A:V88T;A:D90S
5JYL_BA,A:D31A;A:A86E;A:V88T,eval,5e-05,3,A:D31A;A:A86E;A:V88T
5JYL_BA,A:D31A;A:A86T;A:D90A,eval,5e-05,3,A:D31A;A:A86T;A:D90A
5JYL_BA,A:D31A;A:A86T;A:D90S,eval,5e-05,3,A:D31A;A:A86T;A:D90S
5JYL_BA,A:D31A;A:A86V;A:D90E,eval,5e-05,3,A:D31A;A:A86V;A:D90E
5JYL_BA,A:D31A;A:D90E,eval,5e-05,2,A:D31A;A:D90E
5JYL_BA,A:D31A;A:E56D;A:D90E,eval,5e-05,3,A:D31A;A:E56D;A:D90E
5JYL_BA,A:D31A;A:E56D;A:V88L,eval,5e-05,3,A:D31A;A:E56D;A:V88L
5JYL_BA,A:D31A;A:E56K;A:D90K,eval,5e-05,3,A:D31A;A:E56K;A:D90K
5JYL_BA,A:D31A;A:E56K;A:N84D,eval,5e-05,3,A:D31A;A:E56K;A:N84D
5JYL_BA,A:D31A;A:E56N;A:A86E,eval,5e-05,3,A:D31A;A:E56N;A:A86E
5JYL_BA,A:D31A;A:E56T;A:A86E,eval,5e-05,3,A:D31A;A:E56T;A:A86E
5JYL_BA,A:D31A;A:N84D;A:A86I,eval,5e-05,3,A:D31A;A:N84D;A:A86I
5JYL_BA,A:D31A;A:N84S;A:A86T,eval,5e-05,3,A:D31A;A:N84S;A:A86T
5JZ7_HLB,WT,both,,0,WT
5JZ7_HLB,B:D60E;B:V64A;B:D65T,steer,0.00017,3,B:D60E;B:V64A;B:D65T
5JZ7_HLB,B:D60E;B:V64E;B:D65S,steer,0.00017,3,B:D60E;B:V64E;B:D65S
5JZ7_HLB,B:D60K;B:V64A;B:D65T,steer,0.00017,3,B:D60K;B:V64A;B:D65T
5JZ7_HLB,B:D60K;B:V64E;B:D65S,steer,0.00017,3,B:D60K;B:V64E;B:D65S
5JZ7_HLB,B:D60K;B:V64S;B:D65T,steer,0.00017,3,B:D60K;B:V64S;B:D65T
5JZ7_HLB,B:D60K;B:V64T;B:D65T,steer,0.00017,3,B:D60K;B:V64T;B:D65T
5JZ7_HLB,B:D60E;B:V64A;B:D65E,eval,8e-05,3,B:D60E;B:V64A;B:D65E
5JZ7_HLB,B:D60K;B:V64A,eval,8e-05,2,B:D60K;B:V64A
5JZ7_HLB,B:D60K;B:V64A;B:D65E,eval,8e-05,3,B:D60K;B:V64A;B:D65E
5JZ7_HLB,B:D60K;B:V64S;B:D65E,eval,8e-05,3,B:D60K;B:V64S;B:D65E
5JZ7_HLB,B:D60K;B:V64T;B:D65E,eval,8e-05,3,B:D60K;B:V64T;B:D65E
5JZ7_HLB,B:D60T;B:V64D;B:D65P,eval,8e-05,3,B:D60T;B:V64D;B:D65P
5JZ7_HLB,B:D60V;B:D65A,eval,8e-05,2,B:D60V;B:D65A
5JZ7_HLB,B:D60V;B:D65P,eval,8e-05,2,B:D60V;B:D65P
5JZ7_HLB,B:D60V;B:V64D;B:D65T,eval,8e-05,3,B:D60V;B:V64D;B:D65T
5JZ7_HLB,B:D60V;B:V64E;B:D65A,eval,8e-05,3,B:D60V;B:V64E;B:D65A
5JZ7_HLB,B:D65E,eval,8e-05,1,B:D65E
5JZ7_HLB,B:E11A;B:D60E;B:V64E,eval,8e-05,3,B:E11A;B:D60E;B:V64E
5JZ7_HLB,B:E11A;B:D60K;B:V64D,eval,8e-05,3,B:E11A;B:D60K;B:V64D
5JZ7_HLB,B:E11A;B:D60K;B:V64E,eval,8e-05,3,B:E11A;B:D60K;B:V64E
5JZ7_HLB,B:E11A;B:D60Q;B:D65E,eval,8e-05,3,B:E11A;B:D60Q;B:D65E
5JZ7_HLB,B:E11A;B:D60Q;B:V64S,eval,8e-05,3,B:E11A;B:D60Q;B:V64S
5JZ7_HLB,B:E11A;B:D60Q;B:V64T,eval,8e-05,3,B:E11A;B:D60Q;B:V64T
5JZ7_HLB,B:E11A;B:D60T;B:D65E,eval,8e-05,3,B:E11A;B:D60T;B:D65E
5JZ7_HLB,B:E11A;B:D60T;B:V64A,eval,8e-05,3,B:E11A;B:D60T;B:V64A
5JZ7_HLB,B:E11A;B:D60T;B:V64S,eval,8e-05,3,B:E11A;B:D60T;B:V64S
5JZ7_HLB,B:E11A;B:D60T;B:V64T,eval,8e-05,3,B:E11A;B:D60T;B:V64T
5JZ7_HLB,B:E11A;B:F12S,eval,8e-05,2,B:E11A;B:F12S
5JZ7_HLB,B:E11A;B:R59I;B:D65A,eval,8e-05,3,B:E11A;B:R59I;B:D65A
5JZ7_HLB,B:E11A;B:R59K;B:D60K,eval,8e-05,3,B:E11A;B:R59K;B:D60K
5KZC_HLA,WT,both,,0,WT
5KZC_HLA,A:A33D;A:E34N;A:V78S,steer,7e-05,3,A:A33D;A:E34N;A:V78S
5KZC_HLA,A:A33D;A:E34S;A:M45Q,steer,7e-05,3,A:A33D;A:E34S;A:M45Q
5KZC_HLA,A:A33D;A:E34S;A:V78A,steer,7e-05,3,A:A33D;A:E34S;A:V78A
5KZC_HLA,A:A33D;A:E34S;A:V78T,steer,7e-05,3,A:A33D;A:E34S;A:V78T
5KZC_HLA,A:A33D;A:E34T;A:A84S,steer,7e-05,3,A:A33D;A:E34T;A:A84S
5KZC_HLA,A:A33D;A:E34T;A:A84T,steer,7e-05,3,A:A33D;A:E34T;A:A84T
5KZC_HLA,A:A33D;A:D44E;A:M45A,eval,3e-05,3,A:A33D;A:D44E;A:M45A
5KZC_HLA,A:A33D;A:D44E;A:M45P,eval,3e-05,3,A:A33D;A:D44E;A:M45P
5KZC_HLA,A:A33D;A:D44G;A:M45A,eval,3e-05,3,A:A33D;A:D44G;A:M45A
5KZC_HLA,A:A33D;A:D44G;A:M45P,eval,3e-05,3,A:A33D;A:D44G;A:M45P
5KZC_HLA,A:A33D;A:D44N;A:M45A,eval,3e-05,3,A:A33D;A:D44N;A:M45A
5KZC_HLA,A:A33D;A:D44N;A:M45P,eval,3e-05,3,A:A33D;A:D44N;A:M45P
5KZC_HLA,A:A33D;A:D44S;A:D82N,eval,3e-05,3,A:A33D;A:D44S;A:D82N
5KZC_HLA,A:A33D;A:D44S;A:M45A,eval,3e-05,3,A:A33D;A:D44S;A:M45A
5KZC_HLA,A:A33D;A:D44S;A:M45E,eval,3e-05,3,A:A33D;A:D44S;A:M45E
5KZC_HLA,A:A33D;A:D44T;A:M45D,eval,3e-05,3,A:A33D;A:D44T;A:M45D
5KZC_HLA,A:A33D;A:D44T;A:V78E,eval,3e-05,3,A:A33D;A:D44T;A:V78E
5KZC_HLA,A:A33D;A:D82N;A:A84N,eval,3e-05,3,A:A33D;A:D82N;A:A84N
5KZC_HLA,A:A33D;A:E34G;A:V78A,eval,3e-05,3,A:A33D;A:E34G;A:V78A
5KZC_HLA,A:A33D;A:E34G;A:V78T,eval,3e-05,3,A:A33D;A:E34G;A:V78T
5KZC_HLA,A:A33D;A:E34N;A:V78D,eval,3e-05,3,A:A33D;A:E34N;A:V78D
5KZC_HLA,A:A33D;A:E34S;A:D44T,eval,3e-05,3,A:A33D;A:E34S;A:D44T
5KZC_HLA,A:A33D;A:E34S;A:D82S,eval,3e-05,3,A:A33D;A:E34S;A:D82S
5KZC_HLA,A:A33D;A:E34S;A:G140S,eval,3e-05,3,A:A33D;A:E34S;A:G140S
5KZC_HLA,A:A33D;A:E34S;A:R46S,eval,3e-05,3,A:A33D;A:E34S;A:R46S
5KZC_HLA,A:A33D;A:E34S;A:S139Q,eval,3e-05,3,A:A33D;A:E34S;A:S139Q
5KZC_HLA,A:A33D;A:E34S;A:T81R,eval,3e-05,3,A:A33D;A:E34S;A:T81R
5KZC_HLA,A:A33D;A:E34T;A:D82M,eval,3e-05,3,A:A33D;A:E34T;A:D82M
5KZC_HLA,A:A33D;A:E34T;A:N79D,eval,3e-05,3,A:A33D;A:E34T;A:N79D
5KZC_HLA,A:A33D;A:E34T;A:S139Y,eval,3e-05,3,A:A33D;A:E34T;A:S139Y
5LJY_HLA,WT,both,,0,WT
5LJY_HLA,A:A90C;A:E95A,steer,0.00011,2,A:A90C;A:E95A
5LJY_HLA,A:A90C;A:E95D,steer,0.00011,2,A:A90C;A:E95D
5LJY_HLA,A:A90C;A:E95N,steer,0.00011,2,A:A90C;A:E95N
5LJY_HLA,A:A90C;A:E95S,steer,0.00011,2,A:A90C;A:E95S
5LJY_HLA,A:A90C;A:G234A,steer,0.00011,2,A:A90C;A:G234A
5LJY_HLA,A:A90C;A:G234C,steer,0.00011,2,A:A90C;A:G234C
5LJY_HLA,A:A90C;A:E95G;A:W98E,eval,2e-05,3,A:A90C;A:E95G;A:W98E
5LJY_HLA,A:A90C;A:E95G;A:W98T,eval,2e-05,3,A:A90C;A:E95G;A:W98T
5LJY_HLA,A:A90C;A:E95G;A:W98V,eval,2e-05,3,A:A90C;A:E95G;A:W98V
5LJY_HLA,A:A90C;A:E95S;A:W98L,eval,2e-05,3,A:A90C;A:E95S;A:W98L
5LJY_HLA,A:A90C;A:K93D;A:W98L,eval,2e-05,3,A:A90C;A:K93D;A:W98L
5LJY_HLA,A:A90C;A:K93G;A:W98L,eval,2e-05,3,A:A90C;A:K93G;A:W98L
5LJY_HLA,A:A90C;A:K93S;A:W98E,eval,2e-05,3,A:A90C;A:K93S;A:W98E
5LJY_HLA,A:A90C;A:K93S;A:W98L,eval,2e-05,3,A:A90C;A:K93S;A:W98L
5LJY_HLA,A:A90C;A:T92D;A:W98L,eval,2e-05,3,A:A90C;A:T92D;A:W98L
5LJY_HLA,A:A90C;A:W98E;A:K233C,eval,2e-05,3,A:A90C;A:W98E;A:K233C
5LJY_HLA,A:A90C;A:W98E;A:Q138A,eval,2e-05,3,A:A90C;A:W98E;A:Q138A
5LJY_HLA,A:A90C;A:W98I;A:Q138D,eval,2e-05,3,A:A90C;A:W98I;A:Q138D
5LJY_HLA,A:A90C;A:W98I;A:Q138E,eval,2e-05,3,A:A90C;A:W98I;A:Q138E
5LJY_HLA,A:A90C;A:W98L;A:K140D,eval,2e-05,3,A:A90C;A:W98L;A:K140D
5LJY_HLA,A:A90C;A:W98L;A:K233C,eval,2e-05,3,A:A90C;A:W98L;A:K233C
5LJY_HLA,A:A90C;A:W98L;A:K233D,eval,2e-05,3,A:A90C;A:W98L;A:K233D
5LJY_HLA,A:A90C;A:W98L;A:Q138C,eval,2e-05,3,A:A90C;A:W98L;A:Q138C
5LJY_HLA,A:A90C;A:W98L;A:Q138F,eval,2e-05,3,A:A90C;A:W98L;A:Q138F
5LJY_HLA,A:A90C;A:W98L;A:T100D,eval,2e-05,3,A:A90C;A:W98L;A:T100D
5LJY_HLA,A:A90C;A:W98L;A:T100S,eval,2e-05,3,A:A90C;A:W98L;A:T100S
5LJY_HLA,A:A90C;A:W98T;A:K140C,eval,2e-05,3,A:A90C;A:W98T;A:K140C
5LJY_HLA,A:A90C;A:W98T;A:Q138A,eval,2e-05,3,A:A90C;A:W98T;A:Q138A
5LJY_HLA,A:A90C;A:W98V;A:K140C,eval,2e-05,3,A:A90C;A:W98V;A:K140C
5LJY_HLA,A:A90C;A:W98V;A:Q138A,eval,2e-05,3,A:A90C;A:W98V;A:Q138A
5M2M_NM,WT,both,,0,WT
5M2M_NM,M:A109E;M:E110S;M:R138F,steer,0.00021,3,M:A109E;M:E110S;M:R138F
5M2M_NM,M:A109E;M:E110T;M:R138F,steer,0.00021,3,M:A109E;M:E110T;M:R138F
5M2M_NM,M:A109E;M:K112A;M:R138A,steer,0.00021,3,M:A109E;M:K112A;M:R138A
5M2M_NM,M:A109E;M:K112A;M:R138F,steer,0.00021,3,M:A109E;M:K112A;M:R138F
5M2M_NM,M:A109E;M:K112D;M:R138A,steer,0.00021,3,M:A109E;M:K112D;M:R138A
5M2M_NM,M:A109E;M:K112D;M:R138F,steer,0.00021,3,M:A109E;M:K112D;M:R138F
5M2M_NM,M:A109E;M:A145E;M:E146D,eval,2e-05,3,M:A109E;M:A145E;M:E146D
5M2M_NM,M:A109E;M:D140H,eval,2e-05,2,M:A109E;M:D140H
5M2M_NM,M:A109E;M:D140L;M:A145D,eval,2e-05,3,M:A109E;M:D140L;M:A145D
5M2M_NM,M:A109E;M:D140N,eval,2e-05,2,M:A109E;M:D140N
5M2M_NM,M:A109E;M:D140N;M:A145E,eval,2e-05,3,M:A109E;M:D140N;M:A145E
5M2M_NM,M:A109E;M:D140N;M:E146D,eval,2e-05,3,M:A109E;M:D140N;M:E146D
5M2M_NM,M:A109E;M:E110D;M:K112D,eval,2e-05,3,M:A109E;M:E110D;M:K112D
5M2M_NM,M:A109E;M:E110D;M:R138A,eval,2e-05,3,M:A109E;M:E110D;M:R138A
5M2M_NM,M:A109E;M:E110G;M:K112D,eval,2e-05,3,M:A109E;M:E110G;M:K112D
5M2M_NM,M:A109E;M:E110G;M:K112E,eval,2e-05,3,M:A109E;M:E110G;M:K112E
5M2M_NM,M:A109E;M:E110G;M:R138A,eval,2e-05,3,M:A109E;M:E110G;M:R138A
5M2M_NM,M:A109E;M:E110N;M:K112A,eval,2e-05,3,M:A109E;M:E110N;M:K112A
5M2M_NM,M:A109E;M:E110N;M:K112D,eval,2e-05,3,M:A109E;M:E110N;M:K112D
5M2M_NM,M:A109E;M:E110N;M:K112E,eval,2e-05,3,M:A109E;M:E110N;M:K112E
5M2M_NM,M:A109E;M:E110S;M:A145E,eval,2e-05,3,M:A109E;M:E110S;M:A145E
5M2M_NM,M:A109E;M:E110S;M:D140N,eval,2e-05,3,M:A109E;M:E110S;M:D140N
5M2M_NM,M:A109E;M:E110S;M:E146D,eval,2e-05,3,M:A109E;M:E110S;M:E146D
5M2M_NM,M:A109E;M:E110S;M:N137A,eval,2e-05,3,M:A109E;M:E110S;M:N137A
5M2M_NM,M:A109E;M:E110S;M:R138D,eval,2e-05,3,M:A109E;M:E110S;M:R138D
5M2M_NM,M:A109E;M:E110T,eval,2e-05,2,M:A109E;M:E110T
5M2M_NM,M:A109E;M:E110T;M:A145E,eval,2e-05,3,M:A109E;M:E110T;M:A145E
5M2M_NM,M:A109E;M:E110T;M:D140L,eval,2e-05,3,M:A109E;M:E110T;M:D140L
5M2M_NM,M:A109E;M:E110T;M:E146D,eval,2e-05,3,M:A109E;M:E110T;M:E146D
5M2M_NM,M:A109E;M:E110T;M:K112P,eval,2e-05,3,M:A109E;M:E110T;M:K112P
5MEV_HLA,WT,both,,0,WT
5MEV_HLA,A:A204D;A:F318Y;A:V321K,steer,0.00042,3,A:A204D;A:F318Y;A:V321K
5MEV_HLA,A:A204D;A:H320N;A:V321K,steer,0.00042,3,A:A204D;A:H320N;A:V321K
5MEV_HLA,A:A204D;A:H320S;A:V321K,steer,0.00042,3,A:A204D;A:H320S;A:V321K
5MEV_HLA,A:A204E;A:E317D;A:V321K,steer,0.00042,3,A:A204E;A:E317D;A:V321K
5MEV_HLA,A:A204E;A:F318H;A:H320S,steer,0.00042,3,A:A204E;A:F318H;A:H320S
5MEV_HLA,A:A204E;A:F318H;A:V321E,steer,0.00042,3,A:A204E;A:F318H;A:V321E
5MEV_HLA,A:A204D,eval,6e-05,1,A:A204D
5MEV_HLA,A:A204D;A:D304E;A:F318H,eval,6e-05,3,A:A204D;A:D304E;A:F318H
5MEV_HLA,A:A204D;A:D304E;A:F318K,eval,6e-05,3,A:A204D;A:D304E;A:F318K
5MEV_HLA,A:A204D;A:D304E;A:F318R,eval,6e-05,3,A:A204D;A:D304E;A:F318R
5MEV_HLA,A:A204D;A:D304E;A:F318T,eval,6e-05,3,A:A204D;A:D304E;A:F318T
5MEV_HLA,A:A204D;A:D304E;A:H320T,eval,6e-05,3,A:A204D;A:D304E;A:H320T
5MEV_HLA,A:A204D;A:D304E;A:V321Q,eval,6e-05,3,A:A204D;A:D304E;A:V321Q
5MEV_HLA,A:A204D;A:E317A;A:F318H,eval,6e-05,3,A:A204D;A:E317A;A:F318H
5MEV_HLA,A:A204D;A:E317A;A:F318R,eval,6e-05,3,A:A204D;A:E317A;A:F318R
5MEV_HLA,A:A204D;A:E317A;A:F318T,eval,6e-05,3,A:A204D;A:E317A;A:F318T
5MEV_HLA,A:A204D;A:E317A;A:H320N,eval,6e-05,3,A:A204D;A:E317A;A:H320N
5MEV_HLA,A:A204D;A:E317A;A:H320T,eval,6e-05,3,A:A204D;A:E317A;A:H320T
5MEV_HLA,A:A204D;A:E317A;A:V321Q,eval,6e-05,3,A:A204D;A:E317A;A:V321Q
5MEV_HLA,A:A204D;A:E317D;A:E322A,eval,6e-05,3,A:A204D;A:E317D;A:E322A
5MEV_HLA,A:A204D;A:E317D;A:E322G,eval,6e-05,3,A:A204D;A:E317D;A:E322G
5MEV_HLA,A:A204D;A:E317D;A:E322N,eval,6e-05,3,A:A204D;A:E317D;A:E322N
5MEV_HLA,A:A204D;A:E317N;A:E322S,eval,6e-05,3,A:A204D;A:E317N;A:E322S
5MEV_HLA,A:A204D;A:E317N;A:F318K,eval,6e-05,3,A:A204D;A:E317N;A:F318K
5MEV_HLA,A:A204D;A:E317N;A:F318T,eval,6e-05,3,A:A204D;A:E317N;A:F318T
5MEV_HLA,A:A204D;A:E317N;A:H320T,eval,6e-05,3,A:A204D;A:E317N;A:H320T
5MEV_HLA,A:A204D;A:E317N;A:V321T,eval,6e-05,3,A:A204D;A:E317N;A:V321T
5MEV_HLA,A:A204D;A:E317Q;A:E322S,eval,6e-05,3,A:A204D;A:E317Q;A:E322S
5MEV_HLA,A:A204D;A:E317Q;A:V321T,eval,6e-05,3,A:A204D;A:E317Q;A:V321T
5MEV_HLA,A:A204D;A:E317S,eval,6e-05,2,A:A204D;A:E317S
5MVZ_HLU,WT,both,,0,WT
5MVZ_HLU,U:D75E;U:S84F;U:P87F,steer,0.00035,3,U:D75E;U:S84F;U:P87F
5MVZ_HLU,U:D75G;U:S84F;U:P87F,steer,0.00035,3,U:D75G;U:S84F;U:P87F
5MVZ_HLU,U:E64D;U:D75G;U:S84F,steer,0.00035,3,U:E64D;U:D75G;U:S84F
5MVZ_HLU,U:E64D;U:S84F;U:P87F,steer,0.00035,3,U:E64D;U:S84F;U:P87F
5MVZ_HLU,U:E64G;U:D75E;U:S84F,steer,0.00035,3,U:E64G;U:D75E;U:S84F
5MVZ_HLU,U:E64G;U:D75G;U:S84F,steer,0.00035,3,U:E64G;U:D75G;U:S84F
5MVZ_HLU,U:D75A;U:D86E;U:P87F,eval,4e-05,3,U:D75A;U:D86E;U:P87F
5MVZ_HLU,U:D75A;U:D86F,eval,4e-05,2,U:D75A;U:D86F
5MVZ_HLU,U:D75A;U:D86F;U:K88E,eval,4e-05,3,U:D75A;U:D86F;U:K88E
5MVZ_HLU,U:D75A;U:D86F;U:N129D,eval,4e-05,3,U:D75A;U:D86F;U:N129D
5MVZ_HLU,U:D75A;U:K88E,eval,4e-05,2,U:D75A;U:K88E
5MVZ_HLU,U:D75A;U:K88E;U:N129E,eval,4e-05,3,U:D75A;U:K88E;U:N129E
5MVZ_HLU,U:D75A;U:K88E;U:N89D,eval,4e-05,3,U:D75A;U:K88E;U:N89D
5MVZ_HLU,U:D75A;U:K88E;U:N89E,eval,4e-05,3,U:D75A;U:K88E;U:N89E
5MVZ_HLU,U:D75A;U:N129D,eval,4e-05,2,U:D75A;U:N129D
5MVZ_HLU,U:D75A;U:N129E,eval,4e-05,2,U:D75A;U:N129E
5MVZ_HLU,U:D75A;U:N89D,eval,4e-05,2,U:D75A;U:N89D
5MVZ_HLU,U:D75A;U:N89D;U:N129D,eval,4e-05,3,U:D75A;U:N89D;U:N129D
5MVZ_HLU,U:D75A;U:N89E,eval,4e-05,2,U:D75A;U:N89E
5MVZ_HLU,U:D75A;U:N89E;U:N129D,eval,4e-05,3,U:D75A;U:N89E;U:N129D
5MVZ_HLU,U:D75A;U:P87E,eval,4e-05,2,U:D75A;U:P87E
5MVZ_HLU,U:D75A;U:P87E;U:K88E,eval,4e-05,3,U:D75A;U:P87E;U:K88E
5MVZ_HLU,U:D75A;U:P87E;U:N129D,eval,4e-05,3,U:D75A;U:P87E;U:N129D
5MVZ_HLU,U:D75A;U:P87F;U:N129F,eval,4e-05,3,U:D75A;U:P87F;U:N129F
5MVZ_HLU,U:D75A;U:S84A,eval,4e-05,2,U:D75A;U:S84A
5MVZ_HLU,U:D75A;U:S84A;U:D86F,eval,4e-05,3,U:D75A;U:S84A;U:D86F
5MVZ_HLU,U:D75A;U:S84A;U:K88E,eval,4e-05,3,U:D75A;U:S84A;U:K88E
5MVZ_HLU,U:D75A;U:S84A;U:N129E,eval,4e-05,3,U:D75A;U:S84A;U:N129E
5MVZ_HLU,U:D75A;U:S84A;U:N89D,eval,4e-05,3,U:D75A;U:S84A;U:N89D
5MVZ_HLU,U:D75A;U:S84A;U:N89E,eval,4e-05,3,U:D75A;U:S84A;U:N89E
5MZV_DA,WT,both,,0,WT
5MZV_DA,A:D40A;A:G83S;A:K217S,steer,0.0002,3,A:D40A;A:G83S;A:K217S
5MZV_DA,A:D40A;A:Q64N;A:D115S,steer,0.0002,3,A:D40A;A:Q64N;A:D115S
5MZV_DA,A:D40A;A:Q64N;A:G83S,steer,0.0002,3,A:D40A;A:Q64N;A:G83S
5MZV_DA,A:D40A;A:Q64N;A:K217S,steer,0.0002,3,A:D40A;A:Q64N;A:K217S
5MZV_DA,A:D40A;A:Q64N;A:N184E,steer,0.0002,3,A:D40A;A:Q64N;A:N184E
5MZV_DA,A:D40A;A:Q64N;A:N184K,steer,0.0002,3,A:D40A;A:Q64N;A:N184K
5MZV_DA,A:D115E;A:D151N;A:N184K,eval,2e-05,3,A:D115E;A:D151N;A:N184K
5MZV_DA,A:D115E;A:D151N;A:N184Q,eval,2e-05,3,A:D115E;A:D151N;A:N184Q
5MZV_DA,A:D115E;A:D151N;A:N184R,eval,2e-05,3,A:D115E;A:D151N;A:N184R
5MZV_DA,A:D115E;A:D151N;A:R181S,eval,2e-05,3,A:D115E;A:D151N;A:R181S
5MZV_DA,A:D115E;A:D183A;A:K217S,eval,2e-05,3,A:D115E;A:D183A;A:K217S
5MZV_DA,A:D115E;A:D183K;A:N184L,eval,2e-05,3,A:D115E;A:D183K;A:N184L
5MZV_DA,A:D115E;A:D183N;A:K217S,eval,2e-05,3,A:D115E;A:D183N;A:K217S
5MZV_DA,A:D115E;A:D183N;A:N184E,eval,2e-05,3,A:D115E;A:D183N;A:N184E
5MZV_DA,A:D115E;A:D183S;A:N184Q,eval,2e-05,3,A:D115E;A:D183S;A:N184Q
5MZV_DA,A:D115E;A:D183S;A:N184R,eval,2e-05,3,A:D115E;A:D183S;A:N184R
5MZV_DA,A:D115E;A:D183T;A:K217S,eval,2e-05,3,A:D115E;A:D183T;A:K217S
5MZV_DA,A:D115E;A:D183T;A:N184E,eval,2e-05,3,A:D115E;A:D183T;A:N184E
5MZV_DA,A:D115E;A:N184E;A:K217N,eval,2e-05,3,A:D115E;A:N184E;A:K217N
5MZV_DA,A:D115E;A:N184E;A:K217Q,eval,2e-05,3,A:D115E;A:N184E;A:K217Q
5MZV_DA,A:D115E;A:N184E;A:K217R,eval,2e-05,3,A:D115E;A:N184E;A:K217R
5MZV_DA,A:D115E;A:N184K,eval,2e-05,2,A:D115E;A:N184K
5MZV_DA,A:D115E;A:N184K;A:K217N,eval,2e-05,3,A:D115E;A:N184K;A:K217N
5MZV_DA,A:D115E;A:N184K;A:K217Q,eval,2e-05,3,A:D115E;A:N184K;A:K217Q
5MZV_DA,A:D115E;A:N184Q,eval,2e-05,2,A:D115E;A:N184Q
5MZV_DA,A:D115E;A:N184Q;A:K217G,eval,2e-05,3,A:D115E;A:N184Q;A:K217G
5MZV_DA,A:D115E;A:N184Q;A:K217N,eval,2e-05,3,A:D115E;A:N184Q;A:K217N
5MZV_DA,A:D115E;A:N184R;A:K217G,eval,2e-05,3,A:D115E;A:N184R;A:K217G
5MZV_DA,A:D115E;A:R181D;A:K217S,eval,2e-05,3,A:D115E;A:R181D;A:K217S
5MZV_DA,A:D115E;A:R181D;A:N184E,eval,2e-05,3,A:D115E;A:R181D;A:N184E
5O14_HLA,WT,both,,0,WT
5O14_HLA,A:D160A;A:A217D;A:V243E,steer,0.00057,3,A:D160A;A:A217D;A:V243E
5O14_HLA,A:D160A;A:E188A;A:Q216D,steer,0.00057,3,A:D160A;A:E188A;A:Q216D
5O14_HLA,A:D160A;A:E188A;A:V243A,steer,0.00057,3,A:D160A;A:E188A;A:V243A
5O14_HLA,A:D160A;A:E188A;A:V243D,steer,0.00057,3,A:D160A;A:E188A;A:V243D
5O14_HLA,A:D160A;A:E188A;A:V243E,steer,0.00057,3,A:D160A;A:E188A;A:V243E
5O14_HLA,A:D160A;A:E188G;A:Q216D,steer,0.00057,3,A:D160A;A:E188G;A:Q216D
5O14_HLA,A:A217E;A:N244E,eval,0.00013,2,A:A217E;A:N244E
5O14_HLA,A:A217F;A:V243A;A:N244D,eval,0.00013,3,A:A217F;A:V243A;A:N244D
5O14_HLA,A:D160A;A:A217F;A:N244D,eval,0.00013,3,A:D160A;A:A217F;A:N244D
5O14_HLA,A:D160A;A:A217F;A:V243A,eval,0.00013,3,A:D160A;A:A217F;A:V243A
5O14_HLA,A:D160A;A:E188D;A:Q216F,eval,0.00013,3,A:D160A;A:E188D;A:Q216F
5O14_HLA,A:D160A;A:E188D;A:V243F,eval,0.00013,3,A:D160A;A:E188D;A:V243F
5O14_HLA,A:D160A;A:E188F,eval,0.00013,2,A:D160A;A:E188F
5O14_HLA,A:D160A;A:E188F;A:N215A,eval,0.00013,3,A:D160A;A:E188F;A:N215A
5O14_HLA,A:D160A;A:E188F;A:N244A,eval,0.00013,3,A:D160A;A:E188F;A:N244A
5O14_HLA,A:D160A;A:K185A;A:E188F,eval,0.00013,3,A:D160A;A:K185A;A:E188F
5O14_HLA,A:D160A;A:K185A;A:Q216F,eval,0.00013,3,A:D160A;A:K185A;A:Q216F
5O14_HLA,A:D160A;A:K185A;A:S186D,eval,0.00013,3,A:D160A;A:K185A;A:S186D
5O14_HLA,A:D160A;A:K185A;A:V243F,eval,0.00013,3,A:D160A;A:K185A;A:V243F
5O14_HLA,A:D160A;A:K185D;A:A217E,eval,0.00013,3,A:D160A;A:K185D;A:A217E
5O14_HLA,A:D160A;A:K185E;A:A217E,eval,0.00013,3,A:D160A;A:K185E;A:A217E
5O14_HLA,A:D160A;A:K185F;A:A217D,eval,0.00013,3,A:D160A;A:K185F;A:A217D
5O14_HLA,A:D160A;A:K185F;A:A217G,eval,0.00013,3,A:D160A;A:K185F;A:A217G
5O14_HLA,A:D160A;A:K185F;A:E188A,eval,0.00013,3,A:D160A;A:K185F;A:E188A
5O14_HLA,A:D160A;A:K185F;A:E188G,eval,0.00013,3,A:D160A;A:K185F;A:E188G
5O14_HLA,A:D160A;A:K185F;A:N215D,eval,0.00013,3,A:D160A;A:K185F;A:N215D
5O14_HLA,A:D160A;A:K185F;A:N215E,eval,0.00013,3,A:D160A;A:K185F;A:N215E
5O14_HLA,A:D160A;A:K185F;A:N244E,eval,0.00013,3,A:D160A;A:K185F;A:N244E
5O14_HLA,A:D160A;A:K185F;A:P187E,eval,0.00013,3,A:D160A;A:K185F;A:P187E
5O14_HLA,A:D160A;A:K185F;A:Q216E,eval,0.00013,3,A:D160A;A:K185F;A:Q216E
5T1D_HLB,WT,both,,0,WT
5T1D_HLB,B:A132C;B:R135C,steer,0.00011,2,B:A132C;B:R135C
5T1D_HLB,B:A132C;B:R135D,steer,0.00011,2,B:A132C;B:R135D
5T1D_HLB,B:A132C;B:R135E,steer,0.00011,2,B:A132C;B:R135E
5T1D_HLB,B:A132D;B:R135C,steer,0.00011,2,B:A132D;B:R135C
5T1D_HLB,B:A132D;B:R135D,steer,0.00011,2,B:A132D;B:R135D
5T1D_HLB,B:A132D;B:R135E,steer,0.00011,2,B:A132D;B:R135E
5T1D_HLB,B:A132C;B:W133A;B:R135A,eval,2e-05,3,B:A132C;B:W133A;B:R135A
5T1D_HLB,B:A132C;B:W133C;B:H134A,eval,2e-05,3,B:A132C;B:W133C;B:H134A
5T1D_HLB,B:A132C;B:W133C;B:H134E,eval,2e-05,3,B:A132C;B:W133C;B:H134E
5T1D_HLB,B:A132C;B:W133C;B:H134F,eval,2e-05,3,B:A132C;B:W133C;B:H134F
5T1D_HLB,B:A132C;B:W133D;B:H134D,eval,2e-05,3,B:A132C;B:W133D;B:H134D
5T1D_HLB,B:A132C;B:W133E,eval,2e-05,2,B:A132C;B:W133E
5T1D_HLB,B:A132C;B:W133E;B:H134C,eval,2e-05,3,B:A132C;B:W133E;B:H134C
5T1D_HLB,B:A132C;B:W133E;B:R135F,eval,2e-05,3,B:A132C;B:W133E;B:R135F
5T1D_HLB,B:A132C;B:W133F;B:H134C,eval,2e-05,3,B:A132C;B:W133F;B:H134C
5T1D_HLB,B:A132C;B:W133F;B:R135A,eval,2e-05,3,B:A132C;B:W133F;B:R135A
5T1D_HLB,B:A132C;B:W133F;B:R135F,eval,2e-05,3,B:A132C;B:W133F;B:R135F
5T1D_HLB,B:A132D;B:W133A;B:R135A,eval,2e-05,3,B:A132D;B:W133A;B:R135A
5T1D_HLB,B:A132D;B:W133C;B:H134A,eval,2e-05,3,B:A132D;B:W133C;B:H134A
5T1D_HLB,B:A132D;B:W133C;B:H134E,eval,2e-05,3,B:A132D;B:W133C;B:H134E
5T1D_HLB,B:A132D;B:W133C;B:H134F,eval,2e-05,3,B:A132D;B:W133C;B:H134F
5T1D_HLB,B:A132D;B:W133D;B:H134D,eval,2e-05,3,B:A132D;B:W133D;B:H134D
5T1D_HLB,B:A132D;B:W133E,eval,2e-05,2,B:A132D;B:W133E
5T1D_HLB,B:A132D;B:W133E;B:H134C,eval,2e-05,3,B:A132D;B:W133E;B:H134C
5T1D_HLB,B:A132D;B:W133E;B:R135F,eval,2e-05,3,B:A132D;B:W133E;B:R135F
5T1D_HLB,B:A132D;B:W133F;B:R135A,eval,2e-05,3,B:A132D;B:W133F;B:R135A
5T1D_HLB,B:A132D;B:W133F;B:R135F,eval,2e-05,3,B:A132D;B:W133F;B:R135F
5T1D_HLB,B:A132E;B:W133A;B:R135A,eval,2e-05,3,B:A132E;B:W133A;B:R135A
5T1D_HLB,B:A132E;B:W133C;B:H134A,eval,2e-05,3,B:A132E;B:W133C;B:H134A
5T1D_HLB,B:A132E;B:W133C;B:H134E,eval,2e-05,3,B:A132E;B:W133C;B:H134E
5T5N_MLC,WT,both,,0,WT
5T5N_MLC,C:K355R;C:R356K;C:P357K,steer,0.00189,3,C:K355R;C:R356K;C:P357K
5T5N_MLC,C:L336K;C:Q344R;C:K355R,steer,0.00189,3,C:L336K;C:Q344R;C:K355R
5T5N_MLC,C:L336K;C:Q344R;C:R356K,steer,0.00189,3,C:L336K;C:Q344R;C:R356K
5T5N_MLC,C:L336K;C:Q344R;C:Y354K,steer,0.00189,3,C:L336K;C:Q344R;C:Y354K
5T5N_MLC,C:L336K;C:Q344R;C:Y354L,steer,0.00189,3,C:L336K;C:Q344R;C:Y354L
5T5N_MLC,C:L336K;C:Q344R;C:Y354N,steer,0.00189,3,C:L336K;C:Q344R;C:Y354N
5T5N_MLC,C:A10S;C:D11E;C:Q344R,eval,0.0002,3,C:A10S;C:D11E;C:Q344R
5T5N_MLC,C:A10S;C:K355R;C:P357S,eval,0.0002,3,C:A10S;C:K355R;C:P357S
5T5N_MLC,C:A10S;C:L336K;C:K355R,eval,0.0002,3,C:A10S;C:L336K;C:K355R
5T5N_MLC,C:A10S;C:L336K;C:Y354K,eval,0.0002,3,C:A10S;C:L336K;C:Y354K
5T5N_MLC,C:A10S;C:L336K;C:Y354L,eval,0.0002,3,C:A10S;C:L336K;C:Y354L
5T5N_MLC,C:A10S;C:L336R;C:R356K,eval,0.0002,3,C:A10S;C:L336R;C:R356K
5T5N_MLC,C:A10S;C:L336R;C:Y354N,eval,0.0002,3,C:A10S;C:L336R;C:Y354N
5T5N_MLC,C:A10S;C:Q344R;C:E353S,eval,0.0002,3,C:A10S;C:Q344R;C:E353S
5T5N_MLC,C:A10S;C:Y354K;C:K355N,eval,0.0002,3,C:A10S;C:Y354K;C:K355N
5T5N_MLC,C:A10S;C:Y354K;C:P357S,eval,0.0002,3,C:A10S;C:Y354K;C:P357S
5T5N_MLC,C:A10S;C:Y354L;C:K355N,eval,0.0002,3,C:A10S;C:Y354L;C:K355N
5T5N_MLC,C:A10S;C:Y354L;C:P357S,eval,0.0002,3,C:A10S;C:Y354L;C:P357S
5T5N_MLC,C:A10S;C:Y354Q;C:K355R,eval,0.0002,3,C:A10S;C:Y354Q;C:K355R
5T5N_MLC,C:A349F;C:K355R;C:P357S,eval,0.0002,3,C:A349F;C:K355R;C:P357S
5T5N_MLC,C:A349F;C:Y354K;C:K355N,eval,0.0002,3,C:A349F;C:Y354K;C:K355N
5T5N_MLC,C:A349F;C:Y354K;C:P357S,eval,0.0002,3,C:A349F;C:Y354K;C:P357S
5T5N_MLC,C:A349P;C:K355R;C:P357K,eval,0.0002,3,C:A349P;C:K355R;C:P357K
5T5N_MLC,C:A349P;C:R356K;C:P357K,eval,0.0002,3,C:A349P;C:R356K;C:P357K
5T5N_MLC,C:A349P;C:Y354L;C:P357K,eval,0.0002,3,C:A349P;C:Y354L;C:P357K
5T5N_MLC,C:A349P;C:Y354N;C:R356K,eval,0.0002,3,C:A349P;C:Y354N;C:R356K
5T5N_MLC,C:A349S;C:K355R;C:P357S,eval,0.0002,3,C:A349S;C:K355R;C:P357S
5T5N_MLC,C:A349S;C:Y354K;C:K355N,eval,0.0002,3,C:A349S;C:Y354K;C:K355N
5T5N_MLC,C:A349S;C:Y354K;C:P357S,eval,0.0002,3,C:A349S;C:Y354K;C:P357S
5T5N_MLC,C:A349S;C:Y354L;C:K355N,eval,0.0002,3,C:A349S;C:Y354L;C:K355N
5UGY_HLA,WT,both,,0,WT
5UGY_HLA,A:T133N;A:G189A;A:E198N,steer,0.03333,3,A:T133N;A:G189A;A:E198N
5UGY_HLA,A:T133N;A:G189A;A:E198S,steer,0.03333,3,A:T133N;A:G189A;A:E198S
5UGY_HLA,A:T133N;A:G189A;A:E198T,steer,0.03333,3,A:T133N;A:G189A;A:E198T
5UGY_HLA,A:G189A;A:E198N,steer,0.00769,2,A:G189A;A:E198N
5UGY_HLA,A:G189A;A:E198S,steer,0.00769,2,A:G189A;A:E198S
5UGY_HLA,A:G189A;A:E198T,steer,0.00769,2,A:G189A;A:E198T
5UGY_HLA,A:G159N;A:G189A;A:E198N,eval,0.00192,3,A:G159N;A:G189A;A:E198N
5UGY_HLA,A:G159N;A:G189A;A:E198S,eval,0.00192,3,A:G159N;A:G189A;A:E198S
5UGY_HLA,A:G159N;A:G189A;A:E198T,eval,0.00192,3,A:G159N;A:G189A;A:E198T
5UGY_HLA,A:G159S;A:G189A;A:E198D,eval,0.00192,3,A:G159S;A:G189A;A:E198D
5UGY_HLA,A:G159S;A:G189I;A:E198N,eval,0.00192,3,A:G159S;A:G189I;A:E198N
5UGY_HLA,A:G159S;A:G189I;A:E198S,eval,0.00192,3,A:G159S;A:G189I;A:E198S
5UGY_HLA,A:G159S;A:G189I;A:E198T,eval,0.00192,3,A:G159S;A:G189I;A:E198T
5UGY_HLA,A:G159S;A:G189V;A:E198N,eval,0.00192,3,A:G159S;A:G189V;A:E198N
5UGY_HLA,A:G159S;A:G189V;A:E198S,eval,0.00192,3,A:G159S;A:G189V;A:E198S
5UGY_HLA,A:G159S;A:G189V;A:E198T,eval,0.00192,3,A:G159S;A:G189V;A:E198T
5UGY_HLA,A:G189A;A:E198D;A:D225N,eval,0.00192,3,A:G189A;A:E198D;A:D225N
5UGY_HLA,A:G189I;A:E198D;A:D225E,eval,0.00192,3,A:G189I;A:E198D;A:D225E
5UGY_HLA,A:G189I;A:E198N;A:D225N,eval,0.00192,3,A:G189I;A:E198N;A:D225N
5UGY_HLA,A:G189I;A:E198S;A:D225N,eval,0.00192,3,A:G189I;A:E198S;A:D225N
5UGY_HLA,A:G189I;A:E198T;A:D225N,eval,0.00192,3,A:G189I;A:E198T;A:D225N
5UGY_HLA,A:G189L;A:E198N;A:D225E,eval,0.00192,3,A:G189L;A:E198N;A:D225E
5UGY_HLA,A:G189L;A:E198S;A:D225E,eval,0.00192,3,A:G189L;A:E198S;A:D225E
5UGY_HLA,A:G189L;A:E198T;A:D225E,eval,0.00192,3,A:G189L;A:E198T;A:D225E
5UGY_HLA,A:G189V;A:E198D;A:D225E,eval,0.00192,3,A:G189V;A:E198D;A:D225E
5UGY_HLA,A:G189V;A:E198N;A:D225N,eval,0.00192,3,A:G189V;A:E198N;A:D225N
5UGY_HLA,A:G189V;A:E198S;A:D225N,eval,0.00192,3,A:G189V;A:E198S;A:D225N
5UGY_HLA,A:G189V;A:E198T;A:D225N,eval,0.00192,3,A:G189V;A:E198T;A:D225N
5UGY_HLA,A:N158D;A:E198N;A:D225G,eval,0.00192,3,A:N158D;A:E198N;A:D225G
5UGY_HLA,A:N158D;A:E198S;A:D225G,eval,0.00192,3,A:N158D;A:E198S;A:D225G
5UK4_bB,WT,both,,0,WT
5UK4_bB,B:A368L;B:D374T;B:V376D,steer,7e-05,3,B:A368L;B:D374T;B:V376D
5UK4_bB,B:A368L;B:P369A;B:Q371S,steer,7e-05,3,B:A368L;B:P369A;B:Q371S
5UK4_bB,B:A368L;B:P369S;B:Q371S,steer,7e-05,3,B:A368L;B:P369S;B:Q371S
5UK4_bB,B:A368L;B:P369T;B:Q371S,steer,7e-05,3,B:A368L;B:P369T;B:Q371S
5UK4_bB,B:A368L;B:Q371A;B:D374T,steer,7e-05,3,B:A368L;B:Q371A;B:D374T
5UK4_bB,B:A368L;B:Q371A;B:V376A,steer,7e-05,3,B:A368L;B:Q371A;B:V376A
5UK4_bB,B:A368E;B:P369T;B:Q371S,eval,2e-05,3,B:A368E;B:P369T;B:Q371S
5UK4_bB,B:A368E;B:Q371A;B:D374T,eval,2e-05,3,B:A368E;B:Q371A;B:D374T
5UK4_bB,B:A368E;B:Q371A;B:V376A,eval,2e-05,3,B:A368E;B:Q371A;B:V376A
5UK4_bB,B:A368E;B:Q371A;B:V376D,eval,2e-05,3,B:A368E;B:Q371A;B:V376D
5UK4_bB,B:A368E;B:Q371D;B:D374T,eval,2e-05,3,B:A368E;B:Q371D;B:D374T
5UK4_bB,B:A368E;B:Q371G;B:D374T,eval,2e-05,3,B:A368E;B:Q371G;B:D374T
5UK4_bB,B:A368E;B:Q371G;B:V376A,eval,2e-05,3,B:A368E;B:Q371G;B:V376A
5UK4_bB,B:A368E;B:Q371G;B:V376D,eval,2e-05,3,B:A368E;B:Q371G;B:V376D
5UK4_bB,B:A368E;B:Q371S;B:D384E,eval,2e-05,3,B:A368E;B:Q371S;B:D384E
5UK4_bB,B:A368E;B:Q371S;B:G372A,eval,2e-05,3,B:A368E;B:Q371S;B:G372A
5UK4_bB,B:A368E;B:Q371S;B:V376A,eval,2e-05,3,B:A368E;B:Q371S;B:V376A
5UK4_bB,B:A368E;B:Q371T;B:D374T,eval,2e-05,3,B:A368E;B:Q371T;B:D374T
5UK4_bB,B:A368E;B:Q371T;B:V376A,eval,2e-05,3,B:A368E;B:Q371T;B:V376A
5UK4_bB,B:A368E;B:Q371T;B:V376D,eval,2e-05,3,B:A368E;B:Q371T;B:V376D
5UK4_bB,B:A368L;B:D374T;B:D384G,eval,2e-05,3,B:A368L;B:D374T;B:D384G
5UK4_bB,B:A368L;B:D374T;B:V376N,eval,2e-05,3,B:A368L;B:D374T;B:V376N
5UK4_bB,B:A368L;B:G372A;B:V376G,eval,2e-05,3,B:A368L;B:G372A;B:V376G
5UK4_bB,B:A368L;B:G372A;B:V376S,eval,2e-05,3,B:A368L;B:G372A;B:V376S
5UK4_bB,B:A368L;B:G372P;B:D384E,eval,2e-05,3,B:A368L;B:G372P;B:D384E
5UK4_bB,B:A368L;B:G372S;B:V376A,eval,2e-05,3,B:A368L;B:G372S;B:V376A
5UK4_bB,B:A368L;B:G372S;B:V376D,eval,2e-05,3,B:A368L;B:G372S;B:V376D
5UK4_bB,B:A368L;B:G372T;B:D374T,eval,2e-05,3,B:A368L;B:G372T;B:D374T
5UK4_bB,B:A368L;B:P369A;B:G372A,eval,2e-05,3,B:A368L;B:P369A;B:G372A
5UK4_bB,B:A368L;B:P369D;B:D384E,eval,2e-05,3,B:A368L;B:P369D;B:D384E
5VIC_HLE,WT,both,,0,WT
5VIC_HLE,E:Y299I;E:T329E;E:Q340E,steer,0.00213,3,E:Y299I;E:T329E;E:Q340E
5VIC_HLE,E:Y299K;E:Q340A,steer,0.00213,2,E:Y299K;E:Q340A
5VIC_HLE,E:Y299K;E:Q340A;E:E384G,steer,0.00213,3,E:Y299K;E:Q340A;E:E384G
5VIC_HLE,E:Y299K;E:Q340D,steer,0.00213,2,E:Y299K;E:Q340D
5VIC_HLE,E:Y299K;E:Q340D;E:E384G,steer,0.00213,3,E:Y299K;E:Q340D;E:E384G
5VIC_HLE,E:Y299K;E:Q340E,steer,0.00213,2,E:Y299K;E:Q340E
5VIC_HLE,E:E384A,eval,0.00036,1,E:E384A
5VIC_HLE,E:G383A;E:E384G,eval,0.00036,2,E:G383A;E:E384G
5VIC_HLE,E:G383D;E:E384A,eval,0.00036,2,E:G383D;E:E384A
5VIC_HLE,E:G383D;E:E384D,eval,0.00036,2,E:G383D;E:E384D
5VIC_HLE,E:G383E;E:E384A,eval,0.00036,2,E:G383E;E:E384A
5VIC_HLE,E:G383E;E:E384D,eval,0.00036,2,E:G383E;E:E384D
5VIC_HLE,E:Q340A;E:E384F,eval,0.00036,2,E:Q340A;E:E384F
5VIC_HLE,E:Q340A;E:G383D;E:E384F,eval,0.00036,3,E:Q340A;E:G383D;E:E384F
5VIC_HLE,E:Q340A;E:G383E;E:E384F,eval,0.00036,3,E:Q340A;E:G383E;E:E384F
5VIC_HLE,E:Q340A;E:G383F,eval,0.00036,2,E:Q340A;E:G383F
5VIC_HLE,E:Q340A;E:G383F;E:E384G,eval,0.00036,3,E:Q340A;E:G383F;E:E384G
5VIC_HLE,E:Q340D;E:E384F,eval,0.00036,2,E:Q340D;E:E384F
5VIC_HLE,E:Q340D;E:G383D;E:E384F,eval,0.00036,3,E:Q340D;E:G383D;E:E384F
5VIC_HLE,E:Q340D;E:G383E;E:E384F,eval,0.00036,3,E:Q340D;E:G383E;E:E384F
5VIC_HLE,E:Q340D;E:G383F,eval,0.00036,2,E:Q340D;E:G383F
5VIC_HLE,E:Q340D;E:G383F;E:E384G,eval,0.00036,3,E:Q340D;E:G383F;E:E384G
5VIC_HLE,E:Q340E;E:G383F;E:E384A,eval,0.00036,3,E:Q340E;E:G383F;E:E384A
5VIC_HLE,E:Q340F;E:E384A,eval,0.00036,2,E:Q340F;E:E384A
5VIC_HLE,E:Q340F;E:G383A,eval,0.00036,2,E:Q340F;E:G383A
5VIC_HLE,E:Q340F;E:G383A;E:E384G,eval,0.00036,3,E:Q340F;E:G383A;E:E384G
5VIC_HLE,E:Q340F;E:G383D;E:E384A,eval,0.00036,3,E:Q340F;E:G383D;E:E384A
5VIC_HLE,E:Q340F;E:G383D;E:E384D,eval,0.00036,3,E:Q340F;E:G383D;E:E384D
5VIC_HLE,E:Q340F;E:G383E;E:E384A,eval,0.00036,3,E:Q340F;E:G383E;E:E384A
5VIC_HLE,E:Q340F;E:G383E;E:E384D,eval,0.00036,3,E:Q340F;E:G383E;E:E384D
5VIG_HLZ,WT,both,,0,WT
5VIG_HLZ,Z:Y305M;Z:D348E;Z:G392Y,steer,0.00213,3,Z:Y305M;Z:D348E;Z:G392Y
5VIG_HLZ,Z:Y305M;Z:D348H;Z:E393Q,steer,0.00213,3,Z:Y305M;Z:D348H;Z:E393Q
5VIG_HLZ,Z:Y305M;Z:D348H;Z:G392A,steer,0.00213,3,Z:Y305M;Z:D348H;Z:G392A
5VIG_HLZ,Z:Y305M;Z:D348H;Z:G392N,steer,0.00213,3,Z:Y305M;Z:D348H;Z:G392N
5VIG_HLZ,Z:Y305M;Z:D348H;Z:G392V,steer,0.00213,3,Z:Y305M;Z:D348H;Z:G392V
5VIG_HLZ,Z:Y305M;Z:D348N;Z:G392Y,steer,0.00213,3,Z:Y305M;Z:D348N;Z:G392Y
5VIG_HLZ,Z:D348E;Z:E393D,eval,4e-05,2,Z:D348E;Z:E393D
5VIG_HLZ,Z:D348E;Z:M349A;Z:E393Q,eval,4e-05,3,Z:D348E;Z:M349A;Z:E393Q
5VIG_HLZ,Z:D348E;Z:M349A;Z:G392N,eval,4e-05,3,Z:D348E;Z:M349A;Z:G392N
5VIG_HLZ,Z:D348E;Z:M349L;Z:E393Q,eval,4e-05,3,Z:D348E;Z:M349L;Z:E393Q
5VIG_HLZ,Z:D348E;Z:M349L;Z:G392N,eval,4e-05,3,Z:D348E;Z:M349L;Z:G392N
5VIG_HLZ,Z:D348E;Z:M349P;Z:E393Q,eval,4e-05,3,Z:D348E;Z:M349P;Z:E393Q
5VIG_HLZ,Z:D348E;Z:M349P;Z:G392A,eval,4e-05,3,Z:D348E;Z:M349P;Z:G392A
5VIG_HLZ,Z:D348E;Z:M349P;Z:G392N,eval,4e-05,3,Z:D348E;Z:M349P;Z:G392N
5VIG_HLZ,Z:D348E;Z:M349Q,eval,4e-05,2,Z:D348E;Z:M349Q
5VIG_HLZ,Z:D348E;Z:M349Q;Z:E393A,eval,4e-05,3,Z:D348E;Z:M349Q;Z:E393A
5VIG_HLZ,Z:D348E;Z:M349Q;Z:E393S,eval,4e-05,3,Z:D348E;Z:M349Q;Z:E393S
5VIG_HLZ,Z:D348E;Z:M349Q;Z:G392S,eval,4e-05,3,Z:D348E;Z:M349Q;Z:G392S
5VIG_HLZ,Z:D348E;Z:M349Q;Z:N362Q,eval,4e-05,3,Z:D348E;Z:M349Q;Z:N362Q
5VIG_HLZ,Z:D348E;Z:M349Q;Z:T351D,eval,4e-05,3,Z:D348E;Z:M349Q;Z:T351D
5VIG_HLZ,Z:D348E;Z:M349Q;Z:T351E,eval,4e-05,3,Z:D348E;Z:M349Q;Z:T351E
5VIG_HLZ,Z:D348E;Z:M349Q;Z:T351N,eval,4e-05,3,Z:D348E;Z:M349Q;Z:T351N
5VIG_HLZ,Z:D348E;Z:M349Q;Z:T353A,eval,4e-05,3,Z:D348E;Z:M349Q;Z:T353A
5VIG_HLZ,Z:D348E;Z:M349Q;Z:T353E,eval,4e-05,3,Z:D348E;Z:M349Q;Z:T353E
5VIG_HLZ,Z:D348E;Z:M349S;Z:G392A,eval,4e-05,3,Z:D348E;Z:M349S;Z:G392A
5VIG_HLZ,Z:D348E;Z:M349S;Z:G392N,eval,4e-05,3,Z:D348E;Z:M349S;Z:G392N
5VIG_HLZ,Z:D348E;Z:N362D;Z:E393D,eval,4e-05,3,Z:D348E;Z:N362D;Z:E393D
5VIG_HLZ,Z:D348E;Z:N362Q;Z:E393D,eval,4e-05,3,Z:D348E;Z:N362Q;Z:E393D
5VIG_HLZ,Z:D348E;Z:N362S,eval,4e-05,2,Z:D348E;Z:N362S
5VIG_HLZ,Z:D348E;Z:N362T,eval,4e-05,2,Z:D348E;Z:N362T
5W0K_HLA,WT,both,,0,WT
5W0K_HLA,A:D190E;A:E280A;A:Q503A,steer,9e-05,3,A:D190E;A:E280A;A:Q503A
5W0K_HLA,A:D190E;A:E280S;A:Q503A,steer,9e-05,3,A:D190E;A:E280S;A:Q503A
5W0K_HLA,A:D190E;A:E282L;A:Q503A,steer,9e-05,3,A:D190E;A:E282L;A:Q503A
5W0K_HLA,A:D190E;A:E282L;A:Q503E,steer,9e-05,3,A:D190E;A:E282L;A:Q503E
5W0K_HLA,A:D190E;A:E282L;A:Q503P,steer,9e-05,3,A:D190E;A:E282L;A:Q503P
5W0K_HLA,A:D190E;A:E282L;A:Q503S,steer,9e-05,3,A:D190E;A:E282L;A:Q503S
5W0K_HLA,A:A499E;A:Q503E;A:A504E,eval,2e-05,3,A:A499E;A:Q503E;A:A504E
5W0K_HLA,A:A499E;A:Q503P;A:A504E,eval,2e-05,3,A:A499E;A:Q503P;A:A504E
5W0K_HLA,A:A499E;A:Q503S,eval,2e-05,2,A:A499E;A:Q503S
5W0K_HLA,A:A499E;A:Q503S;A:A504E,eval,2e-05,3,A:A499E;A:Q503S;A:A504E
5W0K_HLA,A:A499E;A:T500A;A:Q503K,eval,2e-05,3,A:A499E;A:T500A;A:Q503K
5W0K_HLA,A:A499E;A:T500D;A:Q503A,eval,2e-05,3,A:A499E;A:T500D;A:Q503A
5W0K_HLA,A:A499K;A:Q503A;A:A504E,eval,2e-05,3,A:A499K;A:Q503A;A:A504E
5W0K_HLA,A:A499K;A:T500A;A:Q503P,eval,2e-05,3,A:A499K;A:T500A;A:Q503P
5W0K_HLA,A:A499K;A:T500A;A:Q503S,eval,2e-05,3,A:A499K;A:T500A;A:Q503S
5W0K_HLA,A:A499K;A:T500S;A:Q503S,eval,2e-05,3,A:A499K;A:T500S;A:Q503S
5W0K_HLA,A:A499P;A:Q503A,eval,2e-05,2,A:A499P;A:Q503A
5W0K_HLA,A:A499P;A:T500A;A:Q503E,eval,2e-05,3,A:A499P;A:T500A;A:Q503E
5W0K_HLA,A:A499P;A:T500A;A:Q503P,eval,2e-05,3,A:A499P;A:T500A;A:Q503P
5W0K_HLA,A:A499P;A:T500G;A:Q503E,eval,2e-05,3,A:A499P;A:T500G;A:Q503E
5W0K_HLA,A:A499P;A:T500G;A:Q503P,eval,2e-05,3,A:A499P;A:T500G;A:Q503P
5W0K_HLA,A:A499P;A:T500G;A:Q503S,eval,2e-05,3,A:A499P;A:T500G;A:Q503S
5W0K_HLA,A:A499P;A:T500S;A:Q503E,eval,2e-05,3,A:A499P;A:T500S;A:Q503E
5W0K_HLA,A:A499P;A:T500S;A:Q503P,eval,2e-05,3,A:A499P;A:T500S;A:Q503P
5W0K_HLA,A:A499S;A:Q503E;A:A504E,eval,2e-05,3,A:A499S;A:Q503E;A:A504E
5W0K_HLA,A:A499S;A:Q503P,eval,2e-05,2,A:A499S;A:Q503P
5W0K_HLA,A:A499S;A:Q503P;A:A504E,eval,2e-05,3,A:A499S;A:Q503P;A:A504E
5W0K_HLA,A:A499S;A:Q503S,eval,2e-05,2,A:A499S;A:Q503S
5W0K_HLA,A:A499S;A:Q503S;A:A504E,eval,2e-05,3,A:A499S;A:Q503S;A:A504E
5W0K_HLA,A:A499S;A:T500A;A:Q503K,eval,2e-05,3,A:A499S;A:T500A;A:Q503K
5X2Q_HLA,WT,both,,0,WT
5X2Q_HLA,A:D227A;A:E229G;A:Q254A,steer,0.00154,3,A:D227A;A:E229G;A:Q254A
5X2Q_HLA,A:D227E;A:E229G,steer,0.00154,2,A:D227E;A:E229G
5X2Q_HLA,A:D227E;A:E229G;A:E253A,steer,0.00154,3,A:D227E;A:E229G;A:E253A
5X2Q_HLA,A:D227E;A:E229G;A:E253D,steer,0.00154,3,A:D227E;A:E229G;A:E253D
5X2Q_HLA,A:D227E;A:E229G;A:K460D,steer,0.00154,3,A:D227E;A:E229G;A:K460D
5X2Q_HLA,A:D227E;A:E229G;A:K460E,steer,0.00154,3,A:D227E;A:E229G;A:K460E
5X2Q_HLA,A:D227A;A:E229A;A:Q254A,eval,0.00011,3,A:D227A;A:E229A;A:Q254A
5X2Q_HLA,A:D227A;A:E229D;A:S457F,eval,0.00011,3,A:D227A;A:E229D;A:S457F
5X2Q_HLA,A:D227A;A:E229G;A:Q254C,eval,0.00011,3,A:D227A;A:E229G;A:Q254C
5X2Q_HLA,A:D227A;A:E253A;A:K460A,eval,0.00011,3,A:D227A;A:E253A;A:K460A
5X2Q_HLA,A:D227A;A:E253A;A:N255D,eval,0.00011,3,A:D227A;A:E253A;A:N255D
5X2Q_HLA,A:D227A;A:E253A;A:N255E,eval,0.00011,3,A:D227A;A:E253A;A:N255E
5X2Q_HLA,A:D227A;A:E253A;A:S452D,eval,0.00011,3,A:D227A;A:E253A;A:S452D
5X2Q_HLA,A:D227A;A:E253A;A:S457D,eval,0.00011,3,A:D227A;A:E253A;A:S457D
5X2Q_HLA,A:D227A;A:E253D;A:K460A,eval,0.00011,3,A:D227A;A:E253D;A:K460A
5X2Q_HLA,A:D227A;A:E253D;A:N255D,eval,0.00011,3,A:D227A;A:E253D;A:N255D
5X2Q_HLA,A:D227A;A:E253D;A:N255E,eval,0.00011,3,A:D227A;A:E253D;A:N255E
5X2Q_HLA,A:D227A;A:E253D;A:S457D,eval,0.00011,3,A:D227A;A:E253D;A:S457D
5X2Q_HLA,A:D227A;A:E253G;A:Q254A,eval,0.00011,3,A:D227A;A:E253G;A:Q254A
5X2Q_HLA,A:D227A;A:Q254D;A:K460E,eval,0.00011,3,A:D227A;A:Q254D;A:K460E
5X2Q_HLA,A:D227A;A:Q254E;A:K460A,eval,0.00011,3,A:D227A;A:Q254E;A:K460A
5X2Q_HLA,A:D227A;A:Q254E;A:N255D,eval,0.00011,3,A:D227A;A:Q254E;A:N255D
5X2Q_HLA,A:D227A;A:Q254E;A:N255E,eval,0.00011,3,A:D227A;A:Q254E;A:N255E
5X2Q_HLA,A:D227A;A:Q254E;A:S452D,eval,0.00011,3,A:D227A;A:Q254E;A:S452D
5X2Q_HLA,A:D227A;A:Q254E;A:S457D,eval,0.00011,3,A:D227A;A:Q254E;A:S457D
5X2Q_HLA,A:D227A;A:Q254E;A:S457E,eval,0.00011,3,A:D227A;A:Q254E;A:S457E
5X2Q_HLA,A:D227A;A:Q254F;A:K460A,eval,0.00011,3,A:D227A;A:Q254F;A:K460A
5X2Q_HLA,A:D227A;A:Q254F;A:N255D,eval,0.00011,3,A:D227A;A:Q254F;A:N255D
5X2Q_HLA,A:D227A;A:Q254F;A:S457A,eval,0.00011,3,A:D227A;A:Q254F;A:S457A
5X2Q_HLA,A:D227A;A:Q254F;A:S457D,eval,0.00011,3,A:D227A;A:Q254F;A:S457D
6AJ9_HLC,WT,both,,0,WT
6AJ9_HLC,C:D76S;C:D208G,steer,0.00055,2,C:D76S;C:D208G
6AJ9_HLC,C:D76S;C:P203E;C:D208A,steer,0.00055,3,C:D76S;C:P203E;C:D208A
6AJ9_HLC,C:D76S;C:P203E;C:D208G,steer,0.00055,3,C:D76S;C:P203E;C:D208G
6AJ9_HLC,C:E59A;C:D208G,steer,0.00055,2,C:E59A;C:D208G
6AJ9_HLC,C:E59A;C:D76E;C:D208A,steer,0.00055,3,C:E59A;C:D76E;C:D208A
6AJ9_HLC,C:E59A;C:D76E;C:D208G,steer,0.00055,3,C:E59A;C:D76E;C:D208G
6AJ9_HLC,C:D76E;C:P203C;C:D208A,eval,8e-05,3,C:D76E;C:P203C;C:D208A
6AJ9_HLC,C:D76E;C:P203E;C:S204F,eval,8e-05,3,C:D76E;C:P203E;C:S204F
6AJ9_HLC,C:D76E;C:S204A;C:D208C,eval,8e-05,3,C:D76E;C:S204A;C:D208C
6AJ9_HLC,C:D76E;C:S204C;C:D208A,eval,8e-05,3,C:D76E;C:S204C;C:D208A
6AJ9_HLC,C:D76E;C:S204C;C:D208F,eval,8e-05,3,C:D76E;C:S204C;C:D208F
6AJ9_HLC,C:D76E;C:S204D,eval,8e-05,2,C:D76E;C:S204D
6AJ9_HLC,C:D76E;C:S204D;C:D208E,eval,8e-05,3,C:D76E;C:S204D;C:D208E
6AJ9_HLC,C:D76E;C:S204E;C:D208E,eval,8e-05,3,C:D76E;C:S204E;C:D208E
6AJ9_HLC,C:D76E;C:S204F;C:D208F,eval,8e-05,3,C:D76E;C:S204F;C:D208F
6AJ9_HLC,C:D76N;C:D208C,eval,8e-05,2,C:D76N;C:D208C
6AJ9_HLC,C:D76N;C:P203A;C:S204A,eval,8e-05,3,C:D76N;C:P203A;C:S204A
6AJ9_HLC,C:D76N;C:P203C;C:D208G,eval,8e-05,3,C:D76N;C:P203C;C:D208G
6AJ9_HLC,C:D76N;C:P203D;C:S204A,eval,8e-05,3,C:D76N;C:P203D;C:S204A
6AJ9_HLC,C:D76N;C:P203E;C:S204D,eval,8e-05,3,C:D76N;C:P203E;C:S204D
6AJ9_HLC,C:D76N;C:P203F;C:D208F,eval,8e-05,3,C:D76N;C:P203F;C:D208F
6AJ9_HLC,C:D76N;C:S204E,eval,8e-05,2,C:D76N;C:S204E
6AJ9_HLC,C:D76N;C:S204E;C:D208E,eval,8e-05,3,C:D76N;C:S204E;C:D208E
6AJ9_HLC,C:D76N;C:S204F;C:D208A,eval,8e-05,3,C:D76N;C:S204F;C:D208A
6AJ9_HLC,C:D76N;C:S204F;C:D208F,eval,8e-05,3,C:D76N;C:S204F;C:D208F
6AJ9_HLC,C:D76P;C:P203C;C:D208A,eval,8e-05,3,C:D76P;C:P203C;C:D208A
6AJ9_HLC,C:D76P;C:P203E;C:S204F,eval,8e-05,3,C:D76P;C:P203E;C:S204F
6AJ9_HLC,C:D76P;C:S204A;C:D208C,eval,8e-05,3,C:D76P;C:S204A;C:D208C
6AJ9_HLC,C:D76P;C:S204C;C:D208A,eval,8e-05,3,C:D76P;C:S204C;C:D208A
6AJ9_HLC,C:D76P;C:S204C;C:D208F,eval,8e-05,3,C:D76P;C:S204C;C:D208F
6E1K_DCB,WT,both,,0,WT
6E1K_DCB,B:G58A;B:S144F;B:D373A,steer,0.00075,3,B:G58A;B:S144F;B:D373A
6E1K_DCB,B:G58A;B:S144F;B:D373E,steer,0.00075,3,B:G58A;B:S144F;B:D373E
6E1K_DCB,B:G58A;B:S144F;B:D386E,steer,0.00075,3,B:G58A;B:S144F;B:D386E
6E1K_DCB,B:G58A;B:S144F;B:K338A,steer,0.00075,3,B:G58A;B:S144F;B:K338A
6E1K_DCB,B:G58A;B:S144F;B:N339D,steer,0.00075,3,B:G58A;B:S144F;B:N339D
6E1K_DCB,B:G58A;B:S144F;B:S336A,steer,0.00075,3,B:G58A;B:S144F;B:S336A
6E1K_DCB,B:D337A;B:D373E;B:T378D,eval,0.00011,3,B:D337A;B:D373E;B:T378D
6E1K_DCB,B:D337A;B:K338A;B:N339D,eval,0.00011,3,B:D337A;B:K338A;B:N339D
6E1K_DCB,B:D337A;B:N339D;B:D386E,eval,0.00011,3,B:D337A;B:N339D;B:D386E
6E1K_DCB,B:D337C;B:K338A;B:T378D,eval,0.00011,3,B:D337C;B:K338A;B:T378D
6E1K_DCB,B:D337C;B:N339D;B:T378D,eval,0.00011,3,B:D337C;B:N339D;B:T378D
6E1K_DCB,B:D337C;B:T378D;B:D386E,eval,0.00011,3,B:D337C;B:T378D;B:D386E
6E1K_DCB,B:D337G;B:D373A;B:T378A,eval,0.00011,3,B:D337G;B:D373A;B:T378A
6E1K_DCB,B:D337G;B:D373A;B:T378C,eval,0.00011,3,B:D337G;B:D373A;B:T378C
6E1K_DCB,B:D337G;B:D373E;B:T378C,eval,0.00011,3,B:D337G;B:D373E;B:T378C
6E1K_DCB,B:D337G;B:D377E;B:T378D,eval,0.00011,3,B:D337G;B:D377E;B:T378D
6E1K_DCB,B:D337G;B:K338C;B:T378D,eval,0.00011,3,B:D337G;B:K338C;B:T378D
6E1K_DCB,B:D337G;B:K338D;B:D386E,eval,0.00011,3,B:D337G;B:K338D;B:D386E
6E1K_DCB,B:D337G;B:K338E;B:N339D,eval,0.00011,3,B:D337G;B:K338E;B:N339D
6E1K_DCB,B:D337G;B:T378A,eval,0.00011,2,B:D337G;B:T378A
6E1K_DCB,B:D337G;B:T378C,eval,0.00011,2,B:D337G;B:T378C
6E1K_DCB,B:D373A;B:D377A;B:T378D,eval,0.00011,3,B:D373A;B:D377A;B:T378D
6E1K_DCB,B:D373E;B:D377A;B:T378D,eval,0.00011,3,B:D373E;B:D377A;B:T378D
6E1K_DCB,B:D377A;B:T378D,eval,0.00011,2,B:D377A;B:T378D
6E1K_DCB,B:D377E;B:T378C;B:D386E,eval,0.00011,3,B:D377E;B:T378C;B:D386E
6E1K_DCB,B:G58A;B:D337A;B:K338A,eval,0.00011,3,B:G58A;B:D337A;B:K338A
6E1K_DCB,B:G58A;B:D337A;B:N339D,eval,0.00011,3,B:G58A;B:D337A;B:N339D
6E1K_DCB,B:G58A;B:D337C;B:T378D,eval,0.00011,3,B:G58A;B:D337C;B:T378D
6E1K_DCB,B:G58A;B:D337G;B:K338E,eval,0.00011,3,B:G58A;B:D337G;B:K338E
6E1K_DCB,B:G58A;B:D373A;B:D386A,eval,0.00011,3,B:G58A;B:D373A;B:D386A
6E62_HLP,WT,both,,0,WT
6E62_HLP,P:D321G;P:D390E;P:D415G,steer,0.00019,3,P:D321G;P:D390E;P:D415G
6E62_HLP,P:D321G;P:D390K;P:D415G,steer,0.00019,3,P:D321G;P:D390K;P:D415G
6E62_HLP,P:D321G;P:D390K;P:D415S,steer,0.00019,3,P:D321G;P:D390K;P:D415S
6E62_HLP,P:D321G;P:D390N;P:D415G,steer,0.00019,3,P:D321G;P:D390N;P:D415G
6E62_HLP,P:D321G;P:D390N;P:D415S,steer,0.00019,3,P:D321G;P:D390N;P:D415S
6E62_HLP,P:D321G;P:D390S;P:D415G,steer,0.00019,3,P:D321G;P:D390S;P:D415G
6E62_HLP,P:D321A;P:D390E;P:D415S,eval,5e-05,3,P:D321A;P:D390E;P:D415S
6E62_HLP,P:D321A;P:D390K;P:K416N,eval,5e-05,3,P:D321A;P:D390K;P:K416N
6E62_HLP,P:D321A;P:D390N;P:D415S,eval,5e-05,3,P:D321A;P:D390N;P:D415S
6E62_HLP,P:D321A;P:D390S;P:D415S,eval,5e-05,3,P:D321A;P:D390S;P:D415S
6E62_HLP,P:D321A;P:D390T;P:D415G,eval,5e-05,3,P:D321A;P:D390T;P:D415G
6E62_HLP,P:D321A;P:D415G,eval,5e-05,2,P:D321A;P:D415G
6E62_HLP,P:D321A;P:D415G;P:K416D,eval,5e-05,3,P:D321A;P:D415G;P:K416D
6E62_HLP,P:D321A;P:D415S;P:K416N,eval,5e-05,3,P:D321A;P:D415S;P:K416N
6E62_HLP,P:D321A;P:E363S;P:D415G,eval,5e-05,3,P:D321A;P:E363S;P:D415G
6E62_HLP,P:D321A;P:E365D;P:D390E,eval,5e-05,3,P:D321A;P:E365D;P:D390E
6E62_HLP,P:D321A;P:E365D;P:D390N,eval,5e-05,3,P:D321A;P:E365D;P:D390N
6E62_HLP,P:D321A;P:E365D;P:D390S,eval,5e-05,3,P:D321A;P:E365D;P:D390S
6E62_HLP,P:D321A;P:E365D;P:D415S,eval,5e-05,3,P:D321A;P:E365D;P:D415S
6E62_HLP,P:D321A;P:E365D;P:G389K,eval,5e-05,3,P:D321A;P:E365D;P:G389K
6E62_HLP,P:D321A;P:E365D;P:G389N,eval,5e-05,3,P:D321A;P:E365D;P:G389N
6E62_HLP,P:D321A;P:E365D;P:G389S,eval,5e-05,3,P:D321A;P:E365D;P:G389S
6E62_HLP,P:D321A;P:E365D;P:N368D,eval,5e-05,3,P:D321A;P:E365D;P:N368D
6E62_HLP,P:D321A;P:E365I;P:D390K,eval,5e-05,3,P:D321A;P:E365I;P:D390K
6E62_HLP,P:D321A;P:E365I;P:D390N,eval,5e-05,3,P:D321A;P:E365I;P:D390N
6E62_HLP,P:D321A;P:E365I;P:D415S,eval,5e-05,3,P:D321A;P:E365I;P:D415S
6E62_HLP,P:D321A;P:E365I;P:G389D,eval,5e-05,3,P:D321A;P:E365I;P:G389D
6E62_HLP,P:D321A;P:E365I;P:G389N,eval,5e-05,3,P:D321A;P:E365I;P:G389N
6E62_HLP,P:D321A;P:E365I;P:G389S,eval,5e-05,3,P:D321A;P:E365I;P:G389S
6E62_HLP,P:D321A;P:E365N;P:D415G,eval,5e-05,3,P:D321A;P:E365N;P:D415G
6EJM_HB,WT,both,,0,WT
6EJM_HB,B:F186S;B:G200A;B:H203K,steer,0.00022,3,B:F186S;B:G200A;B:H203K
6EJM_HB,B:F186S;B:G200C;B:H203K,steer,0.00022,3,B:F186S;B:G200C;B:H203K
6EJM_HB,B:F186S;B:G200D;B:H203K,steer,0.00022,3,B:F186S;B:G200D;B:H203K
6EJM_HB,B:F186S;B:G200E;B:H203K,steer,0.00022,3,B:F186S;B:G200E;B:H203K
6EJM_HB,B:F186S;B:G200E;B:H203N,steer,0.00022,3,B:F186S;B:G200E;B:H203N
6EJM_HB,B:F186S;B:G200F;B:H203K,steer,0.00022,3,B:F186S;B:G200F;B:H203K
6EJM_HB,B:F186C;B:G200E;B:H203N,eval,2e-05,3,B:F186C;B:G200E;B:H203N
6EJM_HB,B:F186C;B:G200F;B:H203K,eval,2e-05,3,B:F186C;B:G200F;B:H203K
6EJM_HB,B:F186C;B:H203N,eval,2e-05,2,B:F186C;B:H203N
6EJM_HB,B:F186C;B:K187D;B:H203K,eval,2e-05,3,B:F186C;B:K187D;B:H203K
6EJM_HB,B:F186C;B:K201F;B:H203K,eval,2e-05,3,B:F186C;B:K201F;B:H203K
6EJM_HB,B:F186C;B:L202C;B:H203N,eval,2e-05,3,B:F186C;B:L202C;B:H203N
6EJM_HB,B:F186C;B:L202D;B:H203K,eval,2e-05,3,B:F186C;B:L202D;B:H203K
6EJM_HB,B:F186C;B:L202E;B:H203K,eval,2e-05,3,B:F186C;B:L202E;B:H203K
6EJM_HB,B:F186C;B:L202F;B:H203K,eval,2e-05,3,B:F186C;B:L202F;B:H203K
6EJM_HB,B:F186N;B:G200A;B:H203D,eval,2e-05,3,B:F186N;B:G200A;B:H203D
6EJM_HB,B:F186N;B:G200A;B:H203G,eval,2e-05,3,B:F186N;B:G200A;B:H203G
6EJM_HB,B:F186N;B:G200C;B:H203D,eval,2e-05,3,B:F186N;B:G200C;B:H203D
6EJM_HB,B:F186N;B:G200C;B:H203G,eval,2e-05,3,B:F186N;B:G200C;B:H203G
6EJM_HB,B:F186N;B:G200E,eval,2e-05,2,B:F186N;B:G200E
6EJM_HB,B:F186N;B:G200F;B:H203D,eval,2e-05,3,B:F186N;B:G200F;B:H203D
6EJM_HB,B:F186N;B:G200F;B:H203E,eval,2e-05,3,B:F186N;B:G200F;B:H203E
6EJM_HB,B:F186N;B:G200F;B:H203G,eval,2e-05,3,B:F186N;B:G200F;B:H203G
6EJM_HB,B:F186N;B:K187C;B:H203D,eval,2e-05,3,B:F186N;B:K187C;B:H203D
6EJM_HB,B:F186N;B:K187C;B:H203G,eval,2e-05,3,B:F186N;B:K187C;B:H203G
6EJM_HB,B:F186N;B:K187D;B:H203E,eval,2e-05,3,B:F186N;B:K187D;B:H203E
6EJM_HB,B:F186N;B:K187E;B:H203N,eval,2e-05,3,B:F186N;B:K187E;B:H203N
6EJM_HB,B:F186N;B:K201A;B:H203N,eval,2e-05,3,B:F186N;B:K201A;B:H203N
6EJM_HB,B:F186N;B:K201D;B:H203N,eval,2e-05,3,B:F186N;B:K201D;B:H203N
6EJM_HB,B:F186N;B:K201E;B:H203N,eval,2e-05,3,B:F186N;B:K201E;B:H203N
6FLA_HLI,WT,both,,0,WT
6FLA_HLI,I:D329A;I:D362G;I:P384E,steer,0.00109,3,I:D329A;I:D362G;I:P384E
6FLA_HLI,I:D329A;I:D362G;I:P384K,steer,0.00109,3,I:D329A;I:D362G;I:P384K
6FLA_HLI,I:D329A;I:R345K;I:P384K,steer,0.00109,3,I:D329A;I:R345K;I:P384K
6FLA_HLI,I:D329E;I:D362G;I:P384E,steer,0.00109,3,I:D329E;I:D362G;I:P384E
6FLA_HLI,I:D329E;I:D362G;I:P384K,steer,0.00109,3,I:D329E;I:D362G;I:P384K
6FLA_HLI,I:D329E;I:R345K;I:D362G,steer,0.00109,3,I:D329E;I:R345K;I:D362G
6FLA_HLI,I:D329A;I:D362K,eval,0.00021,2,I:D329A;I:D362K
6FLA_HLI,I:D329A;I:D362N,eval,0.00021,2,I:D329A;I:D362N
6FLA_HLI,I:D329A;I:D362N;I:P384Q,eval,0.00021,3,I:D329A;I:D362N;I:P384Q
6FLA_HLI,I:D329A;I:D362S,eval,0.00021,2,I:D329A;I:D362S
6FLA_HLI,I:D329A;I:D362S;I:P384Q,eval,0.00021,3,I:D329A;I:D362S;I:P384Q
6FLA_HLI,I:D329A;I:E343D;I:D362N,eval,0.00021,3,I:D329A;I:E343D;I:D362N
6FLA_HLI,I:D329A;I:E343D;I:D362S,eval,0.00021,3,I:D329A;I:E343D;I:D362S
6FLA_HLI,I:D329A;I:E343D;I:P384Q,eval,0.00021,3,I:D329A;I:E343D;I:P384Q
6FLA_HLI,I:D329A;I:E343D;I:R345Q,eval,0.00021,3,I:D329A;I:E343D;I:R345Q
6FLA_HLI,I:D329A;I:E343K,eval,0.00021,2,I:D329A;I:E343K
6FLA_HLI,I:D329A;I:E343K;I:R345Q,eval,0.00021,3,I:D329A;I:E343K;I:R345Q
6FLA_HLI,I:D329A;I:E343K;I:R345T,eval,0.00021,3,I:D329A;I:E343K;I:R345T
6FLA_HLI,I:D329A;I:E343N;I:R345S,eval,0.00021,3,I:D329A;I:E343N;I:R345S
6FLA_HLI,I:D329A;I:E343Q;I:D362G,eval,0.00021,3,I:D329A;I:E343Q;I:D362G
6FLA_HLI,I:D329A;I:E343Q;I:P384E,eval,0.00021,3,I:D329A;I:E343Q;I:P384E
6FLA_HLI,I:D329A;I:E343Q;I:P384K,eval,0.00021,3,I:D329A;I:E343Q;I:P384K
6FLA_HLI,I:D329A;I:E343Q;I:R345K,eval,0.00021,3,I:D329A;I:E343Q;I:R345K
6FLA_HLI,I:D329A;I:E343S;I:R345S,eval,0.00021,3,I:D329A;I:E343S;I:R345S
6FLA_HLI,I:D329A;I:R345N;I:E383A,eval,0.00021,3,I:D329A;I:R345N;I:E383A
6FLA_HLI,I:D329A;I:R345Q;I:D362N,eval,0.00021,3,I:D329A;I:R345Q;I:D362N
6FLA_HLI,I:D329A;I:R345Q;I:D362S,eval,0.00021,3,I:D329A;I:R345Q;I:D362S
6FLA_HLI,I:D329A;I:R345S;I:D362A,eval,0.00021,3,I:D329A;I:R345S;I:D362A
6FLA_HLI,I:D329A;I:R345S;I:E383S,eval,0.00021,3,I:D329A;I:R345S;I:E383S
6FLA_HLI,I:D329A;I:R345S;I:E383T,eval,0.00021,3,I:D329A;I:R345S;I:E383T
6FLB_HLG,WT,both,,0,WT
6FLB_HLG,G:D329E;G:R345K;G:P384E,steer,0.00043,3,G:D329E;G:R345K;G:P384E
6FLB_HLG,G:D329E;G:R345K;G:P384K,steer,0.00043,3,G:D329E;G:R345K;G:P384K
6FLB_HLG,G:D329E;G:R345N;G:P384E,steer,0.00043,3,G:D329E;G:R345N;G:P384E
6FLB_HLG,G:D329E;G:R345N;G:P384K,steer,0.00043,3,G:D329E;G:R345N;G:P384K
6FLB_HLG,G:D329S;G:R345K;G:P384E,steer,0.00043,3,G:D329S;G:R345K;G:P384E
6FLB_HLG,G:D329S;G:R345K;G:P384K,steer,0.00043,3,G:D329S;G:R345K;G:P384K
6FLB_HLG,G:D329E;G:E343A;G:R345S,eval,6e-05,3,G:D329E;G:E343A;G:R345S
6FLB_HLG,G:D329E;G:E343D;G:E383S,eval,6e-05,3,G:D329E;G:E343D;G:E383S
6FLB_HLG,G:D329E;G:E343D;G:E383T,eval,6e-05,3,G:D329E;G:E343D;G:E383T
6FLB_HLG,G:D329E;G:E343D;G:K361A,eval,6e-05,3,G:D329E;G:E343D;G:K361A
6FLB_HLG,G:D329E;G:E343K;G:E383S,eval,6e-05,3,G:D329E;G:E343K;G:E383S
6FLB_HLG,G:D329E;G:E343K;G:E383T,eval,6e-05,3,G:D329E;G:E343K;G:E383T
6FLB_HLG,G:D329E;G:E343K;G:K361A,eval,6e-05,3,G:D329E;G:E343K;G:K361A
6FLB_HLG,G:D329E;G:E343K;G:K361T,eval,6e-05,3,G:D329E;G:E343K;G:K361T
6FLB_HLG,G:D329E;G:E343K;G:K361V,eval,6e-05,3,G:D329E;G:E343K;G:K361V
6FLB_HLG,G:D329E;G:E343N,eval,6e-05,2,G:D329E;G:E343N
6FLB_HLG,G:D329E;G:E343N;G:K361T,eval,6e-05,3,G:D329E;G:E343N;G:K361T
6FLB_HLG,G:D329E;G:E343N;G:P384T,eval,6e-05,3,G:D329E;G:E343N;G:P384T
6FLB_HLG,G:D329E;G:E343N;G:R345Q,eval,6e-05,3,G:D329E;G:E343N;G:R345Q
6FLB_HLG,G:D329E;G:E343N;G:R345T,eval,6e-05,3,G:D329E;G:E343N;G:R345T
6FLB_HLG,G:D329E;G:E383M;G:P384E,eval,6e-05,3,G:D329E;G:E383M;G:P384E
6FLB_HLG,G:D329E;G:E383M;G:P384K,eval,6e-05,3,G:D329E;G:E383M;G:P384K
6FLB_HLG,G:D329E;G:E383N,eval,6e-05,2,G:D329E;G:E383N
6FLB_HLG,G:D329E;G:E383T;G:P384T,eval,6e-05,3,G:D329E;G:E383T;G:P384T
6FLB_HLG,G:D329E;G:G330D;G:E343N,eval,6e-05,3,G:D329E;G:G330D;G:E343N
6FLB_HLG,G:D329E;G:G330D;G:E383T,eval,6e-05,3,G:D329E;G:G330D;G:E383T
6FLB_HLG,G:D329E;G:G330E;G:E343N,eval,6e-05,3,G:D329E;G:G330E;G:E343N
6FLB_HLG,G:D329E;G:G330E;G:E383N,eval,6e-05,3,G:D329E;G:G330E;G:E383N
6FLB_HLG,G:D329E;G:G330E;G:P384Y,eval,6e-05,3,G:D329E;G:G330E;G:P384Y
6FLB_HLG,G:D329E;G:G330N;G:E343D,eval,6e-05,3,G:D329E;G:G330N;G:E343D
6FY1_HLG,WT,both,,0,WT
6FY1_HLG,G:A174D;G:F176A;G:Y177A,steer,8e-05,3,G:A174D;G:F176A;G:Y177A
6FY1_HLG,G:A174D;G:F176A;G:Y177D,steer,8e-05,3,G:A174D;G:F176A;G:Y177D
6FY1_HLG,G:A174D;G:F176A;G:Y177E,steer,8e-05,3,G:A174D;G:F176A;G:Y177E
6FY1_HLG,G:A174D;G:F176D;G:Y177A,steer,8e-05,3,G:A174D;G:F176D;G:Y177A
6FY1_HLG,G:A174D;G:F176D;G:Y177D,steer,8e-05,3,G:A174D;G:F176D;G:Y177D
6FY1_HLG,G:A174D;G:F176D;G:Y177E,steer,8e-05,3,G:A174D;G:F176D;G:Y177E
6FY1_HLG,G:A174D;G:D180A;G:G186E,eval,1e-05,3,G:A174D;G:D180A;G:G186E
6FY1_HLG,G:A174D;G:D180A;G:N187E,eval,1e-05,3,G:A174D;G:D180A;G:N187E
6FY1_HLG,G:A174D;G:D180A;G:P183A,eval,1e-05,3,G:A174D;G:D180A;G:P183A
6FY1_HLG,G:A174D;G:D180A;G:P183D,eval,1e-05,3,G:A174D;G:D180A;G:P183D
6FY1_HLG,G:A174D;G:D180A;G:V182E,eval,1e-05,3,G:A174D;G:D180A;G:V182E
6FY1_HLG,G:A174D;G:D180E;G:K185D,eval,1e-05,3,G:A174D;G:D180E;G:K185D
6FY1_HLG,G:A174D;G:D180E;G:K185E,eval,1e-05,3,G:A174D;G:D180E;G:K185E
6FY1_HLG,G:A174D;G:D180E;G:N187K,eval,1e-05,3,G:A174D;G:D180E;G:N187K
6FY1_HLG,G:A174D;G:D180E;G:S189K,eval,1e-05,3,G:A174D;G:D180E;G:S189K
6FY1_HLG,G:A174D;G:D180E;G:V182D,eval,1e-05,3,G:A174D;G:D180E;G:V182D
6FY1_HLG,G:A174D;G:D180G;G:G186A,eval,1e-05,3,G:A174D;G:D180G;G:G186A
6FY1_HLG,G:A174D;G:D180G;G:I181A,eval,1e-05,3,G:A174D;G:D180G;G:I181A
6FY1_HLG,G:A174D;G:D180G;G:I181E,eval,1e-05,3,G:A174D;G:D180G;G:I181E
6FY1_HLG,G:A174D;G:D180G;G:K185A,eval,1e-05,3,G:A174D;G:D180G;G:K185A
6FY1_HLG,G:A174D;G:D180G;G:L184A,eval,1e-05,3,G:A174D;G:D180G;G:L184A
6FY1_HLG,G:A174D;G:D180G;G:N187L,eval,1e-05,3,G:A174D;G:D180G;G:N187L
6FY1_HLG,G:A174D;G:D180G;G:N188I,eval,1e-05,3,G:A174D;G:D180G;G:N188I
6FY1_HLG,G:A174D;G:D180G;G:P183F,eval,1e-05,3,G:A174D;G:D180G;G:P183F
6FY1_HLG,G:A174D;G:F176A;G:D180A,eval,1e-05,3,G:A174D;G:F176A;G:D180A
6FY1_HLG,G:A174D;G:F176A;G:I181F,eval,1e-05,3,G:A174D;G:F176A;G:I181F
6FY1_HLG,G:A174D;G:F176A;G:L184D,eval,1e-05,3,G:A174D;G:F176A;G:L184D
6FY1_HLG,G:A174D;G:F176A;G:S189Y,eval,1e-05,3,G:A174D;G:F176A;G:S189Y
6FY1_HLG,G:A174D;G:F176A;G:Y177F,eval,1e-05,3,G:A174D;G:F176A;G:Y177F
6FY1_HLG,G:A174D;G:F176D;G:D180A,eval,1e-05,3,G:A174D;G:F176D;G:D180A
6G8R_AB,WT,both,,0,WT
6G8R_AB,B:A723S;B:K736R;B:E737S,steer,0.00238,3,B:A723S;B:K736R;B:E737S
6G8R_AB,B:E737S;B:S738L;B:P739S,steer,0.00238,3,B:E737S;B:S738L;B:P739S
6G8R_AB,B:K736R;B:E737S;B:P739S,steer,0.00238,3,B:K736R;B:E737S;B:P739S
6G8R_AB,B:K736R;B:E737S;B:S738L,steer,0.00238,3,B:K736R;B:E737S;B:S738L
6G8R_AB,B:R688D;B:A723K;B:E737S,steer,0.00238,3,B:R688D;B:A723K;B:E737S
6G8R_AB,B:R688D;B:A723S;B:E737Q,steer,0.00238,3,B:R688D;B:A723S;B:E737Q
6G8R_AB,B:A723E;B:E737S;B:E758A,eval,0.00017,3,B:A723E;B:E737S;B:E758A
6G8R_AB,B:A723E;B:K736S;B:E737S,eval,0.00017,3,B:A723E;B:K736S;B:E737S
6G8R_AB,B:A723E;B:T726E;B:E737S,eval,0.00017,3,B:A723E;B:T726E;B:E737S
6G8R_AB,B:A723K;B:E737A;B:P739S,eval,0.00017,3,B:A723K;B:E737A;B:P739S
6G8R_AB,B:A723K;B:E737N;B:P739S,eval,0.00017,3,B:A723K;B:E737N;B:P739S
6G8R_AB,B:A723K;B:E737Q;B:P739E,eval,0.00017,3,B:A723K;B:E737Q;B:P739E
6G8R_AB,B:A723K;B:E737Q;B:S738A,eval,0.00017,3,B:A723K;B:E737Q;B:S738A
6G8R_AB,B:A723K;B:E737S;B:E758D,eval,0.00017,3,B:A723K;B:E737S;B:E758D
6G8R_AB,B:A723K;B:E737S;B:E758F,eval,0.00017,3,B:A723K;B:E737S;B:E758F
6G8R_AB,B:A723K;B:E737S;B:P757A,eval,0.00017,3,B:A723K;B:E737S;B:P757A
6G8R_AB,B:A723K;B:E737S;B:S738Y,eval,0.00017,3,B:A723K;B:E737S;B:S738Y
6G8R_AB,B:A723K;B:K736R;B:S738L,eval,0.00017,3,B:A723K;B:K736R;B:S738L
6G8R_AB,B:A723K;B:R725Q;B:E737S,eval,0.00017,3,B:A723K;B:R725Q;B:E737S
6G8R_AB,B:A723K;B:S738L;B:P739S,eval,0.00017,3,B:A723K;B:S738L;B:P739S
6G8R_AB,B:A723P;B:E737S;B:E758A,eval,0.00017,3,B:A723P;B:E737S;B:E758A
6G8R_AB,B:A723P;B:K736R;B:E737Q,eval,0.00017,3,B:A723P;B:K736R;B:E737Q
6G8R_AB,B:A723P;B:K736S;B:E737S,eval,0.00017,3,B:A723P;B:K736S;B:E737S
6G8R_AB,B:A723P;B:T726E;B:E737S,eval,0.00017,3,B:A723P;B:T726E;B:E737S
6G8R_AB,B:A723R;B:E737S;B:E758A,eval,0.00017,3,B:A723R;B:E737S;B:E758A
6G8R_AB,B:A723R;B:K736A;B:E737S,eval,0.00017,3,B:A723R;B:K736A;B:E737S
6G8R_AB,B:A723R;B:K736R;B:E737Q,eval,0.00017,3,B:A723R;B:K736R;B:E737Q
6G8R_AB,B:A723R;B:K736S;B:E737S,eval,0.00017,3,B:A723R;B:K736S;B:E737S
6G8R_AB,B:A723R;B:T726E;B:E737S,eval,0.00017,3,B:A723R;B:T726E;B:E737S
6G8R_AB,B:A723S;B:E724D;B:E737Q,eval,0.00017,3,B:A723S;B:E724D;B:E737Q
6GJU_CA,WT,both,,0,WT
6GJU_CA,A:A462S;A:F494A;A:L581A,steer,0.00024,3,A:A462S;A:F494A;A:L581A
6GJU_CA,A:A462S;A:F494A;A:L581E,steer,0.00024,3,A:A462S;A:F494A;A:L581E
6GJU_CA,A:A462S;A:F494A;A:P638E,steer,0.00024,3,A:A462S;A:F494A;A:P638E
6GJU_CA,A:A462S;A:F494A;A:S624A,steer,0.00024,3,A:A462S;A:F494A;A:S624A
6GJU_CA,A:A462S;A:F494C;A:G576A,steer,0.00024,3,A:A462S;A:F494C;A:G576A
6GJU_CA,A:A462S;A:F494D;A:E621D,steer,0.00024,3,A:A462S;A:F494D;A:E621D
6GJU_CA,A:A462F;A:F494A;A:G576A,eval,6e-05,3,A:A462F;A:F494A;A:G576A
6GJU_CA,A:A462F;A:F494D;A:L581A,eval,6e-05,3,A:A462F;A:F494D;A:L581A
6GJU_CA,A:A462F;A:F494D;A:S624C,eval,6e-05,3,A:A462F;A:F494D;A:S624C
6GJU_CA,A:A462F;A:F494E;A:P638A,eval,6e-05,3,A:A462F;A:F494E;A:P638A
6GJU_CA,A:A462F;A:F494E;A:Q637A,eval,6e-05,3,A:A462F;A:F494E;A:Q637A
6GJU_CA,A:A462F;A:F494E;A:Q637E,eval,6e-05,3,A:A462F;A:F494E;A:Q637E
6GJU_CA,A:A462F;A:F494E;A:Q637F,eval,6e-05,3,A:A462F;A:F494E;A:Q637F
6GJU_CA,A:A462F;A:G576A;A:L581A,eval,6e-05,3,A:A462F;A:G576A;A:L581A
6GJU_CA,A:A462R;A:F494D;A:P638A,eval,6e-05,3,A:A462R;A:F494D;A:P638A
6GJU_CA,A:A462R;A:F494D;A:Q637A,eval,6e-05,3,A:A462R;A:F494D;A:Q637A
6GJU_CA,A:A462R;A:F494D;A:Q637E,eval,6e-05,3,A:A462R;A:F494D;A:Q637E
6GJU_CA,A:A462R;A:F494D;A:Q637F,eval,6e-05,3,A:A462R;A:F494D;A:Q637F
6GJU_CA,A:A462R;A:F494E,eval,6e-05,2,A:A462R;A:F494E
6GJU_CA,A:A462R;A:F494E;A:E621D,eval,6e-05,3,A:A462R;A:F494E;A:E621D
6GJU_CA,A:A462R;A:F494E;A:G576C,eval,6e-05,3,A:A462R;A:F494E;A:G576C
6GJU_CA,A:A462R;A:F494E;A:G576E,eval,6e-05,3,A:A462R;A:F494E;A:G576E
6GJU_CA,A:A462R;A:F494E;A:P638F,eval,6e-05,3,A:A462R;A:F494E;A:P638F
6GJU_CA,A:A462R;A:F494E;A:Q637D,eval,6e-05,3,A:A462R;A:F494E;A:Q637D
6GJU_CA,A:A462R;A:F494E;A:V580E,eval,6e-05,3,A:A462R;A:F494E;A:V580E
6GJU_CA,A:A462R;A:G576A;A:P638A,eval,6e-05,3,A:A462R;A:G576A;A:P638A
6GJU_CA,A:A462R;A:G576A;A:Q637A,eval,6e-05,3,A:A462R;A:G576A;A:Q637A
6GJU_CA,A:A462R;A:G576A;A:Q637E,eval,6e-05,3,A:A462R;A:G576A;A:Q637E
6GJU_CA,A:A462R;A:G576A;A:Q637F,eval,6e-05,3,A:A462R;A:G576A;A:Q637F
6GJU_CA,A:A462R;A:L581E;A:P638E,eval,6e-05,3,A:A462R;A:L581E;A:P638E
6GK4_BA,WT,both,,0,WT
6GK4_BA,A:F494A;A:G576A;A:L581D,steer,0.00043,3,A:F494A;A:G576A;A:L581D
6GK4_BA,A:F494A;A:G576A;A:L581F,steer,0.00043,3,A:F494A;A:G576A;A:L581F
6GK4_BA,A:F494A;A:G576A;A:L636E,steer,0.00043,3,A:F494A;A:G576A;A:L636E
6GK4_BA,A:F494A;A:G576A;A:N635E,steer,0.00043,3,A:F494A;A:G576A;A:N635E
6GK4_BA,A:F494A;A:G576A;A:Q634A,steer,0.00043,3,A:F494A;A:G576A;A:Q634A
6GK4_BA,A:F494A;A:G576A;A:Q634D,steer,0.00043,3,A:F494A;A:G576A;A:Q634D
6GK4_BA,A:E528A;A:G576A;A:E608A,eval,6e-05,3,A:E528A;A:G576A;A:E608A
6GK4_BA,A:E528A;A:G576C;A:L581E,eval,6e-05,3,A:E528A;A:G576C;A:L581E
6GK4_BA,A:E528A;A:G576C;A:Q634E,eval,6e-05,3,A:E528A;A:G576C;A:Q634E
6GK4_BA,A:E528A;A:G576E;A:V580A,eval,6e-05,3,A:E528A;A:G576E;A:V580A
6GK4_BA,A:E528A;A:K532A;A:V580A,eval,6e-05,3,A:E528A;A:K532A;A:V580A
6GK4_BA,A:E528A;A:K532C;A:G576A,eval,6e-05,3,A:E528A;A:K532C;A:G576A
6GK4_BA,A:E528A;A:K611E;A:Q634E,eval,6e-05,3,A:E528A;A:K611E;A:Q634E
6GK4_BA,A:E528A;A:L581A;A:N635E,eval,6e-05,3,A:E528A;A:L581A;A:N635E
6GK4_BA,A:E528A;A:L581E;A:K611E,eval,6e-05,3,A:E528A;A:L581E;A:K611E
6GK4_BA,A:E528A;A:L581E;A:L636A,eval,6e-05,3,A:E528A;A:L581E;A:L636A
6GK4_BA,A:E528A;A:L581E;A:M607A,eval,6e-05,3,A:E528A;A:L581E;A:M607A
6GK4_BA,A:E528A;A:L581E;A:N635A,eval,6e-05,3,A:E528A;A:L581E;A:N635A
6GK4_BA,A:E528A;A:L581E;A:N635D,eval,6e-05,3,A:E528A;A:L581E;A:N635D
6GK4_BA,A:E528A;A:L581E;A:Q634C,eval,6e-05,3,A:E528A;A:L581E;A:Q634C
6GK4_BA,A:E528A;A:M607A;A:Q634E,eval,6e-05,3,A:E528A;A:M607A;A:Q634E
6GK4_BA,A:E528A;A:Q634E;A:L636A,eval,6e-05,3,A:E528A;A:Q634E;A:L636A
6GK4_BA,A:E528A;A:Q634E;A:N635A,eval,6e-05,3,A:E528A;A:Q634E;A:N635A
6GK4_BA,A:E528A;A:Q634E;A:N635D,eval,6e-05,3,A:E528A;A:Q634E;A:N635D
6GK4_BA,A:E528A;A:T547A;A:L581E,eval,6e-05,3,A:E528A;A:T547A;A:L581E
6GK4_BA,A:E528A;A:T547A;A:Q634E,eval,6e-05,3,A:E528A;A:T547A;A:Q634E
6GK4_BA,A:E528A;A:T547D;A:G576A,eval,6e-05,3,A:E528A;A:T547D;A:G576A
6GK4_BA,A:E528A;A:V580A;A:L581F,eval,6e-05,3,A:E528A;A:V580A;A:L581F
6GK4_BA,A:E528A;A:V580A;A:L636E,eval,6e-05,3,A:E528A;A:V580A;A:L636E
6GK4_BA,A:E528A;A:V580A;A:Q634A,eval,6e-05,3,A:E528A;A:V580A;A:Q634A
6GLW_HLA,WT,both,,0,WT
6GLW_HLA,A:A71S;A:Q74K;A:D113P,steer,0.00047,3,A:A71S;A:Q74K;A:D113P
6GLW_HLA,A:A71S;A:Q74K;A:D113S,steer,0.00047,3,A:A71S;A:Q74K;A:D113S
6GLW_HLA,A:E47D;A:P97E;A:D113S,steer,0.00047,3,A:E47D;A:P97E;A:D113S
6GLW_HLA,A:E47D;A:Q74K;A:D113P,steer,0.00047,3,A:E47D;A:Q74K;A:D113P
6GLW_HLA,A:E47D;A:Q74K;A:D113S,steer,0.00047,3,A:E47D;A:Q74K;A:D113S
6GLW_HLA,A:E47D;A:Y69K;A:A71S,steer,0.00047,3,A:E47D;A:Y69K;A:A71S
6GLW_HLA,A:A71E;A:D113E;A:E119A,eval,6e-05,3,A:A71E;A:D113E;A:E119A
6GLW_HLA,A:A71E;A:D113E;A:E119T,eval,6e-05,3,A:A71E;A:D113E;A:E119T
6GLW_HLA,A:A71E;A:D113N;A:E119K,eval,6e-05,3,A:A71E;A:D113N;A:E119K
6GLW_HLA,A:A71E;A:D113N;A:I116F,eval,6e-05,3,A:A71E;A:D113N;A:I116F
6GLW_HLA,A:A71E;A:D113P;A:I116M,eval,6e-05,3,A:A71E;A:D113P;A:I116M
6GLW_HLA,A:A71E;A:D113T;A:I116M,eval,6e-05,3,A:A71E;A:D113T;A:I116M
6GLW_HLA,A:A71E;A:D98E;A:E119Q,eval,6e-05,3,A:A71E;A:D98E;A:E119Q
6GLW_HLA,A:A71E;A:D98E;A:E119S,eval,6e-05,3,A:A71E;A:D98E;A:E119S
6GLW_HLA,A:A71E;A:D98G;A:D113T,eval,6e-05,3,A:A71E;A:D98G;A:D113T
6GLW_HLA,A:A71E;A:D98N;A:D113E,eval,6e-05,3,A:A71E;A:D98N;A:D113E
6GLW_HLA,A:A71E;A:D98N;A:D113T,eval,6e-05,3,A:A71E;A:D98N;A:D113T
6GLW_HLA,A:A71E;A:D98S;A:D113E,eval,6e-05,3,A:A71E;A:D98S;A:D113E
6GLW_HLA,A:A71E;A:D98S;A:D113T,eval,6e-05,3,A:A71E;A:D98S;A:D113T
6GLW_HLA,A:A71E;A:E119Q,eval,6e-05,2,A:A71E;A:E119Q
6GLW_HLA,A:A71E;A:E119S,eval,6e-05,2,A:A71E;A:E119S
6GLW_HLA,A:A71E;A:I116L;A:E119Q,eval,6e-05,3,A:A71E;A:I116L;A:E119Q
6GLW_HLA,A:A71E;A:I116L;A:E119S,eval,6e-05,3,A:A71E;A:I116L;A:E119S
6GLW_HLA,A:A71E;A:I116V;A:E119K,eval,6e-05,3,A:A71E;A:I116V;A:E119K
6GLW_HLA,A:A71E;A:P97A;A:D113N,eval,6e-05,3,A:A71E;A:P97A;A:D113N
6GLW_HLA,A:A71E;A:P97A;A:D98E,eval,6e-05,3,A:A71E;A:P97A;A:D98E
6GLW_HLA,A:A71E;A:P97A;A:I116V,eval,6e-05,3,A:A71E;A:P97A;A:I116V
6GLW_HLA,A:A71E;A:P97D;A:E119Q,eval,6e-05,3,A:A71E;A:P97D;A:E119Q
6GLW_HLA,A:A71E;A:P97D;A:E119S,eval,6e-05,3,A:A71E;A:P97D;A:E119S
6GLW_HLA,A:A71E;A:P97E;A:D98G,eval,6e-05,3,A:A71E;A:P97E;A:D98G
6HGA_HLB,WT,both,,0,WT
6HGA_HLB,B:A424D,steer,0.00018,1,B:A424D
6HGA_HLB,B:A424D;B:E468N,steer,0.00018,2,B:A424D;B:E468N
6HGA_HLB,B:A424D;B:E468Q,steer,0.00018,2,B:A424D;B:E468Q
6HGA_HLB,B:A424D;B:F469M,steer,0.00018,2,B:A424D;B:F469M
6HGA_HLB,B:A424D;B:F469Y,steer,0.00018,2,B:A424D;B:F469Y
6HGA_HLB,B:A424D;B:H465D,steer,0.00018,2,B:A424D;B:H465D
6HGA_HLB,B:A424D;B:E468S;B:F469A,eval,2e-05,3,B:A424D;B:E468S;B:F469A
6HGA_HLB,B:A424D;B:E468S;B:F469S,eval,2e-05,3,B:A424D;B:E468S;B:F469S
6HGA_HLB,B:A424D;B:E468T;B:F469L,eval,2e-05,3,B:A424D;B:E468T;B:F469L
6HGA_HLB,B:A424D;B:F469A;B:H471S,eval,2e-05,3,B:A424D;B:F469A;B:H471S
6HGA_HLB,B:A424D;B:F469A;B:H471V,eval,2e-05,3,B:A424D;B:F469A;B:H471V
6HGA_HLB,B:A424D;B:F469L;B:H471A,eval,2e-05,3,B:A424D;B:F469L;B:H471A
6HGA_HLB,B:A424D;B:F469L;B:H471T,eval,2e-05,3,B:A424D;B:F469L;B:H471T
6HGA_HLB,B:A424D;B:F469L;B:R470S,eval,2e-05,3,B:A424D;B:F469L;B:R470S
6HGA_HLB,B:A424D;B:F469S;B:H471A,eval,2e-05,3,B:A424D;B:F469S;B:H471A
6HGA_HLB,B:A424D;B:F469S;B:H471S,eval,2e-05,3,B:A424D;B:F469S;B:H471S
6HGA_HLB,B:A424D;B:F469S;B:H471V,eval,2e-05,3,B:A424D;B:F469S;B:H471V
6HGA_HLB,B:A424D;B:F469S;B:R470L,eval,2e-05,3,B:A424D;B:F469S;B:R470L
6HGA_HLB,B:A424D;B:F469S;B:R470S,eval,2e-05,3,B:A424D;B:F469S;B:R470S
6HGA_HLB,B:A424D;B:H465G;B:F469S,eval,2e-05,3,B:A424D;B:H465G;B:F469S
6HGA_HLB,B:A424D;B:H465G;B:K466L,eval,2e-05,3,B:A424D;B:H465G;B:K466L
6HGA_HLB,B:A424D;B:H465S;B:E468S,eval,2e-05,3,B:A424D;B:H465S;B:E468S
6HGA_HLB,B:A424D;B:H465S;B:H471S,eval,2e-05,3,B:A424D;B:H465S;B:H471S
6HGA_HLB,B:A424D;B:H465S;B:H471V,eval,2e-05,3,B:A424D;B:H465S;B:H471V
6HGA_HLB,B:A424D;B:H465S;B:R470L,eval,2e-05,3,B:A424D;B:H465S;B:R470L
6HGA_HLB,B:A424D;B:K466L;B:E468S,eval,2e-05,3,B:A424D;B:K466L;B:E468S
6HGA_HLB,B:A424D;B:K466L;B:H471A,eval,2e-05,3,B:A424D;B:K466L;B:H471A
6HGA_HLB,B:A424D;B:K466L;B:H471S,eval,2e-05,3,B:A424D;B:K466L;B:H471S
6HGA_HLB,B:A424D;B:K466L;B:H471V,eval,2e-05,3,B:A424D;B:K466L;B:H471V
6HGA_HLB,B:A424D;B:K466L;B:R470L,eval,2e-05,3,B:A424D;B:K466L;B:R470L
6HHC_HLA,WT,both,,0,WT
6HHC_HLA,A:E453A;A:L524E;A:D526G,steer,0.00045,3,A:E453A;A:L524E;A:D526G
6HHC_HLA,A:E453A;A:R525D;A:D526G,steer,0.00045,3,A:E453A;A:R525D;A:D526G
6HHC_HLA,A:E453D;A:K455N;A:D526G,steer,0.00045,3,A:E453D;A:K455N;A:D526G
6HHC_HLA,A:E453D;A:K455T;A:D526G,steer,0.00045,3,A:E453D;A:K455T;A:D526G
6HHC_HLA,A:E453D;A:L524D;A:D526G,steer,0.00045,3,A:E453D;A:L524D;A:D526G
6HHC_HLA,A:E453D;A:L524E;A:R525D,steer,0.00045,3,A:E453D;A:L524E;A:R525D
6HHC_HLA,A:E453A;A:E456A;A:R525D,eval,5e-05,3,A:E453A;A:E456A;A:R525D
6HHC_HLA,A:E453A;A:E456D;A:R525E,eval,5e-05,3,A:E453A;A:E456D;A:R525E
6HHC_HLA,A:E453A;A:E456K;A:L524D,eval,5e-05,3,A:E453A;A:E456K;A:L524D
6HHC_HLA,A:E453A;A:E456K;A:R525E,eval,5e-05,3,A:E453A;A:E456K;A:R525E
6HHC_HLA,A:E453A;A:E456P;A:L524D,eval,5e-05,3,A:E453A;A:E456P;A:L524D
6HHC_HLA,A:E453A;A:E456P;A:R525E,eval,5e-05,3,A:E453A;A:E456P;A:R525E
6HHC_HLA,A:E453A;A:E456S;A:R525E,eval,5e-05,3,A:E453A;A:E456S;A:R525E
6HHC_HLA,A:E453A;A:K455N;A:D526A,eval,5e-05,3,A:E453A;A:K455N;A:D526A
6HHC_HLA,A:E453A;A:K455N;A:L524F,eval,5e-05,3,A:E453A;A:K455N;A:L524F
6HHC_HLA,A:E453A;A:K455Q;A:L524D,eval,5e-05,3,A:E453A;A:K455Q;A:L524D
6HHC_HLA,A:E453A;A:K455Q;A:R525E,eval,5e-05,3,A:E453A;A:K455Q;A:R525E
6HHC_HLA,A:E453A;A:K455S;A:D526A,eval,5e-05,3,A:E453A;A:K455S;A:D526A
6HHC_HLA,A:E453A;A:K455S;A:L524F,eval,5e-05,3,A:E453A;A:K455S;A:L524F
6HHC_HLA,A:E453A;A:K455T;A:E456D,eval,5e-05,3,A:E453A;A:K455T;A:E456D
6HHC_HLA,A:E453A;A:K455T;A:E456K,eval,5e-05,3,A:E453A;A:K455T;A:E456K
6HHC_HLA,A:E453A;A:K455T;A:E456P,eval,5e-05,3,A:E453A;A:K455T;A:E456P
6HHC_HLA,A:E453A;A:K455T;A:E456S,eval,5e-05,3,A:E453A;A:K455T;A:E456S
6HHC_HLA,A:E453A;A:K455T;A:K523E,eval,5e-05,3,A:E453A;A:K455T;A:K523E
6HHC_HLA,A:E453A;A:K455T;A:L524A,eval,5e-05,3,A:E453A;A:K455T;A:L524A
6HHC_HLA,A:E453A;A:K455T;A:R525A,eval,5e-05,3,A:E453A;A:K455T;A:R525A
6HHC_HLA,A:E453A;A:K455V;A:R525D,eval,5e-05,3,A:E453A;A:K455V;A:R525D
6HHC_HLA,A:E453A;A:K523D;A:R525D,eval,5e-05,3,A:E453A;A:K523D;A:R525D
6HHC_HLA,A:E453A;A:K523E;A:L524D,eval,5e-05,3,A:E453A;A:K523E;A:L524D
6HHC_HLA,A:E453A;A:K523E;A:R525E,eval,5e-05,3,A:E453A;A:K523E;A:R525E
6HX4_HLB,WT,both,,0,WT
6HX4_HLB,B:Q212A;B:V213D;B:K234D,steer,0.00074,3,B:Q212A;B:V213D;B:K234D
6HX4_HLB,B:Q212A;B:V213D;B:K234E,steer,0.00074,3,B:Q212A;B:V213D;B:K234E
6HX4_HLB,B:Q212A;B:V213E;B:K234D,steer,0.00074,3,B:Q212A;B:V213E;B:K234D
6HX4_HLB,B:Q212A;B:V213E;B:K234E,steer,0.00074,3,B:Q212A;B:V213E;B:K234E
6HX4_HLB,B:Q212D;B:K233D;B:K234D,steer,0.00074,3,B:Q212D;B:K233D;B:K234D
6HX4_HLB,B:Q212D;B:K233D;B:K234E,steer,0.00074,3,B:Q212D;B:K233D;B:K234E
6HX4_HLB,B:D211A;B:D280E;B:M358E,eval,5e-05,3,B:D211A;B:D280E;B:M358E
6HX4_HLB,B:D211A;B:D280E;B:M358F,eval,5e-05,3,B:D211A;B:D280E;B:M358F
6HX4_HLB,B:D211A;B:D280E;B:P357A,eval,5e-05,3,B:D211A;B:D280E;B:P357A
6HX4_HLB,B:D211A;B:D280E;B:P362A,eval,5e-05,3,B:D211A;B:D280E;B:P362A
6HX4_HLB,B:D211A;B:I356A;B:M358E,eval,5e-05,3,B:D211A;B:I356A;B:M358E
6HX4_HLB,B:D211A;B:I356A;B:M358F,eval,5e-05,3,B:D211A;B:I356A;B:M358F
6HX4_HLB,B:D211A;B:I356A;B:P357A,eval,5e-05,3,B:D211A;B:I356A;B:P357A
6HX4_HLB,B:D211A;B:I356A;B:P362A,eval,5e-05,3,B:D211A;B:I356A;B:P362A
6HX4_HLB,B:D211A;B:K233D;B:M358E,eval,5e-05,3,B:D211A;B:K233D;B:M358E
6HX4_HLB,B:D211A;B:K233D;B:M358F,eval,5e-05,3,B:D211A;B:K233D;B:M358F
6HX4_HLB,B:D211A;B:K233D;B:P357A,eval,5e-05,3,B:D211A;B:K233D;B:P357A
6HX4_HLB,B:D211A;B:K233D;B:P362A,eval,5e-05,3,B:D211A;B:K233D;B:P362A
6HX4_HLB,B:D211A;B:K233E;B:M358E,eval,5e-05,3,B:D211A;B:K233E;B:M358E
6HX4_HLB,B:D211A;B:K233E;B:M358F,eval,5e-05,3,B:D211A;B:K233E;B:M358F
6HX4_HLB,B:D211A;B:K233E;B:P357A,eval,5e-05,3,B:D211A;B:K233E;B:P357A
6HX4_HLB,B:D211A;B:K233E;B:P362A,eval,5e-05,3,B:D211A;B:K233E;B:P362A
6HX4_HLB,B:D211A;B:K234D;B:D280A,eval,5e-05,3,B:D211A;B:K234D;B:D280A
6HX4_HLB,B:D211A;B:K234E;B:D280A,eval,5e-05,3,B:D211A;B:K234E;B:D280A
6HX4_HLB,B:D211A;B:K234E;B:P357A,eval,5e-05,3,B:D211A;B:K234E;B:P357A
6HX4_HLB,B:D211A;B:K234E;B:P362A,eval,5e-05,3,B:D211A;B:K234E;B:P362A
6HX4_HLB,B:D211A;B:M358A;B:P362A,eval,5e-05,3,B:D211A;B:M358A;B:P362A
6HX4_HLB,B:D211A;B:P357A;B:M358A,eval,5e-05,3,B:D211A;B:P357A;B:M358A
6HX4_HLB,B:D211A;B:Q212A;B:P362F,eval,5e-05,3,B:D211A;B:Q212A;B:P362F
6HX4_HLB,B:D211A;B:Q212A;B:V213A,eval,5e-05,3,B:D211A;B:Q212A;B:V213A
6HXW_HLA,WT,both,,0,WT
6HXW_HLA,A:A107K;A:D168E;A:T209S,steer,0.00026,3,A:A107K;A:D168E;A:T209S
6HXW_HLA,A:A107K;A:D168K;A:T209S,steer,0.00026,3,A:A107K;A:D168K;A:T209S
6HXW_HLA,A:A107K;A:D168N;A:S319A,steer,0.00026,3,A:A107K;A:D168N;A:S319A
6HXW_HLA,A:A107K;A:D168N;A:T209E,steer,0.00026,3,A:A107K;A:D168N;A:T209E
6HXW_HLA,A:A107K;A:D168N;A:T209K,steer,0.00026,3,A:A107K;A:D168N;A:T209K
6HXW_HLA,A:A107K;A:D168N;A:T209Q,steer,0.00026,3,A:A107K;A:D168N;A:T209Q
6HXW_HLA,A:A107K;A:D168E;A:L210E,eval,5e-05,3,A:A107K;A:D168E;A:L210E
6HXW_HLA,A:A107K;A:D168E;A:N211H,eval,5e-05,3,A:A107K;A:D168E;A:N211H
6HXW_HLA,A:A107K;A:D168K;A:L210E,eval,5e-05,3,A:A107K;A:D168K;A:L210E
6HXW_HLA,A:A107K;A:D168K;A:L210N,eval,5e-05,3,A:A107K;A:D168K;A:L210N
6HXW_HLA,A:A107K;A:D168K;A:N211H,eval,5e-05,3,A:A107K;A:D168K;A:N211H
6HXW_HLA,A:A107K;A:D168N;A:E169H,eval,5e-05,3,A:A107K;A:D168N;A:E169H
6HXW_HLA,A:A107K;A:D168T;A:K326Q,eval,5e-05,3,A:A107K;A:D168T;A:K326Q
6HXW_HLA,A:A107K;A:D168T;A:K326S,eval,5e-05,3,A:A107K;A:D168T;A:K326S
6HXW_HLA,A:A107K;A:D168T;A:L210K,eval,5e-05,3,A:A107K;A:D168T;A:L210K
6HXW_HLA,A:A107K;A:D168T;A:S319K,eval,5e-05,3,A:A107K;A:D168T;A:S319K
6HXW_HLA,A:A107K;A:D168T;A:S319Q,eval,5e-05,3,A:A107K;A:D168T;A:S319Q
6HXW_HLA,A:A107K;A:E169K;A:S319A,eval,5e-05,3,A:A107K;A:E169K;A:S319A
6HXW_HLA,A:A107K;A:E169K;A:T209Q,eval,5e-05,3,A:A107K;A:E169K;A:T209Q
6HXW_HLA,A:A107K;A:E169N;A:T209A,eval,5e-05,3,A:A107K;A:E169N;A:T209A
6HXW_HLA,A:A107K;A:E169R;A:T209K,eval,5e-05,3,A:A107K;A:E169R;A:T209K
6HXW_HLA,A:A107K;A:G156A;A:T209A,eval,5e-05,3,A:A107K;A:G156A;A:T209A
6HXW_HLA,A:A107K;A:G156D;A:D168E,eval,5e-05,3,A:A107K;A:G156D;A:D168E
6HXW_HLA,A:A107K;A:G156D;A:D168K,eval,5e-05,3,A:A107K;A:G156D;A:D168K
6HXW_HLA,A:A107K;A:G156D;A:L210K,eval,5e-05,3,A:A107K;A:G156D;A:L210K
6HXW_HLA,A:A107K;A:G156D;A:S319K,eval,5e-05,3,A:A107K;A:G156D;A:S319K
6HXW_HLA,A:A107K;A:G156N;A:G167N,eval,5e-05,3,A:A107K;A:G156N;A:G167N
6HXW_HLA,A:A107K;A:G156N;A:K326R,eval,5e-05,3,A:A107K;A:G156N;A:K326R
6HXW_HLA,A:A107K;A:G156N;A:N211S,eval,5e-05,3,A:A107K;A:G156N;A:N211S
6HXW_HLA,A:A107K;A:G156S;A:D168S,eval,5e-05,3,A:A107K;A:G156S;A:D168S
6IEB_HLA,WT,both,,0,WT
6IEB_HLA,A:A137E;A:E240F,steer,0.00017,2,A:A137E;A:E240F
6IEB_HLA,A:A137K;A:E240F,steer,0.00017,2,A:A137K;A:E240F
6IEB_HLA,A:A137P;A:E240A,steer,0.00017,2,A:A137P;A:E240A
6IEB_HLA,A:A137P;A:E240C,steer,0.00017,2,A:A137P;A:E240C
6IEB_HLA,A:A137P;A:S138A,steer,0.00017,2,A:A137P;A:S138A
6IEB_HLA,A:A137P;A:S138D,steer,0.00017,2,A:A137P;A:S138D
6IEB_HLA,A:A137E;A:S138C,eval,3e-05,2,A:A137E;A:S138C
6IEB_HLA,A:A137E;A:S138C;A:E240D,eval,3e-05,3,A:A137E;A:S138C;A:E240D
6IEB_HLA,A:A137K;A:S138C,eval,3e-05,2,A:A137K;A:S138C
6IEB_HLA,A:A137K;A:S138C;A:E240C,eval,3e-05,3,A:A137K;A:S138C;A:E240C
6IEB_HLA,A:A137K;A:S138E;A:E240G,eval,3e-05,3,A:A137K;A:S138E;A:E240G
6IEB_HLA,A:A137S;A:E240G,eval,3e-05,2,A:A137S;A:E240G
6IEB_HLA,A:A137S;A:S138C,eval,3e-05,2,A:A137S;A:S138C
6IEB_HLA,A:A137S;A:S138C;A:E240C,eval,3e-05,3,A:A137S;A:S138C;A:E240C
6IEB_HLA,A:A137S;A:S138E;A:E240G,eval,3e-05,3,A:A137S;A:S138E;A:E240G
6IEB_HLA,A:A24G;A:A137E;A:E240A,eval,3e-05,3,A:A24G;A:A137E;A:E240A
6IEB_HLA,A:A24G;A:A137E;A:S138A,eval,3e-05,3,A:A24G;A:A137E;A:S138A
6IEB_HLA,A:A24G;A:A137K;A:E240A,eval,3e-05,3,A:A24G;A:A137K;A:E240A
6IEB_HLA,A:A24G;A:A137P;A:E240G,eval,3e-05,3,A:A24G;A:A137P;A:E240G
6IEB_HLA,A:A24G;A:A137P;A:S138C,eval,3e-05,3,A:A24G;A:A137P;A:S138C
6IEB_HLA,A:A24G;A:A137S;A:S138F,eval,3e-05,3,A:A24G;A:A137S;A:S138F
6IEB_HLA,A:A24G;A:A32E;A:G33N,eval,3e-05,3,A:A24G;A:A32E;A:G33N
6IEB_HLA,A:A24G;A:A32E;A:Q133C,eval,3e-05,3,A:A24G;A:A32E;A:Q133C
6IEB_HLA,A:A24G;A:A32E;A:S138F,eval,3e-05,3,A:A24G;A:A32E;A:S138F
6IEB_HLA,A:A24G;A:A32E;A:T135C,eval,3e-05,3,A:A24G;A:A32E;A:T135C
6IEB_HLA,A:A24G;A:A32K;A:P120F,eval,3e-05,3,A:A24G;A:A32K;A:P120F
6IEB_HLA,A:A24G;A:A32K;A:Q133C,eval,3e-05,3,A:A24G;A:A32K;A:Q133C
6IEB_HLA,A:A24G;A:A32K;A:S138F,eval,3e-05,3,A:A24G;A:A32K;A:S138F
6IEB_HLA,A:A24G;A:A32Q;A:A137K,eval,3e-05,3,A:A24G;A:A32Q;A:A137K
6IEB_HLA,A:A24G;A:A32Q;A:A137S,eval,3e-05,3,A:A24G;A:A32Q;A:A137S
6IW2_KLJ,WT,both,,0,WT
6IW2_KLJ,J:E79D;J:H81T;J:E84V,steer,0.00028,3,J:E79D;J:H81T;J:E84V
6IW2_KLJ,J:E79I;J:H81T;J:E84V,steer,0.00028,3,J:E79I;J:H81T;J:E84V
6IW2_KLJ,J:E79K;J:H81K;J:E84V,steer,0.00028,3,J:E79K;J:H81K;J:E84V
6IW2_KLJ,J:E79K;J:H81T;J:E84V,steer,0.00028,3,J:E79K;J:H81T;J:E84V
6IW2_KLJ,J:E79T;J:H81K;J:E84V,steer,0.00028,3,J:E79T;J:H81K;J:E84V
6IW2_KLJ,J:E79T;J:H81S;J:E84V,steer,0.00028,3,J:E79T;J:H81S;J:E84V
6IW2_KLJ,J:A83E;J:E84N;J:P236A,eval,5e-05,3,J:A83E;J:E84N;J:P236A
6IW2_KLJ,J:A83E;J:E84S,eval,5e-05,2,J:A83E;J:E84S
6IW2_KLJ,J:A83E;J:E84S;J:E87K,eval,5e-05,3,J:A83E;J:E84S;J:E87K
6IW2_KLJ,J:A83E;J:E84S;J:G102S,eval,5e-05,3,J:A83E;J:E84S;J:G102S
6IW2_KLJ,J:A83E;J:E84S;J:G104S,eval,5e-05,3,J:A83E;J:E84S;J:G104S
6IW2_KLJ,J:A83E;J:E84S;J:G106S,eval,5e-05,3,J:A83E;J:E84S;J:G106S
6IW2_KLJ,J:A83E;J:E84S;J:G106T,eval,5e-05,3,J:A83E;J:E84S;J:G106T
6IW2_KLJ,J:A83E;J:E84S;J:P236E,eval,5e-05,3,J:A83E;J:E84S;J:P236E
6IW2_KLJ,J:A83E;J:E84T,eval,5e-05,2,J:A83E;J:E84T
6IW2_KLJ,J:A83E;J:E84T;J:E87K,eval,5e-05,3,J:A83E;J:E84T;J:E87K
6IW2_KLJ,J:A83E;J:E84T;J:E87R,eval,5e-05,3,J:A83E;J:E84T;J:E87R
6IW2_KLJ,J:A83E;J:E84T;J:G102S,eval,5e-05,3,J:A83E;J:E84T;J:G102S
6IW2_KLJ,J:A83E;J:E84T;J:G104S,eval,5e-05,3,J:A83E;J:E84T;J:G104S
6IW2_KLJ,J:A83E;J:E84T;J:G106S,eval,5e-05,3,J:A83E;J:E84T;J:G106S
6IW2_KLJ,J:A83E;J:E84T;J:G106T,eval,5e-05,3,J:A83E;J:E84T;J:G106T
6IW2_KLJ,J:A83E;J:E84T;J:P236E,eval,5e-05,3,J:A83E;J:E84T;J:P236E
6IW2_KLJ,J:A83E;J:E84V;J:E87M,eval,5e-05,3,J:A83E;J:E84V;J:E87M
6IW2_KLJ,J:A83E;J:E84V;J:G102Y,eval,5e-05,3,J:A83E;J:E84V;J:G102Y
6IW2_KLJ,J:A83E;J:E84V;J:G104Q,eval,5e-05,3,J:A83E;J:E84V;J:G104Q
6IW2_KLJ,J:A83E;J:E87L;J:G102S,eval,5e-05,3,J:A83E;J:E87L;J:G102S
6IW2_KLJ,J:A83E;J:E87L;J:G104A,eval,5e-05,3,J:A83E;J:E87L;J:G104A
6IW2_KLJ,J:A83E;J:E87L;J:G104S,eval,5e-05,3,J:A83E;J:E87L;J:G104S
6IW2_KLJ,J:A83E;J:E87L;J:G106T,eval,5e-05,3,J:A83E;J:E87L;J:G106T
6IW2_KLJ,J:A83E;J:E87Q;J:P236A,eval,5e-05,3,J:A83E;J:E87Q;J:P236A
6J11_HLA,WT,both,,0,WT
6J11_HLA,A:G22L;A:P23S;A:K27S,steer,0.0006,3,A:G22L;A:P23S;A:K27S
6J11_HLA,A:Y18M;A:D20A;A:G22W,steer,0.0006,3,A:Y18M;A:D20A;A:G22W
6J11_HLA,A:Y18M;A:D20A;A:T212K,steer,0.0006,3,A:Y18M;A:D20A;A:T212K
6J11_HLA,A:Y18M;A:D20A;A:V21M,steer,0.0006,3,A:Y18M;A:D20A;A:V21M
6J11_HLA,A:Y18M;A:D20E;A:G22C,steer,0.0006,3,A:Y18M;A:D20E;A:G22C
6J11_HLA,A:Y18M;A:D20E;A:G22W,steer,0.0006,3,A:Y18M;A:D20E;A:G22W
6J11_HLA,A:D20A;A:G22C;A:K27A,eval,4e-05,3,A:D20A;A:G22C;A:K27A
6J11_HLA,A:D20A;A:G22C;A:K27L,eval,4e-05,3,A:D20A;A:G22C;A:K27L
6J11_HLA,A:D20A;A:G22C;A:N218S,eval,4e-05,3,A:D20A;A:G22C;A:N218S
6J11_HLA,A:D20A;A:G22C;A:N218T,eval,4e-05,3,A:D20A;A:G22C;A:N218T
6J11_HLA,A:D20A;A:G22C;A:P23A,eval,4e-05,3,A:D20A;A:G22C;A:P23A
6J11_HLA,A:D20A;A:G22C;A:P23G,eval,4e-05,3,A:D20A;A:G22C;A:P23G
6J11_HLA,A:D20A;A:G22C;A:P23N,eval,4e-05,3,A:D20A;A:G22C;A:P23N
6J11_HLA,A:D20A;A:G22C;A:V26S,eval,4e-05,3,A:D20A;A:G22C;A:V26S
6J11_HLA,A:D20A;A:G22L;A:T212K,eval,4e-05,3,A:D20A;A:G22L;A:T212K
6J11_HLA,A:D20A;A:G22V;A:S28E,eval,4e-05,3,A:D20A;A:G22V;A:S28E
6J11_HLA,A:D20A;A:G22V;A:V26C,eval,4e-05,3,A:D20A;A:G22V;A:V26C
6J11_HLA,A:D20A;A:G22Y;A:N218D,eval,4e-05,3,A:D20A;A:G22Y;A:N218D
6J11_HLA,A:D20A;A:G22Y;A:P23E,eval,4e-05,3,A:D20A;A:G22Y;A:P23E
6J11_HLA,A:D20A;A:G22Y;A:S28D,eval,4e-05,3,A:D20A;A:G22Y;A:S28D
6J11_HLA,A:D20A;A:G22Y;A:S28L,eval,4e-05,3,A:D20A;A:G22Y;A:S28L
6J11_HLA,A:D20A;A:G22Y;A:S28N,eval,4e-05,3,A:D20A;A:G22Y;A:S28N
6J11_HLA,A:D20A;A:G22Y;A:T212A,eval,4e-05,3,A:D20A;A:G22Y;A:T212A
6J11_HLA,A:D20A;A:G22Y;A:T212V,eval,4e-05,3,A:D20A;A:G22Y;A:T212V
6J11_HLA,A:D20A;A:G22Y;A:V26I,eval,4e-05,3,A:D20A;A:G22Y;A:V26I
6J11_HLA,A:D20A;A:I31E;A:N218S,eval,4e-05,3,A:D20A;A:I31E;A:N218S
6J11_HLA,A:D20A;A:I31E;A:N218T,eval,4e-05,3,A:D20A;A:I31E;A:N218T
6J11_HLA,A:D20A;A:I31L,eval,4e-05,2,A:D20A;A:I31L
6J11_HLA,A:D20A;A:I31L;A:N218A,eval,4e-05,3,A:D20A;A:I31L;A:N218A
6J11_HLA,A:D20A;A:I31L;A:T212A,eval,4e-05,3,A:D20A;A:I31L;A:T212A
6KN9_EB,WT,both,,0,WT
6KN9_EB,B:D107A;B:D164E;B:V282D,steer,0.0002,3,B:D107A;B:D164E;B:V282D
6KN9_EB,B:D107A;B:D164F;B:V282D,steer,0.0002,3,B:D107A;B:D164F;B:V282D
6KN9_EB,B:D107A;B:D164F;B:V282E,steer,0.0002,3,B:D107A;B:D164F;B:V282E
6KN9_EB,B:D107A;B:D246E;B:V282D,steer,0.0002,3,B:D107A;B:D246E;B:V282D
6KN9_EB,B:D107A;B:D246E;B:V282E,steer,0.0002,3,B:D107A;B:D246E;B:V282E
6KN9_EB,B:D107A;B:V282D;B:F283D,steer,0.0002,3,B:D107A;B:V282D;B:F283D
6KN9_EB,B:D107A;B:D164C;B:D246E,eval,3e-05,3,B:D107A;B:D164C;B:D246E
6KN9_EB,B:D107A;B:D164C;B:F283D,eval,3e-05,3,B:D107A;B:D164C;B:F283D
6KN9_EB,B:D107A;B:D164E;B:D213G,eval,3e-05,3,B:D107A;B:D164E;B:D213G
6KN9_EB,B:D107A;B:D164E;B:E280D,eval,3e-05,3,B:D107A;B:D164E;B:E280D
6KN9_EB,B:D107A;B:D164E;B:I243A,eval,3e-05,3,B:D107A;B:D164E;B:I243A
6KN9_EB,B:D107A;B:D164E;B:K306D,eval,3e-05,3,B:D107A;B:D164E;B:K306D
6KN9_EB,B:D107A;B:D164E;B:N284A,eval,3e-05,3,B:D107A;B:D164E;B:N284A
6KN9_EB,B:D107A;B:D164E;B:R281F,eval,3e-05,3,B:D107A;B:D164E;B:R281F
6KN9_EB,B:D107A;B:D164E;B:T311A,eval,3e-05,3,B:D107A;B:D164E;B:T311A
6KN9_EB,B:D107A;B:D164E;B:T311F,eval,3e-05,3,B:D107A;B:D164E;B:T311F
6KN9_EB,B:D107A;B:D164E;B:V244F,eval,3e-05,3,B:D107A;B:D164E;B:V244F
6KN9_EB,B:D107A;B:D164F;B:D213G,eval,3e-05,3,B:D107A;B:D164F;B:D213G
6KN9_EB,B:D107A;B:D164F;B:E304A,eval,3e-05,3,B:D107A;B:D164F;B:E304A
6KN9_EB,B:D107A;B:D164F;B:E304F,eval,3e-05,3,B:D107A;B:D164F;B:E304F
6KN9_EB,B:D107A;B:D164F;B:I243A,eval,3e-05,3,B:D107A;B:D164F;B:I243A
6KN9_EB,B:D107A;B:D164F;B:I243D,eval,3e-05,3,B:D107A;B:D164F;B:I243D
6KN9_EB,B:D107A;B:D164F;B:K306A,eval,3e-05,3,B:D107A;B:D164F;B:K306A
6KN9_EB,B:D107A;B:D164F;B:S342A,eval,3e-05,3,B:D107A;B:D164F;B:S342A
6KN9_EB,B:D107A;B:D164G;B:F283A,eval,3e-05,3,B:D107A;B:D164G;B:F283A
6KN9_EB,B:D107A;B:D164G;B:T311E,eval,3e-05,3,B:D107A;B:D164G;B:T311E
6KN9_EB,B:D107A;B:D213A,eval,3e-05,2,B:D107A;B:D213A
6KN9_EB,B:D107A;B:D213F,eval,3e-05,2,B:D107A;B:D213F
6KN9_EB,B:D107A;B:D213G;B:N284E,eval,3e-05,3,B:D107A;B:D213G;B:N284E
6KN9_EB,B:D107A;B:D246E;B:E304A,eval,3e-05,3,B:D107A;B:D246E;B:E304A
6KNM_AB,WT,both,,0,WT
6KNM_AB,B:D92G;B:E174D;B:M187S,steer,6e-05,3,B:D92G;B:E174D;B:M187S
6KNM_AB,B:D92G;B:E174D;B:P280D,steer,6e-05,3,B:D92G;B:E174D;B:P280D
6KNM_AB,B:D92G;B:E174D;B:V191E,steer,6e-05,3,B:D92G;B:E174D;B:V191E
6KNM_AB,B:D92G;B:E174N;B:H278D,steer,6e-05,3,B:D92G;B:E174N;B:H278D
6KNM_AB,B:D92G;B:E174N;B:M187A,steer,6e-05,3,B:D92G;B:E174N;B:M187A
6KNM_AB,B:D92G;B:E174N;B:M187P,steer,6e-05,3,B:D92G;B:E174N;B:M187P
6KNM_AB,B:A196F;B:H278D;B:P280D,eval,2e-05,3,B:A196F;B:H278D;B:P280D
6KNM_AB,B:A196L;B:H278E;B:P280D,eval,2e-05,3,B:A196L;B:H278E;B:P280D
6KNM_AB,B:A196L;B:P280D;B:M288D,eval,2e-05,3,B:A196L;B:P280D;B:M288D
6KNM_AB,B:A196L;B:P280D;B:M288E,eval,2e-05,3,B:A196L;B:P280D;B:M288E
6KNM_AB,B:A196L;B:P280D;B:M288F,eval,2e-05,3,B:A196L;B:P280D;B:M288F
6KNM_AB,B:A196W;B:H278D;B:P280D,eval,2e-05,3,B:A196W;B:H278D;B:P280D
6KNM_AB,B:A196W;B:P280D;B:M288D,eval,2e-05,3,B:A196W;B:P280D;B:M288D
6KNM_AB,B:A196W;B:P280D;B:M288E,eval,2e-05,3,B:A196W;B:P280D;B:M288E
6KNM_AB,B:A196W;B:P280D;B:M288F,eval,2e-05,3,B:A196W;B:P280D;B:M288F
6KNM_AB,B:D23P;B:D92G;B:N177G,eval,2e-05,3,B:D23P;B:D92G;B:N177G
6KNM_AB,B:D23P;B:D92G;B:P280D,eval,2e-05,3,B:D23P;B:D92G;B:P280D
6KNM_AB,B:D23P;B:D92G;B:V191E,eval,2e-05,3,B:D23P;B:D92G;B:V191E
6KNM_AB,B:D23P;B:M187S;B:P280D,eval,2e-05,3,B:D23P;B:M187S;B:P280D
6KNM_AB,B:D23P;B:N177G;B:M187S,eval,2e-05,3,B:D23P;B:N177G;B:M187S
6KNM_AB,B:D23P;B:N177S;B:M187S,eval,2e-05,3,B:D23P;B:N177S;B:M187S
6KNM_AB,B:D23P;B:R91L;B:D92G,eval,2e-05,3,B:D23P;B:R91L;B:D92G
6KNM_AB,B:D23P;B:R91L;B:M187S,eval,2e-05,3,B:D23P;B:R91L;B:M187S
6KNM_AB,B:D23P;B:V191E;B:P280D,eval,2e-05,3,B:D23P;B:V191E;B:P280D
6KNM_AB,B:D92E;B:E174N;B:P280D,eval,2e-05,3,B:D92E;B:E174N;B:P280D
6KNM_AB,B:D92E;B:E174N;B:V191E,eval,2e-05,3,B:D92E;B:E174N;B:V191E
6KNM_AB,B:D92E;B:H278D;B:P280D,eval,2e-05,3,B:D92E;B:H278D;B:P280D
6KNM_AB,B:D92E;B:M187A;B:P280D,eval,2e-05,3,B:D92E;B:M187A;B:P280D
6KNM_AB,B:D92E;B:M187A;B:V191E,eval,2e-05,3,B:D92E;B:M187A;B:V191E
6KNM_AB,B:D92E;B:M187G;B:V191E,eval,2e-05,3,B:D92E;B:M187G;B:V191E
6KZ0_KLJ,WT,both,,0,WT
6KZ0_KLJ,J:G-1A;J:G1S;J:T153E,steer,0.00063,3,J:G-1A;J:G1S;J:T153E
6KZ0_KLJ,J:G-1A;J:G1Y;J:T153D,steer,0.00063,3,J:G-1A;J:G1Y;J:T153D
6KZ0_KLJ,J:G-1A;J:G88A;J:T153D,steer,0.00063,3,J:G-1A;J:G88A;J:T153D
6KZ0_KLJ,J:G-1A;J:G88F;J:T153D,steer,0.00063,3,J:G-1A;J:G88F;J:T153D
6KZ0_KLJ,J:G-1A;J:R12Q;J:T153D,steer,0.00063,3,J:G-1A;J:R12Q;J:T153D
6KZ0_KLJ,J:G-1A;J:S0A;J:T153D,steer,0.00063,3,J:G-1A;J:S0A;J:T153D
6KZ0_KLJ,J:G-1A,eval,0.00014,1,J:G-1A
6KZ0_KLJ,J:G-1A;J:G1I,eval,0.00014,2,J:G-1A;J:G1I
6KZ0_KLJ,J:G-1A;J:G1I;J:G88A,eval,0.00014,3,J:G-1A;J:G1I;J:G88A
6KZ0_KLJ,J:G-1A;J:G1I;J:G88E,eval,0.00014,3,J:G-1A;J:G1I;J:G88E
6KZ0_KLJ,J:G-1A;J:G1I;J:R12Q,eval,0.00014,3,J:G-1A;J:G1I;J:R12Q
6KZ0_KLJ,J:G-1A;J:G1V,eval,0.00014,2,J:G-1A;J:G1V
6KZ0_KLJ,J:G-1A;J:G1V;J:G88A,eval,0.00014,3,J:G-1A;J:G1V;J:G88A
6KZ0_KLJ,J:G-1A;J:G1V;J:G88E,eval,0.00014,3,J:G-1A;J:G1V;J:G88E
6KZ0_KLJ,J:G-1A;J:G1V;J:R12Q,eval,0.00014,3,J:G-1A;J:G1V;J:R12Q
6KZ0_KLJ,J:G-1A;J:G1Y;J:P2A,eval,0.00014,3,J:G-1A;J:G1Y;J:P2A
6KZ0_KLJ,J:G-1A;J:G1Y;J:P2G,eval,0.00014,3,J:G-1A;J:G1Y;J:P2G
6KZ0_KLJ,J:G-1A;J:G1Y;J:P2S,eval,0.00014,3,J:G-1A;J:G1Y;J:P2S
6KZ0_KLJ,J:G-1A;J:G1Y;J:R12D,eval,0.00014,3,J:G-1A;J:G1Y;J:R12D
6KZ0_KLJ,J:G-1A;J:G1Y;J:R12E,eval,0.00014,3,J:G-1A;J:G1Y;J:R12E
6KZ0_KLJ,J:G-1A;J:G88D,eval,0.00014,2,J:G-1A;J:G88D
6KZ0_KLJ,J:G-1A;J:G88E,eval,0.00014,2,J:G-1A;J:G88E
6KZ0_KLJ,J:G-1A;J:G88F;J:T153A,eval,0.00014,3,J:G-1A;J:G88F;J:T153A
6KZ0_KLJ,J:G-1A;J:P2A;J:G88A,eval,0.00014,3,J:G-1A;J:P2A;J:G88A
6KZ0_KLJ,J:G-1A;J:P2A;J:R12Q,eval,0.00014,3,J:G-1A;J:P2A;J:R12Q
6KZ0_KLJ,J:G-1A;J:P2N,eval,0.00014,2,J:G-1A;J:P2N
6KZ0_KLJ,J:G-1A;J:P2N;J:G88D,eval,0.00014,3,J:G-1A;J:P2N;J:G88D
6KZ0_KLJ,J:G-1A;J:P2N;J:G88E,eval,0.00014,3,J:G-1A;J:P2N;J:G88E
6KZ0_KLJ,J:G-1A;J:P2N;J:R12K,eval,0.00014,3,J:G-1A;J:P2N;J:R12K
6KZ0_KLJ,J:G-1A;J:P2N;J:R12N,eval,0.00014,3,J:G-1A;J:P2N;J:R12N
6LGW_CF,WT,both,,0,WT
6LGW_CF,F:G349A;F:P367D;F:Q383E,steer,0.00021,3,F:G349A;F:P367D;F:Q383E
6LGW_CF,F:G349D;F:P367D;F:Q382E,steer,0.00021,3,F:G349D;F:P367D;F:Q382E
6LGW_CF,F:G349D;F:P367D;F:Q383E,steer,0.00021,3,F:G349D;F:P367D;F:Q383E
6LGW_CF,F:G349D;F:P367E;F:Q383E,steer,0.00021,3,F:G349D;F:P367E;F:Q383E
6LGW_CF,F:G349D;F:Q382E;F:Q383E,steer,0.00021,3,F:G349D;F:Q382E;F:Q383E
6LGW_CF,F:G349E;F:P367D;F:Q382E,steer,0.00021,3,F:G349E;F:P367D;F:Q382E
6LGW_CF,F:D368G;F:E386K,eval,2e-05,2,F:D368G;F:E386K
6LGW_CF,F:D368G;F:E386S,eval,2e-05,2,F:D368G;F:E386S
6LGW_CF,F:D368G;F:K389A,eval,2e-05,2,F:D368G;F:K389A
6LGW_CF,F:D368G;F:K389D,eval,2e-05,2,F:D368G;F:K389D
6LGW_CF,F:D368G;F:L387K,eval,2e-05,2,F:D368G;F:L387K
6LGW_CF,F:D368G;F:Q382A,eval,2e-05,2,F:D368G;F:Q382A
6LGW_CF,F:D368G;F:Q382E;F:L387D,eval,2e-05,3,F:D368G;F:Q382E;F:L387D
6LGW_CF,F:D368G;F:Q382E;F:L387N,eval,2e-05,3,F:D368G;F:Q382E;F:L387N
6LGW_CF,F:D368G;F:Q382E;F:Q383F,eval,2e-05,3,F:D368G;F:Q382E;F:Q383F
6LGW_CF,F:D368G;F:Q382E;F:S390A,eval,2e-05,3,F:D368G;F:Q382E;F:S390A
6LGW_CF,F:D368G;F:Q382F;F:Q383E,eval,2e-05,3,F:D368G;F:Q382F;F:Q383E
6LGW_CF,F:D368G;F:Q383A;F:E386K,eval,2e-05,3,F:D368G;F:Q383A;F:E386K
6LGW_CF,F:D368G;F:Q383A;F:K389A,eval,2e-05,3,F:D368G;F:Q383A;F:K389A
6LGW_CF,F:D368G;F:Q383A;F:L387D,eval,2e-05,3,F:D368G;F:Q383A;F:L387D
6LGW_CF,F:D368G;F:Q383A;F:S391D,eval,2e-05,3,F:D368G;F:Q383A;F:S391D
6LGW_CF,F:D368G;F:Q383E;F:K389F,eval,2e-05,3,F:D368G;F:Q383E;F:K389F
6LGW_CF,F:D368G;F:Q383E;F:S391F,eval,2e-05,3,F:D368G;F:Q383E;F:S391F
6LGW_CF,F:D368G;F:S390D,eval,2e-05,2,F:D368G;F:S390D
6LGW_CF,F:D368G;F:S390E,eval,2e-05,2,F:D368G;F:S390E
6LGW_CF,F:D368G;F:S391E,eval,2e-05,2,F:D368G;F:S391E
6LGW_CF,F:D368K,eval,2e-05,1,F:D368K
6LGW_CF,F:D368K;F:E386D,eval,2e-05,2,F:D368K;F:E386D
6LGW_CF,F:D368K;F:E386D;F:K389E,eval,2e-05,3,F:D368K;F:E386D;F:K389E
6LGW_CF,F:D368K;F:E386D;F:L387E,eval,2e-05,3,F:D368K;F:E386D;F:L387E
6LZ9_HLB,WT,both,,0,WT
6LZ9_HLB,B:D591G;B:K609G;B:H682D,steer,0.00014,3,B:D591G;B:K609G;B:H682D
6LZ9_HLB,B:D591N;B:D592E;B:D626P,steer,0.00014,3,B:D591N;B:D592E;B:D626P
6LZ9_HLB,B:D591N;B:D592E;B:D626S,steer,0.00014,3,B:D591N;B:D592E;B:D626S
6LZ9_HLB,B:D591N;B:D592E;B:L622K,steer,0.00014,3,B:D591N;B:D592E;B:L622K
6LZ9_HLB,B:D591N;B:D592E;B:L622S,steer,0.00014,3,B:D591N;B:D592E;B:L622S
6LZ9_HLB,B:D591N;B:D592E;B:M684E,steer,0.00014,3,B:D591N;B:D592E;B:M684E
6LZ9_HLB,B:D591C;B:K609G;B:H682D,eval,4e-05,3,B:D591C;B:K609G;B:H682D
6LZ9_HLB,B:D591G;B:D592E;B:H682D,eval,4e-05,3,B:D591G;B:D592E;B:H682D
6LZ9_HLB,B:D591G;B:D592E;B:K609G,eval,4e-05,3,B:D591G;B:D592E;B:K609G
6LZ9_HLB,B:D591G;B:D592N;B:H682D,eval,4e-05,3,B:D591G;B:D592N;B:H682D
6LZ9_HLB,B:D591G;B:D592N;B:K609G,eval,4e-05,3,B:D591G;B:D592N;B:K609G
6LZ9_HLB,B:D591G;B:D592S;B:D626P,eval,4e-05,3,B:D591G;B:D592S;B:D626P
6LZ9_HLB,B:D591G;B:D626P;B:I664A,eval,4e-05,3,B:D591G;B:D626P;B:I664A
6LZ9_HLB,B:D591G;B:D626P;B:I664F,eval,4e-05,3,B:D591G;B:D626P;B:I664F
6LZ9_HLB,B:D591G;B:D626P;B:K683D,eval,4e-05,3,B:D591G;B:D626P;B:K683D
6LZ9_HLB,B:D591G;B:D626P;B:M684A,eval,4e-05,3,B:D591G;B:D626P;B:M684A
6LZ9_HLB,B:D591G;B:D626P;B:M684D,eval,4e-05,3,B:D591G;B:D626P;B:M684D
6LZ9_HLB,B:D591G;B:D626P;B:Q681E,eval,4e-05,3,B:D591G;B:D626P;B:Q681E
6LZ9_HLB,B:D591G;B:D626P;B:Q681F,eval,4e-05,3,B:D591G;B:D626P;B:Q681F
6LZ9_HLB,B:D591G;B:D626S;B:I664A,eval,4e-05,3,B:D591G;B:D626S;B:I664A
6LZ9_HLB,B:D591G;B:D626S;B:I664E,eval,4e-05,3,B:D591G;B:D626S;B:I664E
6LZ9_HLB,B:D591G;B:D626S;B:M684D,eval,4e-05,3,B:D591G;B:D626S;B:M684D
6LZ9_HLB,B:D591G;B:D626S;B:Q681D,eval,4e-05,3,B:D591G;B:D626S;B:Q681D
6LZ9_HLB,B:D591G;B:D626T;B:H682E,eval,4e-05,3,B:D591G;B:D626T;B:H682E
6LZ9_HLB,B:D591G;B:D626T;B:M684E,eval,4e-05,3,B:D591G;B:D626T;B:M684E
6LZ9_HLB,B:D591G;B:H682D;B:K683E,eval,4e-05,3,B:D591G;B:H682D;B:K683E
6LZ9_HLB,B:D591G;B:I664A;B:M684E,eval,4e-05,3,B:D591G;B:I664A;B:M684E
6LZ9_HLB,B:D591G;B:I664D;B:H682D,eval,4e-05,3,B:D591G;B:I664D;B:H682D
6LZ9_HLB,B:D591G;B:I664E;B:H682E,eval,4e-05,3,B:D591G;B:I664E;B:H682E
6LZ9_HLB,B:D591G;B:I664E;B:M684E,eval,4e-05,3,B:D591G;B:I664E;B:M684E
6MLK_HLA,WT,both,,0,WT
6MLK_HLA,A:G174A;A:M179A;A:N180A,steer,0.0005,3,A:G174A;A:M179A;A:N180A
6MLK_HLA,A:G174A;A:M179A;A:N180D,steer,0.0005,3,A:G174A;A:M179A;A:N180D
6MLK_HLA,A:G174A;A:M179A;A:N180E,steer,0.0005,3,A:G174A;A:M179A;A:N180E
6MLK_HLA,A:G174A;A:M179D;A:N180A,steer,0.0005,3,A:G174A;A:M179D;A:N180A
6MLK_HLA,A:G174A;A:M179D;A:N180D,steer,0.0005,3,A:G174A;A:M179D;A:N180D
6MLK_HLA,A:G174A;A:M179E;A:N180A,steer,0.0005,3,A:G174A;A:M179E;A:N180A
6MLK_HLA,A:A181D,eval,4e-05,1,A:A181D
6MLK_HLA,A:A181D;A:D192G,eval,4e-05,2,A:A181D;A:D192G
6MLK_HLA,A:A181D;A:D192G;A:D239A,eval,4e-05,3,A:A181D;A:D192G;A:D239A
6MLK_HLA,A:A181D;A:D192G;A:D239G,eval,4e-05,3,A:A181D;A:D192G;A:D239G
6MLK_HLA,A:A181D;A:D192G;A:G235A,eval,4e-05,3,A:A181D;A:D192G;A:G235A
6MLK_HLA,A:A181D;A:D192G;A:P236A,eval,4e-05,3,A:A181D;A:D192G;A:P236A
6MLK_HLA,A:A181D;A:D192G;A:S241D,eval,4e-05,3,A:A181D;A:D192G;A:S241D
6MLK_HLA,A:A181D;A:D239A,eval,4e-05,2,A:A181D;A:D239A
6MLK_HLA,A:A181D;A:D239A;A:S241D,eval,4e-05,3,A:A181D;A:D239A;A:S241D
6MLK_HLA,A:A181D;A:D239A;A:S241E,eval,4e-05,3,A:A181D;A:D239A;A:S241E
6MLK_HLA,A:A181D;A:D239G,eval,4e-05,2,A:A181D;A:D239G
6MLK_HLA,A:A181D;A:D239G;A:S241D,eval,4e-05,3,A:A181D;A:D239G;A:S241D
6MLK_HLA,A:A181D;A:G235A,eval,4e-05,2,A:A181D;A:G235A
6MLK_HLA,A:A181D;A:G235A;A:D239A,eval,4e-05,3,A:A181D;A:G235A;A:D239A
6MLK_HLA,A:A181D;A:G235A;A:D239G,eval,4e-05,3,A:A181D;A:G235A;A:D239G
6MLK_HLA,A:A181D;A:G235A;A:P236A,eval,4e-05,3,A:A181D;A:G235A;A:P236A
6MLK_HLA,A:A181D;A:G235E;A:S241A,eval,4e-05,3,A:A181D;A:G235E;A:S241A
6MLK_HLA,A:A181D;A:P236A,eval,4e-05,2,A:A181D;A:P236A
6MLK_HLA,A:A181D;A:P236A;A:D239A,eval,4e-05,3,A:A181D;A:P236A;A:D239A
6MLK_HLA,A:A181D;A:P236A;A:D239G,eval,4e-05,3,A:A181D;A:P236A;A:D239G
6MLK_HLA,A:A181D;A:P236A;A:P238A,eval,4e-05,3,A:A181D;A:P236A;A:P238A
6MLK_HLA,A:A181D;A:P236A;A:S241D,eval,4e-05,3,A:A181D;A:P236A;A:S241D
6MLK_HLA,A:A181D;A:P236D;A:D239A,eval,4e-05,3,A:A181D;A:P236D;A:D239A
6MLK_HLA,A:A181D;A:P238A,eval,4e-05,2,A:A181D;A:P238A
6MLM_KLH,WT,both,,0,WT
6MLM_KLH,H:F141Y;H:T142I;H:Y143F,steer,0.00085,3,H:F141Y;H:T142I;H:Y143F
6MLM_KLH,H:F141Y;H:T142V;H:Y143F,steer,0.00085,3,H:F141Y;H:T142V;H:Y143F
6MLM_KLH,H:F141Y;H:Y143F;H:G214T,steer,0.00085,3,H:F141Y;H:Y143F;H:G214T
6MLM_KLH,H:G140D;H:T142I;H:Y143F,steer,0.00085,3,H:G140D;H:T142I;H:Y143F
6MLM_KLH,H:G140D;H:T142V;H:Y143F,steer,0.00085,3,H:G140D;H:T142V;H:Y143F
6MLM_KLH,H:G140D;H:Y143F;H:G214S,steer,0.00085,3,H:G140D;H:Y143F;H:G214S
6MLM_KLH,H:F141I;H:G145N;H:G214N,eval,7e-05,3,H:F141I;H:G145N;H:G214N
6MLM_KLH,H:F141I;H:G145N;H:G214S,eval,7e-05,3,H:F141I;H:G145N;H:G214S
6MLM_KLH,H:F141I;H:G145Y;H:G214S,eval,7e-05,3,H:F141I;H:G145Y;H:G214S
6MLM_KLH,H:F141I;H:G145Y;H:G214T,eval,7e-05,3,H:F141I;H:G145Y;H:G214T
6MLM_KLH,H:F141I;H:G214A;H:N215D,eval,7e-05,3,H:F141I;H:G214A;H:N215D
6MLM_KLH,H:F141I;H:G214A;H:N215E,eval,7e-05,3,H:F141I;H:G214A;H:N215E
6MLM_KLH,H:F141I;H:N215A,eval,7e-05,2,H:F141I;H:N215A
6MLM_KLH,H:F141I;H:P178A;H:N215A,eval,7e-05,3,H:F141I;H:P178A;H:N215A
6MLM_KLH,H:F141I;H:P178D;H:G214T,eval,7e-05,3,H:F141I;H:P178D;H:G214T
6MLM_KLH,H:F141I;H:P178E;H:G214N,eval,7e-05,3,H:F141I;H:P178E;H:G214N
6MLM_KLH,H:F141I;H:P178F;H:G214N,eval,7e-05,3,H:F141I;H:P178F;H:G214N
6MLM_KLH,H:F141I;H:P178F;H:G214S,eval,7e-05,3,H:F141I;H:P178F;H:G214S
6MLM_KLH,H:F141I;H:S144A;H:G214S,eval,7e-05,3,H:F141I;H:S144A;H:G214S
6MLM_KLH,H:F141I;H:S144E;H:G214N,eval,7e-05,3,H:F141I;H:S144E;H:G214N
6MLM_KLH,H:F141I;H:S144E;H:G214S,eval,7e-05,3,H:F141I;H:S144E;H:G214S
6MLM_KLH,H:F141I;H:S144K;H:N215A,eval,7e-05,3,H:F141I;H:S144K;H:N215A
6MLM_KLH,H:F141I;H:S144Q;H:G214S,eval,7e-05,3,H:F141I;H:S144Q;H:G214S
6MLM_KLH,H:F141I;H:S144Q;H:G214T,eval,7e-05,3,H:F141I;H:S144Q;H:G214T
6MLM_KLH,H:F141I;H:S144T,eval,7e-05,2,H:F141I;H:S144T
6MLM_KLH,H:F141I;H:S144T;H:P178A,eval,7e-05,3,H:F141I;H:S144T;H:P178A
6MLM_KLH,H:F141I;H:S144T;H:S172D,eval,7e-05,3,H:F141I;H:S144T;H:S172D
6MLM_KLH,H:F141I;H:S172A;H:G214A,eval,7e-05,3,H:F141I;H:S172A;H:G214A
6MLM_KLH,H:F141I;H:S172A;H:S205A,eval,7e-05,3,H:F141I;H:S172A;H:S205A
6MLM_KLH,H:F141I;H:S172A;H:S205E,eval,7e-05,3,H:F141I;H:S172A;H:S205E
6MVL_HLA,WT,both,,0,WT
6MVL_HLA,A:D65E;A:H153D;A:H155D,steer,0.00092,3,A:D65E;A:H153D;A:H155D
6MVL_HLA,A:D65G;A:H153D;A:H155D,steer,0.00092,3,A:D65G;A:H153D;A:H155D
6MVL_HLA,A:D96A;A:H153D;A:H155D,steer,0.00092,3,A:D96A;A:H153D;A:H155D
6MVL_HLA,A:D96E;A:H153D;A:H155D,steer,0.00092,3,A:D96E;A:H153D;A:H155D
6MVL_HLA,A:D96G;A:H153D;A:H154E,steer,0.00092,3,A:D96G;A:H153D;A:H154E
6MVL_HLA,A:D96G;A:H153D;A:H155D,steer,0.00092,3,A:D96G;A:H153D;A:H155D
6MVL_HLA,A:D65A;A:D96A;A:H153D,eval,0.00016,3,A:D65A;A:D96A;A:H153D
6MVL_HLA,A:D65A;A:D96E;A:H153D,eval,0.00016,3,A:D65A;A:D96E;A:H153D
6MVL_HLA,A:D65A;A:D96G;A:H153E,eval,0.00016,3,A:D65A;A:D96G;A:H153E
6MVL_HLA,A:D65A;A:H153D;A:H155A,eval,0.00016,3,A:D65A;A:H153D;A:H155A
6MVL_HLA,A:D65A;A:H153D;A:S156A,eval,0.00016,3,A:D65A;A:H153D;A:S156A
6MVL_HLA,A:D65A;A:H154A;A:H155D,eval,0.00016,3,A:D65A;A:H154A;A:H155D
6MVL_HLA,A:D65A;A:H154E,eval,0.00016,2,A:D65A;A:H154E
6MVL_HLA,A:D65A;A:H154E;A:H155E,eval,0.00016,3,A:D65A;A:H154E;A:H155E
6MVL_HLA,A:D65A;A:H154E;A:S156E,eval,0.00016,3,A:D65A;A:H154E;A:S156E
6MVL_HLA,A:D65A;A:H155D;A:S156A,eval,0.00016,3,A:D65A;A:H155D;A:S156A
6MVL_HLA,A:D65A;A:Q95A;A:H153D,eval,0.00016,3,A:D65A;A:Q95A;A:H153D
6MVL_HLA,A:D65A;A:Q95E;A:H154E,eval,0.00016,3,A:D65A;A:Q95E;A:H154E
6MVL_HLA,A:D65A;A:S84A;A:H154E,eval,0.00016,3,A:D65A;A:S84A;A:H154E
6MVL_HLA,A:D65A;A:T67A;A:H154E,eval,0.00016,3,A:D65A;A:T67A;A:H154E
6MVL_HLA,A:D65A;A:T67D;A:H153D,eval,0.00016,3,A:D65A;A:T67D;A:H153D
6MVL_HLA,A:D65A;A:T67E;A:H155D,eval,0.00016,3,A:D65A;A:T67E;A:H155D
6MVL_HLA,A:D65E;A:D96A,eval,0.00016,2,A:D65E;A:D96A
6MVL_HLA,A:D65E;A:D96A;A:H153A,eval,0.00016,3,A:D65E;A:D96A;A:H153A
6MVL_HLA,A:D65E;A:D96A;A:H155E,eval,0.00016,3,A:D65E;A:D96A;A:H155E
6MVL_HLA,A:D65E;A:D96A;A:S156E,eval,0.00016,3,A:D65E;A:D96A;A:S156E
6MVL_HLA,A:D65E;A:D96E,eval,0.00016,2,A:D65E;A:D96E
6MVL_HLA,A:D65E;A:D96E;A:H154D,eval,0.00016,3,A:D65E;A:D96E;A:H154D
6MVL_HLA,A:D65E;A:D96E;A:H155E,eval,0.00016,3,A:D65E;A:D96E;A:H155E
6MVL_HLA,A:D65E;A:D96E;A:S156E,eval,0.00016,3,A:D65E;A:D96E;A:S156E
6N5B_HLB,WT,both,,0,WT
6N5B_HLB,B:D100N;B:Q102E;B:W218F,steer,0.0003,3,B:D100N;B:Q102E;B:W218F
6N5B_HLB,B:D100N;B:W218F;B:R220N,steer,0.0003,3,B:D100N;B:W218F;B:R220N
6N5B_HLB,B:N133A;B:W218F;B:R220K,steer,0.0003,3,B:N133A;B:W218F;B:R220K
6N5B_HLB,B:N133A;B:W218L;B:R220K,steer,0.0003,3,B:N133A;B:W218L;B:R220K
6N5B_HLB,B:N133D;B:W218F;B:R220N,steer,0.0003,3,B:N133D;B:W218F;B:R220N
6N5B_HLB,B:N133D;B:W218L;B:R220N,steer,0.0003,3,B:N133D;B:W218L;B:R220N
6N5B_HLB,B:D100E;B:N133A;B:W218K,eval,8e-05,3,B:D100E;B:N133A;B:W218K
6N5B_HLB,B:D100E;B:N133A;B:W218R,eval,8e-05,3,B:D100E;B:N133A;B:W218R
6N5B_HLB,B:D100E;B:N133A;B:W218Y,eval,8e-05,3,B:D100E;B:N133A;B:W218Y
6N5B_HLB,B:D100E;B:N133S;B:W218K,eval,8e-05,3,B:D100E;B:N133S;B:W218K
6N5B_HLB,B:D100E;B:N133S;B:W218R,eval,8e-05,3,B:D100E;B:N133S;B:W218R
6N5B_HLB,B:D100E;B:N133S;B:W218Y,eval,8e-05,3,B:D100E;B:N133S;B:W218Y
6N5B_HLB,B:D100E;B:N133T;B:W218F,eval,8e-05,3,B:D100E;B:N133T;B:W218F
6N5B_HLB,B:D100E;B:N133T;B:W218L,eval,8e-05,3,B:D100E;B:N133T;B:W218L
6N5B_HLB,B:D100E;B:Q102A;B:W218Y,eval,8e-05,3,B:D100E;B:Q102A;B:W218Y
6N5B_HLB,B:D100E;B:Q102D;B:W218R,eval,8e-05,3,B:D100E;B:Q102D;B:W218R
6N5B_HLB,B:D100E;B:Q102E;B:R220N,eval,8e-05,3,B:D100E;B:Q102E;B:R220N
6N5B_HLB,B:D100E;B:Q102N;B:W218K,eval,8e-05,3,B:D100E;B:Q102N;B:W218K
6N5B_HLB,B:D100E;B:Q102N;B:W218R,eval,8e-05,3,B:D100E;B:Q102N;B:W218R
6N5B_HLB,B:D100E;B:Q102N;B:W218Y,eval,8e-05,3,B:D100E;B:Q102N;B:W218Y
6N5B_HLB,B:D100E;B:Q102S;B:W218L,eval,8e-05,3,B:D100E;B:Q102S;B:W218L
6N5B_HLB,B:D100E;B:W218F,eval,8e-05,2,B:D100E;B:W218F
6N5B_HLB,B:D100E;B:W218F;B:R220K,eval,8e-05,3,B:D100E;B:W218F;B:R220K
6N5B_HLB,B:D100E;B:W218L,eval,8e-05,2,B:D100E;B:W218L
6N5B_HLB,B:D100E;B:W218L;B:R220K,eval,8e-05,3,B:D100E;B:W218L;B:R220K
6N5B_HLB,B:D100G;B:N133A;B:W218L,eval,8e-05,3,B:D100G;B:N133A;B:W218L
6N5B_HLB,B:D100G;B:N133S;B:W218F,eval,8e-05,3,B:D100G;B:N133S;B:W218F
6N5B_HLB,B:D100G;B:N133S;B:W218L,eval,8e-05,3,B:D100G;B:N133S;B:W218L
6N5B_HLB,B:D100G;B:Q102A;B:W218F,eval,8e-05,3,B:D100G;B:Q102A;B:W218F
6N5B_HLB,B:D100G;B:Q102E;B:W218K,eval,8e-05,3,B:D100G;B:Q102E;B:W218K
6OQ6_DA,WT,both,,0,WT
6OQ6_DA,A:D1361G;A:G1371D;A:S1387G,steer,0.00026,3,A:D1361G;A:G1371D;A:S1387G
6OQ6_DA,A:D1361G;A:G1371E;A:S1387G,steer,0.00026,3,A:D1361G;A:G1371E;A:S1387G
6OQ6_DA,A:D1361G;A:G1371K;A:S1387G,steer,0.00026,3,A:D1361G;A:G1371K;A:S1387G
6OQ6_DA,A:D1361G;A:G1371N;A:S1387G,steer,0.00026,3,A:D1361G;A:G1371N;A:S1387G
6OQ6_DA,A:D1361G;A:G1371S;A:S1387G,steer,0.00026,3,A:D1361G;A:G1371S;A:S1387G
6OQ6_DA,A:D1361G;A:S1377K;A:S1387G,steer,0.00026,3,A:D1361G;A:S1377K;A:S1387G
6OQ6_DA,A:D1361G;A:G1371D,eval,3e-05,2,A:D1361G;A:G1371D
6OQ6_DA,A:D1361G;A:G1371D;A:S1374K,eval,3e-05,3,A:D1361G;A:G1371D;A:S1374K
6OQ6_DA,A:D1361G;A:G1371D;A:S1374N,eval,3e-05,3,A:D1361G;A:G1371D;A:S1374N
6OQ6_DA,A:D1361G;A:G1371D;A:S1377N,eval,3e-05,3,A:D1361G;A:G1371D;A:S1377N
6OQ6_DA,A:D1361G;A:G1371E,eval,3e-05,2,A:D1361G;A:G1371E
6OQ6_DA,A:D1361G;A:G1371E;A:S1374D,eval,3e-05,3,A:D1361G;A:G1371E;A:S1374D
6OQ6_DA,A:D1361G;A:G1371E;A:S1374K,eval,3e-05,3,A:D1361G;A:G1371E;A:S1374K
6OQ6_DA,A:D1361G;A:G1371E;A:S1374N,eval,3e-05,3,A:D1361G;A:G1371E;A:S1374N
6OQ6_DA,A:D1361G;A:G1371E;A:S1387E,eval,3e-05,3,A:D1361G;A:G1371E;A:S1387E
6OQ6_DA,A:D1361G;A:G1371K;A:S1374E,eval,3e-05,3,A:D1361G;A:G1371K;A:S1374E
6OQ6_DA,A:D1361G;A:G1371N,eval,3e-05,2,A:D1361G;A:G1371N
6OQ6_DA,A:D1361G;A:G1371N;A:S1377N,eval,3e-05,3,A:D1361G;A:G1371N;A:S1377N
6OQ6_DA,A:D1361G;A:G1371S,eval,3e-05,2,A:D1361G;A:G1371S
6OQ6_DA,A:D1361G;A:G1371S;A:S1374D,eval,3e-05,3,A:D1361G;A:G1371S;A:S1374D
6OQ6_DA,A:D1361G;A:G1371S;A:S1374K,eval,3e-05,3,A:D1361G;A:G1371S;A:S1374K
6OQ6_DA,A:D1361G;A:G1371S;A:S1374N,eval,3e-05,3,A:D1361G;A:G1371S;A:S1374N
6OQ6_DA,A:D1361G;A:G1371S;A:S1387E,eval,3e-05,3,A:D1361G;A:G1371S;A:S1387E
6OQ6_DA,A:D1361G;A:S1374D;A:S1387D,eval,3e-05,3,A:D1361G;A:S1374D;A:S1387D
6OQ6_DA,A:D1361G;A:S1374E;A:S1387N,eval,3e-05,3,A:D1361G;A:S1374E;A:S1387N
6OQ6_DA,A:D1361G;A:S1374K;A:S1387D,eval,3e-05,3,A:D1361G;A:S1374K;A:S1387D
6OQ6_DA,A:D1361G;A:S1374N;A:S1387D,eval,3e-05,3,A:D1361G;A:S1374N;A:S1387D
6OQ6_DA,A:D1361G;A:S1374T;A:S1387G,eval,3e-05,3,A:D1361G;A:S1374T;A:S1387G
6OQ6_DA,A:D1361G;A:S1377I;A:S1387G,eval,3e-05,3,A:D1361G;A:S1377I;A:S1387G
6OQ6_DA,A:D1361G;A:S1377V;A:S1387G,eval,3e-05,3,A:D1361G;A:S1377V;A:S1387G
6OSH_HLK,WT,both,,0,WT
6OSH_HLK,K:H344N;K:D354A;K:G369D,steer,0.00043,3,K:H344N;K:D354A;K:G369D
6OSH_HLK,K:H344N;K:H349R;K:L350F,steer,0.00043,3,K:H344N;K:H349R;K:L350F
6OSH_HLK,K:H344N;K:H349S;K:L350F,steer,0.00043,3,K:H344N;K:H349S;K:L350F
6OSH_HLK,K:H344N;K:L350F;K:D354S,steer,0.00043,3,K:H344N;K:L350F;K:D354S
6OSH_HLK,K:H344N;K:L350F;K:G369D,steer,0.00043,3,K:H344N;K:L350F;K:G369D
6OSH_HLK,K:H344N;K:L350F;K:T353S,steer,0.00043,3,K:H344N;K:L350F;K:T353S
6OSH_HLK,K:D354A;K:G369N;K:Q371E,eval,7e-05,3,K:D354A;K:G369N;K:Q371E
6OSH_HLK,K:D354A;K:P356A;K:N383D,eval,7e-05,3,K:D354A;K:P356A;K:N383D
6OSH_HLK,K:D354A;K:P356A;K:Q371E,eval,7e-05,3,K:D354A;K:P356A;K:Q371E
6OSH_HLK,K:D354A;K:P356G;K:N383D,eval,7e-05,3,K:D354A;K:P356G;K:N383D
6OSH_HLK,K:D354A;K:P356G;K:N383E,eval,7e-05,3,K:D354A;K:P356G;K:N383E
6OSH_HLK,K:D354A;K:P356G;K:N383S,eval,7e-05,3,K:D354A;K:P356G;K:N383S
6OSH_HLK,K:D354A;K:P356K;K:Q371E,eval,7e-05,3,K:D354A;K:P356K;K:Q371E
6OSH_HLK,K:D354A;K:P356S;K:N383E,eval,7e-05,3,K:D354A;K:P356S;K:N383E
6OSH_HLK,K:D354A;K:P356S;K:N383S,eval,7e-05,3,K:D354A;K:P356S;K:N383S
6OSH_HLK,K:D354A;K:P356T;K:N383Q,eval,7e-05,3,K:D354A;K:P356T;K:N383Q
6OSH_HLK,K:D354A;K:P356T;K:Q371D,eval,7e-05,3,K:D354A;K:P356T;K:Q371D
6OSH_HLK,K:D354A;K:Q371A;K:N383E,eval,7e-05,3,K:D354A;K:Q371A;K:N383E
6OSH_HLK,K:D354A;K:Q371A;K:N383S,eval,7e-05,3,K:D354A;K:Q371A;K:N383S
6OSH_HLK,K:D354A;K:Q371T;K:N383D,eval,7e-05,3,K:D354A;K:Q371T;K:N383D
6OSH_HLK,K:D354E;K:Q371D;K:N383E,eval,7e-05,3,K:D354E;K:Q371D;K:N383E
6OSH_HLK,K:D354E;K:Q371D;K:N383S,eval,7e-05,3,K:D354E;K:Q371D;K:N383S
6OSH_HLK,K:D354N;K:G369D;K:Q371V,eval,7e-05,3,K:D354N;K:G369D;K:Q371V
6OSH_HLK,K:D354N;K:P356A;K:G369D,eval,7e-05,3,K:D354N;K:P356A;K:G369D
6OSH_HLK,K:D354N;K:P356K;K:G369D,eval,7e-05,3,K:D354N;K:P356K;K:G369D
6OSH_HLK,K:D354N;K:Q371E;K:N383Q,eval,7e-05,3,K:D354N;K:Q371E;K:N383Q
6OSH_HLK,K:D354Q;K:P356K;K:G369D,eval,7e-05,3,K:D354Q;K:P356K;K:G369D
6OSH_HLK,K:D354Q;K:P356T;K:G369D,eval,7e-05,3,K:D354Q;K:P356T;K:G369D
6OSH_HLK,K:D354Q;K:Q371D;K:N383D,eval,7e-05,3,K:D354Q;K:Q371D;K:N383D
6OSH_HLK,K:D354Q;K:Q371D;K:N383E,eval,7e-05,3,K:D354Q;K:Q371D;K:N383E
6PLK_HLE,WT,both,,0,WT
6PLK_HLE,E:S304D;E:Y305L;E:Q350A,steer,0.00101,3,E:S304D;E:Y305L;E:Q350A
6PLK_HLE,E:S304D;E:Y305L;E:Q350S,steer,0.00101,3,E:S304D;E:Y305L;E:Q350S
6PLK_HLE,E:S304D;E:Y305L;E:Q350T,steer,0.00101,3,E:S304D;E:Y305L;E:Q350T
6PLK_HLE,E:S304E;E:Y305L;E:Q350A,steer,0.00101,3,E:S304E;E:Y305L;E:Q350A
6PLK_HLE,E:S304E;E:Y305L;E:Q350S,steer,0.00101,3,E:S304E;E:Y305L;E:Q350S
6PLK_HLE,E:S304E;E:Y305L;E:Q350T,steer,0.00101,3,E:S304E;E:Y305L;E:Q350T
6PLK_HLE,E:G392A;E:E393A,eval,0.0001,2,E:G392A;E:E393A
6PLK_HLE,E:G392A;E:E393S,eval,0.0001,2,E:G392A;E:E393S
6PLK_HLE,E:G392D;E:E393Q,eval,0.0001,2,E:G392D;E:E393Q
6PLK_HLE,E:G392S;E:E393L,eval,0.0001,2,E:G392S;E:E393L
6PLK_HLE,E:G392V;E:E393S,eval,0.0001,2,E:G392V;E:E393S
6PLK_HLE,E:Q350A;E:E393M,eval,0.0001,2,E:Q350A;E:E393M
6PLK_HLE,E:Q350A;E:G392D;E:E393M,eval,0.0001,3,E:Q350A;E:G392D;E:E393M
6PLK_HLE,E:Q350A;E:G392V;E:E393Q,eval,0.0001,3,E:Q350A;E:G392V;E:E393Q
6PLK_HLE,E:Q350A;E:G392Y,eval,0.0001,2,E:Q350A;E:G392Y
6PLK_HLE,E:Q350A;E:G392Y;E:E393A,eval,0.0001,3,E:Q350A;E:G392Y;E:E393A
6PLK_HLE,E:Q350A;E:G392Y;E:E393S,eval,0.0001,3,E:Q350A;E:G392Y;E:E393S
6PLK_HLE,E:Q350A;E:T351K;E:E393M,eval,0.0001,3,E:Q350A;E:T351K;E:E393M
6PLK_HLE,E:Q350A;E:T351K;E:G392Y,eval,0.0001,3,E:Q350A;E:T351K;E:G392Y
6PLK_HLE,E:Q350A;E:T351N;E:G392Y,eval,0.0001,3,E:Q350A;E:T351N;E:G392Y
6PLK_HLE,E:Q350A;E:T351S;E:E393M,eval,0.0001,3,E:Q350A;E:T351S;E:E393M
6PLK_HLE,E:Q350E;E:G392A;E:E393Q,eval,0.0001,3,E:Q350E;E:G392A;E:E393Q
6PLK_HLE,E:Q350E;E:G392V;E:E393L,eval,0.0001,3,E:Q350E;E:G392V;E:E393L
6PLK_HLE,E:Q350E;E:G392Y,eval,0.0001,2,E:Q350E;E:G392Y
6PLK_HLE,E:Q350E;E:G392Y;E:E393S,eval,0.0001,3,E:Q350E;E:G392Y;E:E393S
6PLK_HLE,E:Q350E;E:T351Q;E:E393Q,eval,0.0001,3,E:Q350E;E:T351Q;E:E393Q
6PLK_HLE,E:Q350E;E:T351Q;E:G392V,eval,0.0001,3,E:Q350E;E:T351Q;E:G392V
6PLK_HLE,E:Q350E;E:T351R;E:E393Q,eval,0.0001,3,E:Q350E;E:T351R;E:E393Q
6PLK_HLE,E:Q350E;E:T351R;E:G392V,eval,0.0001,3,E:Q350E;E:T351R;E:G392V
6PLK_HLE,E:Q350E;E:T351S;E:G392Y,eval,0.0001,3,E:Q350E;E:T351S;E:G392Y
6QX4_CA,WT,both,,0,WT
6QX4_CA,A:A275D;A:K406I;A:N431G,steer,0.00017,3,A:A275D;A:K406I;A:N431G
6QX4_CA,A:A275D;A:L317V;A:Q318K,steer,0.00017,3,A:A275D;A:L317V;A:Q318K
6QX4_CA,A:A275D;A:Q318K;A:D402S,steer,0.00017,3,A:A275D;A:Q318K;A:D402S
6QX4_CA,A:A275D;A:Q318K;A:D402V,steer,0.00017,3,A:A275D;A:Q318K;A:D402V
6QX4_CA,A:A275D;A:Q318K;A:G334N,steer,0.00017,3,A:A275D;A:Q318K;A:G334N
6QX4_CA,A:A275D;A:Q318K;A:G334S,steer,0.00017,3,A:A275D;A:Q318K;A:G334S
6QX4_CA,A:A275D;A:A347D;A:K406I,eval,3e-05,3,A:A275D;A:A347D;A:K406I
6QX4_CA,A:A275D;A:A347D;A:N431G,eval,3e-05,3,A:A275D;A:A347D;A:N431G
6QX4_CA,A:A275D;A:A347E;A:D402V,eval,3e-05,3,A:A275D;A:A347E;A:D402V
6QX4_CA,A:A275D;A:A347E;A:S405A,eval,3e-05,3,A:A275D;A:A347E;A:S405A
6QX4_CA,A:A275D;A:A347K;A:K406I,eval,3e-05,3,A:A275D;A:A347K;A:K406I
6QX4_CA,A:A275D;A:A347K;A:N431G,eval,3e-05,3,A:A275D;A:A347K;A:N431G
6QX4_CA,A:A275D;A:A347S;A:K406I,eval,3e-05,3,A:A275D;A:A347S;A:K406I
6QX4_CA,A:A275D;A:A347S;A:N431G,eval,3e-05,3,A:A275D;A:A347S;A:N431G
6QX4_CA,A:A275D;A:D402S,eval,3e-05,2,A:A275D;A:D402S
6QX4_CA,A:A275D;A:D402S;A:D407A,eval,3e-05,3,A:A275D;A:D402S;A:D407A
6QX4_CA,A:A275D;A:D402S;A:D407E,eval,3e-05,3,A:A275D;A:D402S;A:D407E
6QX4_CA,A:A275D;A:D402T;A:D407S,eval,3e-05,3,A:A275D;A:D402T;A:D407S
6QX4_CA,A:A275D;A:D402T;A:S405N,eval,3e-05,3,A:A275D;A:D402T;A:S405N
6QX4_CA,A:A275D;A:D402T;A:T404K,eval,3e-05,3,A:A275D;A:D402T;A:T404K
6QX4_CA,A:A275D;A:D402V;A:D407T,eval,3e-05,3,A:A275D;A:D402V;A:D407T
6QX4_CA,A:A275D;A:D402V;A:K406S,eval,3e-05,3,A:A275D;A:D402V;A:K406S
6QX4_CA,A:A275D;A:D407N;A:N431G,eval,3e-05,3,A:A275D;A:D407N;A:N431G
6QX4_CA,A:A275D;A:E298D;A:S405A,eval,3e-05,3,A:A275D;A:E298D;A:S405A
6QX4_CA,A:A275D;A:E298S;A:K406I,eval,3e-05,3,A:A275D;A:E298S;A:K406I
6QX4_CA,A:A275D;A:E298S;A:N431G,eval,3e-05,3,A:A275D;A:E298S;A:N431G
6QX4_CA,A:A275D;A:E298T;A:D402V,eval,3e-05,3,A:A275D;A:E298T;A:D402V
6QX4_CA,A:A275D;A:E298T;A:G334T,eval,3e-05,3,A:A275D;A:E298T;A:G334T
6QX4_CA,A:A275D;A:E298T;A:S405A,eval,3e-05,3,A:A275D;A:E298T;A:S405A
6QX4_CA,A:A275D;A:E298T;A:V330T,eval,3e-05,3,A:A275D;A:E298T;A:V330T
6QX4_DA,WT,both,,0,WT
6QX4_DA,A:A247E;A:N249G;A:K286G,steer,0.00074,3,A:A247E;A:N249G;A:K286G
6QX4_DA,A:K231E;A:A247D;A:K286S,steer,0.00074,3,A:K231E;A:A247D;A:K286S
6QX4_DA,A:K231E;A:A247D;A:N249G,steer,0.00074,3,A:K231E;A:A247D;A:N249G
6QX4_DA,A:K231E;A:A247E;A:K286N,steer,0.00074,3,A:K231E;A:A247E;A:K286N
6QX4_DA,A:K231E;A:A247E;A:N249G,steer,0.00074,3,A:K231E;A:A247E;A:N249G
6QX4_DA,A:K231E;A:A247K;A:K286G,steer,0.00074,3,A:K231E;A:A247K;A:K286G
6QX4_DA,A:A247D;A:K286N;A:G288V,eval,0.00016,3,A:A247D;A:K286N;A:G288V
6QX4_DA,A:A247D;A:K286S;A:G288I,eval,0.00016,3,A:A247D;A:K286S;A:G288I
6QX4_DA,A:A247D;A:N249K;A:G288V,eval,0.00016,3,A:A247D;A:N249K;A:G288V
6QX4_DA,A:A247D;A:V287K;A:G288V,eval,0.00016,3,A:A247D;A:V287K;A:G288V
6QX4_DA,A:A247E;A:G288V,eval,0.00016,2,A:A247E;A:G288V
6QX4_DA,A:A247E;A:K286D;A:G288V,eval,0.00016,3,A:A247E;A:K286D;A:G288V
6QX4_DA,A:A247E;A:K286N;A:G288L,eval,0.00016,3,A:A247E;A:K286N;A:G288L
6QX4_DA,A:A247E;A:K286N;A:V287I,eval,0.00016,3,A:A247E;A:K286N;A:V287I
6QX4_DA,A:A247E;A:K286S;A:G288I,eval,0.00016,3,A:A247E;A:K286S;A:G288I
6QX4_DA,A:A247E;A:N249E;A:G288V,eval,0.00016,3,A:A247E;A:N249E;A:G288V
6QX4_DA,A:A247E;A:N249G;A:G288I,eval,0.00016,3,A:A247E;A:N249G;A:G288I
6QX4_DA,A:A247E;A:N249K;A:G288V,eval,0.00016,3,A:A247E;A:N249K;A:G288V
6QX4_DA,A:A247E;A:V287K;A:G288V,eval,0.00016,3,A:A247E;A:V287K;A:G288V
6QX4_DA,A:A247K;A:K286N,eval,0.00016,2,A:A247K;A:K286N
6QX4_DA,A:A247K;A:K286N;A:V287K,eval,0.00016,3,A:A247K;A:K286N;A:V287K
6QX4_DA,A:A247K;A:K286S;A:G288V,eval,0.00016,3,A:A247K;A:K286S;A:G288V
6QX4_DA,A:A247K;A:K286S;A:V287I,eval,0.00016,3,A:A247K;A:K286S;A:V287I
6QX4_DA,A:A247K;A:N249G;A:G288V,eval,0.00016,3,A:A247K;A:N249G;A:G288V
6QX4_DA,A:A247K;A:N249K;A:K286N,eval,0.00016,3,A:A247K;A:N249K;A:K286N
6QX4_DA,A:A247K;A:N249K;A:V287K,eval,0.00016,3,A:A247K;A:N249K;A:V287K
6QX4_DA,A:A247K;A:N249Q;A:K286G,eval,0.00016,3,A:A247K;A:N249Q;A:K286G
6QX4_DA,A:A247S;A:K286N,eval,0.00016,2,A:A247S;A:K286N
6QX4_DA,A:A247S;A:K286N;A:V287K,eval,0.00016,3,A:A247S;A:K286N;A:V287K
6QX4_DA,A:A247S;A:K286S;A:V287I,eval,0.00016,3,A:A247S;A:K286S;A:V287I
6QX4_HB,WT,both,,0,WT
6QX4_HB,B:E234D;B:N285T;B:K286G,steer,0.00041,3,B:E234D;B:N285T;B:K286G
6QX4_HB,B:E234T;B:N285T;B:K286G,steer,0.00041,3,B:E234T;B:N285T;B:K286G
6QX4_HB,B:K231A;B:N285T;B:K286G,steer,0.00041,3,B:K231A;B:N285T;B:K286G
6QX4_HB,B:K231E;B:E234D;B:K286S,steer,0.00041,3,B:K231E;B:E234D;B:K286S
6QX4_HB,B:K231E;B:E234D;B:N249G,steer,0.00041,3,B:K231E;B:E234D;B:N249G
6QX4_HB,B:K231E;B:E234D;B:N285A,steer,0.00041,3,B:K231E;B:E234D;B:N285A
6QX4_HB,B:E234D;B:K286D,eval,0.00013,2,B:E234D;B:K286D
6QX4_HB,B:E234D;B:K286D;B:V287K,eval,0.00013,3,B:E234D;B:K286D;B:V287K
6QX4_HB,B:E234D;B:K286D;B:V287L,eval,0.00013,3,B:E234D;B:K286D;B:V287L
6QX4_HB,B:E234D;B:K286S;B:G288L,eval,0.00013,3,B:E234D;B:K286S;B:G288L
6QX4_HB,B:E234D;B:K286S;B:V287Y,eval,0.00013,3,B:E234D;B:K286S;B:V287Y
6QX4_HB,B:E234D;B:N249E,eval,0.00013,2,B:E234D;B:N249E
6QX4_HB,B:E234D;B:N249E;B:K286N,eval,0.00013,3,B:E234D;B:N249E;B:K286N
6QX4_HB,B:E234D;B:N249E;B:V287K,eval,0.00013,3,B:E234D;B:N249E;B:V287K
6QX4_HB,B:E234D;B:N249E;B:V287L,eval,0.00013,3,B:E234D;B:N249E;B:V287L
6QX4_HB,B:E234D;B:N249G;B:G288V,eval,0.00013,3,B:E234D;B:N249G;B:G288V
6QX4_HB,B:E234D;B:N249G;B:K286R,eval,0.00013,3,B:E234D;B:N249G;B:K286R
6QX4_HB,B:E234D;B:N249G;B:V287F,eval,0.00013,3,B:E234D;B:N249G;B:V287F
6QX4_HB,B:E234D;B:N249G;B:V287I,eval,0.00013,3,B:E234D;B:N249G;B:V287I
6QX4_HB,B:E234D;B:N249K,eval,0.00013,2,B:E234D;B:N249K
6QX4_HB,B:E234D;B:N249K;B:K286D,eval,0.00013,3,B:E234D;B:N249K;B:K286D
6QX4_HB,B:E234D;B:N249K;B:V287L,eval,0.00013,3,B:E234D;B:N249K;B:V287L
6QX4_HB,B:E234D;B:N249Q;B:K286S,eval,0.00013,3,B:E234D;B:N249Q;B:K286S
6QX4_HB,B:E234D;B:N249Q;B:N285S,eval,0.00013,3,B:E234D;B:N249Q;B:N285S
6QX4_HB,B:E234D;B:N285A;B:G288V,eval,0.00013,3,B:E234D;B:N285A;B:G288V
6QX4_HB,B:E234D;B:N285A;B:K286R,eval,0.00013,3,B:E234D;B:N285A;B:K286R
6QX4_HB,B:E234D;B:N285A;B:V287F,eval,0.00013,3,B:E234D;B:N285A;B:V287F
6QX4_HB,B:E234D;B:N285A;B:V287I,eval,0.00013,3,B:E234D;B:N285A;B:V287I
6QX4_HB,B:E234D;B:N285E;B:K286R,eval,0.00013,3,B:E234D;B:N285E;B:K286R
6QX4_HB,B:E234D;B:N285E;B:V287F,eval,0.00013,3,B:E234D;B:N285E;B:V287F
6SNI_HLX,WT,both,,0,WT
6SNI_HLX,X:A301S;X:Y322F;X:R325V,steer,0.00026,3,X:A301S;X:Y322F;X:R325V
6SNI_HLX,X:A301S;X:Y322L;X:Q329E,steer,0.00026,3,X:A301S;X:Y322L;X:Q329E
6SNI_HLX,X:A301S;X:Y322L;X:R325V,steer,0.00026,3,X:A301S;X:Y322L;X:R325V
6SNI_HLX,X:A301S;X:Y322L;X:T327D,steer,0.00026,3,X:A301S;X:Y322L;X:T327D
6SNI_HLX,X:A301S;X:Y322L;X:T327S,steer,0.00026,3,X:A301S;X:Y322L;X:T327S
6SNI_HLX,X:I304L;X:R325V;X:Q329E,steer,0.00026,3,X:I304L;X:R325V;X:Q329E
6SNI_HLX,X:A301I;X:I304L;X:Y322L,eval,6e-05,3,X:A301I;X:I304L;X:Y322L
6SNI_HLX,X:A301I;X:R325V;X:Q329E,eval,6e-05,3,X:A301I;X:R325V;X:Q329E
6SNI_HLX,X:A301I;X:Y322F;X:Q329E,eval,6e-05,3,X:A301I;X:Y322F;X:Q329E
6SNI_HLX,X:A301I;X:Y322L;X:E324D,eval,6e-05,3,X:A301I;X:Y322L;X:E324D
6SNI_HLX,X:A301I;X:Y322L;X:I328L,eval,6e-05,3,X:A301I;X:Y322L;X:I328L
6SNI_HLX,X:A301I;X:Y322L;X:I328T,eval,6e-05,3,X:A301I;X:Y322L;X:I328T
6SNI_HLX,X:A301I;X:Y322L;X:Q329D,eval,6e-05,3,X:A301I;X:Y322L;X:Q329D
6SNI_HLX,X:A301I;X:Y322L;X:R325K,eval,6e-05,3,X:A301I;X:Y322L;X:R325K
6SNI_HLX,X:A301I;X:Y322L;X:T327D,eval,6e-05,3,X:A301I;X:Y322L;X:T327D
6SNI_HLX,X:A301I;X:Y322L;X:T327N,eval,6e-05,3,X:A301I;X:Y322L;X:T327N
6SNI_HLX,X:A301N;X:E324D;X:I328K,eval,6e-05,3,X:A301N;X:E324D;X:I328K
6SNI_HLX,X:A301N;X:E324D;X:Q329N,eval,6e-05,3,X:A301N;X:E324D;X:Q329N
6SNI_HLX,X:A301N;X:E324K;X:Q329E,eval,6e-05,3,X:A301N;X:E324K;X:Q329E
6SNI_HLX,X:A301N;X:E324N;X:I328L,eval,6e-05,3,X:A301N;X:E324N;X:I328L
6SNI_HLX,X:A301N;X:E324N;X:I328T,eval,6e-05,3,X:A301N;X:E324N;X:I328T
6SNI_HLX,X:A301N;X:E324N;X:Q329D,eval,6e-05,3,X:A301N;X:E324N;X:Q329D
6SNI_HLX,X:A301N;X:E324N;X:R325H,eval,6e-05,3,X:A301N;X:E324N;X:R325H
6SNI_HLX,X:A301N;X:E324N;X:R325T,eval,6e-05,3,X:A301N;X:E324N;X:R325T
6SNI_HLX,X:A301N;X:E324Q;X:R325K,eval,6e-05,3,X:A301N;X:E324Q;X:R325K
6SNI_HLX,X:A301N;X:E324Q;X:T327D,eval,6e-05,3,X:A301N;X:E324Q;X:T327D
6SNI_HLX,X:A301N;X:E324Q;X:T327N,eval,6e-05,3,X:A301N;X:E324Q;X:T327N
6SNI_HLX,X:A301N;X:E324Q;X:T327S,eval,6e-05,3,X:A301N;X:E324Q;X:T327S
6SNI_HLX,X:A301N;X:E324S;X:I328L,eval,6e-05,3,X:A301N;X:E324S;X:I328L
6SNI_HLX,X:A301N;X:E324S;X:I328T,eval,6e-05,3,X:A301N;X:E324S;X:I328T
6TOU_AG,WT,both,,0,WT
6TOU_AG,G:F41E;G:V48D;G:D190A,steer,0.0003,3,G:F41E;G:V48D;G:D190A
6TOU_AG,G:F41E;G:V48D;G:D190G,steer,0.0003,3,G:F41E;G:V48D;G:D190G
6TOU_AG,G:F41E;G:V48D;G:L227D,steer,0.0003,3,G:F41E;G:V48D;G:L227D
6TOU_AG,G:F41E;G:V48D;G:L227E,steer,0.0003,3,G:F41E;G:V48D;G:L227E
6TOU_AG,G:F41E;G:V48D;G:M243A,steer,0.0003,3,G:F41E;G:V48D;G:M243A
6TOU_AG,G:F41E;G:V48D;G:M243E,steer,0.0003,3,G:F41E;G:V48D;G:M243E
6TOU_AG,G:D190A,eval,3e-05,1,G:D190A
6TOU_AG,G:D190A;G:G229A;G:Q244D,eval,3e-05,3,G:D190A;G:G229A;G:Q244D
6TOU_AG,G:D190A;G:G229A;G:Q244E,eval,3e-05,3,G:D190A;G:G229A;G:Q244E
6TOU_AG,G:D190A;G:G229A;G:W251A,eval,3e-05,3,G:D190A;G:G229A;G:W251A
6TOU_AG,G:D190A;G:G229A;G:W251F,eval,3e-05,3,G:D190A;G:G229A;G:W251F
6TOU_AG,G:D190A;G:G229D;G:M243D,eval,3e-05,3,G:D190A;G:G229D;G:M243D
6TOU_AG,G:D190A;G:G229D;G:V230D,eval,3e-05,3,G:D190A;G:G229D;G:V230D
6TOU_AG,G:D190A;G:G229D;G:V230E,eval,3e-05,3,G:D190A;G:G229D;G:V230E
6TOU_AG,G:D190A;G:G229E;G:M243C,eval,3e-05,3,G:D190A;G:G229E;G:M243C
6TOU_AG,G:D190A;G:G229E;G:M243D,eval,3e-05,3,G:D190A;G:G229E;G:M243D
6TOU_AG,G:D190A;G:G229E;G:V230D,eval,3e-05,3,G:D190A;G:G229E;G:V230D
6TOU_AG,G:D190A;G:G229E;G:V230E,eval,3e-05,3,G:D190A;G:G229E;G:V230E
6TOU_AG,G:D190A;G:I191A;G:L227A,eval,3e-05,3,G:D190A;G:I191A;G:L227A
6TOU_AG,G:D190A;G:I191A;G:M243D,eval,3e-05,3,G:D190A;G:I191A;G:M243D
6TOU_AG,G:D190A;G:I191A;G:V230D,eval,3e-05,3,G:D190A;G:I191A;G:V230D
6TOU_AG,G:D190A;G:I191A;G:V230E,eval,3e-05,3,G:D190A;G:I191A;G:V230E
6TOU_AG,G:D190A;G:I191C;G:M243A,eval,3e-05,3,G:D190A;G:I191C;G:M243A
6TOU_AG,G:D190A;G:I191C;G:M243E,eval,3e-05,3,G:D190A;G:I191C;G:M243E
6TOU_AG,G:D190A;G:I191C;G:M243F,eval,3e-05,3,G:D190A;G:I191C;G:M243F
6TOU_AG,G:D190A;G:I191C;G:Q244A,eval,3e-05,3,G:D190A;G:I191C;G:Q244A
6TOU_AG,G:D190A;G:I191C;G:W251C,eval,3e-05,3,G:D190A;G:I191C;G:W251C
6TOU_AG,G:D190A;G:I191C;G:W251D,eval,3e-05,3,G:D190A;G:I191C;G:W251D
6TOU_AG,G:D190A;G:I191C;G:W251E,eval,3e-05,3,G:D190A;G:I191C;G:W251E
6TOU_AG,G:D190A;G:I191D;G:L227E,eval,3e-05,3,G:D190A;G:I191D;G:L227E
6TYL_DA,WT,both,,0,WT
6TYL_DA,A:D370E;A:E438D;A:T442E,steer,0.00028,3,A:D370E;A:E438D;A:T442E
6TYL_DA,A:D370E;A:L371G;A:T442E,steer,0.00028,3,A:D370E;A:L371G;A:T442E
6TYL_DA,A:D370E;A:L371T;A:T442F,steer,0.00028,3,A:D370E;A:L371T;A:T442F
6TYL_DA,A:E296A;A:H321D;A:D370E,steer,0.00028,3,A:E296A;A:H321D;A:D370E
6TYL_DA,A:E296A;A:H321D;A:D439E,steer,0.00028,3,A:E296A;A:H321D;A:D439E
6TYL_DA,A:E296D;A:H321D;A:D370E,steer,0.00028,3,A:E296D;A:H321D;A:D370E
6TYL_DA,A:D361E;A:D370E;A:L371S,eval,7e-05,3,A:D361E;A:D370E;A:L371S
6TYL_DA,A:D361E;A:L371G;A:T442D,eval,7e-05,3,A:D361E;A:L371G;A:T442D
6TYL_DA,A:D370E;A:D439C;A:T442D,eval,7e-05,3,A:D370E;A:D439C;A:T442D
6TYL_DA,A:D370E;A:D439E;A:D441E,eval,7e-05,3,A:D370E;A:D439E;A:D441E
6TYL_DA,A:D370E;A:D439E;A:E443D,eval,7e-05,3,A:D370E;A:D439E;A:E443D
6TYL_DA,A:D370E;A:D441G;A:T442D,eval,7e-05,3,A:D370E;A:D441G;A:T442D
6TYL_DA,A:D370E;A:E438C;A:T442D,eval,7e-05,3,A:D370E;A:E438C;A:T442D
6TYL_DA,A:D370E;A:E438G;A:D439E,eval,7e-05,3,A:D370E;A:E438G;A:D439E
6TYL_DA,A:D370E;A:L371S;A:D439G,eval,7e-05,3,A:D370E;A:L371S;A:D439G
6TYL_DA,A:D370E;A:L371S;A:E438A,eval,7e-05,3,A:D370E;A:L371S;A:E438A
6TYL_DA,A:D370E;A:L371T;A:D439C,eval,7e-05,3,A:D370E;A:L371T;A:D439C
6TYL_DA,A:D370E;A:L371T;A:D441G,eval,7e-05,3,A:D370E;A:L371T;A:D441G
6TYL_DA,A:D370E;A:L371T;A:E438C,eval,7e-05,3,A:D370E;A:L371T;A:E438C
6TYL_DA,A:D370E;A:T442C,eval,7e-05,2,A:D370E;A:T442C
6TYL_DA,A:D370E;A:T442E;A:E443G,eval,7e-05,3,A:D370E;A:T442E;A:E443G
6TYL_DA,A:D370N;A:L371G;A:T442D,eval,7e-05,3,A:D370N;A:L371G;A:T442D
6TYL_DA,A:D370P;A:E438D;A:T442D,eval,7e-05,3,A:D370P;A:E438D;A:T442D
6TYL_DA,A:D370P;A:L371G;A:T442E,eval,7e-05,3,A:D370P;A:L371G;A:T442E
6TYL_DA,A:D370P;A:L371T;A:E438D,eval,7e-05,3,A:D370P;A:L371T;A:E438D
6TYL_DA,A:D370P;A:L371T;A:T442A,eval,7e-05,3,A:D370P;A:L371T;A:T442A
6TYL_DA,A:D370P;A:L371T;A:T442F,eval,7e-05,3,A:D370P;A:L371T;A:T442F
6TYL_DA,A:D370S;A:L371G;A:T442D,eval,7e-05,3,A:D370S;A:L371G;A:T442D
6TYL_DA,A:D370T;A:E438D;A:T442D,eval,7e-05,3,A:D370T;A:E438D;A:T442D
6TYL_DA,A:D370T;A:L371T;A:E438D,eval,7e-05,3,A:D370T;A:L371T;A:E438D
6UI1_BA,WT,both,,0,WT
6UI1_BA,A:D469A;A:D474F;A:M531D,steer,0.00037,3,A:D469A;A:D474F;A:M531D
6UI1_BA,A:D469E;A:D474A;A:M531D,steer,0.00037,3,A:D469E;A:D474A;A:M531D
6UI1_BA,A:D469E;A:D474F;A:M531D,steer,0.00037,3,A:D469E;A:D474F;A:M531D
6UI1_BA,A:D469E;A:D474F;A:M531F,steer,0.00037,3,A:D469E;A:D474F;A:M531F
6UI1_BA,A:D469E;A:D474F;A:P532D,steer,0.00037,3,A:D469E;A:D474F;A:P532D
6UI1_BA,A:D469E;A:D474F;A:P532E,steer,0.00037,3,A:D469E;A:D474F;A:P532E
6UI1_BA,A:D469A;A:D474A;A:L530A,eval,3e-05,3,A:D469A;A:D474A;A:L530A
6UI1_BA,A:D469A;A:D474A;A:L530D,eval,3e-05,3,A:D469A;A:D474A;A:L530D
6UI1_BA,A:D469A;A:D474A;A:L530E,eval,3e-05,3,A:D469A;A:D474A;A:L530E
6UI1_BA,A:D469A;A:D474E,eval,3e-05,2,A:D469A;A:D474E
6UI1_BA,A:D469A;A:D474F;A:M531C,eval,3e-05,3,A:D469A;A:D474F;A:M531C
6UI1_BA,A:D469A;A:D474G;A:M531F,eval,3e-05,3,A:D469A;A:D474G;A:M531F
6UI1_BA,A:D469A;A:D474G;A:P532E,eval,3e-05,3,A:D469A;A:D474G;A:P532E
6UI1_BA,A:D469A;A:L530A;A:M531A,eval,3e-05,3,A:D469A;A:L530A;A:M531A
6UI1_BA,A:D469A;A:L530A;A:M531E,eval,3e-05,3,A:D469A;A:L530A;A:M531E
6UI1_BA,A:D469A;A:L530A;A:P532D,eval,3e-05,3,A:D469A;A:L530A;A:P532D
6UI1_BA,A:D469A;A:L530D;A:P532D,eval,3e-05,3,A:D469A;A:L530D;A:P532D
6UI1_BA,A:D469A;A:L530D;A:P532E,eval,3e-05,3,A:D469A;A:L530D;A:P532E
6UI1_BA,A:D469A;A:L530E;A:M531A,eval,3e-05,3,A:D469A;A:L530E;A:M531A
6UI1_BA,A:D469A;A:L530E;A:M531E,eval,3e-05,3,A:D469A;A:L530E;A:M531E
6UI1_BA,A:D469A;A:L530E;A:P532A,eval,3e-05,3,A:D469A;A:L530E;A:P532A
6UI1_BA,A:D469A;A:L530E;A:P532D,eval,3e-05,3,A:D469A;A:L530E;A:P532D
6UI1_BA,A:D469A;A:L530F;A:M531F,eval,3e-05,3,A:D469A;A:L530F;A:M531F
6UI1_BA,A:D469A;A:M531D;A:P532C,eval,3e-05,3,A:D469A;A:M531D;A:P532C
6UI1_BA,A:D469A;A:M531E,eval,3e-05,2,A:D469A;A:M531E
6UI1_BA,A:D469A;A:P532A,eval,3e-05,2,A:D469A;A:P532A
6UI1_BA,A:D469A;A:P532F,eval,3e-05,2,A:D469A;A:P532F
6UI1_BA,A:D469C;A:D474A;A:M531F,eval,3e-05,3,A:D469C;A:D474A;A:M531F
6UI1_BA,A:D469C;A:D474A;A:P532E,eval,3e-05,3,A:D469C;A:D474A;A:P532E
6UI1_BA,A:D469C;A:D474F,eval,3e-05,2,A:D469C;A:D474F
6V4N_HLN,WT,both,,0,WT
6V4N_HLN,N:D149F;N:N151D,steer,0.00013,2,N:D149F;N:N151D
6V4N_HLN,N:D149F;N:T372K,steer,0.00013,2,N:D149F;N:T372K
6V4N_HLN,N:D149F;N:T372R,steer,0.00013,2,N:D149F;N:T372R
6V4N_HLN,N:D149F;N:T436G,steer,0.00013,2,N:D149F;N:T436G
6V4N_HLN,N:D149F;N:T465K,steer,0.00013,2,N:D149F;N:T465K
6V4N_HLN,N:D149F;N:V462T,steer,0.00013,2,N:D149F;N:V462T
6V4N_HLN,N:D149F;N:D432E;N:M464L,eval,3e-05,3,N:D149F;N:D432E;N:M464L
6V4N_HLN,N:D149F;N:D432E;N:M464V,eval,3e-05,3,N:D149F;N:D432E;N:M464V
6V4N_HLN,N:D149F;N:E404D;N:M464L,eval,3e-05,3,N:D149F;N:E404D;N:M464L
6V4N_HLN,N:D149F;N:E404D;N:M464V,eval,3e-05,3,N:D149F;N:E404D;N:M464V
6V4N_HLN,N:D149F;N:E404S;N:M464L,eval,3e-05,3,N:D149F;N:E404S;N:M464L
6V4N_HLN,N:D149F;N:E404T;N:M464L,eval,3e-05,3,N:D149F;N:E404T;N:M464L
6V4N_HLN,N:D149F;N:E404T;N:M464V,eval,3e-05,3,N:D149F;N:E404T;N:M464V
6V4N_HLN,N:D149F;N:K373R;N:M464L,eval,3e-05,3,N:D149F;N:K373R;N:M464L
6V4N_HLN,N:D149F;N:K373S;N:M464I,eval,3e-05,3,N:D149F;N:K373S;N:M464I
6V4N_HLN,N:D149F;N:K373T;N:M464L,eval,3e-05,3,N:D149F;N:K373T;N:M464L
6V4N_HLN,N:D149F;N:K373T;N:M464V,eval,3e-05,3,N:D149F;N:K373T;N:M464V
6V4N_HLN,N:D149F;N:M464I;N:T465K,eval,3e-05,3,N:D149F;N:M464I;N:T465K
6V4N_HLN,N:D149F;N:M464I;N:T465S,eval,3e-05,3,N:D149F;N:M464I;N:T465S
6V4N_HLN,N:D149F;N:M464L,eval,3e-05,2,N:D149F;N:M464L
6V4N_HLN,N:D149F;N:M464L;N:T465A,eval,3e-05,3,N:D149F;N:M464L;N:T465A
6V4N_HLN,N:D149F;N:M464L;N:T465R,eval,3e-05,3,N:D149F;N:M464L;N:T465R
6V4N_HLN,N:D149F;N:M464V,eval,3e-05,2,N:D149F;N:M464V
6V4N_HLN,N:D149F;N:M464V;N:T465A,eval,3e-05,3,N:D149F;N:M464V;N:T465A
6V4N_HLN,N:D149F;N:M464V;N:T465K,eval,3e-05,3,N:D149F;N:M464V;N:T465K
6V4N_HLN,N:D149F;N:M464V;N:T465R,eval,3e-05,3,N:D149F;N:M464V;N:T465R
6V4N_HLN,N:D149F;N:N151A;N:M464L,eval,3e-05,3,N:D149F;N:N151A;N:M464L
6V4N_HLN,N:D149F;N:N151D;N:M464I,eval,3e-05,3,N:D149F;N:N151D;N:M464I
6V4N_HLN,N:D149F;N:N151G;N:N463E,eval,3e-05,3,N:D149F;N:N151G;N:N463E
6V4N_HLN,N:D149F;N:N151G;N:N463K,eval,3e-05,3,N:D149F;N:N151G;N:N463K
6VJA_HLC,WT,both,,0,WT
6VJA_HLC,C:A170F;C:N171R;C:S173M,steer,0.00049,3,C:A170F;C:N171R;C:S173M
6VJA_HLC,C:A170F;C:P172A;C:S173M,steer,0.00049,3,C:A170F;C:P172A;C:S173M
6VJA_HLC,C:A170F;C:P172D;C:S173M,steer,0.00049,3,C:A170F;C:P172D;C:S173M
6VJA_HLC,C:A170F;C:P172Q;C:S173M,steer,0.00049,3,C:A170F;C:P172Q;C:S173M
6VJA_HLC,C:A170N;C:N171R;C:S173M,steer,0.00049,3,C:A170N;C:N171R;C:S173M
6VJA_HLC,C:A170N;C:N171Y;C:S173M,steer,0.00049,3,C:A170N;C:N171Y;C:S173M
6VJA_HLC,C:A170F;C:N171R;C:P172D,eval,7e-05,3,C:A170F;C:N171R;C:P172D
6VJA_HLC,C:A170F;C:N171Y;C:S173G,eval,7e-05,3,C:A170F;C:N171Y;C:S173G
6VJA_HLC,C:A170F;C:N171Y;C:S173Q,eval,7e-05,3,C:A170F;C:N171Y;C:S173Q
6VJA_HLC,C:A170F;C:P172D;C:S173A,eval,7e-05,3,C:A170F;C:P172D;C:S173A
6VJA_HLC,C:A170F;C:P172E;C:S173A,eval,7e-05,3,C:A170F;C:P172E;C:S173A
6VJA_HLC,C:A170F;C:P172E;C:S173G,eval,7e-05,3,C:A170F;C:P172E;C:S173G
6VJA_HLC,C:A170F;C:P172Q;C:N176D,eval,7e-05,3,C:A170F;C:P172Q;C:N176D
6VJA_HLC,C:A170F;C:P172Q;C:S173E,eval,7e-05,3,C:A170F;C:P172Q;C:S173E
6VJA_HLC,C:A170F;C:P172S;C:S173M,eval,7e-05,3,C:A170F;C:P172S;C:S173M
6VJA_HLC,C:A170F;C:S173G,eval,7e-05,2,C:A170F;C:S173G
6VJA_HLC,C:A170F;C:S173G;C:N176D,eval,7e-05,3,C:A170F;C:S173G;C:N176D
6VJA_HLC,C:A170F;C:S173M;C:N176S,eval,7e-05,3,C:A170F;C:S173M;C:N176S
6VJA_HLC,C:A170F;C:S173Q,eval,7e-05,2,C:A170F;C:S173Q
6VJA_HLC,C:A170F;C:S173Q;C:N176D,eval,7e-05,3,C:A170F;C:S173Q;C:N176D
6VJA_HLC,C:A170N;C:N171D;C:P172A,eval,7e-05,3,C:A170N;C:N171D;C:P172A
6VJA_HLC,C:A170N;C:N171D;C:P172Q,eval,7e-05,3,C:A170N;C:N171D;C:P172Q
6VJA_HLC,C:A170N;C:N171D;C:S173A,eval,7e-05,3,C:A170N;C:N171D;C:S173A
6VJA_HLC,C:A170N;C:N171E;C:P172A,eval,7e-05,3,C:A170N;C:N171E;C:P172A
6VJA_HLC,C:A170N;C:N171E;C:P172Q,eval,7e-05,3,C:A170N;C:N171E;C:P172Q
6VJA_HLC,C:A170N;C:N171E;C:S173A,eval,7e-05,3,C:A170N;C:N171E;C:S173A
6VJA_HLC,C:A170N;C:N171I;C:P172A,eval,7e-05,3,C:A170N;C:N171I;C:P172A
6VJA_HLC,C:A170N;C:N171I;C:P172Q,eval,7e-05,3,C:A170N;C:N171I;C:P172Q
6VJA_HLC,C:A170N;C:N171I;C:S173A,eval,7e-05,3,C:A170N;C:N171I;C:S173A
6VJA_HLC,C:A170N;C:N171R,eval,7e-05,2,C:A170N;C:N171R
6VLW_HLG,WT,both,,0,WT
6VLW_HLG,G:D34E;G:D48E;G:D86N,steer,0.00022,3,G:D34E;G:D48E;G:D86N
6VLW_HLG,G:D34E;G:D48G;G:D86N,steer,0.00022,3,G:D34E;G:D48G;G:D86N
6VLW_HLG,G:D34E;G:D48L;G:D86N,steer,0.00022,3,G:D34E;G:D48L;G:D86N
6VLW_HLG,G:D34E;G:D48R;G:D86N,steer,0.00022,3,G:D34E;G:D48R;G:D86N
6VLW_HLG,G:D34E;G:D86N;G:D89N,steer,0.00022,3,G:D34E;G:D86N;G:D89N
6VLW_HLG,G:D34E;G:D86N;G:S88K,steer,0.00022,3,G:D34E;G:D86N;G:S88K
6VLW_HLG,G:D34E,eval,3e-05,1,G:D34E
6VLW_HLG,G:D34E;G:D48E;G:D86S,eval,3e-05,3,G:D34E;G:D48E;G:D86S
6VLW_HLG,G:D34E;G:D48E;G:E49K,eval,3e-05,3,G:D34E;G:D48E;G:E49K
6VLW_HLG,G:D34E;G:D48E;G:K85A,eval,3e-05,3,G:D34E;G:D48E;G:K85A
6VLW_HLG,G:D34E;G:D48G;G:A91T,eval,3e-05,3,G:D34E;G:D48G;G:A91T
6VLW_HLG,G:D34E;G:D48G;G:D89S,eval,3e-05,3,G:D34E;G:D48G;G:D89S
6VLW_HLG,G:D34E;G:D48G;G:K85A,eval,3e-05,3,G:D34E;G:D48G;G:K85A
6VLW_HLG,G:D34E;G:D48L,eval,3e-05,2,G:D34E;G:D48L
6VLW_HLG,G:D34E;G:D48L;G:D89E,eval,3e-05,3,G:D34E;G:D48L;G:D89E
6VLW_HLG,G:D34E;G:D48L;G:E49D,eval,3e-05,3,G:D34E;G:D48L;G:E49D
6VLW_HLG,G:D34E;G:D48L;G:E49K,eval,3e-05,3,G:D34E;G:D48L;G:E49K
6VLW_HLG,G:D34E;G:D48L;G:E49T,eval,3e-05,3,G:D34E;G:D48L;G:E49T
6VLW_HLG,G:D34E;G:D48Q;G:E49R,eval,3e-05,3,G:D34E;G:D48Q;G:E49R
6VLW_HLG,G:D34E;G:D48Q;G:K85R,eval,3e-05,3,G:D34E;G:D48Q;G:K85R
6VLW_HLG,G:D34E;G:D48Q;G:S88R,eval,3e-05,3,G:D34E;G:D48Q;G:S88R
6VLW_HLG,G:D34E;G:D48R,eval,3e-05,2,G:D34E;G:D48R
6VLW_HLG,G:D34E;G:D48R;G:D89E,eval,3e-05,3,G:D34E;G:D48R;G:D89E
6VLW_HLG,G:D34E;G:D48R;G:E49D,eval,3e-05,3,G:D34E;G:D48R;G:E49D
6VLW_HLG,G:D34E;G:D48R;G:E49K,eval,3e-05,3,G:D34E;G:D48R;G:E49K
6VLW_HLG,G:D34E;G:D86E;G:D89N,eval,3e-05,3,G:D34E;G:D86E;G:D89N
6VLW_HLG,G:D34E;G:D86E;G:S88T,eval,3e-05,3,G:D34E;G:D86E;G:S88T
6VLW_HLG,G:D34E;G:D86N;G:A91G,eval,3e-05,3,G:D34E;G:D86N;G:A91G
6VLW_HLG,G:D34E;G:D86N;G:D89Y,eval,3e-05,3,G:D34E;G:D86N;G:D89Y
6VLW_HLG,G:D34E;G:D86S;G:S88K,eval,3e-05,3,G:D34E;G:D86S;G:S88K
6VN1_HLA,WT,both,,0,WT
6VN1_HLA,A:D590A;A:N620D;A:H674D,steer,0.00021,3,A:D590A;A:N620D;A:H674D
6VN1_HLA,A:D590A;A:N620D;A:H674E,steer,0.00021,3,A:D590A;A:N620D;A:H674E
6VN1_HLA,A:D590E;A:N620D;A:H674D,steer,0.00021,3,A:D590E;A:N620D;A:H674D
6VN1_HLA,A:D590E;A:N620D;A:H674E,steer,0.00021,3,A:D590E;A:N620D;A:H674E
6VN1_HLA,A:D590G;A:G623A;A:H674D,steer,0.00021,3,A:D590G;A:G623A;A:H674D
6VN1_HLA,A:D590G;A:G623F;A:H674D,steer,0.00021,3,A:D590G;A:G623F;A:H674D
6VN1_HLA,A:D590A;A:G621F;A:H674A,eval,3e-05,3,A:D590A;A:G621F;A:H674A
6VN1_HLA,A:D590A;A:G623A;A:R669D,eval,3e-05,3,A:D590A;A:G623A;A:R669D
6VN1_HLA,A:D590A;A:G623C;A:H674A,eval,3e-05,3,A:D590A;A:G623C;A:H674A
6VN1_HLA,A:D590A;A:G623D;A:H674A,eval,3e-05,3,A:D590A;A:G623D;A:H674A
6VN1_HLA,A:D590A;A:G623F,eval,3e-05,2,A:D590A;A:G623F
6VN1_HLA,A:D590A;A:H674D;A:D675F,eval,3e-05,3,A:D590A;A:H674D;A:D675F
6VN1_HLA,A:D590A;A:H674F,eval,3e-05,2,A:D590A;A:H674F
6VN1_HLA,A:D590A;A:N597A;A:G623F,eval,3e-05,3,A:D590A;A:N597A;A:G623F
6VN1_HLA,A:D590A;A:N597D,eval,3e-05,2,A:D590A;A:N597D
6VN1_HLA,A:D590A;A:N597D;A:G621D,eval,3e-05,3,A:D590A;A:N597D;A:G621D
6VN1_HLA,A:D590A;A:N597D;A:G621E,eval,3e-05,3,A:D590A;A:N597D;A:G621E
6VN1_HLA,A:D590A;A:N597D;A:G623A,eval,3e-05,3,A:D590A;A:N597D;A:G623A
6VN1_HLA,A:D590A;A:N597D;A:G623E,eval,3e-05,3,A:D590A;A:N597D;A:G623E
6VN1_HLA,A:D590A;A:N597D;A:N620A,eval,3e-05,3,A:D590A;A:N597D;A:N620A
6VN1_HLA,A:D590A;A:N597D;A:N620E,eval,3e-05,3,A:D590A;A:N597D;A:N620E
6VN1_HLA,A:D590A;A:N597D;A:R669A,eval,3e-05,3,A:D590A;A:N597D;A:R669A
6VN1_HLA,A:D590A;A:N597D;A:R669E,eval,3e-05,3,A:D590A;A:N597D;A:R669E
6VN1_HLA,A:D590A;A:N597D;A:R669F,eval,3e-05,3,A:D590A;A:N597D;A:R669F
6VN1_HLA,A:D590A;A:N597D;A:S622D,eval,3e-05,3,A:D590A;A:N597D;A:S622D
6VN1_HLA,A:D590A;A:N597E,eval,3e-05,2,A:D590A;A:N597E
6VN1_HLA,A:D590A;A:N597E;A:H674F,eval,3e-05,3,A:D590A;A:N597E;A:H674F
6VN1_HLA,A:D590A;A:N597F;A:H674A,eval,3e-05,3,A:D590A;A:N597F;A:H674A
6VN1_HLA,A:D590A;A:N597F;A:N620D,eval,3e-05,3,A:D590A;A:N597F;A:N620D
6VN1_HLA,A:D590A;A:N620C;A:H674D,eval,3e-05,3,A:D590A;A:N620C;A:H674D
6VRQ_HLA,WT,both,,0,WT
6VRQ_HLA,A:G31D;A:D99G;A:D100G,steer,0.00154,3,A:G31D;A:D99G;A:D100G
6VRQ_HLA,A:G31D;A:N53Y;A:D100G,steer,0.00154,3,A:G31D;A:N53Y;A:D100G
6VRQ_HLA,A:G31D;A:N53Y;A:D99F,steer,0.00154,3,A:G31D;A:N53Y;A:D99F
6VRQ_HLA,A:G31D;A:N53Y;A:D99G,steer,0.00154,3,A:G31D;A:N53Y;A:D99G
6VRQ_HLA,A:G31D;A:N53Y;A:I75A,steer,0.00154,3,A:G31D;A:N53Y;A:I75A
6VRQ_HLA,A:G31N;A:D99F;A:D100G,steer,0.00154,3,A:G31N;A:D99F;A:D100G
6VRQ_HLA,A:D100A;A:T100AA;A:S100BE,eval,0.00015,3,A:D100A;A:T100AA;A:S100BE
6VRQ_HLA,A:D100A;A:T100AD;A:S100BC,eval,0.00015,3,A:D100A;A:T100AD;A:S100BC
6VRQ_HLA,A:D100A;A:T100AE;A:S100BA,eval,0.00015,3,A:D100A;A:T100AE;A:S100BA
6VRQ_HLA,A:D100A;A:T100AE;A:S100BF,eval,0.00015,3,A:D100A;A:T100AE;A:S100BF
6VRQ_HLA,A:D100A;A:T100AF;A:S100BE,eval,0.00015,3,A:D100A;A:T100AF;A:S100BE
6VRQ_HLA,A:D100C;A:T100AD;A:S100BA,eval,0.00015,3,A:D100C;A:T100AD;A:S100BA
6VRQ_HLA,A:D100C;A:T100AD;A:S100BD,eval,0.00015,3,A:D100C;A:T100AD;A:S100BD
6VRQ_HLA,A:D100E;A:T100AA;A:S100BA,eval,0.00015,3,A:D100E;A:T100AA;A:S100BA
6VRQ_HLA,A:D100E;A:T100AA;A:S100BD,eval,0.00015,3,A:D100E;A:T100AA;A:S100BD
6VRQ_HLA,A:D100E;A:T100AD;A:S100BA,eval,0.00015,3,A:D100E;A:T100AD;A:S100BA
6VRQ_HLA,A:D100E;A:T100AD;A:S100BF,eval,0.00015,3,A:D100E;A:T100AD;A:S100BF
6VRQ_HLA,A:D100E;A:T100AF;A:S100BD,eval,0.00015,3,A:D100E;A:T100AF;A:S100BD
6VRQ_HLA,A:D100F;A:T100AD;A:S100BE,eval,0.00015,3,A:D100F;A:T100AD;A:S100BE
6VRQ_HLA,A:D100F;A:T100AE;A:S100BD,eval,0.00015,3,A:D100F;A:T100AE;A:S100BD
6VRQ_HLA,A:D100G;A:T100AC;A:S100BA,eval,0.00015,3,A:D100G;A:T100AC;A:S100BA
6VRQ_HLA,A:D100G;A:T100AC;A:S100BF,eval,0.00015,3,A:D100G;A:T100AC;A:S100BF
6VRQ_HLA,A:D100G;A:T100AE;A:S100BE,eval,0.00015,3,A:D100G;A:T100AE;A:S100BE
6VRQ_HLA,A:D99A;A:D100A;A:S100BC,eval,0.00015,3,A:D99A;A:D100A;A:S100BC
6VRQ_HLA,A:D99A;A:D100C;A:S100BD,eval,0.00015,3,A:D99A;A:D100C;A:S100BD
6VRQ_HLA,A:D99A;A:D100C;A:T100AA,eval,0.00015,3,A:D99A;A:D100C;A:T100AA
6VRQ_HLA,A:D99A;A:D100C;A:T100AF,eval,0.00015,3,A:D99A;A:D100C;A:T100AF
6VRQ_HLA,A:D99A;A:D100E;A:S100BA,eval,0.00015,3,A:D99A;A:D100E;A:S100BA
6VRQ_HLA,A:D99A;A:D100E;A:S100BF,eval,0.00015,3,A:D99A;A:D100E;A:S100BF
6VRQ_HLA,A:D99A;A:D100E;A:T100AF,eval,0.00015,3,A:D99A;A:D100E;A:T100AF
6VVU_HLA,WT,both,,0,WT
6VVU_HLA,A:A62D;A:Y74N;A:D80E,steer,0.00072,3,A:A62D;A:Y74N;A:D80E
6VVU_HLA,A:A62D;A:Y74N;A:D80G,steer,0.00072,3,A:A62D;A:Y74N;A:D80G
6VVU_HLA,A:A62E;A:Y74N;A:D80A,steer,0.00072,3,A:A62E;A:Y74N;A:D80A
6VVU_HLA,A:A62E;A:Y74N;A:D80E,steer,0.00072,3,A:A62E;A:Y74N;A:D80E
6VVU_HLA,A:A62E;A:Y74N;A:D80G,steer,0.00072,3,A:A62E;A:Y74N;A:D80G
6VVU_HLA,A:A62G;A:Y74N;A:D80A,steer,0.00072,3,A:A62G;A:Y74N;A:D80A
6VVU_HLA,A:A62D;A:D80A;A:L82F,eval,7e-05,3,A:A62D;A:D80A;A:L82F
6VVU_HLA,A:A62D;A:D80A;A:Q81D,eval,7e-05,3,A:A62D;A:D80A;A:Q81D
6VVU_HLA,A:A62D;A:D80E;A:P111A,eval,7e-05,3,A:A62D;A:D80E;A:P111A
6VVU_HLA,A:A62D;A:D80G;A:L82F,eval,7e-05,3,A:A62D;A:D80G;A:L82F
6VVU_HLA,A:A62D;A:D80G;A:P111A,eval,7e-05,3,A:A62D;A:D80G;A:P111A
6VVU_HLA,A:A62D;A:L82A,eval,7e-05,2,A:A62D;A:L82A
6VVU_HLA,A:A62D;A:L82D;A:E110A,eval,7e-05,3,A:A62D;A:L82D;A:E110A
6VVU_HLA,A:A62D;A:Q81A,eval,7e-05,2,A:A62D;A:Q81A
6VVU_HLA,A:A62D;A:Q81A;A:L82E,eval,7e-05,3,A:A62D;A:Q81A;A:L82E
6VVU_HLA,A:A62D;A:Q81D;A:E110A,eval,7e-05,3,A:A62D;A:Q81D;A:E110A
6VVU_HLA,A:A62D;A:Q81E;A:E110F,eval,7e-05,3,A:A62D;A:Q81E;A:E110F
6VVU_HLA,A:A62D;A:Q81E;A:E110G,eval,7e-05,3,A:A62D;A:Q81E;A:E110G
6VVU_HLA,A:A62D;A:Y74F;A:E110F,eval,7e-05,3,A:A62D;A:Y74F;A:E110F
6VVU_HLA,A:A62D;A:Y74F;A:E110G,eval,7e-05,3,A:A62D;A:Y74F;A:E110G
6VVU_HLA,A:A62D;A:Y74F;A:Q81E,eval,7e-05,3,A:A62D;A:Y74F;A:Q81E
6VVU_HLA,A:A62D;A:Y74G;A:L82F,eval,7e-05,3,A:A62D;A:Y74G;A:L82F
6VVU_HLA,A:A62D;A:Y74H;A:L82F,eval,7e-05,3,A:A62D;A:Y74H;A:L82F
6VVU_HLA,A:A62D;A:Y74H;A:Q81D,eval,7e-05,3,A:A62D;A:Y74H;A:Q81D
6VVU_HLA,A:A62D;A:Y74L;A:E110D,eval,7e-05,3,A:A62D;A:Y74L;A:E110D
6VVU_HLA,A:A62D;A:Y74L;A:L82D,eval,7e-05,3,A:A62D;A:Y74L;A:L82D
6VVU_HLA,A:A62D;A:Y74L;A:Q81D,eval,7e-05,3,A:A62D;A:Y74L;A:Q81D
6VVU_HLA,A:A62D;A:Y74N;A:P111A,eval,7e-05,3,A:A62D;A:Y74N;A:P111A
6VVU_HLA,A:A62E;A:D80A;A:L82F,eval,7e-05,3,A:A62E;A:D80A;A:L82F
6VVU_HLA,A:A62E;A:D80E;A:P111A,eval,7e-05,3,A:A62E;A:D80E;A:P111A
6VY5_HLA,WT,both,,0,WT
6VY5_HLA,A:D555E;A:G584D;A:D585G,steer,0.00024,3,A:D555E;A:G584D;A:D585G
6VY5_HLA,A:D555E;A:G584E;A:D585G,steer,0.00024,3,A:D555E;A:G584E;A:D585G
6VY5_HLA,A:D555F;A:G584D;A:D585G,steer,0.00024,3,A:D555F;A:G584D;A:D585G
6VY5_HLA,A:D555F;A:G584E;A:D585G,steer,0.00024,3,A:D555F;A:G584E;A:D585G
6VY5_HLA,A:D555G;A:G584D;A:D585G,steer,0.00024,3,A:D555G;A:G584D;A:D585G
6VY5_HLA,A:D555G;A:G584E;A:D585G,steer,0.00024,3,A:D555G;A:G584E;A:D585G
6VY5_HLA,A:D555A;A:D585A,eval,3e-05,2,A:D555A;A:D585A
6VY5_HLA,A:D555A;A:D585E;A:N586D,eval,3e-05,3,A:D555A;A:D585E;A:N586D
6VY5_HLA,A:D555A;A:D585G;A:N586A,eval,3e-05,3,A:D555A;A:D585G;A:N586A
6VY5_HLA,A:D555A;A:G584A;A:D585F,eval,3e-05,3,A:D555A;A:G584A;A:D585F
6VY5_HLA,A:D555A;A:G584A;A:N586D,eval,3e-05,3,A:D555A;A:G584A;A:N586D
6VY5_HLA,A:D555A;A:G584A;A:N586E,eval,3e-05,3,A:D555A;A:G584A;A:N586E
6VY5_HLA,A:D555A;A:G584D;A:N586A,eval,3e-05,3,A:D555A;A:G584D;A:N586A
6VY5_HLA,A:D555A;A:G584E;A:N586A,eval,3e-05,3,A:D555A;A:G584E;A:N586A
6VY5_HLA,A:D555A;A:N586D,eval,3e-05,2,A:D555A;A:N586D
6VY5_HLA,A:D555A;A:T583A,eval,3e-05,2,A:D555A;A:T583A
6VY5_HLA,A:D555A;A:T583A;A:D585E,eval,3e-05,3,A:D555A;A:T583A;A:D585E
6VY5_HLA,A:D555A;A:T583D;A:D585F,eval,3e-05,3,A:D555A;A:T583D;A:D585F
6VY5_HLA,A:D555A;A:T583D;A:N586D,eval,3e-05,3,A:D555A;A:T583D;A:N586D
6VY5_HLA,A:D555A;A:T583D;A:N586E,eval,3e-05,3,A:D555A;A:T583D;A:N586E
6VY5_HLA,A:D555A;A:T583E;A:D585A,eval,3e-05,3,A:D555A;A:T583E;A:D585A
6VY5_HLA,A:D555A;A:T583E;A:N586D,eval,3e-05,3,A:D555A;A:T583E;A:N586D
6VY5_HLA,A:D555A;A:T583F,eval,3e-05,2,A:D555A;A:T583F
6VY5_HLA,A:D555A;A:T583F;A:D585E,eval,3e-05,3,A:D555A;A:T583F;A:D585E
6VY5_HLA,A:D555A;A:T583F;A:G584A,eval,3e-05,3,A:D555A;A:T583F;A:G584A
6VY5_HLA,A:D555C;A:D585G,eval,3e-05,2,A:D555C;A:D585G
6VY5_HLA,A:D555C;A:G584D,eval,3e-05,2,A:D555C;A:G584D
6VY5_HLA,A:D555C;A:G584D;A:D585E,eval,3e-05,3,A:D555C;A:G584D;A:D585E
6VY5_HLA,A:D555C;A:G584E,eval,3e-05,2,A:D555C;A:G584E
6VY5_HLA,A:D555C;A:G584E;A:D585E,eval,3e-05,3,A:D555C;A:G584E;A:D585E
6WIT_HLI,WT,both,,0,WT
6WIT_HLI,I:E153D;I:L184C;I:R186BC,steer,0.00028,3,I:E153D;I:L184C;I:R186BC
6WIT_HLI,I:E153G;I:L184C;I:R186BC,steer,0.00028,3,I:E153G;I:L184C;I:R186BC
6WIT_HLI,I:E185D;I:E186AC;I:R186BC,steer,0.00028,3,I:E185D;I:E186AC;I:R186BC
6WIT_HLI,I:E185D;I:E186AD;I:R186BC,steer,0.00028,3,I:E185D;I:E186AD;I:R186BC
6WIT_HLI,I:E185D;I:E186C;I:R186BC,steer,0.00028,3,I:E185D;I:E186C;I:R186BC
6WIT_HLI,I:E185D;I:R186BC;I:D229A,steer,0.00028,3,I:E185D;I:R186BC;I:D229A
6WIT_HLI,I:D229A,eval,3e-05,1,I:D229A
6WIT_HLI,I:D229A;I:K233D,eval,3e-05,2,I:D229A;I:K233D
6WIT_HLI,I:D229A;I:K233E,eval,3e-05,2,I:D229A;I:K233E
6WIT_HLI,I:D229E;I:K233A,eval,3e-05,2,I:D229E;I:K233A
6WIT_HLI,I:D229E;I:K233C,eval,3e-05,2,I:D229E;I:K233C
6WIT_HLI,I:D229G,eval,3e-05,1,I:D229G
6WIT_HLI,I:D229G;I:K233A,eval,3e-05,2,I:D229G;I:K233A
6WIT_HLI,I:D229G;I:K233D,eval,3e-05,2,I:D229G;I:K233D
6WIT_HLI,I:D229G;I:K233E,eval,3e-05,2,I:D229G;I:K233E
6WIT_HLI,I:E153A;I:E186AG;I:R186BC,eval,3e-05,3,I:E153A;I:E186AG;I:R186BC
6WIT_HLI,I:E153A;I:L184C;I:D229E,eval,3e-05,3,I:E153A;I:L184C;I:D229E
6WIT_HLI,I:E153A;I:L184C;I:D229G,eval,3e-05,3,I:E153A;I:L184C;I:D229G
6WIT_HLI,I:E153A;I:L184C;I:E185D,eval,3e-05,3,I:E153A;I:L184C;I:E185D
6WIT_HLI,I:E153A;I:L184C;I:E186AC,eval,3e-05,3,I:E153A;I:L184C;I:E186AC
6WIT_HLI,I:E153A;I:L184C;I:E186AD,eval,3e-05,3,I:E153A;I:L184C;I:E186AD
6WIT_HLI,I:E153A;I:L184C;I:G186DD,eval,3e-05,3,I:E153A;I:L184C;I:G186DD
6WIT_HLI,I:E153A;I:L184C;I:G186DE,eval,3e-05,3,I:E153A;I:L184C;I:G186DE
6WIT_HLI,I:E153A;I:L184C;I:K186CC,eval,3e-05,3,I:E153A;I:L184C;I:K186CC
6WIT_HLI,I:E153A;I:L184C;I:R186BD,eval,3e-05,3,I:E153A;I:L184C;I:R186BD
6WIT_HLI,I:E153A;I:L184C;I:R186BF,eval,3e-05,3,I:E153A;I:L184C;I:R186BF
6WIT_HLI,I:E153A;I:L184C;I:T200A,eval,3e-05,3,I:E153A;I:L184C;I:T200A
6WIT_HLI,I:E153A;I:L184C;I:T200E,eval,3e-05,3,I:E153A;I:L184C;I:T200E
6WIT_HLI,I:E153A;I:L184C;I:T200F,eval,3e-05,3,I:E153A;I:L184C;I:T200F
6WIT_HLI,I:E153A;I:L184E;I:R186BC,eval,3e-05,3,I:E153A;I:L184E;I:R186BC
6WMW_HLB,WT,both,,0,WT
6WMW_HLB,B:K264A;B:R294S;B:T295G,steer,0.00034,3,B:K264A;B:R294S;B:T295G
6WMW_HLB,B:K264A;B:T295G;B:H312N,steer,0.00034,3,B:K264A;B:T295G;B:H312N
6WMW_HLB,B:K264A;B:T295G;B:K314S,steer,0.00034,3,B:K264A;B:T295G;B:K314S
6WMW_HLB,B:K264A;B:T295G;B:Q298E,steer,0.00034,3,B:K264A;B:T295G;B:Q298E
6WMW_HLB,B:K264A;B:T295G;B:Q298L,steer,0.00034,3,B:K264A;B:T295G;B:Q298L
6WMW_HLB,B:K264A;B:T295G;B:Q298V,steer,0.00034,3,B:K264A;B:T295G;B:Q298V
6WMW_HLB,B:H312F;B:K314S,eval,6e-05,2,B:H312F;B:K314S
6WMW_HLB,B:H312N;B:K314E,eval,6e-05,2,B:H312N;B:K314E
6WMW_HLB,B:K264A;B:H312D;B:K314S,eval,6e-05,3,B:K264A;B:H312D;B:K314S
6WMW_HLB,B:K264A;B:H312S;B:K314E,eval,6e-05,3,B:K264A;B:H312S;B:K314E
6WMW_HLB,B:K264A;B:K314S,eval,6e-05,2,B:K264A;B:K314S
6WMW_HLB,B:K264A;B:Q298E;B:H312Y,eval,6e-05,3,B:K264A;B:Q298E;B:H312Y
6WMW_HLB,B:K264A;B:Q298E;B:K314Q,eval,6e-05,3,B:K264A;B:Q298E;B:K314Q
6WMW_HLB,B:K264A;B:Q298E;B:K314R,eval,6e-05,3,B:K264A;B:Q298E;B:K314R
6WMW_HLB,B:K264A;B:Q298E;B:S299Q,eval,6e-05,3,B:K264A;B:Q298E;B:S299Q
6WMW_HLB,B:K264A;B:Q298I,eval,6e-05,2,B:K264A;B:Q298I
6WMW_HLB,B:K264A;B:Q298I;B:S299E,eval,6e-05,3,B:K264A;B:Q298I;B:S299E
6WMW_HLB,B:K264A;B:Q298L,eval,6e-05,2,B:K264A;B:Q298L
6WMW_HLB,B:K264A;B:Q298L;B:S299E,eval,6e-05,3,B:K264A;B:Q298L;B:S299E
6WMW_HLB,B:K264A;B:Q298V;B:H312Y,eval,6e-05,3,B:K264A;B:Q298V;B:H312Y
6WMW_HLB,B:K264A;B:R294A;B:H312N,eval,6e-05,3,B:K264A;B:R294A;B:H312N
6WMW_HLB,B:K264A;B:R294A;B:Q298E,eval,6e-05,3,B:K264A;B:R294A;B:Q298E
6WMW_HLB,B:K264A;B:R294A;B:Q298V,eval,6e-05,3,B:K264A;B:R294A;B:Q298V
6WMW_HLB,B:K264A;B:R294A;B:T297S,eval,6e-05,3,B:K264A;B:R294A;B:T297S
6WMW_HLB,B:K264A;B:R294F;B:T295G,eval,6e-05,3,B:K264A;B:R294F;B:T295G
6WMW_HLB,B:K264A;B:R294H;B:H312S,eval,6e-05,3,B:K264A;B:R294H;B:H312S
6WMW_HLB,B:K264A;B:R294H;B:T297G,eval,6e-05,3,B:K264A;B:R294H;B:T297G
6WMW_HLB,B:K264A;B:R294H;B:T297P,eval,6e-05,3,B:K264A;B:R294H;B:T297P
6WMW_HLB,B:K264A;B:R294S,eval,6e-05,2,B:K264A;B:R294S
6WMW_HLB,B:K264A;B:R294S;B:H312D,eval,6e-05,3,B:K264A;B:R294S;B:H312D
6WO3_HLE,WT,both,,0,WT
6WO3_HLE,E:L433A;E:Q434N;E:T439A,steer,0.00053,3,E:L433A;E:Q434N;E:T439A
6WO3_HLE,E:L433A;E:Q434S;E:T439S,steer,0.00053,3,E:L433A;E:Q434S;E:T439S
6WO3_HLE,E:L433A;E:T439S;E:Y443N,steer,0.00053,3,E:L433A;E:T439S;E:Y443N
6WO3_HLE,E:L433G;E:Q434N;E:T439A,steer,0.00053,3,E:L433G;E:Q434N;E:T439A
6WO3_HLE,E:L433G;E:Q434N;E:T439S,steer,0.00053,3,E:L433G;E:Q434N;E:T439S
6WO3_HLE,E:L433G;E:Q434S;E:T439S,steer,0.00053,3,E:L433G;E:Q434S;E:T439S
6WO3_HLE,E:F442I;E:Y443N;E:A444N,eval,0.00014,3,E:F442I;E:Y443N;E:A444N
6WO3_HLE,E:F442I;E:Y443R;E:A444S,eval,0.00014,3,E:F442I;E:Y443R;E:A444S
6WO3_HLE,E:F442L;E:Y443F;E:A444D,eval,0.00014,3,E:F442L;E:Y443F;E:A444D
6WO3_HLE,E:F442L;E:Y443F;E:A444T,eval,0.00014,3,E:F442L;E:Y443F;E:A444T
6WO3_HLE,E:F442L;E:Y443H;E:A444D,eval,0.00014,3,E:F442L;E:Y443H;E:A444D
6WO3_HLE,E:F442L;E:Y443H;E:A444T,eval,0.00014,3,E:F442L;E:Y443H;E:A444T
6WO3_HLE,E:F442L;E:Y443K;E:A444S,eval,0.00014,3,E:F442L;E:Y443K;E:A444S
6WO3_HLE,E:F442L;E:Y443R;E:A444E,eval,0.00014,3,E:F442L;E:Y443R;E:A444E
6WO3_HLE,E:F442M;E:Y443K;E:A444D,eval,0.00014,3,E:F442M;E:Y443K;E:A444D
6WO3_HLE,E:F442M;E:Y443K;E:A444T,eval,0.00014,3,E:F442M;E:Y443K;E:A444T
6WO3_HLE,E:F442R;E:Y443F;E:A444S,eval,0.00014,3,E:F442R;E:Y443F;E:A444S
6WO3_HLE,E:F442R;E:Y443H;E:A444S,eval,0.00014,3,E:F442R;E:Y443H;E:A444S
6WO3_HLE,E:F442R;E:Y443K;E:A444N,eval,0.00014,3,E:F442R;E:Y443K;E:A444N
6WO3_HLE,E:F442Y;E:Y443F;E:A444S,eval,0.00014,3,E:F442Y;E:Y443F;E:A444S
6WO3_HLE,E:F442Y;E:Y443K;E:A444E,eval,0.00014,3,E:F442Y;E:Y443K;E:A444E
6WO3_HLE,E:F442Y;E:Y443R;E:A444N,eval,0.00014,3,E:F442Y;E:Y443R;E:A444N
6WO3_HLE,E:G436D;E:T439A;E:F442R,eval,0.00014,3,E:G436D;E:T439A;E:F442R
6WO3_HLE,E:G436D;E:T439S;E:A444D,eval,0.00014,3,E:G436D;E:T439S;E:A444D
6WO3_HLE,E:G436D;E:T439S;E:F442L,eval,0.00014,3,E:G436D;E:T439S;E:F442L
6WO3_HLE,E:G436D;E:T439S;E:Y443F,eval,0.00014,3,E:G436D;E:T439S;E:Y443F
6WO3_HLE,E:G436N;E:F442R;E:Y443N,eval,0.00014,3,E:G436N;E:F442R;E:Y443N
6WO3_HLE,E:G436N;E:T439A;E:F442R,eval,0.00014,3,E:G436N;E:T439A;E:F442R
6WO3_HLE,E:G436N;E:T439A;E:Y443K,eval,0.00014,3,E:G436N;E:T439A;E:Y443K
6WO3_HLE,E:G436N;E:T439S;E:A444D,eval,0.00014,3,E:G436N;E:T439S;E:A444D
6WVZ_HLM,WT,both,,0,WT
6WVZ_HLM,M:D100N;M:E167S;M:E168D,steer,0.00012,3,M:D100N;M:E167S;M:E168D
6WVZ_HLM,M:D100N;M:E167S;M:P169S,steer,0.00012,3,M:D100N;M:E167S;M:P169S
6WVZ_HLM,M:D100N;M:E168D;M:E221D,steer,0.00012,3,M:D100N;M:E168D;M:E221D
6WVZ_HLM,M:D100N;M:E168D;M:P169S,steer,0.00012,3,M:D100N;M:E168D;M:P169S
6WVZ_HLM,M:D100N;M:E168D;M:P169T,steer,0.00012,3,M:D100N;M:E168D;M:P169T
6WVZ_HLM,M:D100N;M:E168D;M:Q171L,steer,0.00012,3,M:D100N;M:E168D;M:Q171L
6WVZ_HLM,M:D100A;M:E167S;M:E168N,eval,2e-05,3,M:D100A;M:E167S;M:E168N
6WVZ_HLM,M:D100A;M:E167T;M:E168D,eval,2e-05,3,M:D100A;M:E167T;M:E168D
6WVZ_HLM,M:D100A;M:E167T;M:P169S,eval,2e-05,3,M:D100A;M:E167T;M:P169S
6WVZ_HLM,M:D100A;M:E168D,eval,2e-05,2,M:D100A;M:E168D
6WVZ_HLM,M:D100A;M:E168D;M:E221T,eval,2e-05,3,M:D100A;M:E168D;M:E221T
6WVZ_HLM,M:D100A;M:E168D;M:K223N,eval,2e-05,3,M:D100A;M:E168D;M:K223N
6WVZ_HLM,M:D100A;M:E168D;M:P169R,eval,2e-05,3,M:D100A;M:E168D;M:P169R
6WVZ_HLM,M:D100A;M:E168D;M:Q171I,eval,2e-05,3,M:D100A;M:E168D;M:Q171I
6WVZ_HLM,M:D100A;M:E168D;M:T222D,eval,2e-05,3,M:D100A;M:E168D;M:T222D
6WVZ_HLM,M:D100A;M:E168D;M:T222E,eval,2e-05,3,M:D100A;M:E168D;M:T222E
6WVZ_HLM,M:D100A;M:E168D;M:T222N,eval,2e-05,3,M:D100A;M:E168D;M:T222N
6WVZ_HLM,M:D100A;M:E168K;M:P169S,eval,2e-05,3,M:D100A;M:E168K;M:P169S
6WVZ_HLM,M:D100A;M:E168N;M:E221D,eval,2e-05,3,M:D100A;M:E168N;M:E221D
6WVZ_HLM,M:D100A;M:E168N;M:P169T,eval,2e-05,3,M:D100A;M:E168N;M:P169T
6WVZ_HLM,M:D100A;M:E168N;M:Q171L,eval,2e-05,3,M:D100A;M:E168N;M:Q171L
6WVZ_HLM,M:D100A;M:E168N;M:Q171T,eval,2e-05,3,M:D100A;M:E168N;M:Q171T
6WVZ_HLM,M:D100A;M:E168N;M:T222S,eval,2e-05,3,M:D100A;M:E168N;M:T222S
6WVZ_HLM,M:D100A;M:I166L;M:E168K,eval,2e-05,3,M:D100A;M:I166L;M:E168K
6WVZ_HLM,M:D100A;M:I166L;M:E221S,eval,2e-05,3,M:D100A;M:I166L;M:E221S
6WVZ_HLM,M:D100A;M:I166L;M:P169K,eval,2e-05,3,M:D100A;M:I166L;M:P169K
6WVZ_HLM,M:D100A;M:I166L;M:Q171K,eval,2e-05,3,M:D100A;M:I166L;M:Q171K
6WVZ_HLM,M:D100A;M:I166L;M:Q171V,eval,2e-05,3,M:D100A;M:I166L;M:Q171V
6WVZ_HLM,M:D100A;M:I166L;M:T222D,eval,2e-05,3,M:D100A;M:I166L;M:T222D
6WVZ_HLM,M:D100A;M:I166L;M:T222E,eval,2e-05,3,M:D100A;M:I166L;M:T222E
6XQW_HLE,WT,both,,0,WT
6XQW_HLE,E:D23N;E:E24G;E:R25S,steer,0.00024,3,E:D23N;E:E24G;E:R25S
6XQW_HLE,E:E24G;E:R25K;E:D39E,steer,0.00024,3,E:E24G;E:R25K;E:D39E
6XQW_HLE,E:E24G;E:R25K;E:D39G,steer,0.00024,3,E:E24G;E:R25K;E:D39G
6XQW_HLE,E:E24G;E:R25K;E:D39N,steer,0.00024,3,E:E24G;E:R25K;E:D39N
6XQW_HLE,E:E24G;E:R25S;E:D39E,steer,0.00024,3,E:E24G;E:R25S;E:D39E
6XQW_HLE,E:E24G;E:R25S;E:D39S,steer,0.00024,3,E:E24G;E:R25S;E:D39S
6XQW_HLE,E:D23E;E:E24G,eval,4e-05,2,E:D23E;E:E24G
6XQW_HLE,E:D23E;E:E24G;E:D39E,eval,4e-05,3,E:D23E;E:E24G;E:D39E
6XQW_HLE,E:D23E;E:E24G;E:D39G,eval,4e-05,3,E:D23E;E:E24G;E:D39G
6XQW_HLE,E:D23E;E:E24G;E:D39N,eval,4e-05,3,E:D23E;E:E24G;E:D39N
6XQW_HLE,E:D23E;E:E24G;E:R25N,eval,4e-05,3,E:D23E;E:E24G;E:R25N
6XQW_HLE,E:D23E;E:E24G;E:R25V,eval,4e-05,3,E:D23E;E:E24G;E:R25V
6XQW_HLE,E:D23E;E:E24N;E:R25S,eval,4e-05,3,E:D23E;E:E24N;E:R25S
6XQW_HLE,E:D23G;E:E24G,eval,4e-05,2,E:D23G;E:E24G
6XQW_HLE,E:D23G;E:E24G;E:D39E,eval,4e-05,3,E:D23G;E:E24G;E:D39E
6XQW_HLE,E:D23G;E:E24G;E:D39G,eval,4e-05,3,E:D23G;E:E24G;E:D39G
6XQW_HLE,E:D23G;E:E24G;E:D39N,eval,4e-05,3,E:D23G;E:E24G;E:D39N
6XQW_HLE,E:D23G;E:E24G;E:R25N,eval,4e-05,3,E:D23G;E:E24G;E:R25N
6XQW_HLE,E:D23G;E:E24G;E:R25V,eval,4e-05,3,E:D23G;E:E24G;E:R25V
6XQW_HLE,E:D23G;E:E24N;E:R25S,eval,4e-05,3,E:D23G;E:E24N;E:R25S
6XQW_HLE,E:D23N;E:E24H;E:R25T,eval,4e-05,3,E:D23N;E:E24H;E:R25T
6XQW_HLE,E:D23N;E:R25S,eval,4e-05,2,E:D23N;E:R25S
6XQW_HLE,E:D23N;E:R25S;E:D39S,eval,4e-05,3,E:D23N;E:R25S;E:D39S
6XQW_HLE,E:D23N;E:R25S;E:D39T,eval,4e-05,3,E:D23N;E:R25S;E:D39T
6XQW_HLE,E:D23S;E:E24G,eval,4e-05,2,E:D23S;E:E24G
6XQW_HLE,E:D23S;E:E24G;E:D39E,eval,4e-05,3,E:D23S;E:E24G;E:D39E
6XQW_HLE,E:D23S;E:E24G;E:D39S,eval,4e-05,3,E:D23S;E:E24G;E:D39S
6XQW_HLE,E:D23S;E:E24G;E:D39T,eval,4e-05,3,E:D23S;E:E24G;E:D39T
6XQW_HLE,E:D23S;E:E24G;E:R25N,eval,4e-05,3,E:D23S;E:E24G;E:R25N
6XQW_HLE,E:D23S;E:E24G;E:R25V,eval,4e-05,3,E:D23S;E:E24G;E:R25V
6Z06_HLA,WT,both,,0,WT
6Z06_HLA,A:F850H;A:A945G,steer,0.00021,2,A:F850H;A:A945G
6Z06_HLA,A:F850H;A:K870N,steer,0.00021,2,A:F850H;A:K870N
6Z06_HLA,A:F850H;A:K870T,steer,0.00021,2,A:F850H;A:K870T
6Z06_HLA,A:F850H;A:Q871E,steer,0.00021,2,A:F850H;A:Q871E
6Z06_HLA,A:F850H;A:Q871N,steer,0.00021,2,A:F850H;A:Q871N
6Z06_HLA,A:F850H;A:Q871S;A:A945D,steer,0.00021,3,A:F850H;A:Q871S;A:A945D
6Z06_HLA,A:A945S,eval,4e-05,1,A:A945S
6Z06_HLA,A:F850H;A:K870S;A:Q871G,eval,4e-05,3,A:F850H;A:K870S;A:Q871G
6Z06_HLA,A:F850H;A:K870S;A:Q871S,eval,4e-05,3,A:F850H;A:K870S;A:Q871S
6Z06_HLA,A:F850H;A:Q871D;A:V890S,eval,4e-05,3,A:F850H;A:Q871D;A:V890S
6Z06_HLA,A:F850H;A:Q871G;A:A945S,eval,4e-05,3,A:F850H;A:Q871G;A:A945S
6Z06_HLA,A:F850H;A:Q871G;A:T874S,eval,4e-05,3,A:F850H;A:Q871G;A:T874S
6Z06_HLA,A:F850H;A:Q871G;A:V890T,eval,4e-05,3,A:F850H;A:Q871G;A:V890T
6Z06_HLA,A:F850H;A:Q871S;A:A945S,eval,4e-05,3,A:F850H;A:Q871S;A:A945S
6Z06_HLA,A:F850H;A:Q871S;A:V890S,eval,4e-05,3,A:F850H;A:Q871S;A:V890S
6Z06_HLA,A:F850I;A:A945G,eval,4e-05,2,A:F850I;A:A945G
6Z06_HLA,A:F850I;A:K870N,eval,4e-05,2,A:F850I;A:K870N
6Z06_HLA,A:F850I;A:K870N;A:T874E,eval,4e-05,3,A:F850I;A:K870N;A:T874E
6Z06_HLA,A:F850I;A:K870N;A:T876G,eval,4e-05,3,A:F850I;A:K870N;A:T876G
6Z06_HLA,A:F850I;A:K870Q;A:Q871E,eval,4e-05,3,A:F850I;A:K870Q;A:Q871E
6Z06_HLA,A:F850I;A:K870Q;A:T874S,eval,4e-05,3,A:F850I;A:K870Q;A:T874S
6Z06_HLA,A:F850I;A:K870Q;A:V890T,eval,4e-05,3,A:F850I;A:K870Q;A:V890T
6Z06_HLA,A:F850I;A:K870R;A:A945S,eval,4e-05,3,A:F850I;A:K870R;A:A945S
6Z06_HLA,A:F850I;A:K870R;A:Q871D,eval,4e-05,3,A:F850I;A:K870R;A:Q871D
6Z06_HLA,A:F850I;A:K870R;A:V890S,eval,4e-05,3,A:F850I;A:K870R;A:V890S
6Z06_HLA,A:F850I;A:K870S;A:A945D,eval,4e-05,3,A:F850I;A:K870S;A:A945D
6Z06_HLA,A:F850I;A:K870S;A:A945E,eval,4e-05,3,A:F850I;A:K870S;A:A945E
6Z06_HLA,A:F850I;A:K870S;A:A945N,eval,4e-05,3,A:F850I;A:K870S;A:A945N
6Z06_HLA,A:F850I;A:K870S;A:T874A,eval,4e-05,3,A:F850I;A:K870S;A:T874A
6Z06_HLA,A:F850I;A:K870S;A:T874Q,eval,4e-05,3,A:F850I;A:K870S;A:T874Q
7A6O_BA,WT,both,,0,WT
7A6O_BA,A:E1264D;A:H1268S;A:K1312D,steer,0.0004,3,A:E1264D;A:H1268S;A:K1312D
7A6O_BA,A:E1264D;A:H1268T;A:K1312D,steer,0.0004,3,A:E1264D;A:H1268T;A:K1312D
7A6O_BA,A:E1264G;A:H1268S;A:K1312D,steer,0.0004,3,A:E1264G;A:H1268S;A:K1312D
7A6O_BA,A:E1264G;A:H1268T;A:K1312D,steer,0.0004,3,A:E1264G;A:H1268T;A:K1312D
7A6O_BA,A:E1264Q;A:H1268S;A:A1464P,steer,0.0004,3,A:E1264Q;A:H1268S;A:A1464P
7A6O_BA,A:E1264Q;A:H1268T;A:K1312D,steer,0.0004,3,A:E1264Q;A:H1268T;A:K1312D
7A6O_BA,A:A1464D;A:P1465S;A:P1466R,eval,5e-05,3,A:A1464D;A:P1465S;A:P1466R
7A6O_BA,A:A1464D;A:P1466E,eval,5e-05,2,A:A1464D;A:P1466E
7A6O_BA,A:A1464N;A:P1466R,eval,5e-05,2,A:A1464N;A:P1466R
7A6O_BA,A:A1464P;A:P1465L;A:P1466E,eval,5e-05,3,A:A1464P;A:P1465L;A:P1466E
7A6O_BA,A:A1464P;A:P1465L;A:P1466S,eval,5e-05,3,A:A1464P;A:P1465L;A:P1466S
7A6O_BA,A:A1464P;A:P1465T;A:P1466L,eval,5e-05,3,A:A1464P;A:P1465T;A:P1466L
7A6O_BA,A:A1464P;A:P1465V;A:P1466E,eval,5e-05,3,A:A1464P;A:P1465V;A:P1466E
7A6O_BA,A:A1464P;A:P1465V;A:P1466G,eval,5e-05,3,A:A1464P;A:P1465V;A:P1466G
7A6O_BA,A:A1464R;A:P1465A;A:P1466R,eval,5e-05,3,A:A1464R;A:P1465A;A:P1466R
7A6O_BA,A:A1464R;A:P1465S;A:P1466R,eval,5e-05,3,A:A1464R;A:P1465S;A:P1466R
7A6O_BA,A:A1464R;A:P1466S,eval,5e-05,2,A:A1464R;A:P1466S
7A6O_BA,A:D1269E;A:A1464P;A:P1465A,eval,5e-05,3,A:D1269E;A:A1464P;A:P1465A
7A6O_BA,A:D1269E;A:A1464P;A:P1466E,eval,5e-05,3,A:D1269E;A:A1464P;A:P1466E
7A6O_BA,A:D1269E;A:A1464P;A:P1466G,eval,5e-05,3,A:D1269E;A:A1464P;A:P1466G
7A6O_BA,A:D1269E;A:E1463T;A:A1464P,eval,5e-05,3,A:D1269E;A:E1463T;A:A1464P
7A6O_BA,A:D1269E;A:F1270L;A:K1312D,eval,5e-05,3,A:D1269E;A:F1270L;A:K1312D
7A6O_BA,A:D1269E;A:K1312D;A:P1465L,eval,5e-05,3,A:D1269E;A:K1312D;A:P1465L
7A6O_BA,A:D1269E;A:K1312E;A:P1466R,eval,5e-05,3,A:D1269E;A:K1312E;A:P1466R
7A6O_BA,A:D1269N;A:K1312D,eval,5e-05,2,A:D1269N;A:K1312D
7A6O_BA,A:D1269N;A:K1312D;A:P1466S,eval,5e-05,3,A:D1269N;A:K1312D;A:P1466S
7A6O_BA,A:D1269Q;A:K1312D;A:A1464P,eval,5e-05,3,A:D1269Q;A:K1312D;A:A1464P
7A6O_BA,A:D1269S;A:K1312D;A:A1464D,eval,5e-05,3,A:D1269S;A:K1312D;A:A1464D
7A6O_BA,A:D1269S;A:K1312D;A:P1465A,eval,5e-05,3,A:D1269S;A:K1312D;A:P1465A
7A6O_BA,A:D1269S;A:K1312D;A:P1465S,eval,5e-05,3,A:D1269S;A:K1312D;A:P1465S
7AMS_HLB,WT,both,,0,WT
7AMS_HLB,B:D117A;B:D222E;B:A229G,steer,0.00036,3,B:D117A;B:D222E;B:A229G
7AMS_HLB,B:D117A;B:D222E;B:A229S,steer,0.00036,3,B:D117A;B:D222E;B:A229S
7AMS_HLB,B:D117A;B:D222G;B:A229G,steer,0.00036,3,B:D117A;B:D222G;B:A229G
7AMS_HLB,B:D117A;B:D222G;B:A229S,steer,0.00036,3,B:D117A;B:D222G;B:A229S
7AMS_HLB,B:D117A;B:E223D;B:A229G,steer,0.00036,3,B:D117A;B:E223D;B:A229G
7AMS_HLB,B:D117A;B:L184K;B:A229G,steer,0.00036,3,B:D117A;B:L184K;B:A229G
7AMS_HLB,B:D117A;B:D186E;B:E223D,eval,4e-05,3,B:D117A;B:D186E;B:E223D
7AMS_HLB,B:D117A;B:D186E;B:Q226F,eval,4e-05,3,B:D117A;B:D186E;B:Q226F
7AMS_HLB,B:D117A;B:D186E;B:Q226P,eval,4e-05,3,B:D117A;B:D186E;B:Q226P
7AMS_HLB,B:D117A;B:D186E;B:R228T,eval,4e-05,3,B:D117A;B:D186E;B:R228T
7AMS_HLB,B:D117A;B:D186G;B:E223D,eval,4e-05,3,B:D117A;B:D186G;B:E223D
7AMS_HLB,B:D117A;B:D186G;B:Q226F,eval,4e-05,3,B:D117A;B:D186G;B:Q226F
7AMS_HLB,B:D117A;B:D186G;B:Q226P,eval,4e-05,3,B:D117A;B:D186G;B:Q226P
7AMS_HLB,B:D117A;B:D186G;B:Q226S,eval,4e-05,3,B:D117A;B:D186G;B:Q226S
7AMS_HLB,B:D117A;B:D186G;B:R228T,eval,4e-05,3,B:D117A;B:D186G;B:R228T
7AMS_HLB,B:D117A;B:D222A;B:T225E,eval,4e-05,3,B:D117A;B:D222A;B:T225E
7AMS_HLB,B:D117A;B:D222A;B:T225S,eval,4e-05,3,B:D117A;B:D222A;B:T225S
7AMS_HLB,B:D117A;B:D222E;B:A229M,eval,4e-05,3,B:D117A;B:D222E;B:A229M
7AMS_HLB,B:D117A;B:D222E;B:D227Y,eval,4e-05,3,B:D117A;B:D222E;B:D227Y
7AMS_HLB,B:D117A;B:D222E;B:E223G,eval,4e-05,3,B:D117A;B:D222E;B:E223G
7AMS_HLB,B:D117A;B:D222E;B:W224E,eval,4e-05,3,B:D117A;B:D222E;B:W224E
7AMS_HLB,B:D117A;B:D222F;B:A229S,eval,4e-05,3,B:D117A;B:D222F;B:A229S
7AMS_HLB,B:D117A;B:D222G;B:A229M,eval,4e-05,3,B:D117A;B:D222G;B:A229M
7AMS_HLB,B:D117A;B:D222G;B:D227Y,eval,4e-05,3,B:D117A;B:D222G;B:D227Y
7AMS_HLB,B:D117A;B:D222G;B:E223G,eval,4e-05,3,B:D117A;B:D222G;B:E223G
7AMS_HLB,B:D117A;B:D222G;B:W224E,eval,4e-05,3,B:D117A;B:D222G;B:W224E
7AMS_HLB,B:D117A;B:D227H;B:R228T,eval,4e-05,3,B:D117A;B:D227H;B:R228T
7AMS_HLB,B:D117A;B:D227N;B:R228T,eval,4e-05,3,B:D117A;B:D227N;B:R228T
7AMS_HLB,B:D117A;B:D227Y;B:A229E,eval,4e-05,3,B:D117A;B:D227Y;B:A229E
7AMS_HLB,B:D117A;B:E223A;B:A229Q,eval,4e-05,3,B:D117A;B:E223A;B:A229Q
7B5G_DC,WT,both,,0,WT
7B5G_DC,C:D138E;C:R182S;C:Q183T,steer,0.0003,3,C:D138E;C:R182S;C:Q183T
7B5G_DC,C:E73A;C:E74A;C:L88I,steer,0.0003,3,C:E73A;C:E74A;C:L88I
7B5G_DC,C:E73A;C:E74A;C:Q91E,steer,0.0003,3,C:E73A;C:E74A;C:Q91E
7B5G_DC,C:E73A;C:E74G;C:L88I,steer,0.0003,3,C:E73A;C:E74G;C:L88I
7B5G_DC,C:E73A;C:E74G;C:Q91E,steer,0.0003,3,C:E73A;C:E74G;C:Q91E
7B5G_DC,C:E73A;C:E74S;C:L88I,steer,0.0003,3,C:E73A;C:E74S;C:L88I
7B5G_DC,C:A83Q;C:L88I;C:Q92E,eval,6e-05,3,C:A83Q;C:L88I;C:Q92E
7B5G_DC,C:A83Q;C:L88I;C:R182S,eval,6e-05,3,C:A83Q;C:L88I;C:R182S
7B5G_DC,C:A83Q;C:Q91E;C:Q92E,eval,6e-05,3,C:A83Q;C:Q91E;C:Q92E
7B5G_DC,C:A83Q;C:Q91E;C:R182N,eval,6e-05,3,C:A83Q;C:Q91E;C:R182N
7B5G_DC,C:A83Q;C:Q91E;C:R182S,eval,6e-05,3,C:A83Q;C:Q91E;C:R182S
7B5G_DC,C:A83T;C:L88I,eval,6e-05,2,C:A83T;C:L88I
7B5G_DC,C:A83T;C:L88I;C:Q161S,eval,6e-05,3,C:A83T;C:L88I;C:Q161S
7B5G_DC,C:A83T;C:L88I;C:Q91A,eval,6e-05,3,C:A83T;C:L88I;C:Q91A
7B5G_DC,C:A83T;C:L88V;C:Q91E,eval,6e-05,3,C:A83T;C:L88V;C:Q91E
7B5G_DC,C:A83T;C:Q91E,eval,6e-05,2,C:A83T;C:Q91E
7B5G_DC,C:A83T;C:Q91E;C:D138Q,eval,6e-05,3,C:A83T;C:Q91E;C:D138Q
7B5G_DC,C:A83T;C:Q91E;C:Q161S,eval,6e-05,3,C:A83T;C:Q91E;C:Q161S
7B5G_DC,C:A83T;C:Q92E;C:Q183E,eval,6e-05,3,C:A83T;C:Q92E;C:Q183E
7B5G_DC,C:A83T;C:Q92E;C:Q183N,eval,6e-05,3,C:A83T;C:Q92E;C:Q183N
7B5G_DC,C:A83T;C:Q92E;C:Q183T,eval,6e-05,3,C:A83T;C:Q92E;C:Q183T
7B5G_DC,C:A83T;C:Q92E;C:R182D,eval,6e-05,3,C:A83T;C:Q92E;C:R182D
7B5G_DC,C:A83T;C:R182S;C:Q183E,eval,6e-05,3,C:A83T;C:R182S;C:Q183E
7B5G_DC,C:A83T;C:R182S;C:Q183N,eval,6e-05,3,C:A83T;C:R182S;C:Q183N
7B5G_DC,C:A83T;C:R182S;C:Q183T,eval,6e-05,3,C:A83T;C:R182S;C:Q183T
7B5G_DC,C:A84S;C:L88I;C:Q91E,eval,6e-05,3,C:A84S;C:L88I;C:Q91E
7B5G_DC,C:D138E;C:D151E,eval,6e-05,2,C:D138E;C:D151E
7B5G_DC,C:D138E;C:D151E;C:Q161T,eval,6e-05,3,C:D138E;C:D151E;C:Q161T
7B5G_DC,C:D138E;C:D151N;C:Q183E,eval,6e-05,3,C:D138E;C:D151N;C:Q183E
7B5G_DC,C:D138E;C:D151N;C:Q183N,eval,6e-05,3,C:D138E;C:D151N;C:Q183N
7BC6_BA,WT,both,,0,WT
7BC6_BA,A:A213T;A:A308G;A:D310E,steer,6e-05,3,A:A213T;A:A308G;A:D310E
7BC6_BA,A:A308D;A:S309A;A:D310A,steer,6e-05,3,A:A308D;A:S309A;A:D310A
7BC6_BA,A:A308D;A:S309A;A:D310E,steer,6e-05,3,A:A308D;A:S309A;A:D310E
7BC6_BA,A:A308G;A:S309E;A:D310A,steer,6e-05,3,A:A308G;A:S309E;A:D310A
7BC6_BA,A:A308G;A:S309E;A:D310T,steer,6e-05,3,A:A308G;A:S309E;A:D310T
7BC6_BA,A:A308G;A:S309G;A:D310E,steer,6e-05,3,A:A308G;A:S309G;A:D310E
7BC6_BA,A:A213D;A:A308G;A:D310A,eval,2e-05,3,A:A213D;A:A308G;A:D310A
7BC6_BA,A:A213E;A:A308D;A:D310E,eval,2e-05,3,A:A213E;A:A308D;A:D310E
7BC6_BA,A:A213E;A:A308G,eval,2e-05,2,A:A213E;A:A308G
7BC6_BA,A:A213E;A:A308G;A:S309A,eval,2e-05,3,A:A213E;A:A308G;A:S309A
7BC6_BA,A:A213N;A:A308G;A:D310T,eval,2e-05,3,A:A213N;A:A308G;A:D310T
7BC6_BA,A:A213S;A:A308D;A:D310T,eval,2e-05,3,A:A213S;A:A308D;A:D310T
7BC6_BA,A:A213S;A:A308G;A:D310G,eval,2e-05,3,A:A213S;A:A308G;A:D310G
7BC6_BA,A:A213S;A:A308S;A:D310A,eval,2e-05,3,A:A213S;A:A308S;A:D310A
7BC6_BA,A:A213T;A:A308D,eval,2e-05,2,A:A213T;A:A308D
7BC6_BA,A:A213T;A:A308D;A:D310S,eval,2e-05,3,A:A213T;A:A308D;A:D310S
7BC6_BA,A:A213T;A:A308N;A:D310E,eval,2e-05,3,A:A213T;A:A308N;A:D310E
7BC6_BA,A:A213T;A:A308S;A:D310T,eval,2e-05,3,A:A213T;A:A308S;A:D310T
7BC6_BA,A:A213T;A:A308T;A:D310E,eval,2e-05,3,A:A213T;A:A308T;A:D310E
7BC6_BA,A:A308D;A:S309D;A:D310T,eval,2e-05,3,A:A308D;A:S309D;A:D310T
7BC6_BA,A:A308D;A:S309G;A:D310S,eval,2e-05,3,A:A308D;A:S309G;A:D310S
7BC6_BA,A:A308D;A:S309N;A:D310T,eval,2e-05,3,A:A308D;A:S309N;A:D310T
7BC6_BA,A:A308G;A:S309D;A:D310G,eval,2e-05,3,A:A308G;A:S309D;A:D310G
7BC6_BA,A:A308G;A:S309N;A:D310G,eval,2e-05,3,A:A308G;A:S309N;A:D310G
7BC6_BA,A:A308N;A:S309E;A:D310T,eval,2e-05,3,A:A308N;A:S309E;A:D310T
7BC6_BA,A:A308N;A:S309G;A:D310E,eval,2e-05,3,A:A308N;A:S309G;A:D310E
7BC6_BA,A:A308S;A:S309D;A:D310A,eval,2e-05,3,A:A308S;A:S309D;A:D310A
7BC6_BA,A:A308S;A:S309E,eval,2e-05,2,A:A308S;A:S309E
7BC6_BA,A:A308S;A:S309G;A:D310T,eval,2e-05,3,A:A308S;A:S309G;A:D310T
7BC6_BA,A:A308S;A:S309N;A:D310E,eval,2e-05,3,A:A308S;A:S309N;A:D310E
7BQ5_HLA,WT,both,,0,WT
7BQ5_HLA,A:Q77S;A:N103S,steer,0.00323,2,A:Q77S;A:N103S
7BQ5_HLA,A:Q77S;A:N103S;A:G104S,steer,0.00323,3,A:Q77S;A:N103S;A:G104S
7BQ5_HLA,A:Q77S;A:N103S;A:G106S,steer,0.00323,3,A:Q77S;A:N103S;A:G106S
7BQ5_HLA,A:T76G;A:Q77A;A:N103S,steer,0.00323,3,A:T76G;A:Q77A;A:N103S
7BQ5_HLA,A:T76G;A:Q77D;A:N103S,steer,0.00323,3,A:T76G;A:Q77D;A:N103S
7BQ5_HLA,A:T76G;A:Q77E;A:N103S,steer,0.00323,3,A:T76G;A:Q77E;A:N103S
7BQ5_HLA,A:G102D;A:N103D,eval,0.00024,2,A:G102D;A:N103D
7BQ5_HLA,A:G102D;A:N103D;A:G104S,eval,0.00024,3,A:G102D;A:N103D;A:G104S
7BQ5_HLA,A:G102D;A:N103D;A:G106A,eval,0.00024,3,A:G102D;A:N103D;A:G106A
7BQ5_HLA,A:G102D;A:N103D;A:G106L,eval,0.00024,3,A:G102D;A:N103D;A:G106L
7BQ5_HLA,A:G102D;A:N103E;A:G104S,eval,0.00024,3,A:G102D;A:N103E;A:G104S
7BQ5_HLA,A:G102D;A:N103E;A:G106A,eval,0.00024,3,A:G102D;A:N103E;A:G106A
7BQ5_HLA,A:G102D;A:N103E;A:G106L,eval,0.00024,3,A:G102D;A:N103E;A:G106L
7BQ5_HLA,A:G102D;A:N103S;A:G104N,eval,0.00024,3,A:G102D;A:N103S;A:G104N
7BQ5_HLA,A:G102D;A:N103S;A:G104R,eval,0.00024,3,A:G102D;A:N103S;A:G104R
7BQ5_HLA,A:G102D;A:N103T;A:G104D,eval,0.00024,3,A:G102D;A:N103T;A:G104D
7BQ5_HLA,A:G102D;A:N103T;A:G106A,eval,0.00024,3,A:G102D;A:N103T;A:G106A
7BQ5_HLA,A:G102D;A:N103T;A:G106L,eval,0.00024,3,A:G102D;A:N103T;A:G106L
7BQ5_HLA,A:G102E,eval,0.00024,1,A:G102E
7BQ5_HLA,A:G102E;A:G104S,eval,0.00024,2,A:G102E;A:G104S
7BQ5_HLA,A:G102E;A:G104S;A:G106S,eval,0.00024,3,A:G102E;A:G104S;A:G106S
7BQ5_HLA,A:G102E;A:G106S,eval,0.00024,2,A:G102E;A:G106S
7BQ5_HLA,A:G102E;A:N103D;A:G104D,eval,0.00024,3,A:G102E;A:N103D;A:G104D
7BQ5_HLA,A:G102E;A:N103D;A:G106A,eval,0.00024,3,A:G102E;A:N103D;A:G106A
7BQ5_HLA,A:G102E;A:N103D;A:G106L,eval,0.00024,3,A:G102E;A:N103D;A:G106L
7BQ5_HLA,A:G102E;A:N103E;A:G104D,eval,0.00024,3,A:G102E;A:N103E;A:G104D
7BQ5_HLA,A:G102E;A:N103E;A:G106L,eval,0.00024,3,A:G102E;A:N103E;A:G106L
7BQ5_HLA,A:G102E;A:N103S;A:G104N,eval,0.00024,3,A:G102E;A:N103S;A:G104N
7BQ5_HLA,A:G102E;A:N103S;A:G106I,eval,0.00024,3,A:G102E;A:N103S;A:G106I
7BQ5_HLA,A:G102E;A:N103T;A:G104D,eval,0.00024,3,A:G102E;A:N103T;A:G104D
7BSC_HLA,WT,both,,0,WT
7BSC_HLA,A:E281D;A:E343K;A:N347S,steer,0.00047,3,A:E281D;A:E343K;A:N347S
7BSC_HLA,A:E281D;A:G282N;A:N347S,steer,0.00047,3,A:E281D;A:G282N;A:N347S
7BSC_HLA,A:E281D;A:S304D;A:N347K,steer,0.00047,3,A:E281D;A:S304D;A:N347K
7BSC_HLA,A:E281D;A:S304D;A:N347S,steer,0.00047,3,A:E281D;A:S304D;A:N347S
7BSC_HLA,A:E281N,steer,0.00047,1,A:E281N
7BSC_HLA,A:E281N;A:D327E;A:E343K,steer,0.00047,3,A:E281N;A:D327E;A:E343K
7BSC_HLA,A:D327E;A:E342D;A:E343G,eval,5e-05,3,A:D327E;A:E342D;A:E343G
7BSC_HLA,A:D327E;A:E342D;A:E343S,eval,5e-05,3,A:D327E;A:E342D;A:E343S
7BSC_HLA,A:D327E;A:E342D;A:V346A,eval,5e-05,3,A:D327E;A:E342D;A:V346A
7BSC_HLA,A:D327E;A:E342K,eval,5e-05,2,A:D327E;A:E342K
7BSC_HLA,A:D327E;A:E342K;A:N347D,eval,5e-05,3,A:D327E;A:E342K;A:N347D
7BSC_HLA,A:D327E;A:E342K;A:V346E,eval,5e-05,3,A:D327E;A:E342K;A:V346E
7BSC_HLA,A:D327E;A:E342K;A:V346S,eval,5e-05,3,A:D327E;A:E342K;A:V346S
7BSC_HLA,A:D327E;A:E342Q;A:N347A,eval,5e-05,3,A:D327E;A:E342Q;A:N347A
7BSC_HLA,A:D327E;A:E342Q;A:N347K,eval,5e-05,3,A:D327E;A:E342Q;A:N347K
7BSC_HLA,A:D327E;A:E342Q;A:N347T,eval,5e-05,3,A:D327E;A:E342Q;A:N347T
7BSC_HLA,A:D327E;A:E342S,eval,5e-05,2,A:D327E;A:E342S
7BSC_HLA,A:D327E;A:E342S;A:V346E,eval,5e-05,3,A:D327E;A:E342S;A:V346E
7BSC_HLA,A:D327E;A:E342T,eval,5e-05,2,A:D327E;A:E342T
7BSC_HLA,A:D327E;A:E342T;A:V346E,eval,5e-05,3,A:D327E;A:E342T;A:V346E
7BSC_HLA,A:D327E;A:E342T;A:V346S,eval,5e-05,3,A:D327E;A:E342T;A:V346S
7BSC_HLA,A:D327E;A:E343D;A:N347A,eval,5e-05,3,A:D327E;A:E343D;A:N347A
7BSC_HLA,A:D327E;A:E343D;A:N347T,eval,5e-05,3,A:D327E;A:E343D;A:N347T
7BSC_HLA,A:D327E;A:E343G,eval,5e-05,2,A:D327E;A:E343G
7BSC_HLA,A:D327E;A:E343G;A:V346E,eval,5e-05,3,A:D327E;A:E343G;A:V346E
7BSC_HLA,A:D327E;A:E343N;A:N347T,eval,5e-05,3,A:D327E;A:E343N;A:N347T
7BSC_HLA,A:D327E;A:E343S,eval,5e-05,2,A:D327E;A:E343S
7BSC_HLA,A:D327E;A:E343S;A:V346E,eval,5e-05,3,A:D327E;A:E343S;A:V346E
7BSC_HLA,A:D327E;A:E343S;A:V346S,eval,5e-05,3,A:D327E;A:E343S;A:V346S
7BSC_HLA,A:D327E;A:V346A,eval,5e-05,2,A:D327E;A:V346A
7C4S_HLA,WT,both,,0,WT
7C4S_HLA,A:A29N;A:A35P;A:H180D,steer,0.00051,3,A:A29N;A:A35P;A:H180D
7C4S_HLA,A:A29N;A:A35P;A:H180E,steer,0.00051,3,A:A29N;A:A35P;A:H180E
7C4S_HLA,A:A29N;A:A35S;A:H180D,steer,0.00051,3,A:A29N;A:A35S;A:H180D
7C4S_HLA,A:A29N;A:A35S;A:H180E,steer,0.00051,3,A:A29N;A:A35S;A:H180E
7C4S_HLA,A:A29N;A:G38S;A:H180D,steer,0.00051,3,A:A29N;A:G38S;A:H180D
7C4S_HLA,A:A29N;A:G38S;A:H180E,steer,0.00051,3,A:A29N;A:G38S;A:H180E
7C4S_HLA,A:A273D;A:P275E,eval,4e-05,2,A:A273D;A:P275E
7C4S_HLA,A:A29C;A:A273E,eval,4e-05,2,A:A29C;A:A273E
7C4S_HLA,A:A29C;A:A273G,eval,4e-05,2,A:A29C;A:A273G
7C4S_HLA,A:A29C;A:A35I;A:H180D,eval,4e-05,3,A:A29C;A:A35I;A:H180D
7C4S_HLA,A:A29C;A:A35N;A:A273E,eval,4e-05,3,A:A29C;A:A35N;A:A273E
7C4S_HLA,A:A29C;A:A35N;A:A273G,eval,4e-05,3,A:A29C;A:A35N;A:A273G
7C4S_HLA,A:A29C;A:A35P,eval,4e-05,2,A:A29C;A:A35P
7C4S_HLA,A:A29C;A:A35P;A:A273G,eval,4e-05,3,A:A29C;A:A35P;A:A273G
7C4S_HLA,A:A29C;A:A35P;A:G38A,eval,4e-05,3,A:A29C;A:A35P;A:G38A
7C4S_HLA,A:A29C;A:A35P;A:G38E,eval,4e-05,3,A:A29C;A:A35P;A:G38E
7C4S_HLA,A:A29C;A:A35S;A:G38D,eval,4e-05,3,A:A29C;A:A35S;A:G38D
7C4S_HLA,A:A29C;A:A35S;A:H180A,eval,4e-05,3,A:A29C;A:A35S;A:H180A
7C4S_HLA,A:A29C;A:A35S;A:S36R,eval,4e-05,3,A:A29C;A:A35S;A:S36R
7C4S_HLA,A:A29C;A:A35S;A:S36T,eval,4e-05,3,A:A29C;A:A35S;A:S36T
7C4S_HLA,A:A29C;A:A35V;A:A273D,eval,4e-05,3,A:A29C;A:A35V;A:A273D
7C4S_HLA,A:A29C;A:A35V;A:G38S,eval,4e-05,3,A:A29C;A:A35V;A:G38S
7C4S_HLA,A:A29C;A:A35V;A:G38T,eval,4e-05,3,A:A29C;A:A35V;A:G38T
7C4S_HLA,A:A29C;A:E34P;A:A273D,eval,4e-05,3,A:A29C;A:E34P;A:A273D
7C4S_HLA,A:A29C;A:E34P;A:A35S,eval,4e-05,3,A:A29C;A:E34P;A:A35S
7C4S_HLA,A:A29C;A:E34P;A:G38S,eval,4e-05,3,A:A29C;A:E34P;A:G38S
7C4S_HLA,A:A29C;A:E34P;A:G38T,eval,4e-05,3,A:A29C;A:E34P;A:G38T
7C4S_HLA,A:A29C;A:E34T;A:H180D,eval,4e-05,3,A:A29C;A:E34T;A:H180D
7C4S_HLA,A:A29C;A:E34T;A:H180E,eval,4e-05,3,A:A29C;A:E34T;A:H180E
7C4S_HLA,A:A29C;A:E37L;A:H180D,eval,4e-05,3,A:A29C;A:E37L;A:H180D
7CGW_HLP,WT,both,,0,WT
7CGW_HLP,P:E84A;P:A129S;P:K131E,steer,0.00011,3,P:E84A;P:A129S;P:K131E
7CGW_HLP,P:E84A;P:A129S;P:K131G,steer,0.00011,3,P:E84A;P:A129S;P:K131G
7CGW_HLP,P:E84A;P:A129S;P:K131S,steer,0.00011,3,P:E84A;P:A129S;P:K131S
7CGW_HLP,P:E84A;P:D85S;P:K131G,steer,0.00011,3,P:E84A;P:D85S;P:K131G
7CGW_HLP,P:E84A;P:D85S;P:K131S,steer,0.00011,3,P:E84A;P:D85S;P:K131S
7CGW_HLP,P:E84A;P:D85S;P:N116E,steer,0.00011,3,P:E84A;P:D85S;P:N116E
7CGW_HLP,P:A129D;P:K131G,eval,2e-05,2,P:A129D;P:K131G
7CGW_HLP,P:A129D;P:K131G;P:Q133D,eval,2e-05,3,P:A129D;P:K131G;P:Q133D
7CGW_HLP,P:A129D;P:K131S,eval,2e-05,2,P:A129D;P:K131S
7CGW_HLP,P:A129D;P:K131S;P:Q133D,eval,2e-05,3,P:A129D;P:K131S;P:Q133D
7CGW_HLP,P:A129D;P:P130A;P:K131G,eval,2e-05,3,P:A129D;P:P130A;P:K131G
7CGW_HLP,P:A129D;P:P130A;P:K131S,eval,2e-05,3,P:A129D;P:P130A;P:K131S
7CGW_HLP,P:A129D;P:P130D;P:K131G,eval,2e-05,3,P:A129D;P:P130D;P:K131G
7CGW_HLP,P:A129D;P:P130D;P:K131S,eval,2e-05,3,P:A129D;P:P130D;P:K131S
7CGW_HLP,P:A129E;P:K131E;P:Q133E,eval,2e-05,3,P:A129E;P:K131E;P:Q133E
7CGW_HLP,P:A129E;P:K131E;P:Q133T,eval,2e-05,3,P:A129E;P:K131E;P:Q133T
7CGW_HLP,P:A129E;P:K131G;P:Q133S,eval,2e-05,3,P:A129E;P:K131G;P:Q133S
7CGW_HLP,P:A129E;P:K131S;P:Q133S,eval,2e-05,3,P:A129E;P:K131S;P:Q133S
7CGW_HLP,P:A129E;P:P130E;P:K131G,eval,2e-05,3,P:A129E;P:P130E;P:K131G
7CGW_HLP,P:A129E;P:P130E;P:K131S,eval,2e-05,3,P:A129E;P:P130E;P:K131S
7CGW_HLP,P:A129N;P:K131G,eval,2e-05,2,P:A129N;P:K131G
7CGW_HLP,P:A129N;P:K131G;P:Q133D,eval,2e-05,3,P:A129N;P:K131G;P:Q133D
7CGW_HLP,P:A129N;P:K131S,eval,2e-05,2,P:A129N;P:K131S
7CGW_HLP,P:A129N;P:K131S;P:Q133D,eval,2e-05,3,P:A129N;P:K131S;P:Q133D
7CGW_HLP,P:A129N;P:P130A;P:K131G,eval,2e-05,3,P:A129N;P:P130A;P:K131G
7CGW_HLP,P:A129N;P:P130A;P:K131S,eval,2e-05,3,P:A129N;P:P130A;P:K131S
7CGW_HLP,P:A129N;P:P130D;P:K131G,eval,2e-05,3,P:A129N;P:P130D;P:K131G
7CGW_HLP,P:A129N;P:P130D;P:K131S,eval,2e-05,3,P:A129N;P:P130D;P:K131S
7CGW_HLP,P:A129S;P:K131E;P:Q133P,eval,2e-05,3,P:A129S;P:K131E;P:Q133P
7CGW_HLP,P:A129S;P:K131N,eval,2e-05,2,P:A129S;P:K131N
7CN2_GgE,WT,both,,0,WT
7CN2_GgE,E:A134S;E:Y135A;E:N138A,steer,0.00012,3,E:A134S;E:Y135A;E:N138A
7CN2_GgE,E:A134S;E:Y135A;E:N285V,steer,0.00012,3,E:A134S;E:Y135A;E:N285V
7CN2_GgE,E:A134T;E:Y135A;E:N138A,steer,0.00012,3,E:A134T;E:Y135A;E:N138A
7CN2_GgE,E:A134T;E:Y135A;E:N285V,steer,0.00012,3,E:A134T;E:Y135A;E:N285V
7CN2_GgE,E:A134V;E:N138A;E:G140A,steer,0.00012,3,E:A134V;E:N138A;E:G140A
7CN2_GgE,E:A134V;E:N138A;E:G140T,steer,0.00012,3,E:A134V;E:N138A;E:G140T
7CN2_GgE,E:A134D;E:A136L;E:N285V,eval,1e-05,3,E:A134D;E:A136L;E:N285V
7CN2_GgE,E:A134D;E:A136V;E:N138A,eval,1e-05,3,E:A134D;E:A136V;E:N138A
7CN2_GgE,E:A134D;E:A137V;E:N285V,eval,1e-05,3,E:A134D;E:A137V;E:N285V
7CN2_GgE,E:A134D;E:D142G;E:N285V,eval,1e-05,3,E:A134D;E:D142G;E:N285V
7CN2_GgE,E:A134D;E:G140A;E:N285V,eval,1e-05,3,E:A134D;E:G140A;E:N285V
7CN2_GgE,E:A134D;E:G140T;E:N285V,eval,1e-05,3,E:A134D;E:G140T;E:N285V
7CN2_GgE,E:A134D;E:G268L;E:N285V,eval,1e-05,3,E:A134D;E:G268L;E:N285V
7CN2_GgE,E:A134D;E:G268V;E:N285V,eval,1e-05,3,E:A134D;E:G268V;E:N285V
7CN2_GgE,E:A134D;E:N138A;E:A266V,eval,1e-05,3,E:A134D;E:N138A;E:A266V
7CN2_GgE,E:A134D;E:N138A;E:A287S,eval,1e-05,3,E:A134D;E:N138A;E:A287S
7CN2_GgE,E:A134D;E:N138A;E:G140F,eval,1e-05,3,E:A134D;E:N138A;E:G140F
7CN2_GgE,E:A134D;E:N138A;E:G140S,eval,1e-05,3,E:A134D;E:N138A;E:G140S
7CN2_GgE,E:A134D;E:N138A;E:G265V,eval,1e-05,3,E:A134D;E:N138A;E:G265V
7CN2_GgE,E:A134D;E:N138A;E:G268T,eval,1e-05,3,E:A134D;E:N138A;E:G268T
7CN2_GgE,E:A134D;E:N138A;E:G281S,eval,1e-05,3,E:A134D;E:N138A;E:G281S
7CN2_GgE,E:A134D;E:N138A;E:N181A,eval,1e-05,3,E:A134D;E:N138A;E:N181A
7CN2_GgE,E:A134D;E:N138A;E:N181S,eval,1e-05,3,E:A134D;E:N138A;E:N181S
7CN2_GgE,E:A134D;E:N138A;E:N181T,eval,1e-05,3,E:A134D;E:N138A;E:N181T
7CN2_GgE,E:A134D;E:N138A;E:N270A,eval,1e-05,3,E:A134D;E:N138A;E:N270A
7CN2_GgE,E:A134D;E:N138A;E:N270T,eval,1e-05,3,E:A134D;E:N138A;E:N270T
7CN2_GgE,E:A134D;E:N138A;E:P182D,eval,1e-05,3,E:A134D;E:N138A;E:P182D
7CN2_GgE,E:A134D;E:N138A;E:P182S,eval,1e-05,3,E:A134D;E:N138A;E:P182S
7CN2_GgE,E:A134D;E:N138A;E:V141S,eval,1e-05,3,E:A134D;E:N138A;E:V141S
7CN2_GgE,E:A134D;E:N138F;E:N285V,eval,1e-05,3,E:A134D;E:N138F;E:N285V
7CR5_HLA,WT,both,,0,WT
7CR5_HLA,A:D63A;A:K65T;A:Q163A,steer,9e-05,3,A:D63A;A:K65T;A:Q163A
7CR5_HLA,A:D63A;A:K65V;A:P67A,steer,9e-05,3,A:D63A;A:K65V;A:P67A
7CR5_HLA,A:D63A;A:K65V;A:Q163A,steer,9e-05,3,A:D63A;A:K65V;A:Q163A
7CR5_HLA,A:D63A;A:K65V;A:Q163E,steer,9e-05,3,A:D63A;A:K65V;A:Q163E
7CR5_HLA,A:D63A;A:K65V;A:R68A,steer,9e-05,3,A:D63A;A:K65V;A:R68A
7CR5_HLA,A:D63A;A:P67A;A:Q163A,steer,9e-05,3,A:D63A;A:P67A;A:Q163A
7CR5_HLA,A:D63A;A:F171K;A:Y172A,eval,2e-05,3,A:D63A;A:F171K;A:Y172A
7CR5_HLA,A:D63A;A:F171K;A:Y172L,eval,2e-05,3,A:D63A;A:F171K;A:Y172L
7CR5_HLA,A:D63A;A:F171K;A:Y172S,eval,2e-05,3,A:D63A;A:F171K;A:Y172S
7CR5_HLA,A:D63A;A:F171L,eval,2e-05,2,A:D63A;A:F171L
7CR5_HLA,A:D63A;A:F171L;A:Y172E,eval,2e-05,3,A:D63A;A:F171L;A:Y172E
7CR5_HLA,A:D63A;A:F171L;A:Y172Q,eval,2e-05,3,A:D63A;A:F171L;A:Y172Q
7CR5_HLA,A:D63A;A:F171R;A:Y172A,eval,2e-05,3,A:D63A;A:F171R;A:Y172A
7CR5_HLA,A:D63A;A:F171R;A:Y172S,eval,2e-05,3,A:D63A;A:F171R;A:Y172S
7CR5_HLA,A:D63A;A:K169D;A:F171K,eval,2e-05,3,A:D63A;A:K169D;A:F171K
7CR5_HLA,A:D63A;A:K169D;A:F171R,eval,2e-05,3,A:D63A;A:K169D;A:F171R
7CR5_HLA,A:D63A;A:K169N,eval,2e-05,2,A:D63A;A:K169N
7CR5_HLA,A:D63A;A:K169Q;A:Y172A,eval,2e-05,3,A:D63A;A:K169Q;A:Y172A
7CR5_HLA,A:D63A;A:K169Q;A:Y172L,eval,2e-05,3,A:D63A;A:K169Q;A:Y172L
7CR5_HLA,A:D63A;A:K169Q;A:Y172S,eval,2e-05,3,A:D63A;A:K169Q;A:Y172S
7CR5_HLA,A:D63A;A:K169R;A:Y172A,eval,2e-05,3,A:D63A;A:K169R;A:Y172A
7CR5_HLA,A:D63A;A:K169R;A:Y172S,eval,2e-05,3,A:D63A;A:K169R;A:Y172S
7CR5_HLA,A:D63A;A:K65Q;A:F171L,eval,2e-05,3,A:D63A;A:K65Q;A:F171L
7CR5_HLA,A:D63A;A:K65Q;A:K169D,eval,2e-05,3,A:D63A;A:K65Q;A:K169D
7CR5_HLA,A:D63A;A:K65Q;A:P67S,eval,2e-05,3,A:D63A;A:K65Q;A:P67S
7CR5_HLA,A:D63A;A:K65Q;A:P67T,eval,2e-05,3,A:D63A;A:K65Q;A:P67T
7CR5_HLA,A:D63A;A:K65Q;A:Q160T,eval,2e-05,3,A:D63A;A:K65Q;A:Q160T
7CR5_HLA,A:D63A;A:K65Q;A:R68E,eval,2e-05,3,A:D63A;A:K65Q;A:R68E
7CR5_HLA,A:D63A;A:K65Q;A:R68K,eval,2e-05,3,A:D63A;A:K65Q;A:R68K
7CR5_HLA,A:D63A;A:K65Q;A:Y172A,eval,2e-05,3,A:D63A;A:K65Q;A:Y172A
7FCI_HLA,WT,both,,0,WT
7FCI_HLA,A:A217S;A:E277D,steer,5e-05,2,A:A217S;A:E277D
7FCI_HLA,A:A217S;A:T219N,steer,5e-05,2,A:A217S;A:T219N
7FCI_HLA,A:D147E;A:D149S,steer,5e-05,2,A:D147E;A:D149S
7FCI_HLA,A:D147E;A:D152G,steer,5e-05,2,A:D147E;A:D152G
7FCI_HLA,A:D147E;A:F216N,steer,5e-05,2,A:D147E;A:F216N
7FCI_HLA,A:D147E;A:G148E,steer,5e-05,2,A:D147E;A:G148E
7FCI_HLA,A:D147A;A:D152N;A:F216L,eval,2e-05,3,A:D147A;A:D152N;A:F216L
7FCI_HLA,A:D147A;A:D152S;A:F216I,eval,2e-05,3,A:D147A;A:D152S;A:F216I
7FCI_HLA,A:D147A;A:D152T;A:A217K,eval,2e-05,3,A:D147A;A:D152T;A:A217K
7FCI_HLA,A:D147A;A:D152T;A:A217S,eval,2e-05,3,A:D147A;A:D152T;A:A217S
7FCI_HLA,A:D147A;A:G148S;A:D152T,eval,2e-05,3,A:D147A;A:G148S;A:D152T
7FCI_HLA,A:D147E;A:D149S;A:D152T,eval,2e-05,3,A:D147E;A:D149S;A:D152T
7FCI_HLA,A:D147E;A:D152K;A:F216L,eval,2e-05,3,A:D147E;A:D152K;A:F216L
7FCI_HLA,A:D147E;A:D152N;A:F216L,eval,2e-05,3,A:D147E;A:D152N;A:F216L
7FCI_HLA,A:D147E;A:D152N;A:F216V,eval,2e-05,3,A:D147E;A:D152N;A:F216V
7FCI_HLA,A:D147E;A:D152S;A:A217S,eval,2e-05,3,A:D147E;A:D152S;A:A217S
7FCI_HLA,A:D147E;A:D152S;A:F216I,eval,2e-05,3,A:D147E;A:D152S;A:F216I
7FCI_HLA,A:D147E;A:D152S;A:F216T,eval,2e-05,3,A:D147E;A:D152S;A:F216T
7FCI_HLA,A:D147E;A:D152T;A:A217K,eval,2e-05,3,A:D147E;A:D152T;A:A217K
7FCI_HLA,A:D147E;A:D152T;A:F216N,eval,2e-05,3,A:D147E;A:D152T;A:F216N
7FCI_HLA,A:D147E;A:F216L;A:A217S,eval,2e-05,3,A:D147E;A:F216L;A:A217S
7FCI_HLA,A:D147E;A:F216V;A:A217S,eval,2e-05,3,A:D147E;A:F216V;A:A217S
7FCI_HLA,A:D147E;A:G148D;A:D152T,eval,2e-05,3,A:D147E;A:G148D;A:D152T
7FCI_HLA,A:D147E;A:G148E;A:D152T,eval,2e-05,3,A:D147E;A:G148E;A:D152T
7FCI_HLA,A:D147E;A:G148S;A:D152S,eval,2e-05,3,A:D147E;A:G148S;A:D152S
7FCI_HLA,A:D147E;A:G148S;A:F216L,eval,2e-05,3,A:D147E;A:G148S;A:F216L
7FCI_HLA,A:D147E;A:G148S;A:F216V,eval,2e-05,3,A:D147E;A:G148S;A:F216V
7FCI_HLA,A:D147P;A:D152T;A:F216L,eval,2e-05,3,A:D147P;A:D152T;A:F216L
7FCI_HLA,A:D147P;A:D152T;A:F216V,eval,2e-05,3,A:D147P;A:D152T;A:F216V
7FCI_HLA,A:D147S;A:D149E;A:D152T,eval,2e-05,3,A:D147S;A:D149E;A:D152T
7JLK_HLB,WT,both,,0,WT
7JLK_HLB,B:S31N;B:Y91G;B:E96G,steer,0.025,3,B:S31N;B:Y91G;B:E96G
7JLK_HLB,B:S31N;B:Y91N;B:E96D,steer,0.025,3,B:S31N;B:Y91N;B:E96D
7JLK_HLB,B:S31N;B:Y91R;B:E96D,steer,0.025,3,B:S31N;B:Y91R;B:E96D
7JLK_HLB,B:V29I;B:Y91G;B:E96D,steer,0.025,3,B:V29I;B:Y91G;B:E96D
7JLK_HLB,B:E1D;B:Y91G;B:E96D,steer,0.01667,3,B:E1D;B:Y91G;B:E96D
7JLK_HLB,B:Q27K;B:Y91G;B:E96D,steer,0.01667,3,B:Q27K;B:Y91G;B:E96D
7JLK_HLB,B:E1A;B:S31N;B:E96D,eval,0.00227,3,B:E1A;B:S31N;B:E96D
7JLK_HLB,B:E1A;B:Y91R;B:E96D,eval,0.00227,3,B:E1A;B:Y91R;B:E96D
7JLK_HLB,B:E1D;B:E96A,eval,0.00227,2,B:E1D;B:E96A
7JLK_HLB,B:E1D;B:S31N;B:Y91R,eval,0.00227,3,B:E1D;B:S31N;B:Y91R
7JLK_HLB,B:E1D;B:Y91N;B:E96A,eval,0.00227,3,B:E1D;B:Y91N;B:E96A
7JLK_HLB,B:E1Q;B:S31N;B:E96G,eval,0.00227,3,B:E1Q;B:S31N;B:E96G
7JLK_HLB,B:E1Q;B:S31N;B:Y91G,eval,0.00227,3,B:E1Q;B:S31N;B:Y91G
7JLK_HLB,B:E1Q;B:Y91R;B:E96G,eval,0.00227,3,B:E1Q;B:Y91R;B:E96G
7JLK_HLB,B:E1S;B:Y91G;B:E96D,eval,0.00227,3,B:E1S;B:Y91G;B:E96D
7JLK_HLB,B:G68D;B:Y91R;B:E96D,eval,0.00227,3,B:G68D;B:Y91R;B:E96D
7JLK_HLB,B:G68N;B:Y91G;B:E96G,eval,0.00227,3,B:G68N;B:Y91G;B:E96G
7JLK_HLB,B:G68S;B:E96D,eval,0.00227,2,B:G68S;B:E96D
7JLK_HLB,B:G68S;B:Y91G;B:E96G,eval,0.00227,3,B:G68S;B:Y91G;B:E96G
7JLK_HLB,B:Q27K;B:E96G,eval,0.00227,2,B:Q27K;B:E96G
7JLK_HLB,B:Q27K;B:V29I;B:E96D,eval,0.00227,3,B:Q27K;B:V29I;B:E96D
7JLK_HLB,B:Q27K;B:Y91G,eval,0.00227,2,B:Q27K;B:Y91G
7JLK_HLB,B:Q27K;B:Y91R;B:E96A,eval,0.00227,3,B:Q27K;B:Y91R;B:E96A
7JLK_HLB,B:Q27R;B:E96D,eval,0.00227,2,B:Q27R;B:E96D
7JLK_HLB,B:Q27R;B:Y91G;B:E96G,eval,0.00227,3,B:Q27R;B:Y91G;B:E96G
7JLK_HLB,B:Q27S;B:Y91R;B:E96D,eval,0.00227,3,B:Q27S;B:Y91R;B:E96D
7JLK_HLB,B:Q27T;B:S31N;B:E96D,eval,0.00227,3,B:Q27T;B:S31N;B:E96D
7JLK_HLB,B:Q27T;B:Y91G;B:E96G,eval,0.00227,3,B:Q27T;B:Y91G;B:E96G
7JLK_HLB,B:S28D;B:E96D,eval,0.00227,2,B:S28D;B:E96D
7JLK_HLB,B:S28D;B:Y91G;B:E96G,eval,0.00227,3,B:S28D;B:Y91G;B:E96G
7JN5_HLF,WT,both,,0,WT
7JN5_HLF,F:A371G;F:K373S;F:R395V,steer,0.00023,3,F:A371G;F:K373S;F:R395V
7JN5_HLF,F:A371G;F:K373T;F:R395V,steer,0.00023,3,F:A371G;F:K373T;F:R395V
7JN5_HLF,F:A371G;F:R395V;F:D415G,steer,0.00023,3,F:A371G;F:R395V;F:D415G
7JN5_HLF,F:A371G;F:R395V;F:E502D,steer,0.00023,3,F:A371G;F:R395V;F:E502D
7JN5_HLF,F:A371G;F:R395V;F:E502G,steer,0.00023,3,F:A371G;F:R395V;F:E502G
7JN5_HLF,F:A371G;F:R395V;F:N505D,steer,0.00023,3,F:A371G;F:R395V;F:N505D
7JN5_HLF,F:A371F;F:D415G;F:E502D,eval,3e-05,3,F:A371F;F:D415G;F:E502D
7JN5_HLF,F:A371F;F:D415G;F:E502G,eval,3e-05,3,F:A371F;F:D415G;F:E502G
7JN5_HLF,F:A371F;F:D415G;F:N505D,eval,3e-05,3,F:A371F;F:D415G;F:N505D
7JN5_HLF,F:A371F;F:K373N;F:D415G,eval,3e-05,3,F:A371F;F:K373N;F:D415G
7JN5_HLF,F:A371F;F:K373S;F:E502G,eval,3e-05,3,F:A371F;F:K373S;F:E502G
7JN5_HLF,F:A371F;F:K373S;F:N505D,eval,3e-05,3,F:A371F;F:K373S;F:N505D
7JN5_HLF,F:A371F;F:K373S;F:R395K,eval,3e-05,3,F:A371F;F:K373S;F:R395K
7JN5_HLF,F:A371F;F:K373S;F:R395S,eval,3e-05,3,F:A371F;F:K373S;F:R395S
7JN5_HLF,F:A371F;F:K373T;F:D415G,eval,3e-05,3,F:A371F;F:K373T;F:D415G
7JN5_HLF,F:A371F;F:K373T;F:E502D,eval,3e-05,3,F:A371F;F:K373T;F:E502D
7JN5_HLF,F:A371F;F:K373T;F:E502G,eval,3e-05,3,F:A371F;F:K373T;F:E502G
7JN5_HLF,F:A371F;F:R395K;F:D415G,eval,3e-05,3,F:A371F;F:R395K;F:D415G
7JN5_HLF,F:A371F;F:R395S;F:D415G,eval,3e-05,3,F:A371F;F:R395S;F:D415G
7JN5_HLF,F:A371F;F:R395V;F:D414A,eval,3e-05,3,F:A371F;F:R395V;F:D414A
7JN5_HLF,F:A371F;F:R395V;F:D414E,eval,3e-05,3,F:A371F;F:R395V;F:D414E
7JN5_HLF,F:A371F;F:R395V;F:D414K,eval,3e-05,3,F:A371F;F:R395V;F:D414K
7JN5_HLF,F:A371G;F:D414A,eval,3e-05,2,F:A371G;F:D414A
7JN5_HLF,F:A371G;F:D414A;F:D415S,eval,3e-05,3,F:A371G;F:D414A;F:D415S
7JN5_HLF,F:A371G;F:D414A;F:E502A,eval,3e-05,3,F:A371G;F:D414A;F:E502A
7JN5_HLF,F:A371G;F:D414A;F:N505A,eval,3e-05,3,F:A371G;F:D414A;F:N505A
7JN5_HLF,F:A371G;F:D414E;F:N505D,eval,3e-05,3,F:A371G;F:D414E;F:N505D
7JN5_HLF,F:A371G;F:D414K;F:E502A,eval,3e-05,3,F:A371G;F:D414K;F:E502A
7JN5_HLF,F:A371G;F:D414K;F:N505D,eval,3e-05,3,F:A371G;F:D414K;F:N505D
7JN5_HLF,F:A371G;F:D414S;F:D415N,eval,3e-05,3,F:A371G;F:D414S;F:D415N
7K7I_PQD,WT,both,,0,WT
7K7I_PQD,D:E24A;D:K74G;D:Q75S,steer,0.00018,3,D:E24A;D:K74G;D:Q75S
7K7I_PQD,D:E24A;D:K74G;D:Y110S,steer,0.00018,3,D:E24A;D:K74G;D:Y110S
7K7I_PQD,D:E24A;D:Q75S;D:Y110S,steer,0.00018,3,D:E24A;D:Q75S;D:Y110S
7K7I_PQD,D:E24A;D:T49G;D:Q75S,steer,0.00018,3,D:E24A;D:T49G;D:Q75S
7K7I_PQD,D:E24A;D:W25A;D:K74G,steer,0.00018,3,D:E24A;D:W25A;D:K74G
7K7I_PQD,D:E24A;D:W25A;D:K74S,steer,0.00018,3,D:E24A;D:W25A;D:K74S
7K7I_PQD,D:D48E;D:I77S;D:Y110S,eval,2e-05,3,D:D48E;D:I77S;D:Y110S
7K7I_PQD,D:D48E;D:K74D;D:Q75S,eval,2e-05,3,D:D48E;D:K74D;D:Q75S
7K7I_PQD,D:D48E;D:K74D;D:Y110S,eval,2e-05,3,D:D48E;D:K74D;D:Y110S
7K7I_PQD,D:D48E;D:K74G;D:I77S,eval,2e-05,3,D:D48E;D:K74G;D:I77S
7K7I_PQD,D:D48E;D:K74G;D:L112S,eval,2e-05,3,D:D48E;D:K74G;D:L112S
7K7I_PQD,D:D48E;D:K74G;D:P111D,eval,2e-05,3,D:D48E;D:K74G;D:P111D
7K7I_PQD,D:D48E;D:K74G;D:P111G,eval,2e-05,3,D:D48E;D:K74G;D:P111G
7K7I_PQD,D:D48E;D:K74G;D:P111S,eval,2e-05,3,D:D48E;D:K74G;D:P111S
7K7I_PQD,D:D48E;D:K74G;D:Q75A,eval,2e-05,3,D:D48E;D:K74G;D:Q75A
7K7I_PQD,D:D48E;D:K74G;D:T109G,eval,2e-05,3,D:D48E;D:K74G;D:T109G
7K7I_PQD,D:D48E;D:K74G;D:Y110D,eval,2e-05,3,D:D48E;D:K74G;D:Y110D
7K7I_PQD,D:D48E;D:K74G;D:Y110N,eval,2e-05,3,D:D48E;D:K74G;D:Y110N
7K7I_PQD,D:D48E;D:K74G;D:Y110T,eval,2e-05,3,D:D48E;D:K74G;D:Y110T
7K7I_PQD,D:D48E;D:K74N;D:Q75S,eval,2e-05,3,D:D48E;D:K74N;D:Q75S
7K7I_PQD,D:D48E;D:K74N;D:Y110S,eval,2e-05,3,D:D48E;D:K74N;D:Y110S
7K7I_PQD,D:D48E;D:Q75A;D:Y110S,eval,2e-05,3,D:D48E;D:Q75A;D:Y110S
7K7I_PQD,D:D48E;D:Q75S;D:I77S,eval,2e-05,3,D:D48E;D:Q75S;D:I77S
7K7I_PQD,D:D48E;D:Q75S;D:I77T,eval,2e-05,3,D:D48E;D:Q75S;D:I77T
7K7I_PQD,D:D48E;D:Q75S;D:L112G,eval,2e-05,3,D:D48E;D:Q75S;D:L112G
7K7I_PQD,D:D48E;D:Q75S;D:L112S,eval,2e-05,3,D:D48E;D:Q75S;D:L112S
7K7I_PQD,D:D48E;D:Q75S;D:P111D,eval,2e-05,3,D:D48E;D:Q75S;D:P111D
7K7I_PQD,D:D48E;D:Q75S;D:P111G,eval,2e-05,3,D:D48E;D:Q75S;D:P111G
7K7I_PQD,D:D48E;D:Q75S;D:P111S,eval,2e-05,3,D:D48E;D:Q75S;D:P111S
7K7I_PQD,D:D48E;D:Q75S;D:T109S,eval,2e-05,3,D:D48E;D:Q75S;D:T109S
7L5J_WLB,WT,both,,0,WT
7L5J_WLB,B:E296A;B:F297L;B:Q298A,steer,0.00028,3,B:E296A;B:F297L;B:Q298A
7L5J_WLB,B:E296A;B:F297L;B:Q298T,steer,0.00028,3,B:E296A;B:F297L;B:Q298T
7L5J_WLB,B:E296A;B:F297V;B:Q298A,steer,0.00028,3,B:E296A;B:F297V;B:Q298A
7L5J_WLB,B:E296A;B:F297V;B:Q298T,steer,0.00028,3,B:E296A;B:F297V;B:Q298T
7L5J_WLB,B:E296A;B:Q298A;B:A382G,steer,0.00028,3,B:E296A;B:Q298A;B:A382G
7L5J_WLB,B:E296A;B:Q298A;B:D385T,steer,0.00028,3,B:E296A;B:Q298A;B:D385T
7L5J_WLB,B:A380P;B:A381D;B:A382G,eval,3e-05,3,B:A380P;B:A381D;B:A382G
7L5J_WLB,B:A380P;B:A381D;B:D385T,eval,3e-05,3,B:A380P;B:A381D;B:D385T
7L5J_WLB,B:A380P;B:A381E;B:A382G,eval,3e-05,3,B:A380P;B:A381E;B:A382G
7L5J_WLB,B:A380P;B:A381G;B:D385T,eval,3e-05,3,B:A380P;B:A381G;B:D385T
7L5J_WLB,B:A380P;B:A381S;B:D385E,eval,3e-05,3,B:A380P;B:A381S;B:D385E
7L5J_WLB,B:A380P;B:A381S;B:S383G,eval,3e-05,3,B:A380P;B:A381S;B:S383G
7L5J_WLB,B:A380P;B:A381S;B:S383T,eval,3e-05,3,B:A380P;B:A381S;B:S383T
7L5J_WLB,B:A380P;B:A381T;B:D385E,eval,3e-05,3,B:A380P;B:A381T;B:D385E
7L5J_WLB,B:A380P;B:A381T;B:S383D,eval,3e-05,3,B:A380P;B:A381T;B:S383D
7L5J_WLB,B:A380P;B:A381T;B:S383G,eval,3e-05,3,B:A380P;B:A381T;B:S383G
7L5J_WLB,B:A380P;B:A381T;B:S383T,eval,3e-05,3,B:A380P;B:A381T;B:S383T
7L5J_WLB,B:A380P;B:A382G,eval,3e-05,2,B:A380P;B:A382G
7L5J_WLB,B:A380P;B:A382G;B:D385P,eval,3e-05,3,B:A380P;B:A382G;B:D385P
7L5J_WLB,B:A380P;B:A382G;B:D385S,eval,3e-05,3,B:A380P;B:A382G;B:D385S
7L5J_WLB,B:A380P;B:A382G;B:S383E,eval,3e-05,3,B:A380P;B:A382G;B:S383E
7L5J_WLB,B:A380P;B:D385T,eval,3e-05,2,B:A380P;B:D385T
7L5J_WLB,B:A380P;B:S383D;B:D385T,eval,3e-05,3,B:A380P;B:S383D;B:D385T
7L5J_WLB,B:A380P;B:S383E;B:D385T,eval,3e-05,3,B:A380P;B:S383E;B:D385T
7L5J_WLB,B:A380P;B:S383G;B:D385E,eval,3e-05,3,B:A380P;B:S383G;B:D385E
7L5J_WLB,B:A380P;B:S383T;B:D385E,eval,3e-05,3,B:A380P;B:S383T;B:D385E
7L5J_WLB,B:A380S;B:A381D;B:A382G,eval,3e-05,3,B:A380S;B:A381D;B:A382G
7L5J_WLB,B:A380S;B:A381G;B:A382G,eval,3e-05,3,B:A380S;B:A381G;B:A382G
7L5J_WLB,B:A380S;B:A381G;B:D385T,eval,3e-05,3,B:A380S;B:A381G;B:D385T
7L5J_WLB,B:A380S;B:A381S;B:A382G,eval,3e-05,3,B:A380S;B:A381S;B:A382G
7LKF_HLA,WT,both,,0,WT
7LKF_HLA,A:A133F;A:G139A;A:L257E,steer,0.0004,3,A:A133F;A:G139A;A:L257E
7LKF_HLA,A:A133F;A:G139A;A:R246D,steer,0.0004,3,A:A133F;A:G139A;A:R246D
7LKF_HLA,A:A133F;A:G139A;A:R246E,steer,0.0004,3,A:A133F;A:G139A;A:R246E
7LKF_HLA,A:A133F;A:G139E;A:L257E,steer,0.0004,3,A:A133F;A:G139E;A:L257E
7LKF_HLA,A:A133F;A:G139E;A:R246A,steer,0.0004,3,A:A133F;A:G139E;A:R246A
7LKF_HLA,A:A133F;A:G139E;A:R246D,steer,0.0004,3,A:A133F;A:G139E;A:R246D
7LKF_HLA,A:A133C;A:D136A,eval,5e-05,2,A:A133C;A:D136A
7LKF_HLA,A:A133C;A:D136A;A:G139D,eval,5e-05,3,A:A133C;A:D136A;A:G139D
7LKF_HLA,A:A133C;A:D136A;A:L257A,eval,5e-05,3,A:A133C;A:D136A;A:L257A
7LKF_HLA,A:A133C;A:D136A;A:S245E,eval,5e-05,3,A:A133C;A:D136A;A:S245E
7LKF_HLA,A:A133C;A:D136E;A:L257D,eval,5e-05,3,A:A133C;A:D136E;A:L257D
7LKF_HLA,A:A133C;A:D136E;A:S138E,eval,5e-05,3,A:A133C;A:D136E;A:S138E
7LKF_HLA,A:A133C;A:D136F,eval,5e-05,2,A:A133C;A:D136F
7LKF_HLA,A:A133C;A:D136F;A:G139D,eval,5e-05,3,A:A133C;A:D136F;A:G139D
7LKF_HLA,A:A133C;A:D136F;A:L257A,eval,5e-05,3,A:A133C;A:D136F;A:L257A
7LKF_HLA,A:A133C;A:D136F;A:S245E,eval,5e-05,3,A:A133C;A:D136F;A:S245E
7LKF_HLA,A:A133C;A:D136G;A:L257D,eval,5e-05,3,A:A133C;A:D136G;A:L257D
7LKF_HLA,A:A133C;A:D136G;A:S138E,eval,5e-05,3,A:A133C;A:D136G;A:S138E
7LKF_HLA,A:A133C;A:D136G;A:S245D,eval,5e-05,3,A:A133C;A:D136G;A:S245D
7LKF_HLA,A:A133C;A:G139A;A:S245A,eval,5e-05,3,A:A133C;A:G139A;A:S245A
7LKF_HLA,A:A133C;A:G139D;A:L257D,eval,5e-05,3,A:A133C;A:G139D;A:L257D
7LKF_HLA,A:A133C;A:G139D;A:R246F,eval,5e-05,3,A:A133C;A:G139D;A:R246F
7LKF_HLA,A:A133C;A:G139D;A:S245D,eval,5e-05,3,A:A133C;A:G139D;A:S245D
7LKF_HLA,A:A133C;A:G139E;A:S245A,eval,5e-05,3,A:A133C;A:G139E;A:S245A
7LKF_HLA,A:A133C;A:G139F,eval,5e-05,2,A:A133C;A:G139F
7LKF_HLA,A:A133C;A:G139F;A:L257A,eval,5e-05,3,A:A133C;A:G139F;A:L257A
7LKF_HLA,A:A133C;A:G139F;A:S245E,eval,5e-05,3,A:A133C;A:G139F;A:S245E
7LKF_HLA,A:A133C;A:L257D,eval,5e-05,2,A:A133C;A:L257D
7LKF_HLA,A:A133C;A:R135A;A:D136A,eval,5e-05,3,A:A133C;A:R135A;A:D136A
7LKF_HLA,A:A133C;A:R135A;A:D136F,eval,5e-05,3,A:A133C;A:R135A;A:D136F
7LUE_HLA,WT,both,,0,WT
7LUE_HLA,A:G184A;A:L193D;A:M264A,steer,0.00029,3,A:G184A;A:L193D;A:M264A
7LUE_HLA,A:G184A;A:L193D;A:P265A,steer,0.00029,3,A:G184A;A:L193D;A:P265A
7LUE_HLA,A:G184A;A:L193D;A:P265D,steer,0.00029,3,A:G184A;A:L193D;A:P265D
7LUE_HLA,A:G184A;A:L193D;A:P265E,steer,0.00029,3,A:G184A;A:L193D;A:P265E
7LUE_HLA,A:G184D;A:D263A;A:P265E,steer,0.00029,3,A:G184D;A:D263A;A:P265E
7LUE_HLA,A:G184D;A:D263E;A:P265E,steer,0.00029,3,A:G184D;A:D263E;A:P265E
7LUE_HLA,A:D263A;A:I266F,eval,3e-05,2,A:D263A;A:I266F
7LUE_HLA,A:D263A;A:M264A;A:N268C,eval,3e-05,3,A:D263A;A:M264A;A:N268C
7LUE_HLA,A:D263A;A:M264A;A:P265C,eval,3e-05,3,A:D263A;A:M264A;A:P265C
7LUE_HLA,A:D263A;A:M264A;A:T267A,eval,3e-05,3,A:D263A;A:M264A;A:T267A
7LUE_HLA,A:D263A;A:M264A;A:T267D,eval,3e-05,3,A:D263A;A:M264A;A:T267D
7LUE_HLA,A:D263A;A:M264C,eval,3e-05,2,A:D263A;A:M264C
7LUE_HLA,A:D263A;A:M264E;A:I266F,eval,3e-05,3,A:D263A;A:M264E;A:I266F
7LUE_HLA,A:D263A;A:M264E;A:N268F,eval,3e-05,3,A:D263A;A:M264E;A:N268F
7LUE_HLA,A:D263A;A:M264E;A:T267F,eval,3e-05,3,A:D263A;A:M264E;A:T267F
7LUE_HLA,A:D263A;A:M264F;A:P265C,eval,3e-05,3,A:D263A;A:M264F;A:P265C
7LUE_HLA,A:D263A;A:M264F;A:T267D,eval,3e-05,3,A:D263A;A:M264F;A:T267D
7LUE_HLA,A:D263A;A:P265A;A:N268C,eval,3e-05,3,A:D263A;A:P265A;A:N268C
7LUE_HLA,A:D263A;A:P265A;A:T267A,eval,3e-05,3,A:D263A;A:P265A;A:T267A
7LUE_HLA,A:D263A;A:P265A;A:T267D,eval,3e-05,3,A:D263A;A:P265A;A:T267D
7LUE_HLA,A:D263A;A:P265C;A:N268E,eval,3e-05,3,A:D263A;A:P265C;A:N268E
7LUE_HLA,A:D263A;A:P265D;A:N268C,eval,3e-05,3,A:D263A;A:P265D;A:N268C
7LUE_HLA,A:D263A;A:P265D;A:T267A,eval,3e-05,3,A:D263A;A:P265D;A:T267A
7LUE_HLA,A:D263A;A:P265D;A:T267D,eval,3e-05,3,A:D263A;A:P265D;A:T267D
7LUE_HLA,A:D263A;A:P265E;A:I266A,eval,3e-05,3,A:D263A;A:P265E;A:I266A
7LUE_HLA,A:D263A;A:P265E;A:I266C,eval,3e-05,3,A:D263A;A:P265E;A:I266C
7LUE_HLA,A:D263A;A:P265E;A:N268C,eval,3e-05,3,A:D263A;A:P265E;A:N268C
7LUE_HLA,A:D263A;A:P265E;A:T267A,eval,3e-05,3,A:D263A;A:P265E;A:T267A
7LUE_HLA,A:D263A;A:P265E;A:T267E,eval,3e-05,3,A:D263A;A:P265E;A:T267E
7LUE_HLA,A:D263A;A:P265F;A:I266F,eval,3e-05,3,A:D263A;A:P265F;A:I266F
7M8J_HLA,WT,both,,0,WT
7M8J_HLA,A:D253A;A:W258A,steer,0.00035,2,A:D253A;A:W258A
7M8J_HLA,A:D253A;A:W258F,steer,0.00035,2,A:D253A;A:W258F
7M8J_HLA,A:D253G;A:S254A;A:W258A,steer,0.00035,3,A:D253G;A:S254A;A:W258A
7M8J_HLA,A:D253G;A:S254A;A:W258F,steer,0.00035,3,A:D253G;A:S254A;A:W258F
7M8J_HLA,A:D253G;A:S254D;A:W258A,steer,0.00035,3,A:D253G;A:S254D;A:W258A
7M8J_HLA,A:D253G;A:S254F;A:W258A,steer,0.00035,3,A:D253G;A:S254F;A:W258A
7M8J_HLA,A:D253A;A:S254A;A:S255F,eval,3e-05,3,A:D253A;A:S254A;A:S255F
7M8J_HLA,A:D253A;A:S254A;A:S256D,eval,3e-05,3,A:D253A;A:S254A;A:S256D
7M8J_HLA,A:D253A;A:S254D;A:S255A,eval,3e-05,3,A:D253A;A:S254D;A:S255A
7M8J_HLA,A:D253A;A:S254D;A:S255F,eval,3e-05,3,A:D253A;A:S254D;A:S255F
7M8J_HLA,A:D253A;A:S254D;A:S256A,eval,3e-05,3,A:D253A;A:S254D;A:S256A
7M8J_HLA,A:D253A;A:S254D;A:S256F,eval,3e-05,3,A:D253A;A:S254D;A:S256F
7M8J_HLA,A:D253A;A:S254E,eval,3e-05,2,A:D253A;A:S254E
7M8J_HLA,A:D253A;A:S254E;A:W258C,eval,3e-05,3,A:D253A;A:S254E;A:W258C
7M8J_HLA,A:D253A;A:S254F;A:S255A,eval,3e-05,3,A:D253A;A:S254F;A:S255A
7M8J_HLA,A:D253A;A:S254F;A:S255F,eval,3e-05,3,A:D253A;A:S254F;A:S255F
7M8J_HLA,A:D253A;A:S254F;A:S256A,eval,3e-05,3,A:D253A;A:S254F;A:S256A
7M8J_HLA,A:D253A;A:S254F;A:S256F,eval,3e-05,3,A:D253A;A:S254F;A:S256F
7M8J_HLA,A:D253A;A:S255A;A:S256A,eval,3e-05,3,A:D253A;A:S255A;A:S256A
7M8J_HLA,A:D253A;A:S255A;A:S256F,eval,3e-05,3,A:D253A;A:S255A;A:S256F
7M8J_HLA,A:D253A;A:S255E,eval,3e-05,2,A:D253A;A:S255E
7M8J_HLA,A:D253A;A:S255E;A:W258C,eval,3e-05,3,A:D253A;A:S255E;A:W258C
7M8J_HLA,A:D253A;A:S255F;A:S256A,eval,3e-05,3,A:D253A;A:S255F;A:S256A
7M8J_HLA,A:D253A;A:S255F;A:S256F,eval,3e-05,3,A:D253A;A:S255F;A:S256F
7M8J_HLA,A:D253A;A:S256C;A:W258E,eval,3e-05,3,A:D253A;A:S256C;A:W258E
7M8J_HLA,A:D253A;A:S256E,eval,3e-05,2,A:D253A;A:S256E
7M8J_HLA,A:D253A;A:S256E;A:W258C,eval,3e-05,3,A:D253A;A:S256E;A:W258C
7M8J_HLA,A:D253C;A:S254A;A:W258D,eval,3e-05,3,A:D253C;A:S254A;A:W258D
7M8J_HLA,A:D253C;A:S254D;A:W258F,eval,3e-05,3,A:D253C;A:S254D;A:W258F
7M8J_HLA,A:D253C;A:S254E;A:W258A,eval,3e-05,3,A:D253C;A:S254E;A:W258A
7MGW_BCA,WT,both,,0,WT
7MGW_BCA,A:G207A;A:H240S;A:Q254P,steer,0.00023,3,A:G207A;A:H240S;A:Q254P
7MGW_BCA,A:G207A;A:H240S;A:R241K,steer,0.00023,3,A:G207A;A:H240S;A:R241K
7MGW_BCA,A:G207A;A:H240S;A:R241N,steer,0.00023,3,A:G207A;A:H240S;A:R241N
7MGW_BCA,A:G207A;A:H240S;A:R241Q,steer,0.00023,3,A:G207A;A:H240S;A:R241Q
7MGW_BCA,A:G207A;A:H240S;A:R241T,steer,0.00023,3,A:G207A;A:H240S;A:R241T
7MGW_BCA,A:G207A;A:R241N;A:Q254P,steer,0.00023,3,A:G207A;A:R241N;A:Q254P
7MGW_BCA,A:E215A,eval,5e-05,1,A:E215A
7MGW_BCA,A:E215A;A:H240D;A:Q254P,eval,5e-05,3,A:E215A;A:H240D;A:Q254P
7MGW_BCA,A:E215A;A:H240D;A:R241K,eval,5e-05,3,A:E215A;A:H240D;A:R241K
7MGW_BCA,A:E215A;A:H240D;A:R241N,eval,5e-05,3,A:E215A;A:H240D;A:R241N
7MGW_BCA,A:E215A;A:H240D;A:R241T,eval,5e-05,3,A:E215A;A:H240D;A:R241T
7MGW_BCA,A:E215A;A:H240E;A:R241K,eval,5e-05,3,A:E215A;A:H240E;A:R241K
7MGW_BCA,A:E215A;A:H240E;A:R241T,eval,5e-05,3,A:E215A;A:H240E;A:R241T
7MGW_BCA,A:E215A;A:H240N,eval,5e-05,2,A:E215A;A:H240N
7MGW_BCA,A:E215A;A:H240Q,eval,5e-05,2,A:E215A;A:H240Q
7MGW_BCA,A:E215A;A:H240S;A:Q254N,eval,5e-05,3,A:E215A;A:H240S;A:Q254N
7MGW_BCA,A:E215A;A:H240S;A:Q254T,eval,5e-05,3,A:E215A;A:H240S;A:Q254T
7MGW_BCA,A:E215A;A:R241K;A:Q254K,eval,5e-05,3,A:E215A;A:R241K;A:Q254K
7MGW_BCA,A:E215A;A:R241K;A:Q254N,eval,5e-05,3,A:E215A;A:R241K;A:Q254N
7MGW_BCA,A:E215A;A:R241N;A:Q254N,eval,5e-05,3,A:E215A;A:R241N;A:Q254N
7MGW_BCA,A:E215A;A:R241N;A:Q254T,eval,5e-05,3,A:E215A;A:R241N;A:Q254T
7MGW_BCA,A:E215A;A:R241Q;A:Q254R,eval,5e-05,3,A:E215A;A:R241Q;A:Q254R
7MGW_BCA,A:E215A;A:R241Q;A:Q254T,eval,5e-05,3,A:E215A;A:R241Q;A:Q254T
7MGW_BCA,A:E215A;A:R241T;A:Q254K,eval,5e-05,3,A:E215A;A:R241T;A:Q254K
7MGW_BCA,A:E215A;A:T219N,eval,5e-05,2,A:E215A;A:T219N
7MGW_BCA,A:E215D;A:H240N;A:Q254P,eval,5e-05,3,A:E215D;A:H240N;A:Q254P
7MGW_BCA,A:E215D;A:H240N;A:R241N,eval,5e-05,3,A:E215D;A:H240N;A:R241N
7MGW_BCA,A:E215D;A:H240N;A:R241Q,eval,5e-05,3,A:E215D;A:H240N;A:R241Q
7MGW_BCA,A:E215D;A:H240Q;A:Q254P,eval,5e-05,3,A:E215D;A:H240Q;A:Q254P
7MGW_BCA,A:E215D;A:H240Q;A:R241K,eval,5e-05,3,A:E215D;A:H240Q;A:R241K
7MZK_HLA,WT,both,,0,WT
7MZK_HLA,A:A372G;A:G446H;A:N450S,steer,0.0003,3,A:A372G;A:G446H;A:N450S
7MZK_HLA,A:A372G;A:G446H;A:N450T,steer,0.0003,3,A:A372G;A:G446H;A:N450T
7MZK_HLA,A:A372G;A:G446H;A:T500A,steer,0.0003,3,A:A372G;A:G446H;A:T500A
7MZK_HLA,A:A372G;A:G446H;A:T500G,steer,0.0003,3,A:A372G;A:G446H;A:T500G
7MZK_HLA,A:A372G;A:G446H;A:T500S,steer,0.0003,3,A:A372G;A:G446H;A:T500S
7MZK_HLA,A:A372G;A:L441N;A:G446H,steer,0.0003,3,A:A372G;A:L441N;A:G446H
7MZK_HLA,A:A372G,eval,4e-05,1,A:A372G
7MZK_HLA,A:A372G;A:G446L,eval,4e-05,2,A:A372G;A:G446L
7MZK_HLA,A:A372G;A:G446L;A:T500A,eval,4e-05,3,A:A372G;A:G446L;A:T500A
7MZK_HLA,A:A372G;A:G446N;A:N450D,eval,4e-05,3,A:A372G;A:G446N;A:N450D
7MZK_HLA,A:A372G;A:G446N;A:T500D,eval,4e-05,3,A:A372G;A:G446N;A:T500D
7MZK_HLA,A:A372G;A:G446N;A:T500N,eval,4e-05,3,A:A372G;A:G446N;A:T500N
7MZK_HLA,A:A372G;A:G446V,eval,4e-05,2,A:A372G;A:G446V
7MZK_HLA,A:A372G;A:G446V;A:N450T,eval,4e-05,3,A:A372G;A:G446V;A:N450T
7MZK_HLA,A:A372G;A:G446V;A:T500A,eval,4e-05,3,A:A372G;A:G446V;A:T500A
7MZK_HLA,A:A372G;A:G446Y;A:N450S,eval,4e-05,3,A:A372G;A:G446Y;A:N450S
7MZK_HLA,A:A372G;A:G446Y;A:N450T,eval,4e-05,3,A:A372G;A:G446Y;A:N450T
7MZK_HLA,A:A372G;A:G446Y;A:T500G,eval,4e-05,3,A:A372G;A:G446Y;A:T500G
7MZK_HLA,A:A372G;A:G446Y;A:T500S,eval,4e-05,3,A:A372G;A:G446Y;A:T500S
7MZK_HLA,A:A372G;A:L441I,eval,4e-05,2,A:A372G;A:L441I
7MZK_HLA,A:A372G;A:L441I;A:G446N,eval,4e-05,3,A:A372G;A:L441I;A:G446N
7MZK_HLA,A:A372G;A:L441I;A:N450T,eval,4e-05,3,A:A372G;A:L441I;A:N450T
7MZK_HLA,A:A372G;A:L441I;A:T500A,eval,4e-05,3,A:A372G;A:L441I;A:T500A
7MZK_HLA,A:A372G;A:L441I;A:T500G,eval,4e-05,3,A:A372G;A:L441I;A:T500G
7MZK_HLA,A:A372G;A:L441I;A:T500S,eval,4e-05,3,A:A372G;A:L441I;A:T500S
7MZK_HLA,A:A372G;A:L441N,eval,4e-05,2,A:A372G;A:L441N
7MZK_HLA,A:A372G;A:L441N;A:G446L,eval,4e-05,3,A:A372G;A:L441N;A:G446L
7MZK_HLA,A:A372G;A:L441N;A:G446V,eval,4e-05,3,A:A372G;A:L441N;A:G446V
7MZK_HLA,A:A372G;A:L441N;A:T500A,eval,4e-05,3,A:A372G;A:L441N;A:T500A
7MZK_HLA,A:A372G;A:L441N;A:T500N,eval,4e-05,3,A:A372G;A:L441N;A:T500N
7N0I_KE,WT,both,,0,WT
7N0I_KE,E:E280A;E:Q281I;E:R319K,steer,0.00024,3,E:E280A;E:Q281I;E:R319K
7N0I_KE,E:E280A;E:Q281I;E:S327D,steer,0.00024,3,E:E280A;E:Q281I;E:S327D
7N0I_KE,E:E280A;E:Q281I;E:T325L,steer,0.00024,3,E:E280A;E:Q281I;E:T325L
7N0I_KE,E:E280A;E:Q281I;E:T334A,steer,0.00024,3,E:E280A;E:Q281I;E:T334A
7N0I_KE,E:E280A;E:Q281I;E:T334D,steer,0.00024,3,E:E280A;E:Q281I;E:T334D
7N0I_KE,E:E280A;E:Q281I;E:T334E,steer,0.00024,3,E:E280A;E:Q281I;E:T334E
7N0I_KE,E:E280A;E:G321A;E:K361R,eval,3e-05,3,E:E280A;E:G321A;E:K361R
7N0I_KE,E:E280A;E:G321A;E:P326D,eval,3e-05,3,E:E280A;E:G321A;E:P326D
7N0I_KE,E:E280A;E:G321A;E:P326E,eval,3e-05,3,E:E280A;E:G321A;E:P326E
7N0I_KE,E:E280A;E:G321A;E:S327L,eval,3e-05,3,E:E280A;E:G321A;E:S327L
7N0I_KE,E:E280A;E:G321A;E:T325R,eval,3e-05,3,E:E280A;E:G321A;E:T325R
7N0I_KE,E:E280A;E:G321A;E:V324N,eval,3e-05,3,E:E280A;E:G321A;E:V324N
7N0I_KE,E:E280A;E:G321A;E:V324T,eval,3e-05,3,E:E280A;E:G321A;E:V324T
7N0I_KE,E:E280A;E:G321D;E:K361R,eval,3e-05,3,E:E280A;E:G321D;E:K361R
7N0I_KE,E:E280A;E:G321D;E:P326D,eval,3e-05,3,E:E280A;E:G321D;E:P326D
7N0I_KE,E:E280A;E:G321D;E:P326E,eval,3e-05,3,E:E280A;E:G321D;E:P326E
7N0I_KE,E:E280A;E:G321D;E:P326S,eval,3e-05,3,E:E280A;E:G321D;E:P326S
7N0I_KE,E:E280A;E:G321D;E:S327L,eval,3e-05,3,E:E280A;E:G321D;E:S327L
7N0I_KE,E:E280A;E:G321D;E:T325R,eval,3e-05,3,E:E280A;E:G321D;E:T325R
7N0I_KE,E:E280A;E:G321D;E:T334R,eval,3e-05,3,E:E280A;E:G321D;E:T334R
7N0I_KE,E:E280A;E:G321D;E:V324I,eval,3e-05,3,E:E280A;E:G321D;E:V324I
7N0I_KE,E:E280A;E:G321D;E:V324N,eval,3e-05,3,E:E280A;E:G321D;E:V324N
7N0I_KE,E:E280A;E:G321D;E:V324T,eval,3e-05,3,E:E280A;E:G321D;E:V324T
7N0I_KE,E:E280A;E:G321N,eval,3e-05,2,E:E280A;E:G321N
7N0I_KE,E:E280A;E:G321N;E:K361L,eval,3e-05,3,E:E280A;E:G321N;E:K361L
7N0I_KE,E:E280A;E:G321N;E:S327E,eval,3e-05,3,E:E280A;E:G321N;E:S327E
7N0I_KE,E:E280A;E:G321N;E:T325K,eval,3e-05,3,E:E280A;E:G321N;E:T325K
7N0I_KE,E:E280A;E:G321N;E:T334E,eval,3e-05,3,E:E280A;E:G321N;E:T334E
7N0I_KE,E:E280A;E:G321N;E:V324K,eval,3e-05,3,E:E280A;E:G321N;E:V324K
7N0I_KE,E:E280A;E:G321R;E:K361L,eval,3e-05,3,E:E280A;E:G321R;E:K361L
7N4I_HLC,WT,both,,0,WT
7N4I_HLC,C:A475S;C:H519P;C:A520S,steer,9e-05,3,C:A475S;C:H519P;C:A520S
7N4I_HLC,C:A475S;C:P479D;C:H519P,steer,9e-05,3,C:A475S;C:P479D;C:H519P
7N4I_HLC,C:A475S;C:P479N;C:H519P,steer,9e-05,3,C:A475S;C:P479N;C:H519P
7N4I_HLC,C:A475S;C:P479N;C:H519S,steer,9e-05,3,C:A475S;C:P479N;C:H519S
7N4I_HLC,C:A475S;C:P479Y;C:H519P,steer,9e-05,3,C:A475S;C:P479Y;C:H519P
7N4I_HLC,C:D428G;C:A475N;C:H519D,steer,9e-05,3,C:D428G;C:A475N;C:H519D
7N4I_HLC,C:A475K;C:G476A;C:H519D,eval,2e-05,3,C:A475K;C:G476A;C:H519D
7N4I_HLC,C:A475K;C:G476A;C:H519N,eval,2e-05,3,C:A475K;C:G476A;C:H519N
7N4I_HLC,C:A475K;C:G476D;C:H519D,eval,2e-05,3,C:A475K;C:G476D;C:H519D
7N4I_HLC,C:A475K;C:G476D;C:H519P,eval,2e-05,3,C:A475K;C:G476D;C:H519P
7N4I_HLC,C:A475K;C:G476D;C:H519S,eval,2e-05,3,C:A475K;C:G476D;C:H519S
7N4I_HLC,C:A475K;C:G476N;C:H519D,eval,2e-05,3,C:A475K;C:G476N;C:H519D
7N4I_HLC,C:A475K;C:G476N;C:H519N,eval,2e-05,3,C:A475K;C:G476N;C:H519N
7N4I_HLC,C:A475K;C:G482A;C:H519D,eval,2e-05,3,C:A475K;C:G482A;C:H519D
7N4I_HLC,C:A475K;C:G482A;C:H519N,eval,2e-05,3,C:A475K;C:G482A;C:H519N
7N4I_HLC,C:A475K;C:G482D;C:H519P,eval,2e-05,3,C:A475K;C:G482D;C:H519P
7N4I_HLC,C:A475K;C:G482N;C:H519D,eval,2e-05,3,C:A475K;C:G482N;C:H519D
7N4I_HLC,C:A475K;C:G482N;C:H519N,eval,2e-05,3,C:A475K;C:G482N;C:H519N
7N4I_HLC,C:A475K;C:G482N;C:H519S,eval,2e-05,3,C:A475K;C:G482N;C:H519S
7N4I_HLC,C:A475K;C:G482S;C:H519E,eval,2e-05,3,C:A475K;C:G482S;C:H519E
7N4I_HLC,C:A475K;C:H519D;C:A520E,eval,2e-05,3,C:A475K;C:H519D;C:A520E
7N4I_HLC,C:A475K;C:H519D;C:A520Q,eval,2e-05,3,C:A475K;C:H519D;C:A520Q
7N4I_HLC,C:A475K;C:H519E,eval,2e-05,2,C:A475K;C:H519E
7N4I_HLC,C:A475K;C:H519E;C:A520K,eval,2e-05,3,C:A475K;C:H519E;C:A520K
7N4I_HLC,C:A475K;C:H519E;C:A520R,eval,2e-05,3,C:A475K;C:H519E;C:A520R
7N4I_HLC,C:A475K;C:H519N;C:A520E,eval,2e-05,3,C:A475K;C:H519N;C:A520E
7N4I_HLC,C:A475K;C:H519N;C:A520K,eval,2e-05,3,C:A475K;C:H519N;C:A520K
7N4I_HLC,C:A475K;C:H519N;C:A520Q,eval,2e-05,3,C:A475K;C:H519N;C:A520Q
7N4I_HLC,C:A475K;C:N481D;C:H519E,eval,2e-05,3,C:A475K;C:N481D;C:H519E
7N4I_HLC,C:A475K;C:N481E;C:H519D,eval,2e-05,3,C:A475K;C:N481E;C:H519D
7NKS_HLA,WT,both,,0,WT
7NKS_HLA,A:A52E;A:A55S;A:Q93S,steer,0.00027,3,A:A52E;A:A55S;A:Q93S
7NKS_HLA,A:A52E;A:G89L;A:Q93S,steer,0.00027,3,A:A52E;A:G89L;A:Q93S
7NKS_HLA,A:A52E;A:G89S;A:Q93S,steer,0.00027,3,A:A52E;A:G89S;A:Q93S
7NKS_HLA,A:A52E;A:P88S;A:G89S,steer,0.00027,3,A:A52E;A:P88S;A:G89S
7NKS_HLA,A:A52E;A:P88S;A:Q93S,steer,0.00027,3,A:A52E;A:P88S;A:Q93S
7NKS_HLA,A:A52E;A:Q56S;A:G89L,steer,0.00027,3,A:A52E;A:Q56S;A:G89L
7NKS_HLA,A:A52E;A:A55D;A:A86S,eval,3e-05,3,A:A52E;A:A55D;A:A86S
7NKS_HLA,A:A52E;A:A55D;A:A86V,eval,3e-05,3,A:A52E;A:A55D;A:A86V
7NKS_HLA,A:A52E;A:A55D;A:Q93L,eval,3e-05,3,A:A52E;A:A55D;A:Q93L
7NKS_HLA,A:A52E;A:A55K;A:A86S,eval,3e-05,3,A:A52E;A:A55K;A:A86S
7NKS_HLA,A:A52E;A:A55K;A:D87A,eval,3e-05,3,A:A52E;A:A55K;A:D87A
7NKS_HLA,A:A52E;A:A55K;A:P88F,eval,3e-05,3,A:A52E;A:A55K;A:P88F
7NKS_HLA,A:A52E;A:A55K;A:P88T,eval,3e-05,3,A:A52E;A:A55K;A:P88T
7NKS_HLA,A:A52E;A:A55K;A:Q56D,eval,3e-05,3,A:A52E;A:A55K;A:Q56D
7NKS_HLA,A:A52E;A:A55K;A:Q56E,eval,3e-05,3,A:A52E;A:A55K;A:Q56E
7NKS_HLA,A:A52E;A:A55K;A:Q56N,eval,3e-05,3,A:A52E;A:A55K;A:Q56N
7NKS_HLA,A:A52E;A:A55K;A:Q93E,eval,3e-05,3,A:A52E;A:A55K;A:Q93E
7NKS_HLA,A:A52E;A:A55Q;A:G89L,eval,3e-05,3,A:A52E;A:A55Q;A:G89L
7NKS_HLA,A:A52E;A:A55Q;A:P88S,eval,3e-05,3,A:A52E;A:A55Q;A:P88S
7NKS_HLA,A:A52E;A:A55Q;A:Q93L,eval,3e-05,3,A:A52E;A:A55Q;A:Q93L
7NKS_HLA,A:A52E;A:A55R;A:G89S,eval,3e-05,3,A:A52E;A:A55R;A:G89S
7NKS_HLA,A:A52E;A:A55R;A:P88S,eval,3e-05,3,A:A52E;A:A55R;A:P88S
7NKS_HLA,A:A52E;A:A55R;A:Q56S,eval,3e-05,3,A:A52E;A:A55R;A:Q56S
7NKS_HLA,A:A52E;A:A55S,eval,3e-05,2,A:A52E;A:A55S
7NKS_HLA,A:A52E;A:A55S;A:A290E,eval,3e-05,3,A:A52E;A:A55S;A:A290E
7NKS_HLA,A:A52E;A:A55S;A:A86P,eval,3e-05,3,A:A52E;A:A55S;A:A86P
7NKS_HLA,A:A52E;A:A55S;A:G296F,eval,3e-05,3,A:A52E;A:A55S;A:G296F
7NKS_HLA,A:A52E;A:A55S;A:P88Q,eval,3e-05,3,A:A52E;A:A55S;A:P88Q
7NKS_HLA,A:A52E;A:A86N;A:P88T,eval,3e-05,3,A:A52E;A:A86N;A:P88T
7NKS_HLA,A:A52E;A:A86N;A:Q93L,eval,3e-05,3,A:A52E;A:A86N;A:Q93L
7NQK_BA,WT,both,,0,WT
7NQK_BA,A:F74H;A:M140T;A:Q214G,steer,0.00019,3,A:F74H;A:M140T;A:Q214G
7NQK_BA,A:F74Y;A:H76K;A:M140T,steer,0.00019,3,A:F74Y;A:H76K;A:M140T
7NQK_BA,A:F74Y;A:K139D;A:M140T,steer,0.00019,3,A:F74Y;A:K139D;A:M140T
7NQK_BA,A:F74Y;A:K139E;A:M140T,steer,0.00019,3,A:F74Y;A:K139E;A:M140T
7NQK_BA,A:F74Y;A:K139G;A:M140T,steer,0.00019,3,A:F74Y;A:K139G;A:M140T
7NQK_BA,A:F74Y;A:K139G;A:Q214G,steer,0.00019,3,A:F74Y;A:K139G;A:Q214G
7NQK_BA,A:A535K,eval,4e-05,1,A:A535K
7NQK_BA,A:A535K;A:D565E,eval,4e-05,2,A:A535K;A:D565E
7NQK_BA,A:A535K;A:D565G,eval,4e-05,2,A:A535K;A:D565G
7NQK_BA,A:A535K;A:D565N,eval,4e-05,2,A:A535K;A:D565N
7NQK_BA,A:A535V,eval,4e-05,1,A:A535V
7NQK_BA,A:A535V;A:D565G,eval,4e-05,2,A:A535V;A:D565G
7NQK_BA,A:D532E;A:A535K;A:D565E,eval,4e-05,3,A:D532E;A:A535K;A:D565E
7NQK_BA,A:D532E;A:A535K;A:D565G,eval,4e-05,3,A:D532E;A:A535K;A:D565G
7NQK_BA,A:D532E;A:A535K;A:D565N,eval,4e-05,3,A:D532E;A:A535K;A:D565N
7NQK_BA,A:D532E;A:A535Q,eval,4e-05,2,A:D532E;A:A535Q
7NQK_BA,A:D532E;A:A535T,eval,4e-05,2,A:D532E;A:A535T
7NQK_BA,A:D532E;A:A535V,eval,4e-05,2,A:D532E;A:A535V
7NQK_BA,A:D532E;A:A535V;A:D565E,eval,4e-05,3,A:D532E;A:A535V;A:D565E
7NQK_BA,A:D532E;A:A535V;A:D565G,eval,4e-05,3,A:D532E;A:A535V;A:D565G
7NQK_BA,A:D532E;A:A535V;A:D565N,eval,4e-05,3,A:D532E;A:A535V;A:D565N
7NQK_BA,A:D532E;A:T533A;A:A535V,eval,4e-05,3,A:D532E;A:T533A;A:A535V
7NQK_BA,A:D532E;A:T533G,eval,4e-05,2,A:D532E;A:T533G
7NQK_BA,A:D532E;A:T533G;A:A535T,eval,4e-05,3,A:D532E;A:T533G;A:A535T
7NQK_BA,A:D532E;A:T533P;A:A535V,eval,4e-05,3,A:D532E;A:T533P;A:A535V
7NQK_BA,A:D532E;A:T533S;A:D534G,eval,4e-05,3,A:D532E;A:T533S;A:D534G
7NQK_BA,A:D532E;A:T533S;A:D534N,eval,4e-05,3,A:D532E;A:T533S;A:D534N
7NQK_BA,A:D532E;A:T533S;A:D565E,eval,4e-05,3,A:D532E;A:T533S;A:D565E
7NQK_BA,A:D532E;A:T533S;A:D565G,eval,4e-05,3,A:D532E;A:T533S;A:D565G
7NQK_BA,A:D532E;A:T533S;A:D565N,eval,4e-05,3,A:D532E;A:T533S;A:D565N
7OR9_HLE,WT,both,,0,WT
7OR9_HLE,E:E471K;E:G482E,steer,0.00022,2,E:E471K;E:G482E
7OR9_HLE,E:G446F;E:N450Q,steer,0.00022,2,E:G446F;E:N450Q
7OR9_HLE,E:G446F;E:S469K,steer,0.00022,2,E:G446F;E:S469K
7OR9_HLE,E:G446F;E:S469N,steer,0.00022,2,E:G446F;E:S469N
7OR9_HLE,E:G446F;E:T470D,steer,0.00022,2,E:G446F;E:T470D
7OR9_HLE,E:G446H;E:E471A;E:G482N,steer,0.00022,3,E:G446H;E:E471A;E:G482N
7OR9_HLE,E:E471A;E:G482N,eval,3e-05,2,E:E471A;E:G482N
7OR9_HLE,E:E471A;E:G482N;E:T500L,eval,3e-05,3,E:E471A;E:G482N;E:T500L
7OR9_HLE,E:E471A;E:G482N;E:T500N,eval,3e-05,3,E:E471A;E:G482N;E:T500N
7OR9_HLE,E:E471A;E:G482N;E:V483K,eval,3e-05,3,E:E471A;E:G482N;E:V483K
7OR9_HLE,E:E471A;E:G482N;E:V483T,eval,3e-05,3,E:E471A;E:G482N;E:V483T
7OR9_HLE,E:E471A;E:G482S;E:V483I,eval,3e-05,3,E:E471A;E:G482S;E:V483I
7OR9_HLE,E:E471A;E:T500D,eval,3e-05,2,E:E471A;E:T500D
7OR9_HLE,E:E471A;E:V483I,eval,3e-05,2,E:E471A;E:V483I
7OR9_HLE,E:E471A;E:V483I;E:T500G,eval,3e-05,3,E:E471A;E:V483I;E:T500G
7OR9_HLE,E:E471A;E:V483I;E:T500L,eval,3e-05,3,E:E471A;E:V483I;E:T500L
7OR9_HLE,E:E471A;E:V483I;E:T500N,eval,3e-05,3,E:E471A;E:V483I;E:T500N
7OR9_HLE,E:E471A;E:V483K;E:T500N,eval,3e-05,3,E:E471A;E:V483K;E:T500N
7OR9_HLE,E:E471A;E:V483Q;E:T500S,eval,3e-05,3,E:E471A;E:V483Q;E:T500S
7OR9_HLE,E:E471A;E:V483T;E:T500D,eval,3e-05,3,E:E471A;E:V483T;E:T500D
7OR9_HLE,E:E471D,eval,3e-05,1,E:E471D
7OR9_HLE,E:E471D;E:G482S,eval,3e-05,2,E:E471D;E:G482S
7OR9_HLE,E:E471D;E:T500G,eval,3e-05,2,E:E471D;E:T500G
7OR9_HLE,E:E471D;E:T500S,eval,3e-05,2,E:E471D;E:T500S
7OR9_HLE,E:E471K;E:G482S,eval,3e-05,2,E:E471K;E:G482S
7OR9_HLE,E:E471K;E:T500G,eval,3e-05,2,E:E471K;E:T500G
7OR9_HLE,E:E471K;E:T500S,eval,3e-05,2,E:E471K;E:T500S
7OR9_HLE,E:E471S;E:G482D;E:T500S,eval,3e-05,3,E:E471S;E:G482D;E:T500S
7OR9_HLE,E:E471S;E:G482N;E:T500L,eval,3e-05,3,E:E471S;E:G482N;E:T500L
7OR9_HLE,E:E471S;E:G482N;E:T500N,eval,3e-05,3,E:E471S;E:G482N;E:T500N
7PA9_KLD,WT,both,,0,WT
7PA9_KLD,D:D112F;D:D149F;D:G250A,steer,0.00017,3,D:D112F;D:D149F;D:G250A
7PA9_KLD,D:D112F;D:D149F;D:G250D,steer,0.00017,3,D:D112F;D:D149F;D:G250D
7PA9_KLD,D:D112F;D:D149F;D:G250E,steer,0.00017,3,D:D112F;D:D149F;D:G250E
7PA9_KLD,D:D112F;D:D149F;D:S249E,steer,0.00017,3,D:D112F;D:D149F;D:S249E
7PA9_KLD,D:D112F;D:G150C;D:S249D,steer,0.00017,3,D:D112F;D:G150C;D:S249D
7PA9_KLD,D:D112F;D:S249C;D:G250A,steer,0.00017,3,D:D112F;D:S249C;D:G250A
7PA9_KLD,D:D112F;D:D149E;D:S249D,eval,3e-05,3,D:D112F;D:D149E;D:S249D
7PA9_KLD,D:D112F;D:D149G;D:S249D,eval,3e-05,3,D:D112F;D:D149G;D:S249D
7PA9_KLD,D:D112F;D:G150A;D:S249D,eval,3e-05,3,D:D112F;D:G150A;D:S249D
7PA9_KLD,D:D112F;D:G150D;D:S249D,eval,3e-05,3,D:D112F;D:G150D;D:S249D
7PA9_KLD,D:D112F;D:G150E;D:S249D,eval,3e-05,3,D:D112F;D:G150E;D:S249D
7PA9_KLD,D:D112F;D:G250A,eval,3e-05,2,D:D112F;D:G250A
7PA9_KLD,D:D112F;D:G250D,eval,3e-05,2,D:D112F;D:G250D
7PA9_KLD,D:D112F;D:G250E,eval,3e-05,2,D:D112F;D:G250E
7PA9_KLD,D:D112F;D:S249A,eval,3e-05,2,D:D112F;D:S249A
7PA9_KLD,D:D112N;D:S249D;D:G250A,eval,3e-05,3,D:D112N;D:S249D;D:G250A
7PA9_KLD,D:D112N;D:S249D;D:G250D,eval,3e-05,3,D:D112N;D:S249D;D:G250D
7PA9_KLD,D:D112S;D:D149E;D:S249D,eval,3e-05,3,D:D112S;D:D149E;D:S249D
7PA9_KLD,D:D112S;D:G150A;D:S249D,eval,3e-05,3,D:D112S;D:G150A;D:S249D
7PA9_KLD,D:D112S;D:G150D;D:S249D,eval,3e-05,3,D:D112S;D:G150D;D:S249D
7PA9_KLD,D:D112S;D:G150E;D:S249D,eval,3e-05,3,D:D112S;D:G150E;D:S249D
7PA9_KLD,D:D112S;D:G250A,eval,3e-05,2,D:D112S;D:G250A
7PA9_KLD,D:D112S;D:G250D,eval,3e-05,2,D:D112S;D:G250D
7PA9_KLD,D:D112S;D:G250E,eval,3e-05,2,D:D112S;D:G250E
7PA9_KLD,D:D112S;D:S249A,eval,3e-05,2,D:D112S;D:S249A
7PA9_KLD,D:D112S;D:S249E,eval,3e-05,2,D:D112S;D:S249E
7PA9_KLD,D:D112T;D:D149A;D:S249D,eval,3e-05,3,D:D112T;D:D149A;D:S249D
7PA9_KLD,D:D112T;D:D149E;D:S249D,eval,3e-05,3,D:D112T;D:D149E;D:S249D
7PA9_KLD,D:D112T;D:D149G;D:S249D,eval,3e-05,3,D:D112T;D:D149G;D:S249D
7PA9_KLD,D:D112T;D:G150A;D:S249D,eval,3e-05,3,D:D112T;D:G150A;D:S249D
7QBG_GA,WT,both,,0,WT
7QBG_GA,A:G68S;A:H133A;A:E373G,steer,0.00039,3,A:G68S;A:H133A;A:E373G
7QBG_GA,A:G68S;A:M367A;A:E373G,steer,0.00039,3,A:G68S;A:M367A;A:E373G
7QBG_GA,A:G68S;A:R122E;A:E373G,steer,0.00039,3,A:G68S;A:R122E;A:E373G
7QBG_GA,A:G68S;A:R122E;A:M367A,steer,0.00039,3,A:G68S;A:R122E;A:M367A
7QBG_GA,A:G80D;A:H133A;A:E373G,steer,0.00039,3,A:G80D;A:H133A;A:E373G
7QBG_GA,A:G80D;A:M367A;A:E373G,steer,0.00039,3,A:G80D;A:M367A;A:E373G
7QBG_GA,A:A370D;A:G372E;A:E373G,eval,3e-05,3,A:A370D;A:G372E;A:E373G
7QBG_GA,A:A370E;A:E373A,eval,3e-05,2,A:A370E;A:E373A
7QBG_GA,A:A370G;A:G372D;A:E373G,eval,3e-05,3,A:A370G;A:G372D;A:E373G
7QBG_GA,A:E373D,eval,3e-05,1,A:E373D
7QBG_GA,A:G368A;A:A370E,eval,3e-05,2,A:G368A;A:A370E
7QBG_GA,A:G368A;A:A370E;A:E373A,eval,3e-05,3,A:G368A;A:A370E;A:E373A
7QBG_GA,A:G368A;A:A370E;A:E373D,eval,3e-05,3,A:G368A;A:A370E;A:E373D
7QBG_GA,A:G368A;A:A370G;A:E373A,eval,3e-05,3,A:G368A;A:A370G;A:E373A
7QBG_GA,A:G368A;A:G372E,eval,3e-05,2,A:G368A;A:G372E
7QBG_GA,A:G368A;A:K369C;A:E373G,eval,3e-05,3,A:G368A;A:K369C;A:E373G
7QBG_GA,A:G368D;A:A370G;A:E373G,eval,3e-05,3,A:G368D;A:A370G;A:E373G
7QBG_GA,A:G368D;A:G372A;A:E373G,eval,3e-05,3,A:G368D;A:G372A;A:E373G
7QBG_GA,A:G368D;A:K369A;A:E373G,eval,3e-05,3,A:G368D;A:K369A;A:E373G
7QBG_GA,A:G368E;A:A370D;A:E373G,eval,3e-05,3,A:G368E;A:A370D;A:E373G
7QBG_GA,A:G368E;A:E373A,eval,3e-05,2,A:G368E;A:E373A
7QBG_GA,A:G368E;A:E373D,eval,3e-05,2,A:G368E;A:E373D
7QBG_GA,A:G372E,eval,3e-05,1,A:G372E
7QBG_GA,A:G372E;A:E373A,eval,3e-05,2,A:G372E;A:E373A
7QBG_GA,A:G372E;A:E373D,eval,3e-05,2,A:G372E;A:E373D
7QBG_GA,A:G68D;A:G368A;A:E373A,eval,3e-05,3,A:G68D;A:G368A;A:E373A
7QBG_GA,A:G68D;A:G368A;A:E373D,eval,3e-05,3,A:G68D;A:G368A;A:E373D
7QBG_GA,A:G68D;A:G368D;A:E373G,eval,3e-05,3,A:G68D;A:G368D;A:E373G
7QBG_GA,A:G68D;A:G372D;A:E373G,eval,3e-05,3,A:G68D;A:G372D;A:E373G
7QBG_GA,A:G68D;A:G80A;A:H131F,eval,3e-05,3,A:G68D;A:G80A;A:H131F
7QUH_HLA,WT,both,,0,WT
7QUH_HLA,A:D20A;A:D25E;A:W103S,steer,0.0001,3,A:D20A;A:D25E;A:W103S
7QUH_HLA,A:D20A;A:D25Q;A:W103S,steer,0.0001,3,A:D20A;A:D25Q;A:W103S
7QUH_HLA,A:D20A;A:G24S;A:W103S,steer,0.0001,3,A:D20A;A:G24S;A:W103S
7QUH_HLA,A:D20A;A:G26F;A:S104K,steer,0.0001,3,A:D20A;A:G26F;A:S104K
7QUH_HLA,A:D20A;A:G26F;A:T57Y,steer,0.0001,3,A:D20A;A:G26F;A:T57Y
7QUH_HLA,A:D20A;A:G26F;A:W103R,steer,0.0001,3,A:D20A;A:G26F;A:W103R
7QUH_HLA,A:D20A;A:D25H;A:S104H,eval,3e-05,3,A:D20A;A:D25H;A:S104H
7QUH_HLA,A:D20A;A:D25H;A:S104N,eval,3e-05,3,A:D20A;A:D25H;A:S104N
7QUH_HLA,A:D20A;A:D25Q;A:W103A,eval,3e-05,3,A:D20A;A:D25Q;A:W103A
7QUH_HLA,A:D20A;A:D25S,eval,3e-05,2,A:D20A;A:D25S
7QUH_HLA,A:D20A;A:D25S;A:T57V,eval,3e-05,3,A:D20A;A:D25S;A:T57V
7QUH_HLA,A:D20A;A:D25Y;A:S104K,eval,3e-05,3,A:D20A;A:D25Y;A:S104K
7QUH_HLA,A:D20A;A:D25Y;A:T57Y,eval,3e-05,3,A:D20A;A:D25Y;A:T57Y
7QUH_HLA,A:D20A;A:D25Y;A:W103R,eval,3e-05,3,A:D20A;A:D25Y;A:W103R
7QUH_HLA,A:D20A;A:D54A;A:S104H,eval,3e-05,3,A:D20A;A:D54A;A:S104H
7QUH_HLA,A:D20A;A:D54A;A:S104N,eval,3e-05,3,A:D20A;A:D54A;A:S104N
7QUH_HLA,A:D20A;A:D54E;A:W103N,eval,3e-05,3,A:D20A;A:D54E;A:W103N
7QUH_HLA,A:D20A;A:D54L;A:S104K,eval,3e-05,3,A:D20A;A:D54L;A:S104K
7QUH_HLA,A:D20A;A:D54L;A:T57Y,eval,3e-05,3,A:D20A;A:D54L;A:T57Y
7QUH_HLA,A:D20A;A:D54L;A:W103R,eval,3e-05,3,A:D20A;A:D54L;A:W103R
7QUH_HLA,A:D20A;A:D54N;A:W103N,eval,3e-05,3,A:D20A;A:D54N;A:W103N
7QUH_HLA,A:D20A;A:D54S,eval,3e-05,2,A:D20A;A:D54S
7QUH_HLA,A:D20A;A:D54S;A:T57V,eval,3e-05,3,A:D20A;A:D54S;A:T57V
7QUH_HLA,A:D20A;A:D58A;A:S104K,eval,3e-05,3,A:D20A;A:D58A;A:S104K
7QUH_HLA,A:D20A;A:D58A;A:W103R,eval,3e-05,3,A:D20A;A:D58A;A:W103R
7QUH_HLA,A:D20A;A:D58S;A:S104K,eval,3e-05,3,A:D20A;A:D58S;A:S104K
7QUH_HLA,A:D20A;A:D58S;A:W103R,eval,3e-05,3,A:D20A;A:D58S;A:W103R
7QUH_HLA,A:D20A;A:D58T;A:W103S,eval,3e-05,3,A:D20A;A:D58T;A:W103S
7QUH_HLA,A:D20A;A:G24A;A:S104H,eval,3e-05,3,A:D20A;A:G24A;A:S104H
7QUH_HLA,A:D20A;A:G24A;A:T57Y,eval,3e-05,3,A:D20A;A:G24A;A:T57Y
7RNN_CD,WT,both,,0,WT
7RNN_CD,D:D298E;D:D300E;D:F301Y,steer,0.00036,3,D:D298E;D:D300E;D:F301Y
7RNN_CD,D:D298E;D:D300S;D:F301Y,steer,0.00036,3,D:D298E;D:D300S;D:F301Y
7RNN_CD,D:M295A;D:D298E;D:D300N,steer,0.00036,3,D:M295A;D:D298E;D:D300N
7RNN_CD,D:M295A;D:D298E;D:D300Q,steer,0.00036,3,D:M295A;D:D298E;D:D300Q
7RNN_CD,D:M295A;D:D298E;D:E359D,steer,0.00036,3,D:M295A;D:D298E;D:E359D
7RNN_CD,D:M295A;D:D298E;D:E359N,steer,0.00036,3,D:M295A;D:D298E;D:E359N
7RNN_CD,D:D296K;D:D298E;D:D300Q,eval,0.0001,3,D:D296K;D:D298E;D:D300Q
7RNN_CD,D:D296K;D:D298E;D:E359D,eval,0.0001,3,D:D296K;D:D298E;D:E359D
7RNN_CD,D:D296K;D:D298E;D:E359N,eval,0.0001,3,D:D296K;D:D298E;D:E359N
7RNN_CD,D:D296K;D:D298E;D:E359S,eval,0.0001,3,D:D296K;D:D298E;D:E359S
7RNN_CD,D:D296K;D:D298E;D:F301L,eval,0.0001,3,D:D296K;D:D298E;D:F301L
7RNN_CD,D:D296K;D:D300Q;D:F301Y,eval,0.0001,3,D:D296K;D:D300Q;D:F301Y
7RNN_CD,D:D296K;D:F301Y;D:E359D,eval,0.0001,3,D:D296K;D:F301Y;D:E359D
7RNN_CD,D:D296K;D:F301Y;D:E359N,eval,0.0001,3,D:D296K;D:F301Y;D:E359N
7RNN_CD,D:D296K;D:F301Y;D:E359S,eval,0.0001,3,D:D296K;D:F301Y;D:E359S
7RNN_CD,D:D296N;D:D298E;D:E359N,eval,0.0001,3,D:D296N;D:D298E;D:E359N
7RNN_CD,D:D296N;D:D298E;D:E359S,eval,0.0001,3,D:D296N;D:D298E;D:E359S
7RNN_CD,D:D296N;D:D298E;D:V362S,eval,0.0001,3,D:D296N;D:D298E;D:V362S
7RNN_CD,D:D296N;D:D300E;D:E359D,eval,0.0001,3,D:D296N;D:D300E;D:E359D
7RNN_CD,D:D296N;D:D300E;D:E359N,eval,0.0001,3,D:D296N;D:D300E;D:E359N
7RNN_CD,D:D296N;D:D300E;D:E359S,eval,0.0001,3,D:D296N;D:D300E;D:E359S
7RNN_CD,D:D296N;D:D300E;D:F301L,eval,0.0001,3,D:D296N;D:D300E;D:F301L
7RNN_CD,D:D296N;D:D300S;D:E359D,eval,0.0001,3,D:D296N;D:D300S;D:E359D
7RNN_CD,D:D296N;D:D300S;D:E359N,eval,0.0001,3,D:D296N;D:D300S;D:E359N
7RNN_CD,D:D296N;D:D300S;D:E359S,eval,0.0001,3,D:D296N;D:D300S;D:E359S
7RNN_CD,D:D296N;D:D300S;D:F301L,eval,0.0001,3,D:D296N;D:D300S;D:F301L
7RNN_CD,D:D296N;D:F301Y;D:E359D,eval,0.0001,3,D:D296N;D:F301Y;D:E359D
7RNN_CD,D:D296N;D:F301Y;D:E359N,eval,0.0001,3,D:D296N;D:F301Y;D:E359N
7RNN_CD,D:D296N;D:F301Y;D:E359S,eval,0.0001,3,D:D296N;D:F301Y;D:E359S
7RNN_CD,D:D296N;D:F301Y;D:V362S,eval,0.0001,3,D:D296N;D:F301Y;D:V362S
7RXJ_HLI,WT,both,,0,WT
7RXJ_HLI,I:D313E;I:A361K;I:N362K,steer,0.00015,3,I:D313E;I:A361K;I:N362K
7RXJ_HLI,I:D313E;I:D356C;I:A361K,steer,0.00015,3,I:D313E;I:D356C;I:A361K
7RXJ_HLI,I:D313E;I:D356E;I:A361K,steer,0.00015,3,I:D313E;I:D356E;I:A361K
7RXJ_HLI,I:D313E;I:D356N;I:A361K,steer,0.00015,3,I:D313E;I:D356N;I:A361K
7RXJ_HLI,I:D313E;I:D356N;I:D359I,steer,0.00015,3,I:D313E;I:D356N;I:D359I
7RXJ_HLI,I:D313E;I:D356N;I:D359L,steer,0.00015,3,I:D313E;I:D356N;I:D359L
7RXJ_HLI,I:A361D;I:N362K,eval,2e-05,2,I:A361D;I:N362K
7RXJ_HLI,I:A361N;I:N362K,eval,2e-05,2,I:A361N;I:N362K
7RXJ_HLI,I:A361T;I:N362K,eval,2e-05,2,I:A361T;I:N362K
7RXJ_HLI,I:D313A;I:A361K,eval,2e-05,2,I:D313A;I:A361K
7RXJ_HLI,I:D313A;I:D356C;I:D359I,eval,2e-05,3,I:D313A;I:D356C;I:D359I
7RXJ_HLI,I:D313A;I:D356C;I:D359L,eval,2e-05,3,I:D313A;I:D356C;I:D359L
7RXJ_HLI,I:D313A;I:D356N;I:A361E,eval,2e-05,3,I:D313A;I:D356N;I:A361E
7RXJ_HLI,I:D313A;I:D356N;I:D359E,eval,2e-05,3,I:D313A;I:D356N;I:D359E
7RXJ_HLI,I:D313A;I:D356N;I:D359I,eval,2e-05,3,I:D313A;I:D356N;I:D359I
7RXJ_HLI,I:D313A;I:D356N;I:N362K,eval,2e-05,3,I:D313A;I:D356N;I:N362K
7RXJ_HLI,I:D313A;I:D356S;I:D359I,eval,2e-05,3,I:D313A;I:D356S;I:D359I
7RXJ_HLI,I:D313A;I:D356S;I:D359L,eval,2e-05,3,I:D313A;I:D356S;I:D359L
7RXJ_HLI,I:D313A;I:D359I;I:N362K,eval,2e-05,3,I:D313A;I:D359I;I:N362K
7RXJ_HLI,I:D313A;I:D359L;I:A361E,eval,2e-05,3,I:D313A;I:D359L;I:A361E
7RXJ_HLI,I:D313A;I:D359L;I:N362K,eval,2e-05,3,I:D313A;I:D359L;I:N362K
7RXJ_HLI,I:D313A;I:D359N;I:A361K,eval,2e-05,3,I:D313A;I:D359N;I:A361K
7RXJ_HLI,I:D313A;I:E357D;I:A361K,eval,2e-05,3,I:D313A;I:E357D;I:A361K
7RXJ_HLI,I:D313A;I:E357N;I:A361K,eval,2e-05,3,I:D313A;I:E357N;I:A361K
7RXJ_HLI,I:D313A;I:E357S;I:D359L,eval,2e-05,3,I:D313A;I:E357S;I:D359L
7RXJ_HLI,I:D313A;I:E357T;I:A361K,eval,2e-05,3,I:D313A;I:E357T;I:A361K
7RXJ_HLI,I:D313A;I:K314E;I:A361K,eval,2e-05,3,I:D313A;I:K314E;I:A361K
7RXJ_HLI,I:D313A;I:K322E;I:A361K,eval,2e-05,3,I:D313A;I:K322E;I:A361K
7RXJ_HLI,I:D313A;I:K353I;I:A361K,eval,2e-05,3,I:D313A;I:K353I;I:A361K
7RXJ_HLI,I:D313A;I:K353I;I:P354K,eval,2e-05,3,I:D313A;I:K353I;I:P354K
7SA6_HLA,WT,both,,0,WT
7SA6_HLA,A:D88N;A:H122A;A:N128A,steer,0.00032,3,A:D88N;A:H122A;A:N128A
7SA6_HLA,A:D88N;A:H122A;A:N128D,steer,0.00032,3,A:D88N;A:H122A;A:N128D
7SA6_HLA,A:D88N;A:H122A;A:N128E,steer,0.00032,3,A:D88N;A:H122A;A:N128E
7SA6_HLA,A:D88N;A:H122A;A:N128F,steer,0.00032,3,A:D88N;A:H122A;A:N128F
7SA6_HLA,A:D88N;A:H122D;A:N128A,steer,0.00032,3,A:D88N;A:H122D;A:N128A
7SA6_HLA,A:D88N;A:H122S;A:N128A,steer,0.00032,3,A:D88N;A:H122S;A:N128A
7SA6_HLA,A:D88E;A:E121D,eval,6e-05,2,A:D88E;A:E121D
7SA6_HLA,A:D88E;A:H122A;A:K125Q,eval,6e-05,3,A:D88E;A:H122A;A:K125Q
7SA6_HLA,A:D88E;A:H122D;A:K125S,eval,6e-05,3,A:D88E;A:H122D;A:K125S
7SA6_HLA,A:D88E;A:H122D;A:K125T,eval,6e-05,3,A:D88E;A:H122D;A:K125T
7SA6_HLA,A:D88E;A:H122D;A:S123K,eval,6e-05,3,A:D88E;A:H122D;A:S123K
7SA6_HLA,A:D88E;A:H122D;A:S123T,eval,6e-05,3,A:D88E;A:H122D;A:S123T
7SA6_HLA,A:D88E;A:H122E;A:K125L,eval,6e-05,3,A:D88E;A:H122E;A:K125L
7SA6_HLA,A:D88E;A:H122E;A:K125S,eval,6e-05,3,A:D88E;A:H122E;A:K125S
7SA6_HLA,A:D88E;A:H122E;A:K125T,eval,6e-05,3,A:D88E;A:H122E;A:K125T
7SA6_HLA,A:D88E;A:H122E;A:S123K,eval,6e-05,3,A:D88E;A:H122E;A:S123K
7SA6_HLA,A:D88E;A:H122E;A:S123T,eval,6e-05,3,A:D88E;A:H122E;A:S123T
7SA6_HLA,A:D88E;A:H122S;A:K125I,eval,6e-05,3,A:D88E;A:H122S;A:K125I
7SA6_HLA,A:D88E;A:H122S;A:S123E,eval,6e-05,3,A:D88E;A:H122S;A:S123E
7SA6_HLA,A:D88E;A:H122S;A:S123V,eval,6e-05,3,A:D88E;A:H122S;A:S123V
7SA6_HLA,A:D88E;A:H122T;A:K125I,eval,6e-05,3,A:D88E;A:H122T;A:K125I
7SA6_HLA,A:D88E;A:H122T;A:K125S,eval,6e-05,3,A:D88E;A:H122T;A:K125S
7SA6_HLA,A:D88E;A:H122T;A:S123E,eval,6e-05,3,A:D88E;A:H122T;A:S123E
7SA6_HLA,A:D88E;A:H122T;A:S123K,eval,6e-05,3,A:D88E;A:H122T;A:S123K
7SA6_HLA,A:D88E;A:H122T;A:S123V,eval,6e-05,3,A:D88E;A:H122T;A:S123V
7SA6_HLA,A:D88E;A:K125I;A:N128A,eval,6e-05,3,A:D88E;A:K125I;A:N128A
7SA6_HLA,A:D88E;A:K125L;A:N128D,eval,6e-05,3,A:D88E;A:K125L;A:N128D
7SA6_HLA,A:D88E;A:K125L;A:N128E,eval,6e-05,3,A:D88E;A:K125L;A:N128E
7SA6_HLA,A:D88E;A:K125L;A:N128F,eval,6e-05,3,A:D88E;A:K125L;A:N128F
7SA6_HLA,A:D88E;A:K125T;A:N128D,eval,6e-05,3,A:D88E;A:K125T;A:N128D
7SGM_HLA,WT,both,,0,WT
7SGM_HLA,A:G144A;A:Y145S;A:K216A,steer,0.00027,3,A:G144A;A:Y145S;A:K216A
7SGM_HLA,A:G144D;A:Y145S;A:A215E,steer,0.00027,3,A:G144D;A:Y145S;A:A215E
7SGM_HLA,A:G144D;A:Y145S;A:A215G,steer,0.00027,3,A:G144D;A:Y145S;A:A215G
7SGM_HLA,A:G144D;A:Y145S;A:G250D,steer,0.00027,3,A:G144D;A:Y145S;A:G250D
7SGM_HLA,A:G144D;A:Y145S;A:G250E,steer,0.00027,3,A:G144D;A:Y145S;A:G250E
7SGM_HLA,A:G144D;A:Y145S;A:K216A,steer,0.00027,3,A:G144D;A:Y145S;A:K216A
7SGM_HLA,A:A215C,eval,3e-05,1,A:A215C
7SGM_HLA,A:A215C;A:G250A,eval,3e-05,2,A:A215C;A:G250A
7SGM_HLA,A:A215C;A:G250E;A:T251R,eval,3e-05,3,A:A215C;A:G250E;A:T251R
7SGM_HLA,A:A215C;A:G252E,eval,3e-05,2,A:A215C;A:G252E
7SGM_HLA,A:A215C;A:K216A;A:G250F,eval,3e-05,3,A:A215C;A:K216A;A:G250F
7SGM_HLA,A:A215C;A:K216C,eval,3e-05,2,A:A215C;A:K216C
7SGM_HLA,A:A215C;A:K216D;A:S245A,eval,3e-05,3,A:A215C;A:K216D;A:S245A
7SGM_HLA,A:A215C;A:K216D;A:S245D,eval,3e-05,3,A:A215C;A:K216D;A:S245D
7SGM_HLA,A:A215C;A:K216D;A:T251R,eval,3e-05,3,A:A215C;A:K216D;A:T251R
7SGM_HLA,A:A215C;A:K216E;A:S245A,eval,3e-05,3,A:A215C;A:K216E;A:S245A
7SGM_HLA,A:A215C;A:K216E;A:S245D,eval,3e-05,3,A:A215C;A:K216E;A:S245D
7SGM_HLA,A:A215C;A:K216E;A:T251R,eval,3e-05,3,A:A215C;A:K216E;A:T251R
7SGM_HLA,A:A215C;A:P217A,eval,3e-05,2,A:A215C;A:P217A
7SGM_HLA,A:A215C;A:P217E,eval,3e-05,2,A:A215C;A:P217E
7SGM_HLA,A:A215C;A:S245A;A:G250E,eval,3e-05,3,A:A215C;A:S245A;A:G250E
7SGM_HLA,A:A215C;A:S245D;A:G250E,eval,3e-05,3,A:A215C;A:S245D;A:G250E
7SGM_HLA,A:A215C;A:S245D;A:T251S,eval,3e-05,3,A:A215C;A:S245D;A:T251S
7SGM_HLA,A:A215C;A:T251A,eval,3e-05,2,A:A215C;A:T251A
7SGM_HLA,A:A215C;A:T251K,eval,3e-05,2,A:A215C;A:T251K
7SGM_HLA,A:A215C;A:T251Q,eval,3e-05,2,A:A215C;A:T251Q
7SGM_HLA,A:A215C;A:T251S;A:G252A,eval,3e-05,3,A:A215C;A:T251S;A:G252A
7SGM_HLA,A:A215D,eval,3e-05,1,A:A215D
7SGM_HLA,A:A215D;A:G250D;A:G252A,eval,3e-05,3,A:A215D;A:G250D;A:G252A
7SGM_HLA,A:A215D;A:G250D;A:T251R,eval,3e-05,3,A:A215D;A:G250D;A:T251R
7STZ_HLC,WT,both,,0,WT
7STZ_HLC,C:K14R;C:F17Y;C:R70D,steer,0.05,3,C:K14R;C:F17Y;C:R70D
7STZ_HLC,C:K14R;C:P16S;C:R70E,steer,0.05,3,C:K14R;C:P16S;C:R70E
7STZ_HLC,C:K14H;C:F17Y;C:R70E,steer,0.025,3,C:K14H;C:F17Y;C:R70E
7STZ_HLC,C:K14Q;C:F17Y;C:R70E,steer,0.025,3,C:K14Q;C:F17Y;C:R70E
7STZ_HLC,C:K14R;C:F17N;C:R70E,steer,0.025,3,C:K14R;C:F17N;C:R70E
7STZ_HLC,C:K14R;C:F17Y;C:R70K,steer,0.025,3,C:K14R;C:F17Y;C:R70K
7STZ_HLC,C:F17Y;C:R70K,eval,0.01429,2,C:F17Y;C:R70K
7STZ_HLC,C:F17Y;C:R70T,eval,0.01429,2,C:F17Y;C:R70T
7STZ_HLC,C:K14H;C:R70D,eval,0.01429,2,C:K14H;C:R70D
7STZ_HLC,C:K14Q;C:R70D,eval,0.01429,2,C:K14Q;C:R70D
7STZ_HLC,C:K14R;C:P16S;C:R70V,eval,0.01429,3,C:K14R;C:P16S;C:R70V
7STZ_HLC,C:K14R;C:R70E;C:D103E,eval,0.01429,3,C:K14R;C:R70E;C:D103E
7STZ_HLC,C:P16A;C:R70E,eval,0.01429,2,C:P16A;C:R70E
7STZ_HLC,C:F17Y;C:R70D,eval,0.01667,2,C:F17Y;C:R70D
7STZ_HLC,C:F17Y;C:R70E,eval,0.01667,2,C:F17Y;C:R70E
7STZ_HLC,C:K14H;C:R70E,eval,0.01667,2,C:K14H;C:R70E
7STZ_HLC,C:K14H;C:R70K,eval,0.01667,2,C:K14H;C:R70K
7STZ_HLC,C:K14H;C:R70T,eval,0.01667,2,C:K14H;C:R70T
7STZ_HLC,C:K14Q;C:R70E,eval,0.01667,2,C:K14Q;C:R70E
7STZ_HLC,C:K14Q;C:R70K,eval,0.01667,2,C:K14Q;C:R70K
7STZ_HLC,C:K14Q;C:R70T,eval,0.01667,2,C:K14Q;C:R70T
7STZ_HLC,C:K14R;C:D103N,eval,0.01667,2,C:K14R;C:D103N
7STZ_HLC,C:K14R;C:F17W;C:R70E,eval,0.01667,3,C:K14R;C:F17W;C:R70E
7STZ_HLC,C:K14R;C:F17Y,eval,0.01667,2,C:K14R;C:F17Y
7STZ_HLC,C:K14R;C:F17Y;C:R70V,eval,0.01667,3,C:K14R;C:F17Y;C:R70V
7STZ_HLC,C:K14R;C:P16A;C:R70V,eval,0.01667,3,C:K14R;C:P16A;C:R70V
7STZ_HLC,C:K14R;C:P16G;C:R70E,eval,0.01667,3,C:K14R;C:P16G;C:R70E
7STZ_HLC,C:K14R;C:P16I;C:R70K,eval,0.01667,3,C:K14R;C:P16I;C:R70K
7STZ_HLC,C:K14R;C:P16I;C:R70T,eval,0.01667,3,C:K14R;C:P16I;C:R70T
7STZ_HLC,C:K14R;C:P16S;C:R70D,eval,0.01667,3,C:K14R;C:P16S;C:R70D
7T87_HLA,WT,both,,0,WT
7T87_HLA,A:P70D;A:D93N;A:Q159S,steer,0.00023,3,A:P70D;A:D93N;A:Q159S
7T87_HLA,A:P70D;A:D93S;A:Q159S,steer,0.00023,3,A:P70D;A:D93S;A:Q159S
7T87_HLA,A:P70D;A:Q159S;A:D305K,steer,0.00023,3,A:P70D;A:Q159S;A:D305K
7T87_HLA,A:P70E;A:D93N;A:Q159S,steer,0.00023,3,A:P70E;A:D93N;A:Q159S
7T87_HLA,A:P70E;A:D93S;A:Q159S,steer,0.00023,3,A:P70E;A:D93S;A:Q159S
7T87_HLA,A:P70E;A:Q159S;A:D305K,steer,0.00023,3,A:P70E;A:Q159S;A:D305K
7T87_HLA,A:D305K,eval,5e-05,1,A:D305K
7T87_HLA,A:D93I;A:D305N,eval,5e-05,2,A:D93I;A:D305N
7T87_HLA,A:D93I;A:N304D;A:D305N,eval,5e-05,3,A:D93I;A:N304D;A:D305N
7T87_HLA,A:D93I;A:N304E;A:D305N,eval,5e-05,3,A:D93I;A:N304E;A:D305N
7T87_HLA,A:D93I;A:N304S;A:D305N,eval,5e-05,3,A:D93I;A:N304S;A:D305N
7T87_HLA,A:D93I;A:N94D;A:Q159S,eval,5e-05,3,A:D93I;A:N94D;A:Q159S
7T87_HLA,A:D93I;A:N94G;A:D305K,eval,5e-05,3,A:D93I;A:N94G;A:D305K
7T87_HLA,A:D93I;A:N94G;A:Q159A,eval,5e-05,3,A:D93I;A:N94G;A:Q159A
7T87_HLA,A:D93I;A:N94S;A:D305N,eval,5e-05,3,A:D93I;A:N94S;A:D305N
7T87_HLA,A:D93I;A:N94T;A:D305K,eval,5e-05,3,A:D93I;A:N94T;A:D305K
7T87_HLA,A:D93I;A:N94T;A:Q159D,eval,5e-05,3,A:D93I;A:N94T;A:Q159D
7T87_HLA,A:D93I;A:N94T;A:Q159K,eval,5e-05,3,A:D93I;A:N94T;A:Q159K
7T87_HLA,A:D93I;A:Q159A;A:K280L,eval,5e-05,3,A:D93I;A:Q159A;A:K280L
7T87_HLA,A:D93I;A:Q159A;A:K301E,eval,5e-05,3,A:D93I;A:Q159A;A:K301E
7T87_HLA,A:D93I;A:Q159A;A:K301R,eval,5e-05,3,A:D93I;A:Q159A;A:K301R
7T87_HLA,A:D93I;A:Q159A;A:K301S,eval,5e-05,3,A:D93I;A:Q159A;A:K301S
7T87_HLA,A:D93I;A:Q159A;A:N304Y,eval,5e-05,3,A:D93I;A:Q159A;A:N304Y
7T87_HLA,A:D93I;A:Q159D;A:D305T,eval,5e-05,3,A:D93I;A:Q159D;A:D305T
7T87_HLA,A:D93I;A:Q159D;A:N304D,eval,5e-05,3,A:D93I;A:Q159D;A:N304D
7T87_HLA,A:D93I;A:Q159D;A:N304S,eval,5e-05,3,A:D93I;A:Q159D;A:N304S
7T87_HLA,A:D93I;A:Q159D;A:S160D,eval,5e-05,3,A:D93I;A:Q159D;A:S160D
7T87_HLA,A:D93I;A:Q159D;A:S160N,eval,5e-05,3,A:D93I;A:Q159D;A:S160N
7T87_HLA,A:D93I;A:Q159K;A:D305T,eval,5e-05,3,A:D93I;A:Q159K;A:D305T
7T87_HLA,A:D93I;A:Q159K;A:N304S,eval,5e-05,3,A:D93I;A:Q159K;A:N304S
7TBF_HLA,WT,both,,0,WT
7TBF_HLA,A:A475S;A:G476S;A:F486S,steer,0.00034,3,A:A475S;A:G476S;A:F486S
7TBF_HLA,A:A475S;A:N481G;A:F486S,steer,0.00034,3,A:A475S;A:N481G;A:F486S
7TBF_HLA,A:A475S;A:N481S;A:F486S,steer,0.00034,3,A:A475S;A:N481S;A:F486S
7TBF_HLA,A:A475S;A:N481S;A:F486T,steer,0.00034,3,A:A475S;A:N481S;A:F486T
7TBF_HLA,A:A475S;A:N481T;A:F486S,steer,0.00034,3,A:A475S;A:N481T;A:F486S
7TBF_HLA,A:A475S;A:P479A;A:F486S,steer,0.00034,3,A:A475S;A:P479A;A:F486S
7TBF_HLA,A:A475K;A:F486L,eval,6e-05,2,A:A475K;A:F486L
7TBF_HLA,A:A475K;A:F486Y,eval,6e-05,2,A:A475K;A:F486Y
7TBF_HLA,A:A475K;A:G476A;A:F486T,eval,6e-05,3,A:A475K;A:G476A;A:F486T
7TBF_HLA,A:A475K;A:G476A;A:N481S,eval,6e-05,3,A:A475K;A:G476A;A:N481S
7TBF_HLA,A:A475K;A:G476A;A:P479T,eval,6e-05,3,A:A475K;A:G476A;A:P479T
7TBF_HLA,A:A475K;A:G476A;A:P479V,eval,6e-05,3,A:A475K;A:G476A;A:P479V
7TBF_HLA,A:A475K;A:G476N;A:F486T,eval,6e-05,3,A:A475K;A:G476N;A:F486T
7TBF_HLA,A:A475K;A:G476N;A:P479S,eval,6e-05,3,A:A475K;A:G476N;A:P479S
7TBF_HLA,A:A475K;A:G476N;A:P479T,eval,6e-05,3,A:A475K;A:G476N;A:P479T
7TBF_HLA,A:A475K;A:G476S;A:F486L,eval,6e-05,3,A:A475K;A:G476S;A:F486L
7TBF_HLA,A:A475K;A:G476S;A:F486Y,eval,6e-05,3,A:A475K;A:G476S;A:F486Y
7TBF_HLA,A:A475K;A:G476S;A:N481G,eval,6e-05,3,A:A475K;A:G476S;A:N481G
7TBF_HLA,A:A475K;A:G476S;A:N481T,eval,6e-05,3,A:A475K;A:G476S;A:N481T
7TBF_HLA,A:A475K;A:G476S;A:P479K,eval,6e-05,3,A:A475K;A:G476S;A:P479K
7TBF_HLA,A:A475K;A:G476T;A:F486L,eval,6e-05,3,A:A475K;A:G476T;A:F486L
7TBF_HLA,A:A475K;A:G476T;A:F486Y,eval,6e-05,3,A:A475K;A:G476T;A:F486Y
7TBF_HLA,A:A475K;A:G476T;A:N481T,eval,6e-05,3,A:A475K;A:G476T;A:N481T
7TBF_HLA,A:A475K;A:G476T;A:P479A,eval,6e-05,3,A:A475K;A:G476T;A:P479A
7TBF_HLA,A:A475K;A:G485N;A:F486T,eval,6e-05,3,A:A475K;A:G485N;A:F486T
7TBF_HLA,A:A475K;A:G485S;A:F486T,eval,6e-05,3,A:A475K;A:G485S;A:F486T
7TBF_HLA,A:A475K;A:G485T;A:F486T,eval,6e-05,3,A:A475K;A:G485T;A:F486T
7TBF_HLA,A:A475K;A:N481D;A:F486L,eval,6e-05,3,A:A475K;A:N481D;A:F486L
7TBF_HLA,A:A475K;A:N481G;A:F486Y,eval,6e-05,3,A:A475K;A:N481G;A:F486Y
7TBF_HLA,A:A475K;A:N481P;A:F486L,eval,6e-05,3,A:A475K;A:N481P;A:F486L
7TTX_HLA,WT,both,,0,WT
7TTX_HLA,A:G413N;A:G416I;A:D428G,steer,0.00019,3,A:G413N;A:G416I;A:D428G
7TTX_HLA,A:G413N;A:G416I;A:D428N,steer,0.00019,3,A:G413N;A:G416I;A:D428N
7TTX_HLA,A:G413N;A:G416I;A:K462S,steer,0.00019,3,A:G413N;A:G416I;A:K462S
7TTX_HLA,A:G413N;A:G416I;A:V503S,steer,0.00019,3,A:G413N;A:G416I;A:V503S
7TTX_HLA,A:G413N;A:G416L;A:D428G,steer,0.00019,3,A:G413N;A:G416L;A:D428G
7TTX_HLA,A:G413N;A:G416L;A:D428N,steer,0.00019,3,A:G413N;A:G416L;A:D428N
7TTX_HLA,A:D427E;A:D428G;A:K462E,eval,2e-05,3,A:D427E;A:D428G;A:K462E
7TTX_HLA,A:D427E;A:D428G;A:K462Q,eval,2e-05,3,A:D427E;A:D428G;A:K462Q
7TTX_HLA,A:D427E;A:D428G;A:N460P,eval,2e-05,3,A:D427E;A:D428G;A:N460P
7TTX_HLA,A:D427E;A:D428G;A:V503P,eval,2e-05,3,A:D427E;A:D428G;A:V503P
7TTX_HLA,A:D427E;A:D428N;A:N460A,eval,2e-05,3,A:D427E;A:D428N;A:N460A
7TTX_HLA,A:D427E;A:D428N;A:N460K,eval,2e-05,3,A:D427E;A:D428N;A:N460K
7TTX_HLA,A:D427E;A:D428N;A:N460P,eval,2e-05,3,A:D427E;A:D428N;A:N460P
7TTX_HLA,A:D427E;A:D428N;A:V503E,eval,2e-05,3,A:D427E;A:D428N;A:V503E
7TTX_HLA,A:D427E;A:K462A,eval,2e-05,2,A:D427E;A:K462A
7TTX_HLA,A:D427E;A:K462A;A:V503A,eval,2e-05,3,A:D427E;A:K462A;A:V503A
7TTX_HLA,A:D427E;A:K462L,eval,2e-05,2,A:D427E;A:K462L
7TTX_HLA,A:D427E;A:K462L;A:V503A,eval,2e-05,3,A:D427E;A:K462L;A:V503A
7TTX_HLA,A:D427E;A:K462S,eval,2e-05,2,A:D427E;A:K462S
7TTX_HLA,A:D427E;A:K462S;A:V503D,eval,2e-05,3,A:D427E;A:K462S;A:V503D
7TTX_HLA,A:D427E;A:N460T;A:V503S,eval,2e-05,3,A:D427E;A:N460T;A:V503S
7TTX_HLA,A:D427L;A:D428G,eval,2e-05,2,A:D427L;A:D428G
7TTX_HLA,A:D427L;A:D428G;A:N460S,eval,2e-05,3,A:D427L;A:D428G;A:N460S
7TTX_HLA,A:D427L;A:D428G;A:N460T,eval,2e-05,3,A:D427L;A:D428G;A:N460T
7TTX_HLA,A:D427L;A:D428G;A:V503A,eval,2e-05,3,A:D427L;A:D428G;A:V503A
7TTX_HLA,A:D427L;A:D428G;A:V503D,eval,2e-05,3,A:D427L;A:D428G;A:V503D
7TTX_HLA,A:D427L;A:D428N;A:K462E,eval,2e-05,3,A:D427L;A:D428N;A:K462E
7TTX_HLA,A:D427L;A:D428N;A:K462Q,eval,2e-05,3,A:D427L;A:D428N;A:K462Q
7TTX_HLA,A:D427L;A:D428N;A:N460P,eval,2e-05,3,A:D427L;A:D428N;A:N460P
7TTX_HLA,A:D427L;A:D428N;A:V503P,eval,2e-05,3,A:D427L;A:D428N;A:V503P
7UAR_HLB,WT,both,,0,WT
7UAR_HLB,B:A292F;B:N603F;B:K825A,steer,9e-05,3,B:A292F;B:N603F;B:K825A
7UAR_HLB,B:D215F;B:Q218A;B:N603C,steer,9e-05,3,B:D215F;B:Q218A;B:N603C
7UAR_HLB,B:D215F;B:Q218A;B:N603F,steer,9e-05,3,B:D215F;B:Q218A;B:N603F
7UAR_HLB,B:D215F;B:Q218F;B:N603C,steer,9e-05,3,B:D215F;B:Q218F;B:N603C
7UAR_HLB,B:D215F;B:Q218F;B:N603F,steer,9e-05,3,B:D215F;B:Q218F;B:N603F
7UAR_HLB,B:G219F;B:N603C;B:K825A,steer,9e-05,3,B:G219F;B:N603C;B:K825A
7UAR_HLB,B:A292D;B:D294E;B:K825A,eval,1e-05,3,B:A292D;B:D294E;B:K825A
7UAR_HLB,B:A292D;B:D294E;B:N603A,eval,1e-05,3,B:A292D;B:D294E;B:N603A
7UAR_HLB,B:A292D;B:D294E;B:N603C,eval,1e-05,3,B:A292D;B:D294E;B:N603C
7UAR_HLB,B:A292D;B:D294G;B:N603C,eval,1e-05,3,B:A292D;B:D294G;B:N603C
7UAR_HLB,B:A292D;B:D294G;B:N603F,eval,1e-05,3,B:A292D;B:D294G;B:N603F
7UAR_HLB,B:A292D;B:E309A;B:K825A,eval,1e-05,3,B:A292D;B:E309A;B:K825A
7UAR_HLB,B:A292D;B:E309A;B:N603A,eval,1e-05,3,B:A292D;B:E309A;B:N603A
7UAR_HLB,B:A292D;B:E309A;B:N603C,eval,1e-05,3,B:A292D;B:E309A;B:N603C
7UAR_HLB,B:A292D;B:E309F;B:N603C,eval,1e-05,3,B:A292D;B:E309F;B:N603C
7UAR_HLB,B:A292D;B:E309F;B:N603F,eval,1e-05,3,B:A292D;B:E309F;B:N603F
7UAR_HLB,B:A292D;B:F306G;B:N603C,eval,1e-05,3,B:A292D;B:F306G;B:N603C
7UAR_HLB,B:A292D;B:F306G;B:N603F,eval,1e-05,3,B:A292D;B:F306G;B:N603F
7UAR_HLB,B:A292D;B:K825D,eval,1e-05,2,B:A292D;B:K825D
7UAR_HLB,B:A292D;B:K825F,eval,1e-05,2,B:A292D;B:K825F
7UAR_HLB,B:A292D;B:L293A;B:N603F,eval,1e-05,3,B:A292D;B:L293A;B:N603F
7UAR_HLB,B:A292D;B:L303A;B:N603C,eval,1e-05,3,B:A292D;B:L303A;B:N603C
7UAR_HLB,B:A292D;B:L303A;B:N603F,eval,1e-05,3,B:A292D;B:L303A;B:N603F
7UAR_HLB,B:A292D;B:L303F;B:K825A,eval,1e-05,3,B:A292D;B:L303F;B:K825A
7UAR_HLB,B:A292D;B:L303F;B:N603A,eval,1e-05,3,B:A292D;B:L303F;B:N603A
7UAR_HLB,B:A292D;B:N603A;B:K825E,eval,1e-05,3,B:A292D;B:N603A;B:K825E
7UAR_HLB,B:A292D;B:N603A;B:Q690E,eval,1e-05,3,B:A292D;B:N603A;B:Q690E
7UAR_HLB,B:A292D;B:N603A;B:S605A,eval,1e-05,3,B:A292D;B:N603A;B:S605A
7UAR_HLB,B:A292D;B:N603A;B:S940A,eval,1e-05,3,B:A292D;B:N603A;B:S940A
7UAR_HLB,B:A292D;B:N603A;B:T604F,eval,1e-05,3,B:A292D;B:N603A;B:T604F
7UPD_HLD,WT,both,,0,WT
7UPD_HLD,D:A400F;D:E406S;D:A444S,steer,0.00013,3,D:A400F;D:E406S;D:A444S
7UPD_HLD,D:A400F;D:E406S;D:A444T,steer,0.00013,3,D:A400F;D:E406S;D:A444T
7UPD_HLD,D:D304A;D:H372A;D:E406S,steer,0.00013,3,D:D304A;D:H372A;D:E406S
7UPD_HLD,D:D304A;D:H372A;D:R399F,steer,0.00013,3,D:D304A;D:H372A;D:R399F
7UPD_HLD,D:D304A;D:H372D;D:A400F,steer,0.00013,3,D:D304A;D:H372D;D:A400F
7UPD_HLD,D:D304A;D:H372D;D:A444S,steer,0.00013,3,D:D304A;D:H372D;D:A444S
7UPD_HLD,D:A400C,eval,2e-05,1,D:A400C
7UPD_HLD,D:A400C;D:A444K,eval,2e-05,2,D:A400C;D:A444K
7UPD_HLD,D:A400C;D:E406K,eval,2e-05,2,D:A400C;D:E406K
7UPD_HLD,D:A400C;D:E406L;D:N437D,eval,2e-05,3,D:A400C;D:E406L;D:N437D
7UPD_HLD,D:A400C;D:E406L;D:N439F,eval,2e-05,3,D:A400C;D:E406L;D:N439F
7UPD_HLD,D:A400C;D:E406L;D:S440C,eval,2e-05,3,D:A400C;D:E406L;D:S440C
7UPD_HLD,D:A400C;D:E406L;D:S440F,eval,2e-05,3,D:A400C;D:E406L;D:S440F
7UPD_HLD,D:A400C;D:E406S;D:N439A,eval,2e-05,3,D:A400C;D:E406S;D:N439A
7UPD_HLD,D:A400C;D:E406S;D:N439E,eval,2e-05,3,D:A400C;D:E406S;D:N439E
7UPD_HLD,D:A400C;D:E406S;D:S440A,eval,2e-05,3,D:A400C;D:E406S;D:S440A
7UPD_HLD,D:A400C;D:E406T;D:N437D,eval,2e-05,3,D:A400C;D:E406T;D:N437D
7UPD_HLD,D:A400C;D:E406T;D:N439F,eval,2e-05,3,D:A400C;D:E406T;D:N439F
7UPD_HLD,D:A400C;D:E406T;D:S440F,eval,2e-05,3,D:A400C;D:E406T;D:S440F
7UPD_HLD,D:A400C;D:E441F,eval,2e-05,2,D:A400C;D:E441F
7UPD_HLD,D:A400C;D:G442A,eval,2e-05,2,D:A400C;D:G442A
7UPD_HLD,D:A400C;D:G442F,eval,2e-05,2,D:A400C;D:G442F
7UPD_HLD,D:A400C;D:N437C;D:A444S,eval,2e-05,3,D:A400C;D:N437C;D:A444S
7UPD_HLD,D:A400C;D:N437C;D:A444T,eval,2e-05,3,D:A400C;D:N437C;D:A444T
7UPD_HLD,D:A400C;D:N437F,eval,2e-05,2,D:A400C;D:N437F
7UPD_HLD,D:A400C;D:N439A;D:A444S,eval,2e-05,3,D:A400C;D:N439A;D:A444S
7UPD_HLD,D:A400C;D:N439C;D:A444S,eval,2e-05,3,D:A400C;D:N439C;D:A444S
7UPD_HLD,D:A400C;D:N439C;D:A444T,eval,2e-05,3,D:A400C;D:N439C;D:A444T
7UPD_HLD,D:A400C;D:N439F;D:A444S,eval,2e-05,3,D:A400C;D:N439F;D:A444S
7UPD_HLD,D:A400C;D:N439F;D:A444T,eval,2e-05,3,D:A400C;D:N439F;D:A444T
7URE_HLA,WT,both,,0,WT
7URE_HLA,A:G147A;A:Q181E;A:D273E,steer,0.00182,3,A:G147A;A:Q181E;A:D273E
7URE_HLA,A:G147A;A:Q181E;A:D273G,steer,0.00182,3,A:G147A;A:Q181E;A:D273G
7URE_HLA,A:G147A;A:T148A;A:D273E,steer,0.00182,3,A:G147A;A:T148A;A:D273E
7URE_HLA,A:G147A;A:T148A;A:D273G,steer,0.00182,3,A:G147A;A:T148A;A:D273G
7URE_HLA,A:G147S;A:H174K;A:Q181E,steer,0.00182,3,A:G147S;A:H174K;A:Q181E
7URE_HLA,A:G147S;A:T148A;A:H174K,steer,0.00182,3,A:G147S;A:T148A;A:H174K
7URE_HLA,A:E145K;A:G147S;A:T148S,eval,0.00028,3,A:E145K;A:G147S;A:T148S
7URE_HLA,A:E145K;A:H174K;A:Q181E,eval,0.00028,3,A:E145K;A:H174K;A:Q181E
7URE_HLA,A:E145K;A:T148A;A:H174K,eval,0.00028,3,A:E145K;A:T148A;A:H174K
7URE_HLA,A:E145K;A:T148A;A:H174R,eval,0.00028,3,A:E145K;A:T148A;A:H174R
7URE_HLA,A:E145K;A:T148V;A:Q181E,eval,0.00028,3,A:E145K;A:T148V;A:Q181E
7URE_HLA,A:E145L;A:G147S;A:D273E,eval,0.00028,3,A:E145L;A:G147S;A:D273E
7URE_HLA,A:E145L;A:G147S;A:D273G,eval,0.00028,3,A:E145L;A:G147S;A:D273G
7URE_HLA,A:E145L;A:T148S;A:Q181E,eval,0.00028,3,A:E145L;A:T148S;A:Q181E
7URE_HLA,A:E145N;A:T148A;A:Q181E,eval,0.00028,3,A:E145N;A:T148A;A:Q181E
7URE_HLA,A:E145R;A:G147S;A:D273E,eval,0.00028,3,A:E145R;A:G147S;A:D273E
7URE_HLA,A:E145T;A:G147S;A:D273E,eval,0.00028,3,A:E145T;A:G147S;A:D273E
7URE_HLA,A:E145T;A:G147S;A:D273G,eval,0.00028,3,A:E145T;A:G147S;A:D273G
7URE_HLA,A:E145T;A:T148S;A:Q181E,eval,0.00028,3,A:E145T;A:T148S;A:Q181E
7URE_HLA,A:F87Y;A:Q181E;A:D273E,eval,0.00028,3,A:F87Y;A:Q181E;A:D273E
7URE_HLA,A:F87Y;A:Q181E;A:D273G,eval,0.00028,3,A:F87Y;A:Q181E;A:D273G
7URE_HLA,A:F87Y;A:T148A;A:D273E,eval,0.00028,3,A:F87Y;A:T148A;A:D273E
7URE_HLA,A:F87Y;A:T148A;A:D273G,eval,0.00028,3,A:F87Y;A:T148A;A:D273G
7URE_HLA,A:G144A;A:G147S;A:Q181E,eval,0.00028,3,A:G144A;A:G147S;A:Q181E
7URE_HLA,A:G144A;A:G147S;A:T148A,eval,0.00028,3,A:G144A;A:G147S;A:T148A
7URE_HLA,A:G147A;A:H174K,eval,0.00028,2,A:G147A;A:H174K
7URE_HLA,A:G147A;A:H174Q;A:D273G,eval,0.00028,3,A:G147A;A:H174Q;A:D273G
7URE_HLA,A:G147A;A:Q181R;A:D273E,eval,0.00028,3,A:G147A;A:Q181R;A:D273E
7URE_HLA,A:G147A;A:R183K;A:D273E,eval,0.00028,3,A:G147A;A:R183K;A:D273E
7URE_HLA,A:G147A;A:S151N;A:Q181E,eval,0.00028,3,A:G147A;A:S151N;A:Q181E
7URX_HLC,WT,both,,0,WT
7URX_HLC,C:A106E;C:D162G;C:K220E,steer,0.00023,3,C:A106E;C:D162G;C:K220E
7URX_HLC,C:A106G;C:D162E;C:K220E,steer,0.00023,3,C:A106G;C:D162E;C:K220E
7URX_HLC,C:A106G;C:D162G;C:K220A,steer,0.00023,3,C:A106G;C:D162G;C:K220A
7URX_HLC,C:A106G;C:D162G;C:K220D,steer,0.00023,3,C:A106G;C:D162G;C:K220D
7URX_HLC,C:A106G;C:D162G;C:K220E,steer,0.00023,3,C:A106G;C:D162G;C:K220E
7URX_HLC,C:A106G;C:K161E;C:K220E,steer,0.00023,3,C:A106G;C:K161E;C:K220E
7URX_HLC,C:A106C;C:A160E;C:K220E,eval,4e-05,3,C:A106C;C:A160E;C:K220E
7URX_HLC,C:A106C;C:A160G;C:K220E,eval,4e-05,3,C:A106C;C:A160G;C:K220E
7URX_HLC,C:A106C;C:D162A;C:K220E,eval,4e-05,3,C:A106C;C:D162A;C:K220E
7URX_HLC,C:A106C;C:D162E;C:K220D,eval,4e-05,3,C:A106C;C:D162E;C:K220D
7URX_HLC,C:A106C;C:D162E;C:K220E,eval,4e-05,3,C:A106C;C:D162E;C:K220E
7URX_HLC,C:A106C;C:D162G;C:K220A,eval,4e-05,3,C:A106C;C:D162G;C:K220A
7URX_HLC,C:A106C;C:G169E;C:K220E,eval,4e-05,3,C:A106C;C:G169E;C:K220E
7URX_HLC,C:A106C;C:K161E;C:D162G,eval,4e-05,3,C:A106C;C:K161E;C:D162G
7URX_HLC,C:A106C;C:K161E;C:K220D,eval,4e-05,3,C:A106C;C:K161E;C:K220D
7URX_HLC,C:A106C;C:Q108A;C:D162G,eval,4e-05,3,C:A106C;C:Q108A;C:D162G
7URX_HLC,C:A106C;C:Q108A;C:K220A,eval,4e-05,3,C:A106C;C:Q108A;C:K220A
7URX_HLC,C:A106C;C:Q108A;C:K220D,eval,4e-05,3,C:A106C;C:Q108A;C:K220D
7URX_HLC,C:A106C;C:W107A;C:K220E,eval,4e-05,3,C:A106C;C:W107A;C:K220E
7URX_HLC,C:A106C;C:W107E;C:K220E,eval,4e-05,3,C:A106C;C:W107E;C:K220E
7URX_HLC,C:A106D;C:A160D;C:D162E,eval,4e-05,3,C:A106D;C:A160D;C:D162E
7URX_HLC,C:A106D;C:A160D;C:K161E,eval,4e-05,3,C:A106D;C:A160D;C:K161E
7URX_HLC,C:A106D;C:A160E,eval,4e-05,2,C:A106D;C:A160E
7URX_HLC,C:A106D;C:A160E;C:G169A,eval,4e-05,3,C:A106D;C:A160E;C:G169A
7URX_HLC,C:A106D;C:A160E;C:R163A,eval,4e-05,3,C:A106D;C:A160E;C:R163A
7URX_HLC,C:A106D;C:A160F;C:D162G,eval,4e-05,3,C:A106D;C:A160F;C:D162G
7URX_HLC,C:A106D;C:A160F;C:K220A,eval,4e-05,3,C:A106D;C:A160F;C:K220A
7URX_HLC,C:A106D;C:A160F;C:K220D,eval,4e-05,3,C:A106D;C:A160F;C:K220D
7URX_HLC,C:A106D;C:A160G;C:G169A,eval,4e-05,3,C:A106D;C:A160G;C:G169A
7URX_HLC,C:A106D;C:A160G;C:R163A,eval,4e-05,3,C:A106D;C:A160G;C:R163A
7VYR_HLR,WT,both,,0,WT
7VYR_HLR,R:A372D;R:D405N;R:V503M,steer,0.00012,3,R:A372D;R:D405N;R:V503M
7VYR_HLR,R:A372D;R:G446N;R:V503M,steer,0.00012,3,R:A372D;R:G446N;R:V503M
7VYR_HLR,R:A372D;R:G446S;R:V503M,steer,0.00012,3,R:A372D;R:G446S;R:V503M
7VYR_HLR,R:A372D;R:G496S;R:V503M,steer,0.00012,3,R:A372D;R:G496S;R:V503M
7VYR_HLR,R:A372D;R:N440S;R:V503M,steer,0.00012,3,R:A372D;R:N440S;R:V503M
7VYR_HLR,R:A372D;R:R408A;R:V503M,steer,0.00012,3,R:A372D;R:R408A;R:V503M
7VYR_HLR,R:A372D,eval,2e-05,1,R:A372D
7VYR_HLR,R:A372D;R:D405E;R:G446S,eval,2e-05,3,R:A372D;R:D405E;R:G446S
7VYR_HLR,R:A372D;R:D405E;R:N440S,eval,2e-05,3,R:A372D;R:D405E;R:N440S
7VYR_HLR,R:A372D;R:D405E;R:R408A,eval,2e-05,3,R:A372D;R:D405E;R:R408A
7VYR_HLR,R:A372D;R:D405E;R:R408K,eval,2e-05,3,R:A372D;R:D405E;R:R408K
7VYR_HLR,R:A372D;R:D405E;R:T500S,eval,2e-05,3,R:A372D;R:D405E;R:T500S
7VYR_HLR,R:A372D;R:D405K;R:G446N,eval,2e-05,3,R:A372D;R:D405K;R:G446N
7VYR_HLR,R:A372D;R:D405K;R:G496S,eval,2e-05,3,R:A372D;R:D405K;R:G496S
7VYR_HLR,R:A372D;R:D405K;R:G502S,eval,2e-05,3,R:A372D;R:D405K;R:G502S
7VYR_HLR,R:A372D;R:D405K;R:N440A,eval,2e-05,3,R:A372D;R:D405K;R:N440A
7VYR_HLR,R:A372D;R:D405K;R:V445A,eval,2e-05,3,R:A372D;R:D405K;R:V445A
7VYR_HLR,R:A372D;R:D405N;R:G496N,eval,2e-05,3,R:A372D;R:D405N;R:G496N
7VYR_HLR,R:A372D;R:D405N;R:G496Y,eval,2e-05,3,R:A372D;R:D405N;R:G496Y
7VYR_HLR,R:A372D;R:D405N;R:N440K,eval,2e-05,3,R:A372D;R:D405N;R:N440K
7VYR_HLR,R:A372D;R:D405N;R:R408Q,eval,2e-05,3,R:A372D;R:D405N;R:R408Q
7VYR_HLR,R:A372D;R:D405N;R:T500N,eval,2e-05,3,R:A372D;R:D405N;R:T500N
7VYR_HLR,R:A372D;R:D405N;R:V445P,eval,2e-05,3,R:A372D;R:D405N;R:V445P
7VYR_HLR,R:A372D;R:D405N;R:V503L,eval,2e-05,3,R:A372D;R:D405N;R:V503L
7VYR_HLR,R:A372D;R:D405R;R:R408S,eval,2e-05,3,R:A372D;R:D405R;R:R408S
7VYR_HLR,R:A372D;R:D405R;R:V445T,eval,2e-05,3,R:A372D;R:D405R;R:V445T
7VYR_HLR,R:A372D;R:D405Y;R:G446N,eval,2e-05,3,R:A372D;R:D405Y;R:G446N
7VYR_HLR,R:A372D;R:D405Y;R:G496S,eval,2e-05,3,R:A372D;R:D405Y;R:G496S
7VYR_HLR,R:A372D;R:D405Y;R:G502S,eval,2e-05,3,R:A372D;R:D405Y;R:G502S
7VYR_HLR,R:A372D;R:D405Y;R:N440A,eval,2e-05,3,R:A372D;R:D405Y;R:N440A
7WPH_HLB,WT,both,,0,WT
7WPH_HLB,B:N343D;B:R346N;B:G446S,steer,0.00056,3,B:N343D;B:R346N;B:G446S
7WPH_HLB,B:N343D;B:R346N;B:N440S,steer,0.00056,3,B:N343D;B:R346N;B:N440S
7WPH_HLB,B:N343D;B:R346N;B:N440T,steer,0.00056,3,B:N343D;B:R346N;B:N440T
7WPH_HLB,B:N343D;B:R346N;B:N440Y,steer,0.00056,3,B:N343D;B:R346N;B:N440Y
7WPH_HLB,B:N343D;B:R346N;B:N450S,steer,0.00056,3,B:N343D;B:R346N;B:N450S
7WPH_HLB,B:N343D;B:R346S,steer,0.00056,2,B:N343D;B:R346S
7WPH_HLB,B:G446A;B:N450D,eval,0.00015,2,B:G446A;B:N450D
7WPH_HLB,B:G446N;B:N450E,eval,0.00015,2,B:G446N;B:N450E
7WPH_HLB,B:G446N;B:N450Q,eval,0.00015,2,B:G446N;B:N450Q
7WPH_HLB,B:G446S;B:N450E,eval,0.00015,2,B:G446S;B:N450E
7WPH_HLB,B:G446S;B:N450Q,eval,0.00015,2,B:G446S;B:N450Q
7WPH_HLB,B:G446T;B:N450E,eval,0.00015,2,B:G446T;B:N450E
7WPH_HLB,B:G446T;B:N450Q,eval,0.00015,2,B:G446T;B:N450Q
7WPH_HLB,B:G446Y,eval,0.00015,1,B:G446Y
7WPH_HLB,B:L441K,eval,0.00015,1,B:L441K
7WPH_HLB,B:L441K;B:G446A;B:N450S,eval,0.00015,3,B:L441K;B:G446A;B:N450S
7WPH_HLB,B:L441K;B:G446A;B:N450T,eval,0.00015,3,B:L441K;B:G446A;B:N450T
7WPH_HLB,B:L441K;B:G446N,eval,0.00015,2,B:L441K;B:G446N
7WPH_HLB,B:L441K;B:G446S;B:N450D,eval,0.00015,3,B:L441K;B:G446S;B:N450D
7WPH_HLB,B:L441K;B:G446T,eval,0.00015,2,B:L441K;B:G446T
7WPH_HLB,B:L441K;B:G446Y;B:N450S,eval,0.00015,3,B:L441K;B:G446Y;B:N450S
7WPH_HLB,B:L441K;B:N450T,eval,0.00015,2,B:L441K;B:N450T
7WPH_HLB,B:L441N;B:G446A;B:N450D,eval,0.00015,3,B:L441N;B:G446A;B:N450D
7WPH_HLB,B:L441N;B:G446N;B:N450Q,eval,0.00015,3,B:L441N;B:G446N;B:N450Q
7WPH_HLB,B:L441N;B:G446S;B:N450E,eval,0.00015,3,B:L441N;B:G446S;B:N450E
7WPH_HLB,B:L441N;B:G446S;B:N450Q,eval,0.00015,3,B:L441N;B:G446S;B:N450Q
7WPH_HLB,B:L441N;B:G446T;B:N450Q,eval,0.00015,3,B:L441N;B:G446T;B:N450Q
7WPH_HLB,B:L441N;B:G446Y,eval,0.00015,2,B:L441N;B:G446Y
7WPH_HLB,B:L441N;B:N450D,eval,0.00015,2,B:L441N;B:N450D
7WPH_HLB,B:L441Q;B:G446N;B:N450S,eval,0.00015,3,B:L441Q;B:G446N;B:N450S
7X2O_HLB,WT,both,,0,WT
7X2O_HLB,B:A165L;B:W173A;B:E235A,steer,0.00028,3,B:A165L;B:W173A;B:E235A
7X2O_HLB,B:A165L;B:W173A;B:E235D,steer,0.00028,3,B:A165L;B:W173A;B:E235D
7X2O_HLB,B:A165L;B:W173A;B:E235S,steer,0.00028,3,B:A165L;B:W173A;B:E235S
7X2O_HLB,B:A165L;B:W173A;B:Y240L,steer,0.00028,3,B:A165L;B:W173A;B:Y240L
7X2O_HLB,B:A165L;B:W173A;B:Y240T,steer,0.00028,3,B:A165L;B:W173A;B:Y240T
7X2O_HLB,B:A165L;B:W173A;B:Y240V,steer,0.00028,3,B:A165L;B:W173A;B:Y240V
7X2O_HLB,B:A165C;B:E235A;B:Y240L,eval,5e-05,3,B:A165C;B:E235A;B:Y240L
7X2O_HLB,B:A165C;B:E235A;B:Y240T,eval,5e-05,3,B:A165C;B:E235A;B:Y240T
7X2O_HLB,B:A165C;B:E235A;B:Y240V,eval,5e-05,3,B:A165C;B:E235A;B:Y240V
7X2O_HLB,B:A165C;B:E235D;B:Y240T,eval,5e-05,3,B:A165C;B:E235D;B:Y240T
7X2O_HLB,B:A165C;B:E235S;B:Y240N,eval,5e-05,3,B:A165C;B:E235S;B:Y240N
7X2O_HLB,B:A165C;B:W173A,eval,5e-05,2,B:A165C;B:W173A
7X2O_HLB,B:A165C;B:W173A;B:Y240I,eval,5e-05,3,B:A165C;B:W173A;B:Y240I
7X2O_HLB,B:A165C;B:W173G;B:E235D,eval,5e-05,3,B:A165C;B:W173G;B:E235D
7X2O_HLB,B:A165C;B:W173G;B:E235P,eval,5e-05,3,B:A165C;B:W173G;B:E235P
7X2O_HLB,B:A165C;B:W173G;B:Y240N,eval,5e-05,3,B:A165C;B:W173G;B:Y240N
7X2O_HLB,B:A165C;B:W173G;B:Y240V,eval,5e-05,3,B:A165C;B:W173G;B:Y240V
7X2O_HLB,B:A165C;B:W173N;B:E235P,eval,5e-05,3,B:A165C;B:W173N;B:E235P
7X2O_HLB,B:A165C;B:W173N;B:Y240N,eval,5e-05,3,B:A165C;B:W173N;B:Y240N
7X2O_HLB,B:A165C;B:W173S;B:Y240I,eval,5e-05,3,B:A165C;B:W173S;B:Y240I
7X2O_HLB,B:A165C;B:W173T;B:E235P,eval,5e-05,3,B:A165C;B:W173T;B:E235P
7X2O_HLB,B:A165C;B:W173T;B:Y240N,eval,5e-05,3,B:A165C;B:W173T;B:Y240N
7X2O_HLB,B:A165E;B:E235A;B:Y240N,eval,5e-05,3,B:A165E;B:E235A;B:Y240N
7X2O_HLB,B:A165E;B:E235A;B:Y240V,eval,5e-05,3,B:A165E;B:E235A;B:Y240V
7X2O_HLB,B:A165E;B:E235D;B:Y240L,eval,5e-05,3,B:A165E;B:E235D;B:Y240L
7X2O_HLB,B:A165E;B:E235D;B:Y240T,eval,5e-05,3,B:A165E;B:E235D;B:Y240T
7X2O_HLB,B:A165E;B:E235D;B:Y240V,eval,5e-05,3,B:A165E;B:E235D;B:Y240V
7X2O_HLB,B:A165E;B:E235P;B:Y240T,eval,5e-05,3,B:A165E;B:E235P;B:Y240T
7X2O_HLB,B:A165E;B:E235S;B:Y240I,eval,5e-05,3,B:A165E;B:E235S;B:Y240I
7X2O_HLB,B:A165E;B:W173A;B:E235K,eval,5e-05,3,B:A165E;B:W173A;B:E235K
7X2W_HLC,WT,both,,0,WT
7X2W_HLC,C:D234E;C:Y237L;C:Q238L,steer,0.00013,3,C:D234E;C:Y237L;C:Q238L
7X2W_HLC,C:D234F;C:F236L;C:Y237L,steer,0.00013,3,C:D234F;C:F236L;C:Y237L
7X2W_HLC,C:D234F;C:F236S;C:Y237L,steer,0.00013,3,C:D234F;C:F236S;C:Y237L
7X2W_HLC,C:D234F;C:T235L;C:Y237L,steer,0.00013,3,C:D234F;C:T235L;C:Y237L
7X2W_HLC,C:D234F;C:Y237L;C:Q238I,steer,0.00013,3,C:D234F;C:Y237L;C:Q238I
7X2W_HLC,C:D234F;C:Y237L;C:Q238L,steer,0.00013,3,C:D234F;C:Y237L;C:Q238L
7X2W_HLC,C:D234E;C:F236A;C:Y237L,eval,3e-05,3,C:D234E;C:F236A;C:Y237L
7X2W_HLC,C:D234E;C:F236L;C:Q238I,eval,3e-05,3,C:D234E;C:F236L;C:Q238I
7X2W_HLC,C:D234E;C:F236P;C:Y237L,eval,3e-05,3,C:D234E;C:F236P;C:Y237L
7X2W_HLC,C:D234E;C:F236S;C:Y237V,eval,3e-05,3,C:D234E;C:F236S;C:Y237V
7X2W_HLC,C:D234E;C:T235I;C:Q238L,eval,3e-05,3,C:D234E;C:T235I;C:Q238L
7X2W_HLC,C:D234E;C:T235I;C:Q238S,eval,3e-05,3,C:D234E;C:T235I;C:Q238S
7X2W_HLC,C:D234E;C:T235I;C:Y237S,eval,3e-05,3,C:D234E;C:T235I;C:Y237S
7X2W_HLC,C:D234E;C:T235L;C:F236S,eval,3e-05,3,C:D234E;C:T235L;C:F236S
7X2W_HLC,C:D234E;C:T235L;C:Q238I,eval,3e-05,3,C:D234E;C:T235L;C:Q238I
7X2W_HLC,C:D234E;C:T235N;C:Y237L,eval,3e-05,3,C:D234E;C:T235N;C:Y237L
7X2W_HLC,C:D234E;C:T235V;C:Q238S,eval,3e-05,3,C:D234E;C:T235V;C:Q238S
7X2W_HLC,C:D234E;C:T235V;C:Y237V,eval,3e-05,3,C:D234E;C:T235V;C:Y237V
7X2W_HLC,C:D234E;C:Y237A;C:Q238L,eval,3e-05,3,C:D234E;C:Y237A;C:Q238L
7X2W_HLC,C:D234E;C:Y237A;C:Q238S,eval,3e-05,3,C:D234E;C:Y237A;C:Q238S
7X2W_HLC,C:D234E;C:Y237L,eval,3e-05,2,C:D234E;C:Y237L
7X2W_HLC,C:D234E;C:Y237P;C:Q238L,eval,3e-05,3,C:D234E;C:Y237P;C:Q238L
7X2W_HLC,C:D234E;C:Y237P;C:Q238S,eval,3e-05,3,C:D234E;C:Y237P;C:Q238S
7X2W_HLC,C:D234E;C:Y237V;C:Q238I,eval,3e-05,3,C:D234E;C:Y237V;C:Q238I
7X2W_HLC,C:D234E;C:Y237V;C:Q238T,eval,3e-05,3,C:D234E;C:Y237V;C:Q238T
7X2W_HLC,C:D234F;C:F236A;C:Y237V,eval,3e-05,3,C:D234F;C:F236A;C:Y237V
7X2W_HLC,C:D234F;C:F236E;C:Q238L,eval,3e-05,3,C:D234F;C:F236E;C:Q238L
7X2W_HLC,C:D234F;C:F236E;C:Q238S,eval,3e-05,3,C:D234F;C:F236E;C:Q238S
7X2W_HLC,C:D234F;C:F236E;C:Y237S,eval,3e-05,3,C:D234F;C:F236E;C:Y237S
7X2W_HLC,C:D234F;C:F236L,eval,3e-05,2,C:D234F;C:F236L
7X3D_HLB,WT,both,,0,WT
7X3D_HLB,B:K73E;B:N74H,steer,0.00082,2,B:K73E;B:N74H
7X3D_HLB,B:K73E;B:N74H;B:G161P,steer,0.00082,3,B:K73E;B:N74H;B:G161P
7X3D_HLB,B:K73E;B:N74H;B:S163F,steer,0.00082,3,B:K73E;B:N74H;B:S163F
7X3D_HLB,B:K73E;B:N74H;B:S163G,steer,0.00082,3,B:K73E;B:N74H;B:S163G
7X3D_HLB,B:K73E;B:N74H;B:S163N,steer,0.00082,3,B:K73E;B:N74H;B:S163N
7X3D_HLB,B:K73E;B:N74H;B:S163T,steer,0.00082,3,B:K73E;B:N74H;B:S163T
7X3D_HLB,B:G161A,eval,0.00014,1,B:G161A
7X3D_HLB,B:G161A;B:S163F,eval,0.00014,2,B:G161A;B:S163F
7X3D_HLB,B:G161A;B:S163F;B:Y240E,eval,0.00014,3,B:G161A;B:S163F;B:Y240E
7X3D_HLB,B:G161A;B:S163G,eval,0.00014,2,B:G161A;B:S163G
7X3D_HLB,B:G161A;B:S163G;B:Y240E,eval,0.00014,3,B:G161A;B:S163G;B:Y240E
7X3D_HLB,B:G161A;B:S163N;B:Y240D,eval,0.00014,3,B:G161A;B:S163N;B:Y240D
7X3D_HLB,B:G161A;B:S163N;B:Y240E,eval,0.00014,3,B:G161A;B:S163N;B:Y240E
7X3D_HLB,B:G161A;B:S163N;B:Y240N,eval,0.00014,3,B:G161A;B:S163N;B:Y240N
7X3D_HLB,B:G161A;B:S163T;B:Y240E,eval,0.00014,3,B:G161A;B:S163T;B:Y240E
7X3D_HLB,B:G161A;B:Y240E,eval,0.00014,2,B:G161A;B:Y240E
7X3D_HLB,B:G161N;B:S163F;B:Y240D,eval,0.00014,3,B:G161N;B:S163F;B:Y240D
7X3D_HLB,B:G161N;B:S163F;B:Y240N,eval,0.00014,3,B:G161N;B:S163F;B:Y240N
7X3D_HLB,B:G161N;B:S163G;B:Y240D,eval,0.00014,3,B:G161N;B:S163G;B:Y240D
7X3D_HLB,B:G161N;B:S163G;B:Y240N,eval,0.00014,3,B:G161N;B:S163G;B:Y240N
7X3D_HLB,B:G161N;B:S163N;B:W173E,eval,0.00014,3,B:G161N;B:S163N;B:W173E
7X3D_HLB,B:G161N;B:S163N;B:Y240T,eval,0.00014,3,B:G161N;B:S163N;B:Y240T
7X3D_HLB,B:G161N;B:S163T;B:Y240D,eval,0.00014,3,B:G161N;B:S163T;B:Y240D
7X3D_HLB,B:G161N;B:S163T;B:Y240N,eval,0.00014,3,B:G161N;B:S163T;B:Y240N
7X3D_HLB,B:G161N;B:S163V;B:Y240E,eval,0.00014,3,B:G161N;B:S163V;B:Y240E
7X3D_HLB,B:G161N;B:Y240D,eval,0.00014,2,B:G161N;B:Y240D
7X3D_HLB,B:G161N;B:Y240N,eval,0.00014,2,B:G161N;B:Y240N
7X3D_HLB,B:G161P;B:S163N;B:W173D,eval,0.00014,3,B:G161P;B:S163N;B:W173D
7X3D_HLB,B:G161P;B:S163N;B:W173E,eval,0.00014,3,B:G161P;B:S163N;B:W173E
7X3D_HLB,B:G161P;B:S163N;B:Y240S,eval,0.00014,3,B:G161P;B:S163N;B:Y240S
7X4I_HA,WT,both,,0,WT
7X4I_HA,A:F360K;A:A398G;A:I489S,steer,0.00037,3,A:F360K;A:A398G;A:I489S
7X4I_HA,A:F360K;A:A398G;A:I489T,steer,0.00037,3,A:F360K;A:A398G;A:I489T
7X4I_HA,A:F360K;A:A398K;A:I489S,steer,0.00037,3,A:F360K;A:A398K;A:I489S
7X4I_HA,A:F360K;A:A398K;A:I489T,steer,0.00037,3,A:F360K;A:A398K;A:I489T
7X4I_HA,A:F360K;A:A398S;A:I489S,steer,0.00037,3,A:F360K;A:A398S;A:I489S
7X4I_HA,A:F360K;A:A398S;A:I489T,steer,0.00037,3,A:F360K;A:A398S;A:I489T
7X4I_HA,A:A398D;A:G488D;A:I489A,eval,4e-05,3,A:A398D;A:G488D;A:I489A
7X4I_HA,A:A398D;A:G488D;A:I489P,eval,4e-05,3,A:A398D;A:G488D;A:I489P
7X4I_HA,A:A398D;A:G488D;A:I489V,eval,4e-05,3,A:A398D;A:G488D;A:I489V
7X4I_HA,A:A398D;A:G488N;A:I489A,eval,4e-05,3,A:A398D;A:G488N;A:I489A
7X4I_HA,A:A398D;A:G488N;A:I489P,eval,4e-05,3,A:A398D;A:G488N;A:I489P
7X4I_HA,A:A398D;A:G488N;A:I489V,eval,4e-05,3,A:A398D;A:G488N;A:I489V
7X4I_HA,A:A398D;A:G488P;A:I489V,eval,4e-05,3,A:A398D;A:G488P;A:I489V
7X4I_HA,A:A398D;A:G488S,eval,4e-05,2,A:A398D;A:G488S
7X4I_HA,A:A398D;A:G488T,eval,4e-05,2,A:A398D;A:G488T
7X4I_HA,A:A398G;A:G488D,eval,4e-05,2,A:A398G;A:G488D
7X4I_HA,A:A398G;A:G488N,eval,4e-05,2,A:A398G;A:G488N
7X4I_HA,A:A398G;A:G488P,eval,4e-05,2,A:A398G;A:G488P
7X4I_HA,A:A398K,eval,4e-05,1,A:A398K
7X4I_HA,A:A398K;A:G488D,eval,4e-05,2,A:A398K;A:G488D
7X4I_HA,A:A398K;A:G488N,eval,4e-05,2,A:A398K;A:G488N
7X4I_HA,A:A398K;A:G488P,eval,4e-05,2,A:A398K;A:G488P
7X4I_HA,A:A398R,eval,4e-05,1,A:A398R
7X4I_HA,A:A398R;A:G488D;A:I489V,eval,4e-05,3,A:A398R;A:G488D;A:I489V
7X4I_HA,A:A398R;A:G488N;A:I489V,eval,4e-05,3,A:A398R;A:G488N;A:I489V
7X4I_HA,A:A398R;A:G488P,eval,4e-05,2,A:A398R;A:G488P
7X4I_HA,A:A398R;A:G488S,eval,4e-05,2,A:A398R;A:G488S
7X4I_HA,A:A398R;A:G488T,eval,4e-05,2,A:A398R;A:G488T
7X4I_HA,A:A398S;A:G488N,eval,4e-05,2,A:A398S;A:G488N
7X4I_HA,A:D392R;A:A398G;A:I489A,eval,4e-05,3,A:D392R;A:A398G;A:I489A
7YCL_HLD,WT,both,,0,WT
7YCL_HLD,D:A372D;D:R408S;D:V503T,steer,0.00028,3,D:A372D;D:R408S;D:V503T
7YCL_HLD,D:A372G;D:D405N;D:R408A,steer,0.00028,3,D:A372G;D:D405N;D:R408A
7YCL_HLD,D:A372G;D:D405N;D:R408S,steer,0.00028,3,D:A372G;D:D405N;D:R408S
7YCL_HLD,D:A372G;D:D405S;D:R408A,steer,0.00028,3,D:A372G;D:D405S;D:R408A
7YCL_HLD,D:A372G;D:D405S;D:R408K,steer,0.00028,3,D:A372G;D:D405S;D:R408K
7YCL_HLD,D:A372G;D:D405S;D:R408S,steer,0.00028,3,D:A372G;D:D405S;D:R408S
7YCL_HLD,D:A372D;D:D405E,eval,4e-05,2,D:A372D;D:D405E
7YCL_HLD,D:A372D;D:D405E;D:G502P,eval,4e-05,3,D:A372D;D:D405E;D:G502P
7YCL_HLD,D:A372D;D:D405E;D:G502S,eval,4e-05,3,D:A372D;D:D405E;D:G502S
7YCL_HLD,D:A372D;D:D405E;D:R408N,eval,4e-05,3,D:A372D;D:D405E;D:R408N
7YCL_HLD,D:A372D;D:D405E;D:V503A,eval,4e-05,3,D:A372D;D:D405E;D:V503A
7YCL_HLD,D:A372D;D:D405N;D:G502D,eval,4e-05,3,D:A372D;D:D405N;D:G502D
7YCL_HLD,D:A372D;D:D405N;D:V503I,eval,4e-05,3,D:A372D;D:D405N;D:V503I
7YCL_HLD,D:A372D;D:D405N;D:V503K,eval,4e-05,3,D:A372D;D:D405N;D:V503K
7YCL_HLD,D:A372D;D:D405R;D:R408K,eval,4e-05,3,D:A372D;D:D405R;D:R408K
7YCL_HLD,D:A372D;D:D405R;D:V503T,eval,4e-05,3,D:A372D;D:D405R;D:V503T
7YCL_HLD,D:A372D;D:D405S;D:G502D,eval,4e-05,3,D:A372D;D:D405S;D:G502D
7YCL_HLD,D:A372D;D:D405S;D:R408W,eval,4e-05,3,D:A372D;D:D405S;D:R408W
7YCL_HLD,D:A372D;D:D405Y,eval,4e-05,2,D:A372D;D:D405Y
7YCL_HLD,D:A372D;D:G381K;D:D405N,eval,4e-05,3,D:A372D;D:G381K;D:D405N
7YCL_HLD,D:A372D;D:G381K;D:G502P,eval,4e-05,3,D:A372D;D:G381K;D:G502P
7YCL_HLD,D:A372D;D:G381K;D:G502S,eval,4e-05,3,D:A372D;D:G381K;D:G502S
7YCL_HLD,D:A372D;D:G381K;D:R408N,eval,4e-05,3,D:A372D;D:G381K;D:R408N
7YCL_HLD,D:A372D;D:G381K;D:V503A,eval,4e-05,3,D:A372D;D:G381K;D:V503A
7YCL_HLD,D:A372D;D:G381N;D:D405E,eval,4e-05,3,D:A372D;D:G381N;D:D405E
7YCL_HLD,D:A372D;D:G381N;D:G502D,eval,4e-05,3,D:A372D;D:G381N;D:G502D
7YCL_HLD,D:A372D;D:G381N;D:V503I,eval,4e-05,3,D:A372D;D:G381N;D:V503I
7YCL_HLD,D:A372D;D:G381N;D:V503K,eval,4e-05,3,D:A372D;D:G381N;D:V503K
7YCL_HLD,D:A372D;D:G381Q;D:R408A,eval,4e-05,3,D:A372D;D:G381Q;D:R408A
7YCL_HLD,D:A372D;D:G381Q;D:R408S,eval,4e-05,3,D:A372D;D:G381Q;D:R408S
7YRU_HLA,WT,both,,0,WT
7YRU_HLA,A:D61N;A:F63Q;A:Q106S,steer,0.00024,3,A:D61N;A:F63Q;A:Q106S
7YRU_HLA,A:D61N;A:F63V;A:Q106S,steer,0.00024,3,A:D61N;A:F63V;A:Q106S
7YRU_HLA,A:F63E;A:P87S;A:Q106S,steer,0.00024,3,A:F63E;A:P87S;A:Q106S
7YRU_HLA,A:F63E;A:Q106S,steer,0.00024,2,A:F63E;A:Q106S
7YRU_HLA,A:F63Q;A:N102D;A:Q106S,steer,0.00024,3,A:F63Q;A:N102D;A:Q106S
7YRU_HLA,A:F63Q;A:P87L;A:Q106S,steer,0.00024,3,A:F63Q;A:P87L;A:Q106S
7YRU_HLA,A:D61A;A:F63E,eval,4e-05,2,A:D61A;A:F63E
7YRU_HLA,A:D61A;A:F63E;A:P87L,eval,4e-05,3,A:D61A;A:F63E;A:P87L
7YRU_HLA,A:D61A;A:F63E;A:S86V,eval,4e-05,3,A:D61A;A:F63E;A:S86V
7YRU_HLA,A:D61A;A:F63I;A:P87S,eval,4e-05,3,A:D61A;A:F63I;A:P87S
7YRU_HLA,A:D61A;A:F63I;A:Q106K,eval,4e-05,3,A:D61A;A:F63I;A:Q106K
7YRU_HLA,A:D61A;A:F63I;A:Q106T,eval,4e-05,3,A:D61A;A:F63I;A:Q106T
7YRU_HLA,A:D61A;A:F63I;A:Q106V,eval,4e-05,3,A:D61A;A:F63I;A:Q106V
7YRU_HLA,A:D61A;A:F63Q,eval,4e-05,2,A:D61A;A:F63Q
7YRU_HLA,A:D61A;A:F63Q;A:G88L,eval,4e-05,3,A:D61A;A:F63Q;A:G88L
7YRU_HLA,A:D61A;A:F63Q;A:N102D,eval,4e-05,3,A:D61A;A:F63Q;A:N102D
7YRU_HLA,A:D61A;A:F63Q;A:P87L,eval,4e-05,3,A:D61A;A:F63Q;A:P87L
7YRU_HLA,A:D61A;A:F63Q;A:S86R,eval,4e-05,3,A:D61A;A:F63Q;A:S86R
7YRU_HLA,A:D61A;A:F63Q;A:S86V,eval,4e-05,3,A:D61A;A:F63Q;A:S86V
7YRU_HLA,A:D61A;A:F63V,eval,4e-05,2,A:D61A;A:F63V
7YRU_HLA,A:D61A;A:F63V;A:G88L,eval,4e-05,3,A:D61A;A:F63V;A:G88L
7YRU_HLA,A:D61A;A:F63V;A:N102D,eval,4e-05,3,A:D61A;A:F63V;A:N102D
7YRU_HLA,A:D61A;A:F63V;A:P87L,eval,4e-05,3,A:D61A;A:F63V;A:P87L
7YRU_HLA,A:D61A;A:F63V;A:S86V,eval,4e-05,3,A:D61A;A:F63V;A:S86V
7YRU_HLA,A:D61A;A:N102D;A:Q106S,eval,4e-05,3,A:D61A;A:N102D;A:Q106S
7YRU_HLA,A:D61A;A:P87L;A:Q106S,eval,4e-05,3,A:D61A;A:P87L;A:Q106S
7YRU_HLA,A:D61A;A:P87S;A:Q106T,eval,4e-05,3,A:D61A;A:P87S;A:Q106T
7YRU_HLA,A:D61A;A:Q106S,eval,4e-05,2,A:D61A;A:Q106S
7YRU_HLA,A:D61A;A:S86V;A:Q106S,eval,4e-05,3,A:D61A;A:S86V;A:Q106S
7YRU_HLA,A:D61E;A:F63E;A:N102E,eval,4e-05,3,A:D61E;A:F63E;A:N102E
7ZRA_FC,WT,both,,0,WT
7ZRA_FC,C:D150E;C:R182S;C:Q183D,steer,0.01111,3,C:D150E;C:R182S;C:Q183D
7ZRA_FC,C:D150E;C:R182S;C:Q183E,steer,0.01111,3,C:D150E;C:R182S;C:Q183E
7ZRA_FC,C:D150E;C:R182S;C:Q183N,steer,0.01111,3,C:D150E;C:R182S;C:Q183N
7ZRA_FC,C:G162A;C:R182S;C:Q183D,steer,0.01111,3,C:G162A;C:R182S;C:Q183D
7ZRA_FC,C:G162A;C:R182S;C:Q183E,steer,0.01111,3,C:G162A;C:R182S;C:Q183E
7ZRA_FC,C:G162A;C:R182S;C:Q183N,steer,0.01111,3,C:G162A;C:R182S;C:Q183N
7ZRA_FC,C:D150A;C:R182S;C:Q183D,eval,0.00256,3,C:D150A;C:R182S;C:Q183D
7ZRA_FC,C:D150A;C:R182S;C:Q183E,eval,0.00256,3,C:D150A;C:R182S;C:Q183E
7ZRA_FC,C:D150A;C:R182S;C:Q183N,eval,0.00256,3,C:D150A;C:R182S;C:Q183N
7ZRA_FC,C:D150E,eval,0.00256,1,C:D150E
7ZRA_FC,C:D150E;C:G162A,eval,0.00256,2,C:D150E;C:G162A
7ZRA_FC,C:D150E;C:G162A;C:R182Q,eval,0.00256,3,C:D150E;C:G162A;C:R182Q
7ZRA_FC,C:D150E;C:G162S;C:Q183D,eval,0.00256,3,C:D150E;C:G162S;C:Q183D
7ZRA_FC,C:D150E;C:R182K;C:Q183S,eval,0.00256,3,C:D150E;C:R182K;C:Q183S
7ZRA_FC,C:D150E;C:R182Q,eval,0.00256,2,C:D150E;C:R182Q
7ZRA_FC,C:D150G;C:G162A;C:Q183E,eval,0.00256,3,C:D150G;C:G162A;C:Q183E
7ZRA_FC,C:D150G;C:G162A;C:Q183N,eval,0.00256,3,C:D150G;C:G162A;C:Q183N
7ZRA_FC,C:D150G;C:G162A;C:R182A,eval,0.00256,3,C:D150G;C:G162A;C:R182A
7ZRA_FC,C:D150G;C:G162A;C:R182G,eval,0.00256,3,C:D150G;C:G162A;C:R182G
7ZRA_FC,C:D150G;C:G162S;C:R182S,eval,0.00256,3,C:D150G;C:G162S;C:R182S
7ZRA_FC,C:D150G;C:Q183E,eval,0.00256,2,C:D150G;C:Q183E
7ZRA_FC,C:D150G;C:Q183N,eval,0.00256,2,C:D150G;C:Q183N
7ZRA_FC,C:D150G;C:R182A,eval,0.00256,2,C:D150G;C:R182A
7ZRA_FC,C:D150G;C:R182G,eval,0.00256,2,C:D150G;C:R182G
7ZRA_FC,C:D150G;C:R182K;C:Q183D,eval,0.00256,3,C:D150G;C:R182K;C:Q183D
7ZRA_FC,C:D150G;C:R182K;C:Q183N,eval,0.00256,3,C:D150G;C:R182K;C:Q183N
7ZRA_FC,C:D150G;C:R182Q;C:Q183S,eval,0.00256,3,C:D150G;C:R182Q;C:Q183S
7ZRA_FC,C:D150N;C:G162A;C:R182S,eval,0.00256,3,C:D150N;C:G162A;C:R182S
7ZRA_FC,C:D150N;C:R182A;C:Q183E,eval,0.00256,3,C:D150N;C:R182A;C:Q183E
7ZRA_FC,C:D150N;C:R182A;C:Q183N,eval,0.00256,3,C:D150N;C:R182A;C:Q183N
8ATH_HLA,WT,both,,0,WT
8ATH_HLA,A:A108F;A:R186S;A:G187S,steer,0.00043,3,A:A108F;A:R186S;A:G187S
8ATH_HLA,A:A108G;A:N181A;A:R186S,steer,0.00043,3,A:A108G;A:N181A;A:R186S
8ATH_HLA,A:A108G;A:N181D;A:R186S,steer,0.00043,3,A:A108G;A:N181D;A:R186S
8ATH_HLA,A:A108G;A:N181S;A:G187S,steer,0.00043,3,A:A108G;A:N181S;A:G187S
8ATH_HLA,A:A108G;A:N181S;A:R186A,steer,0.00043,3,A:A108G;A:N181S;A:R186A
8ATH_HLA,A:A108G;A:N181S;A:R186S,steer,0.00043,3,A:A108G;A:N181S;A:R186S
8ATH_HLA,A:A108F,eval,5e-05,1,A:A108F
8ATH_HLA,A:A108F;A:G187D,eval,5e-05,2,A:A108F;A:G187D
8ATH_HLA,A:A108F;A:N181A;A:G187R,eval,5e-05,3,A:A108F;A:N181A;A:G187R
8ATH_HLA,A:A108F;A:N181A;A:R186E,eval,5e-05,3,A:A108F;A:N181A;A:R186E
8ATH_HLA,A:A108F;A:N181D;A:G187E,eval,5e-05,3,A:A108F;A:N181D;A:G187E
8ATH_HLA,A:A108F;A:N181D;A:G187R,eval,5e-05,3,A:A108F;A:N181D;A:G187R
8ATH_HLA,A:A108F;A:N181D;A:R186E,eval,5e-05,3,A:A108F;A:N181D;A:R186E
8ATH_HLA,A:A108F;A:N181E;A:R186T,eval,5e-05,3,A:A108F;A:N181E;A:R186T
8ATH_HLA,A:A108F;A:N181K;A:R186T,eval,5e-05,3,A:A108F;A:N181K;A:R186T
8ATH_HLA,A:A108F;A:R186P,eval,5e-05,2,A:A108F;A:R186P
8ATH_HLA,A:A108F;A:R186P;A:G187D,eval,5e-05,3,A:A108F;A:R186P;A:G187D
8ATH_HLA,A:A108F;A:R186P;A:G187E,eval,5e-05,3,A:A108F;A:R186P;A:G187E
8ATH_HLA,A:A108F;A:S180A;A:G187A,eval,5e-05,3,A:A108F;A:S180A;A:G187A
8ATH_HLA,A:A108F;A:S180A;A:G187R,eval,5e-05,3,A:A108F;A:S180A;A:G187R
8ATH_HLA,A:A108F;A:S180A;A:N181S,eval,5e-05,3,A:A108F;A:S180A;A:N181S
8ATH_HLA,A:A108F;A:S180D;A:G187A,eval,5e-05,3,A:A108F;A:S180D;A:G187A
8ATH_HLA,A:A108F;A:S180D;A:N181S,eval,5e-05,3,A:A108F;A:S180D;A:N181S
8ATH_HLA,A:A108F;A:S180E;A:G187R,eval,5e-05,3,A:A108F;A:S180E;A:G187R
8ATH_HLA,A:A108F;A:S180E;A:R186E,eval,5e-05,3,A:A108F;A:S180E;A:R186E
8ATH_HLA,A:A108F;A:S180N;A:G187E,eval,5e-05,3,A:A108F;A:S180N;A:G187E
8ATH_HLA,A:A108F;A:S180N;A:G187R,eval,5e-05,3,A:A108F;A:S180N;A:G187R
8ATH_HLA,A:A108F;A:S180N;A:R186E,eval,5e-05,3,A:A108F;A:S180N;A:R186E
8ATH_HLA,A:A108F;A:S180Q;A:G187A,eval,5e-05,3,A:A108F;A:S180Q;A:G187A
8ATH_HLA,A:A108F;A:S180Q;A:N181S,eval,5e-05,3,A:A108F;A:S180Q;A:N181S
8CYH_HLM,WT,both,,0,WT
8CYH_HLM,M:A560D;M:T581A;M:Q587A,steer,0.00435,3,M:A560D;M:T581A;M:Q587A
8CYH_HLM,M:A560D;M:T581A;M:Q587E,steer,0.00435,3,M:A560D;M:T581A;M:Q587E
8CYH_HLM,M:A560E;M:T581A,steer,0.00435,2,M:A560E;M:T581A
8CYH_HLM,M:A560E;M:T581A;M:G583A,steer,0.00435,3,M:A560E;M:T581A;M:G583A
8CYH_HLM,M:A560E;M:T581A;M:G583F,steer,0.00435,3,M:A560E;M:T581A;M:G583F
8CYH_HLM,M:A560E;M:T581A;M:Q587A,steer,0.00435,3,M:A560E;M:T581A;M:Q587A
8CYH_HLM,M:A560D;M:G583A;M:Q587C,eval,0.00048,3,M:A560D;M:G583A;M:Q587C
8CYH_HLM,M:A560D;M:G583C;M:Q587D,eval,0.00048,3,M:A560D;M:G583C;M:Q587D
8CYH_HLM,M:A560D;M:G583E;M:Q587F,eval,0.00048,3,M:A560D;M:G583E;M:Q587F
8CYH_HLM,M:A560D;M:T581C;M:Q587A,eval,0.00048,3,M:A560D;M:T581C;M:Q587A
8CYH_HLM,M:A560D;M:T581C;M:Q587E,eval,0.00048,3,M:A560D;M:T581C;M:Q587E
8CYH_HLM,M:A560D;M:T581D;M:Q587F,eval,0.00048,3,M:A560D;M:T581D;M:Q587F
8CYH_HLM,M:A560D;M:T581E;M:G583E,eval,0.00048,3,M:A560D;M:T581E;M:G583E
8CYH_HLM,M:A560D;M:T581F;M:G583E,eval,0.00048,3,M:A560D;M:T581F;M:G583E
8CYH_HLM,M:A560E;M:T581C,eval,0.00048,2,M:A560E;M:T581C
8CYH_HLM,M:A560E;M:T581C;M:G583F,eval,0.00048,3,M:A560E;M:T581C;M:G583F
8CYH_HLM,M:A560E;M:T581D;M:G583D,eval,0.00048,3,M:A560E;M:T581D;M:G583D
8CYH_HLM,M:A560E;M:T581E;M:G583C,eval,0.00048,3,M:A560E;M:T581E;M:G583C
8CYH_HLM,M:A560E;M:T581E;M:Q587C,eval,0.00048,3,M:A560E;M:T581E;M:Q587C
8CYH_HLM,M:A560E;M:T581F;M:G583C,eval,0.00048,3,M:A560E;M:T581F;M:G583C
8CYH_HLM,M:A560E;M:T581F;M:G583D,eval,0.00048,3,M:A560E;M:T581F;M:G583D
8CYH_HLM,M:A560F;M:G583A;M:Q587A,eval,0.00048,3,M:A560F;M:G583A;M:Q587A
8CYH_HLM,M:A560F;M:G583A;M:Q587E,eval,0.00048,3,M:A560F;M:G583A;M:Q587E
8CYH_HLM,M:A560F;M:T581A;M:Q587F,eval,0.00048,3,M:A560F;M:T581A;M:Q587F
8CYH_HLM,M:A560G;M:G583C;M:Q587A,eval,0.00048,3,M:A560G;M:G583C;M:Q587A
8CYH_HLM,M:A560G;M:G583C;M:Q587E,eval,0.00048,3,M:A560G;M:G583C;M:Q587E
8CYH_HLM,M:A560G;M:G583D;M:Q587D,eval,0.00048,3,M:A560G;M:G583D;M:Q587D
8CYH_HLM,M:A560G;M:G583E,eval,0.00048,2,M:A560G;M:G583E
8CYH_HLM,M:A560G;M:G583E;M:Q587F,eval,0.00048,3,M:A560G;M:G583E;M:Q587F
8CYH_HLM,M:A560G;M:T581D;M:G583F,eval,0.00048,3,M:A560G;M:T581D;M:G583F
8CZ5_HLA,WT,both,,0,WT
8CZ5_HLA,A:F344A;A:G346A;A:P385A,steer,0.00079,3,A:F344A;A:G346A;A:P385A
8CZ5_HLA,A:F344A;A:G346S;A:P385A,steer,0.00079,3,A:F344A;A:G346S;A:P385A
8CZ5_HLA,A:F344A;A:N387S,steer,0.00079,2,A:F344A;A:N387S
8CZ5_HLA,A:F344A;A:N387S;A:A414P,steer,0.00079,3,A:F344A;A:N387S;A:A414P
8CZ5_HLA,A:F344A;A:N387S;A:A414S,steer,0.00079,3,A:F344A;A:N387S;A:A414S
8CZ5_HLA,A:F344A;A:P385A,steer,0.00079,2,A:F344A;A:P385A
8CZ5_HLA,A:F344A;A:A414K,eval,7e-05,2,A:F344A;A:A414K
8CZ5_HLA,A:F344A;A:G346A;A:N387R,eval,7e-05,3,A:F344A;A:G346A;A:N387R
8CZ5_HLA,A:F344A;A:G346A;A:S386Q,eval,7e-05,3,A:F344A;A:G346A;A:S386Q
8CZ5_HLA,A:F344A;A:G346D;A:T347A,eval,7e-05,3,A:F344A;A:G346D;A:T347A
8CZ5_HLA,A:F344A;A:G346N;A:S386N,eval,7e-05,3,A:F344A;A:G346N;A:S386N
8CZ5_HLA,A:F344A;A:G346N;A:S386P,eval,7e-05,3,A:F344A;A:G346N;A:S386P
8CZ5_HLA,A:F344A;A:G346S;A:N387R,eval,7e-05,3,A:F344A;A:G346S;A:N387R
8CZ5_HLA,A:F344A;A:G346S;A:S386Q,eval,7e-05,3,A:F344A;A:G346S;A:S386Q
8CZ5_HLA,A:F344A;A:G346T;A:N387R,eval,7e-05,3,A:F344A;A:G346T;A:N387R
8CZ5_HLA,A:F344A;A:G346T;A:S386Q,eval,7e-05,3,A:F344A;A:G346T;A:S386Q
8CZ5_HLA,A:F344A;A:N387D;A:A414R,eval,7e-05,3,A:F344A;A:N387D;A:A414R
8CZ5_HLA,A:F344A;A:N387K,eval,7e-05,2,A:F344A;A:N387K
8CZ5_HLA,A:F344A;A:N387K;A:A414S,eval,7e-05,3,A:F344A;A:N387K;A:A414S
8CZ5_HLA,A:F344A;A:P385A;A:S386E,eval,7e-05,3,A:F344A;A:P385A;A:S386E
8CZ5_HLA,A:F344A;A:P385M;A:A414S,eval,7e-05,3,A:F344A;A:P385M;A:A414S
8CZ5_HLA,A:F344A;A:P385R,eval,7e-05,2,A:F344A;A:P385R
8CZ5_HLA,A:F344A;A:P385R;A:A414S,eval,7e-05,3,A:F344A;A:P385R;A:A414S
8CZ5_HLA,A:F344A;A:P385S;A:A414H,eval,7e-05,3,A:F344A;A:P385S;A:A414H
8CZ5_HLA,A:F344A;A:S345A;A:P385M,eval,7e-05,3,A:F344A;A:S345A;A:P385M
8CZ5_HLA,A:F344A;A:S345A;A:T347D,eval,7e-05,3,A:F344A;A:S345A;A:T347D
8CZ5_HLA,A:F344A;A:S345A;A:T348Q,eval,7e-05,3,A:F344A;A:S345A;A:T348Q
8CZ5_HLA,A:F344A;A:S345D;A:G346T,eval,7e-05,3,A:F344A;A:S345D;A:G346T
8CZ5_HLA,A:F344A;A:S345D;A:S386N,eval,7e-05,3,A:F344A;A:S345D;A:S386N
8CZ5_HLA,A:F344A;A:S345D;A:S386P,eval,7e-05,3,A:F344A;A:S345D;A:S386P
8DT3_HLC,WT,both,,0,WT
8DT3_HLC,C:A372S;C:N440S;C:V445S,steer,0.00012,3,C:A372S;C:N440S;C:V445S
8DT3_HLC,C:A372S;C:V445S;C:G446N,steer,0.00012,3,C:A372S;C:V445S;C:G446N
8DT3_HLC,C:A372S;C:V445S;C:G446S,steer,0.00012,3,C:A372S;C:V445S;C:G446S
8DT3_HLC,C:A372S;C:V445S;C:G446T,steer,0.00012,3,C:A372S;C:V445S;C:G446T
8DT3_HLC,C:E340A;C:F342L;C:R346N,steer,0.00012,3,C:E340A;C:F342L;C:R346N
8DT3_HLC,C:E340A;C:F342L;C:R346S,steer,0.00012,3,C:E340A;C:F342L;C:R346S
8DT3_HLC,C:A372F;C:N440S;C:G446S,eval,2e-05,3,C:A372F;C:N440S;C:G446S
8DT3_HLC,C:A372F;C:N440S;C:V445S,eval,2e-05,3,C:A372F;C:N440S;C:V445S
8DT3_HLC,C:A372F;C:N440T;C:V445S,eval,2e-05,3,C:A372F;C:N440T;C:V445S
8DT3_HLC,C:A372F;C:V445S;C:G446N,eval,2e-05,3,C:A372F;C:V445S;C:G446N
8DT3_HLC,C:A372F;C:V445S;C:G446S,eval,2e-05,3,C:A372F;C:V445S;C:G446S
8DT3_HLC,C:A372F;C:V445S;C:G446T,eval,2e-05,3,C:A372F;C:V445S;C:G446T
8DT3_HLC,C:A372G,eval,2e-05,1,C:A372G
8DT3_HLC,C:A372G;C:G446D,eval,2e-05,2,C:A372G;C:G446D
8DT3_HLC,C:A372G;C:G446N;C:N450D,eval,2e-05,3,C:A372G;C:G446N;C:N450D
8DT3_HLC,C:A372G;C:G446S;C:N450D,eval,2e-05,3,C:A372G;C:G446S;C:N450D
8DT3_HLC,C:A372G;C:G446S;C:N450Y,eval,2e-05,3,C:A372G;C:G446S;C:N450Y
8DT3_HLC,C:A372G;C:G446T;C:N450D,eval,2e-05,3,C:A372G;C:G446T;C:N450D
8DT3_HLC,C:A372G;C:G446T;C:N450Y,eval,2e-05,3,C:A372G;C:G446T;C:N450Y
8DT3_HLC,C:A372G;C:L441F;C:G446N,eval,2e-05,3,C:A372G;C:L441F;C:G446N
8DT3_HLC,C:A372G;C:L441F;C:G446T,eval,2e-05,3,C:A372G;C:L441F;C:G446T
8DT3_HLC,C:A372G;C:L441F;C:V445L,eval,2e-05,3,C:A372G;C:L441F;C:V445L
8DT3_HLC,C:A372G;C:L441I;C:G446D,eval,2e-05,3,C:A372G;C:L441I;C:G446D
8DT3_HLC,C:A372G;C:L441I;C:G446N,eval,2e-05,3,C:A372G;C:L441I;C:G446N
8DT3_HLC,C:A372G;C:L441I;C:G446T,eval,2e-05,3,C:A372G;C:L441I;C:G446T
8DT3_HLC,C:A372G;C:L441I;C:V445L,eval,2e-05,3,C:A372G;C:L441I;C:V445L
8DT3_HLC,C:A372G;C:L441V;C:G446D,eval,2e-05,3,C:A372G;C:L441V;C:G446D
8DT3_HLC,C:A372G;C:L441V;C:G446N,eval,2e-05,3,C:A372G;C:L441V;C:G446N
8DT3_HLC,C:A372G;C:L441V;C:V445L,eval,2e-05,3,C:A372G;C:L441V;C:V445L
8DT3_HLC,C:A372G;C:L441Y;C:G446S,eval,2e-05,3,C:A372G;C:L441Y;C:G446S
8DWO_HLB,WT,both,,0,WT
8DWO_HLB,B:D3A;B:D58S;B:S191A,steer,0.00014,3,B:D3A;B:D58S;B:S191A
8DWO_HLB,B:D3A;B:D58T;B:S191A,steer,0.00014,3,B:D3A;B:D58T;B:S191A
8DWO_HLB,B:D3A;B:G59D;B:K231D,steer,0.00014,3,B:D3A;B:G59D;B:K231D
8DWO_HLB,B:D3A;B:G59D;B:N118H,steer,0.00014,3,B:D3A;B:G59D;B:N118H
8DWO_HLB,B:D3A;B:G59D;B:N118K,steer,0.00014,3,B:D3A;B:G59D;B:N118K
8DWO_HLB,B:D3A;B:G59D;B:N118R,steer,0.00014,3,B:D3A;B:G59D;B:N118R
8DWO_HLB,B:D3A;B:D58N;B:G59D,eval,2e-05,3,B:D3A;B:D58N;B:G59D
8DWO_HLB,B:D3A;B:D58N;B:G70A,eval,2e-05,3,B:D3A;B:D58N;B:G70A
8DWO_HLB,B:D3A;B:D58N;B:G70S,eval,2e-05,3,B:D3A;B:D58N;B:G70S
8DWO_HLB,B:D3A;B:D58N;B:N118K,eval,2e-05,3,B:D3A;B:D58N;B:N118K
8DWO_HLB,B:D3A;B:D58N;B:N118R,eval,2e-05,3,B:D3A;B:D58N;B:N118R
8DWO_HLB,B:D3A;B:D58N;B:N230S,eval,2e-05,3,B:D3A;B:D58N;B:N230S
8DWO_HLB,B:D3A;B:D58N;B:S176D,eval,2e-05,3,B:D3A;B:D58N;B:S176D
8DWO_HLB,B:D3A;B:D58N;B:S176T,eval,2e-05,3,B:D3A;B:D58N;B:S176T
8DWO_HLB,B:D3A;B:D58N;B:S210T,eval,2e-05,3,B:D3A;B:D58N;B:S210T
8DWO_HLB,B:D3A;B:D58R,eval,2e-05,2,B:D3A;B:D58R
8DWO_HLB,B:D3A;B:D58R;B:G59S,eval,2e-05,3,B:D3A;B:D58R;B:G59S
8DWO_HLB,B:D3A;B:D58R;B:K231N,eval,2e-05,3,B:D3A;B:D58R;B:K231N
8DWO_HLB,B:D3A;B:D58R;B:N230K,eval,2e-05,3,B:D3A;B:D58R;B:N230K
8DWO_HLB,B:D3A;B:D58R;B:N230T,eval,2e-05,3,B:D3A;B:D58R;B:N230T
8DWO_HLB,B:D3A;B:D58R;B:S176A,eval,2e-05,3,B:D3A;B:D58R;B:S176A
8DWO_HLB,B:D3A;B:D58R;B:S176E,eval,2e-05,3,B:D3A;B:D58R;B:S176E
8DWO_HLB,B:D3A;B:D58S;B:G59N,eval,2e-05,3,B:D3A;B:D58S;B:G59N
8DWO_HLB,B:D3A;B:D58S;B:G70D,eval,2e-05,3,B:D3A;B:D58S;B:G70D
8DWO_HLB,B:D3A;B:D58S;B:K231H,eval,2e-05,3,B:D3A;B:D58S;B:K231H
8DWO_HLB,B:D3A;B:D58S;B:K231Q,eval,2e-05,3,B:D3A;B:D58S;B:K231Q
8DWO_HLB,B:D3A;B:D58S;B:K71N,eval,2e-05,3,B:D3A;B:D58S;B:K71N
8DWO_HLB,B:D3A;B:D58S;B:N230H,eval,2e-05,3,B:D3A;B:D58S;B:N230H
8DWO_HLB,B:D3A;B:D58S;B:S176N,eval,2e-05,3,B:D3A;B:D58S;B:S176N
8DWO_HLB,B:D3A;B:D58S;B:S191G,eval,2e-05,3,B:D3A;B:D58S;B:S191G
8E8Y_HL1,WT,both,,0,WT
8E8Y_HL1,1:A101D;1:G168Q;1:K214S,steer,9e-05,3,1:A101D;1:G168Q;1:K214S
8E8Y_HL1,1:A101D;1:G168T;1:K214S,steer,9e-05,3,1:A101D;1:G168T;1:K214S
8E8Y_HL1,1:A101D;1:K169S;1:K214S,steer,9e-05,3,1:A101D;1:K169S;1:K214S
8E8Y_HL1,1:A101D;1:K214S;1:E224S,steer,9e-05,3,1:A101D;1:K214S;1:E224S
8E8Y_HL1,1:A101D;1:K214S;1:E224T,steer,9e-05,3,1:A101D;1:K214S;1:E224T
8E8Y_HL1,1:A101D;1:K214S;1:G283S,steer,9e-05,3,1:A101D;1:K214S;1:G283S
8E8Y_HL1,1:A101D;1:A164G;1:G283S,eval,1e-05,3,1:A101D;1:A164G;1:G283S
8E8Y_HL1,1:A101D;1:A164G;1:K169S,eval,1e-05,3,1:A101D;1:A164G;1:K169S
8E8Y_HL1,1:A101D;1:A164S;1:E224S,eval,1e-05,3,1:A101D;1:A164S;1:E224S
8E8Y_HL1,1:A101D;1:A164S;1:G168Q,eval,1e-05,3,1:A101D;1:A164S;1:G168Q
8E8Y_HL1,1:A101D;1:A164S;1:K214N,eval,1e-05,3,1:A101D;1:A164S;1:K214N
8E8Y_HL1,1:A101D;1:A164S;1:K214T,eval,1e-05,3,1:A101D;1:A164S;1:K214T
8E8Y_HL1,1:A101D;1:E224S;1:G281D,eval,1e-05,3,1:A101D;1:E224S;1:G281D
8E8Y_HL1,1:A101D;1:E224S;1:G283N,eval,1e-05,3,1:A101D;1:E224S;1:G283N
8E8Y_HL1,1:A101D;1:E224S;1:K287I,eval,1e-05,3,1:A101D;1:E224S;1:K287I
8E8Y_HL1,1:A101D;1:E224S;1:K287R,eval,1e-05,3,1:A101D;1:E224S;1:K287R
8E8Y_HL1,1:A101D;1:E224S;1:L228I,eval,1e-05,3,1:A101D;1:E224S;1:L228I
8E8Y_HL1,1:A101D;1:E224S;1:L234I,eval,1e-05,3,1:A101D;1:E224S;1:L234I
8E8Y_HL1,1:A101D;1:E224S;1:L234Y,eval,1e-05,3,1:A101D;1:E224S;1:L234Y
8E8Y_HL1,1:A101D;1:E224S;1:N235E,eval,1e-05,3,1:A101D;1:E224S;1:N235E
8E8Y_HL1,1:A101D;1:E224S;1:S227A,eval,1e-05,3,1:A101D;1:E224S;1:S227A
8E8Y_HL1,1:A101D;1:E224S;1:S233N,eval,1e-05,3,1:A101D;1:E224S;1:S233N
8E8Y_HL1,1:A101D;1:E224S;1:Y229K,eval,1e-05,3,1:A101D;1:E224S;1:Y229K
8E8Y_HL1,1:A101D;1:E224T;1:G283L,eval,1e-05,3,1:A101D;1:E224T;1:G283L
8E8Y_HL1,1:A101D;1:E224T;1:K287L,eval,1e-05,3,1:A101D;1:E224T;1:K287L
8E8Y_HL1,1:A101D;1:E224T;1:L234P,eval,1e-05,3,1:A101D;1:E224T;1:L234P
8E8Y_HL1,1:A101D;1:E224T;1:Y229F,eval,1e-05,3,1:A101D;1:E224T;1:Y229F
8E8Y_HL1,1:A101D;1:G168Q,eval,1e-05,2,1:A101D;1:G168Q
8E8Y_HL1,1:A101D;1:G168Q;1:G281E,eval,1e-05,3,1:A101D;1:G168Q;1:G281E
8E8Y_HL1,1:A101D;1:G168Q;1:G281S,eval,1e-05,3,1:A101D;1:G168Q;1:G281S
8EMZ_BA,WT,both,,0,WT
8EMZ_BA,A:D375N;A:D377S;A:Y444S,steer,0.00023,3,A:D375N;A:D377S;A:Y444S
8EMZ_BA,A:D375R;A:D377S;A:Y444N,steer,0.00023,3,A:D375R;A:D377S;A:Y444N
8EMZ_BA,A:D375R;A:D377S;A:Y444S,steer,0.00023,3,A:D375R;A:D377S;A:Y444S
8EMZ_BA,A:D375R;A:D377T;A:Y444S,steer,0.00023,3,A:D375R;A:D377T;A:Y444S
8EMZ_BA,A:D375R;A:D395P;A:Y444S,steer,0.00023,3,A:D375R;A:D395P;A:Y444S
8EMZ_BA,A:D375S;A:D377S;A:Y444D,steer,0.00023,3,A:D375S;A:D377S;A:Y444D
8EMZ_BA,A:D375E;A:D377E;A:Y444N,eval,3e-05,3,A:D375E;A:D377E;A:Y444N
8EMZ_BA,A:D375E;A:D377E;A:Y444T,eval,3e-05,3,A:D375E;A:D377E;A:Y444T
8EMZ_BA,A:D375E;A:D377S,eval,3e-05,2,A:D375E;A:D377S
8EMZ_BA,A:D375E;A:D377S;A:D395F,eval,3e-05,3,A:D375E;A:D377S;A:D395F
8EMZ_BA,A:D375E;A:D377S;A:D396N,eval,3e-05,3,A:D375E;A:D377S;A:D396N
8EMZ_BA,A:D375E;A:D377S;A:D396S,eval,3e-05,3,A:D375E;A:D377S;A:D396S
8EMZ_BA,A:D375E;A:D377T;A:D395F,eval,3e-05,3,A:D375E;A:D377T;A:D395F
8EMZ_BA,A:D375E;A:D377T;A:D396S,eval,3e-05,3,A:D375E;A:D377T;A:D396S
8EMZ_BA,A:D375E;A:D395E;A:Y444N,eval,3e-05,3,A:D375E;A:D395E;A:Y444N
8EMZ_BA,A:D375E;A:D395E;A:Y444T,eval,3e-05,3,A:D375E;A:D395E;A:Y444T
8EMZ_BA,A:D375E;A:D395P;A:D396S,eval,3e-05,3,A:D375E;A:D395P;A:D396S
8EMZ_BA,A:D375E;A:D395W;A:Y444S,eval,3e-05,3,A:D375E;A:D395W;A:Y444S
8EMZ_BA,A:D375E;A:D396E;A:Y444S,eval,3e-05,3,A:D375E;A:D396E;A:Y444S
8EMZ_BA,A:D375E;A:D396I;A:Y444D,eval,3e-05,3,A:D375E;A:D396I;A:Y444D
8EMZ_BA,A:D375E;A:D396Q;A:Y444N,eval,3e-05,3,A:D375E;A:D396Q;A:Y444N
8EMZ_BA,A:D375E;A:D396Q;A:Y444T,eval,3e-05,3,A:D375E;A:D396Q;A:Y444T
8EMZ_BA,A:D375E;A:G397F;A:Y444D,eval,3e-05,3,A:D375E;A:G397F;A:Y444D
8EMZ_BA,A:D375E;A:G397S;A:Y444D,eval,3e-05,3,A:D375E;A:G397S;A:Y444D
8EMZ_BA,A:D375E;A:G397Y;A:Y444N,eval,3e-05,3,A:D375E;A:G397Y;A:Y444N
8EMZ_BA,A:D375E;A:G397Y;A:Y444T,eval,3e-05,3,A:D375E;A:G397Y;A:Y444T
8EMZ_BA,A:D375E;A:G442L;A:Y444N,eval,3e-05,3,A:D375E;A:G442L;A:Y444N
8EMZ_BA,A:D375E;A:G442L;A:Y444T,eval,3e-05,3,A:D375E;A:G442L;A:Y444T
8EMZ_BA,A:D375E;A:G442V;A:Y444N,eval,3e-05,3,A:D375E;A:G442V;A:Y444N
8EMZ_BA,A:D375E;A:G442V;A:Y444T,eval,3e-05,3,A:D375E;A:G442V;A:Y444T
8IDN_HLA,WT,both,,0,WT
8IDN_HLA,A:D405K;A:G416I;A:F486A,steer,0.00022,3,A:D405K;A:G416I;A:F486A
8IDN_HLA,A:D405K;A:G416I;A:F486S,steer,0.00022,3,A:D405K;A:G416I;A:F486S
8IDN_HLA,A:D405K;A:G416I;A:F486T,steer,0.00022,3,A:D405K;A:G416I;A:F486T
8IDN_HLA,A:D405N;A:G416I;A:F486A,steer,0.00022,3,A:D405N;A:G416I;A:F486A
8IDN_HLA,A:D405N;A:G416I;A:F486E,steer,0.00022,3,A:D405N;A:G416I;A:F486E
8IDN_HLA,A:D405N;A:G416I;A:F486S,steer,0.00022,3,A:D405N;A:G416I;A:F486S
8IDN_HLA,A:A475D;A:F486A,eval,2e-05,2,A:A475D;A:F486A
8IDN_HLA,A:A475D;A:F486A;A:G496A,eval,2e-05,3,A:A475D;A:F486A;A:G496A
8IDN_HLA,A:A475D;A:F486A;A:G496N,eval,2e-05,3,A:A475D;A:F486A;A:G496N
8IDN_HLA,A:A475D;A:F486A;A:G502L,eval,2e-05,3,A:A475D;A:F486A;A:G502L
8IDN_HLA,A:A475D;A:F486A;A:G504A,eval,2e-05,3,A:A475D;A:F486A;A:G504A
8IDN_HLA,A:A475D;A:F486A;A:G504D,eval,2e-05,3,A:A475D;A:F486A;A:G504D
8IDN_HLA,A:A475D;A:F486A;A:T500N,eval,2e-05,3,A:A475D;A:F486A;A:T500N
8IDN_HLA,A:A475D;A:F486A;A:V503P,eval,2e-05,3,A:A475D;A:F486A;A:V503P
8IDN_HLA,A:A475D;A:F486E;A:G496S,eval,2e-05,3,A:A475D;A:F486E;A:G496S
8IDN_HLA,A:A475D;A:F486E;A:G504N,eval,2e-05,3,A:A475D;A:F486E;A:G504N
8IDN_HLA,A:A475D;A:F486E;A:G504S,eval,2e-05,3,A:A475D;A:F486E;A:G504S
8IDN_HLA,A:A475D;A:F486E;A:T500S,eval,2e-05,3,A:A475D;A:F486E;A:T500S
8IDN_HLA,A:A475D;A:F486E;A:V503N,eval,2e-05,3,A:A475D;A:F486E;A:V503N
8IDN_HLA,A:A475D;A:F486E;A:V503S,eval,2e-05,3,A:A475D;A:F486E;A:V503S
8IDN_HLA,A:A475D;A:F486E;A:V503T,eval,2e-05,3,A:A475D;A:F486E;A:V503T
8IDN_HLA,A:A475D;A:F486S;A:G496D,eval,2e-05,3,A:A475D;A:F486S;A:G496D
8IDN_HLA,A:A475D;A:F486S;A:G504E,eval,2e-05,3,A:A475D;A:F486S;A:G504E
8IDN_HLA,A:A475D;A:F486S;A:T500D,eval,2e-05,3,A:A475D;A:F486S;A:T500D
8IDN_HLA,A:A475D;A:F486S;A:V503K,eval,2e-05,3,A:A475D;A:F486S;A:V503K
8IDN_HLA,A:A475D;A:F486T,eval,2e-05,2,A:A475D;A:F486T
8IDN_HLA,A:A475D;A:F486T;A:G496N,eval,2e-05,3,A:A475D;A:F486T;A:G496N
8IDN_HLA,A:A475D;A:F486T;A:G502L,eval,2e-05,3,A:A475D;A:F486T;A:G502L
8IDN_HLA,A:A475D;A:F486T;A:G504A,eval,2e-05,3,A:A475D;A:F486T;A:G504A
8IDN_HLA,A:A475D;A:F486T;A:G504D,eval,2e-05,3,A:A475D;A:F486T;A:G504D
